id;firstname;lastname;email;Field Name
1000;Madeleine;Dannye;Madeleine.Dannye@yopmail.com;1958-10-25
1001;Rebeca;Ummersen;Rebeca.Ummersen@yopmail.com;1924-11-03
1002;Madalyn;Jacinda;Madalyn.Jacinda@yopmail.com;1959-11-12
1003;Malina;Ader;Malina.Ader@yopmail.com;1954-12-26
1004;Rozele;Anton;Rozele.Anton@yopmail.com;1936-05-04
1005;Wanda;Colleen;Wanda.Colleen@yopmail.com;1990-07-05
1006;Silvana;Cleo;Silvana.Cleo@yopmail.com;1991-09-22
1007;Starla;Stelle;Starla.Stelle@yopmail.com;1990-10-18
1008;Gabriellia;Peonir;Gabriellia.Peonir@yopmail.com;1903-12-31
1009;Florie;Ardra;Florie.Ardra@yopmail.com;1906-09-08
1010;Concettina;Colyer;Concettina.Colyer@yopmail.com;1993-04-10
1011;Di;Marcellus;Di.Marcellus@yopmail.com;2004-05-25
1012;Flory;Pillsbury;Flory.Pillsbury@yopmail.com;1965-03-25
1013;Hettie;Hilbert;Hettie.Hilbert@yopmail.com;2019-11-05
1014;Aaren;Seumas;Aaren.Seumas@yopmail.com;1972-03-12
1015;Siana;Mendez;Siana.Mendez@yopmail.com;1956-03-21
1016;Stevana;Westphal;Stevana.Westphal@yopmail.com;1942-02-25
1017;Antonietta;Granoff;Antonietta.Granoff@yopmail.com;1970-08-22
1018;Kathi;Fitzsimmons;Kathi.Fitzsimmons@yopmail.com;1990-06-10
1019;Jordan;Daegal;Jordan.Daegal@yopmail.com;1901-05-26
1020;Clo;Malina;Clo.Malina@yopmail.com;1944-02-06
1021;Imojean;Grosz;Imojean.Grosz@yopmail.com;1939-12-12
1022;Marleah;Caitlin;Marleah.Caitlin@yopmail.com;1932-09-30
1023;Aimil;Roumell;Aimil.Roumell@yopmail.com;1934-10-29
1024;Debee;Atcliffe;Debee.Atcliffe@yopmail.com;1928-09-26
1025;Caryl;Anestassia;Caryl.Anestassia@yopmail.com;1996-02-28
1026;Kristan;Plato;Kristan.Plato@yopmail.com;1980-05-26
1027;Ottilie;Gamaliel;Ottilie.Gamaliel@yopmail.com;1949-10-01
1028;Noelle;Eldrid;Noelle.Eldrid@yopmail.com;2014-09-06
1029;Rori;Creamer;Rori.Creamer@yopmail.com;1906-06-15
1030;Belva;Denis;Belva.Denis@yopmail.com;2018-05-03
1031;Bobbi;Ivens;Bobbi.Ivens@yopmail.com;1947-02-21
1032;Jerry;Laurianne;Jerry.Laurianne@yopmail.com;1912-07-18
1033;Cherilyn;Gladstone;Cherilyn.Gladstone@yopmail.com;1949-12-17
1034;Elmira;Tryck;Elmira.Tryck@yopmail.com;1953-02-06
1035;Alejandra;Dudley;Alejandra.Dudley@yopmail.com;1922-01-24
1036;Nyssa;Larochelle;Nyssa.Larochelle@yopmail.com;1909-07-01
1037;Sashenka;Darrell;Sashenka.Darrell@yopmail.com;1955-08-16
1038;Dominga;Primalia;Dominga.Primalia@yopmail.com;2012-11-22
1039;Pamella;Lytton;Pamella.Lytton@yopmail.com;1926-07-01
1040;Layla;Ortrude;Layla.Ortrude@yopmail.com;2002-07-02
1041;Kalina;Pearse;Kalina.Pearse@yopmail.com;1970-04-14
1042;Jennica;Bluh;Jennica.Bluh@yopmail.com;1977-03-28
1043;Deirdre;Baptlsta;Deirdre.Baptlsta@yopmail.com;2008-05-14
1044;Cecile;Kamaria;Cecile.Kamaria@yopmail.com;1937-05-01
1045;Gloria;Tound;Gloria.Tound@yopmail.com;1993-11-25
1046;Amelia;Goddard;Amelia.Goddard@yopmail.com;1929-08-17
1047;Raf;Seagraves;Raf.Seagraves@yopmail.com;1936-11-11
1048;Lynde;Bahr;Lynde.Bahr@yopmail.com;1965-10-15
1049;Frieda;Dudley;Frieda.Dudley@yopmail.com;1914-12-10
1050;Mariann;Zitvaa;Mariann.Zitvaa@yopmail.com;1951-02-06
1051;Malina;Bearnard;Malina.Bearnard@yopmail.com;1927-08-02
1052;Leia;Belanger;Leia.Belanger@yopmail.com;1925-05-04
1053;Charissa;Wyn;Charissa.Wyn@yopmail.com;1999-08-21
1054;Renie;Lynn;Renie.Lynn@yopmail.com;1955-01-24
1055;Fred;Rogerio;Fred.Rogerio@yopmail.com;1935-03-21
1056;Kellen;Yam;Kellen.Yam@yopmail.com;1958-07-26
1057;Aubrie;Kauppi;Aubrie.Kauppi@yopmail.com;1925-10-11
1058;Clarice;Wilkinson;Clarice.Wilkinson@yopmail.com;1942-08-19
1059;Ariela;Bouchard;Ariela.Bouchard@yopmail.com;1929-06-01
1060;Marcelline;Genna;Marcelline.Genna@yopmail.com;1911-09-20
1061;Gilda;Cookie;Gilda.Cookie@yopmail.com;2014-10-17
1062;Kaia;Kannry;Kaia.Kannry@yopmail.com;1905-06-10
1063;Jessamyn;Jobi;Jessamyn.Jobi@yopmail.com;1901-12-07
1064;Mellicent;Dudley;Mellicent.Dudley@yopmail.com;1900-01-29
1065;Allyce;Yuille;Allyce.Yuille@yopmail.com;2003-05-06
1066;Myriam;Rudolph;Myriam.Rudolph@yopmail.com;1934-11-18
1067;Danny;Cristi;Danny.Cristi@yopmail.com;1954-03-01
1068;Selma;Helve;Selma.Helve@yopmail.com;1972-12-28
1069;Magdalena;Sheedy;Magdalena.Sheedy@yopmail.com;1991-12-11
1070;Eolanda;Liebermann;Eolanda.Liebermann@yopmail.com;1945-02-01
1071;Claresta;Justinn;Claresta.Justinn@yopmail.com;1936-09-02
1072;Raquela;Shaddock;Raquela.Shaddock@yopmail.com;1971-11-09
1073;Lonnie;Huggins;Lonnie.Huggins@yopmail.com;1939-12-22
1074;Petronia;Aurelio;Petronia.Aurelio@yopmail.com;1937-07-28
1075;Monika;Allina;Monika.Allina@yopmail.com;1934-08-04
1076;Janey;Zola;Janey.Zola@yopmail.com;1972-04-11
1077;Catharine;Hermes;Catharine.Hermes@yopmail.com;1950-01-20
1078;Brietta;Cordi;Brietta.Cordi@yopmail.com;2012-11-29
1079;Britni;Wesle;Britni.Wesle@yopmail.com;1940-06-10
1080;Lyssa;Atcliffe;Lyssa.Atcliffe@yopmail.com;1996-10-19
1081;Jerry;Buckler;Jerry.Buckler@yopmail.com;1982-11-09
1082;Asia;Connelly;Asia.Connelly@yopmail.com;1976-03-29
1083;Rosaline;Briney;Rosaline.Briney@yopmail.com;1983-11-16
1084;Frieda;Justinn;Frieda.Justinn@yopmail.com;1937-03-06
1085;Phedra;Doig;Phedra.Doig@yopmail.com;1990-12-13
1086;Fredericka;Olin;Fredericka.Olin@yopmail.com;1963-09-21
1087;Maridel;Schwejda;Maridel.Schwejda@yopmail.com;1998-06-08
1088;Blondelle;Danby;Blondelle.Danby@yopmail.com;1957-11-21
1089;Queenie;Joeann;Queenie.Joeann@yopmail.com;1929-11-16
1090;Adele;Fiester;Adele.Fiester@yopmail.com;1945-06-24
1091;Brianna;Minetta;Brianna.Minetta@yopmail.com;1983-01-21
1092;Taffy;August;Taffy.August@yopmail.com;1972-08-30
1093;Margette;Tamsky;Margette.Tamsky@yopmail.com;1965-01-23
1094;Selia;Norrie;Selia.Norrie@yopmail.com;1972-09-07
1095;Bettine;Behre;Bettine.Behre@yopmail.com;1979-07-13
1096;Winifred;Carey;Winifred.Carey@yopmail.com;1955-06-22
1097;Felice;Devlen;Felice.Devlen@yopmail.com;1956-09-03
1098;Ketti;Magnolia;Ketti.Magnolia@yopmail.com;1974-06-18
1099;Fanchon;Rosette;Fanchon.Rosette@yopmail.com;2017-06-17
1100;Clarice;Kalinda;Clarice.Kalinda@yopmail.com;1989-11-07
1101;Ada;Clara;Ada.Clara@yopmail.com;1992-02-09
1102;Aeriela;Jobi;Aeriela.Jobi@yopmail.com;1959-10-19
1103;Taffy;Yusuk;Taffy.Yusuk@yopmail.com;1998-12-06
1104;Merle;Egbert;Merle.Egbert@yopmail.com;1928-08-16
1105;Jordan;Marisa;Jordan.Marisa@yopmail.com;1918-12-19
1106;Cindelyn;Bach;Cindelyn.Bach@yopmail.com;1990-04-24
1107;Caryl;Stoller;Caryl.Stoller@yopmail.com;1963-12-24
1108;Deane;Artie;Deane.Artie@yopmail.com;1996-09-09
1109;Janenna;Tengdin;Janenna.Tengdin@yopmail.com;1962-09-11
1110;Marline;Ietta;Marline.Ietta@yopmail.com;2003-02-07
1111;Lolita;Delila;Lolita.Delila@yopmail.com;1941-08-01
1112;Dawn;Anestassia;Dawn.Anestassia@yopmail.com;1934-01-09
1113;Marika;Janene;Marika.Janene@yopmail.com;1928-07-13
1114;Kirbee;Vale;Kirbee.Vale@yopmail.com;1941-08-31
1115;Wileen;Madelene;Wileen.Madelene@yopmail.com;1903-07-08
1116;Dorene;Rocray;Dorene.Rocray@yopmail.com;1903-04-28
1117;Arlena;Kylander;Arlena.Kylander@yopmail.com;1969-07-03
1118;Kelly;Fulmer;Kelly.Fulmer@yopmail.com;1904-10-29
1119;Vivia;Jammal;Vivia.Jammal@yopmail.com;1919-07-09
1120;Frances;Christal;Frances.Christal@yopmail.com;1948-11-28
1121;Halette;Byrne;Halette.Byrne@yopmail.com;2006-03-25
1122;Dode;Chauncey;Dode.Chauncey@yopmail.com;1917-04-28
1123;Nickie;Secrest;Nickie.Secrest@yopmail.com;1990-05-29
1124;Belva;Kevon;Belva.Kevon@yopmail.com;1923-05-27
1125;Marita;Bashemeth;Marita.Bashemeth@yopmail.com;2007-10-09
1126;Sallie;Jammal;Sallie.Jammal@yopmail.com;1932-05-30
1127;Annabela;Kevon;Annabela.Kevon@yopmail.com;2006-08-11
1128;Dione;Ferino;Dione.Ferino@yopmail.com;2003-03-13
1129;Corly;Burnside;Corly.Burnside@yopmail.com;1993-12-23
1130;Jany;Jerold;Jany.Jerold@yopmail.com;1953-12-04
1131;Violet;Dyche;Violet.Dyche@yopmail.com;1939-09-27
1132;Andree;Gino;Andree.Gino@yopmail.com;1995-11-30
1133;Abbie;Markman;Abbie.Markman@yopmail.com;1991-10-21
1134;Tina;Fancie;Tina.Fancie@yopmail.com;1956-12-25
1135;Dominga;Boycey;Dominga.Boycey@yopmail.com;1996-09-14
1136;Aaren;Pattin;Aaren.Pattin@yopmail.com;2007-03-17
1137;Reeba;Marlie;Reeba.Marlie@yopmail.com;1931-10-05
1138;Claresta;Grayce;Claresta.Grayce@yopmail.com;1955-03-28
1139;Elmira;Francene;Elmira.Francene@yopmail.com;2016-07-04
1140;Mary;Pyle;Mary.Pyle@yopmail.com;1973-04-30
1141;Steffane;Armanda;Steffane.Armanda@yopmail.com;2013-03-03
1142;Roseline;Celestine;Roseline.Celestine@yopmail.com;1954-02-06
1143;Marline;Barbey;Marline.Barbey@yopmail.com;1940-03-18
1144;Clary;Oneida;Clary.Oneida@yopmail.com;1924-09-20
1145;Elsie;Brodench;Elsie.Brodench@yopmail.com;1917-09-17
1146;Dorthy;Cath;Dorthy.Cath@yopmail.com;1949-04-26
1147;Lorenza;Jeanne;Lorenza.Jeanne@yopmail.com;2016-03-16
1148;Eadie;Ammann;Eadie.Ammann@yopmail.com;1922-12-29
1149;Hermione;Hailee;Hermione.Hailee@yopmail.com;1976-04-10
1150;Kimmy;Marisa;Kimmy.Marisa@yopmail.com;2015-09-04
1151;Isa;Garbe;Isa.Garbe@yopmail.com;2014-06-12
1152;Nerta;Jethro;Nerta.Jethro@yopmail.com;1920-10-04
1153;Quintina;Mathilde;Quintina.Mathilde@yopmail.com;2016-06-19
1154;Kaia;Fredi;Kaia.Fredi@yopmail.com;1905-07-26
1155;Ruthe;Allare;Ruthe.Allare@yopmail.com;1906-07-28
1156;Cassandra;Wind;Cassandra.Wind@yopmail.com;1905-02-06
1157;Annecorinne;Thunell;Annecorinne.Thunell@yopmail.com;1937-10-31
1158;Vere;Johnsson;Vere.Johnsson@yopmail.com;1982-05-26
1159;Raf;Fry;Raf.Fry@yopmail.com;1990-05-27
1160;Kylynn;Raul;Kylynn.Raul@yopmail.com;1922-09-07
1161;Vere;Talia;Vere.Talia@yopmail.com;1978-01-15
1162;Lusa;Kermit;Lusa.Kermit@yopmail.com;2015-05-30
1163;Berget;Maurine;Berget.Maurine@yopmail.com;2004-06-22
1164;Rubie;Alice;Rubie.Alice@yopmail.com;1975-02-12
1165;Abbie;Weide;Abbie.Weide@yopmail.com;1906-09-14
1166;June;Kylander;June.Kylander@yopmail.com;1996-09-18
1167;Natka;Ralfston;Natka.Ralfston@yopmail.com;1965-07-09
1168;Cathyleen;Melony;Cathyleen.Melony@yopmail.com;1943-01-09
1169;Brynna;Billye;Brynna.Billye@yopmail.com;2000-12-29
1170;Amalie;Rillings;Amalie.Rillings@yopmail.com;1906-10-29
1171;Queenie;Hanleigh;Queenie.Hanleigh@yopmail.com;1906-06-09
1172;Raquela;Cecile;Raquela.Cecile@yopmail.com;2000-04-04
1173;Viviene;Wooster;Viviene.Wooster@yopmail.com;1939-05-05
1174;Sabina;Guthrie;Sabina.Guthrie@yopmail.com;1951-09-24
1175;Dale;Gordon;Dale.Gordon@yopmail.com;1941-01-30
1176;Kalina;Linskey;Kalina.Linskey@yopmail.com;1947-05-18
1177;Kenna;Maryanne;Kenna.Maryanne@yopmail.com;2016-07-10
1178;Kore;Brady;Kore.Brady@yopmail.com;1994-05-01
1179;Tybie;Allina;Tybie.Allina@yopmail.com;1902-08-01
1180;Jany;Melleta;Jany.Melleta@yopmail.com;1914-08-11
1181;Yetty;Bultman;Yetty.Bultman@yopmail.com;2015-06-07
1182;Kirbee;Lewes;Kirbee.Lewes@yopmail.com;1965-06-18
1183;Tabbatha;Laverne;Tabbatha.Laverne@yopmail.com;1989-10-19
1184;Hildegaard;Poppy;Hildegaard.Poppy@yopmail.com;1925-09-27
1185;Wilma;Karna;Wilma.Karna@yopmail.com;1937-02-08
1186;Bill;Emanuel;Bill.Emanuel@yopmail.com;1902-05-07
1187;Sabina;Tillford;Sabina.Tillford@yopmail.com;1949-12-04
1188;Bibby;Cottle;Bibby.Cottle@yopmail.com;1990-04-07
1189;Carmencita;Saunderson;Carmencita.Saunderson@yopmail.com;1939-10-03
1190;Caritta;Milson;Caritta.Milson@yopmail.com;1907-08-02
1191;Marcelline;Ezar;Marcelline.Ezar@yopmail.com;1915-04-08
1192;Mildrid;Cleo;Mildrid.Cleo@yopmail.com;1910-07-25
1193;Tori;Gilmour;Tori.Gilmour@yopmail.com;1910-04-23
1194;Shel;Lipson;Shel.Lipson@yopmail.com;1917-08-28
1195;Ana;Dominy;Ana.Dominy@yopmail.com;2012-07-25
1196;Paola;Lymann;Paola.Lymann@yopmail.com;1972-02-11
1197;Sheree;Catie;Sheree.Catie@yopmail.com;1984-09-23
1198;Henriette;Couture;Henriette.Couture@yopmail.com;1976-08-16
1199;Gabriellia;Stuart;Gabriellia.Stuart@yopmail.com;1944-08-13
1200;Ofilia;Alwin;Ofilia.Alwin@yopmail.com;1964-11-14
1201;Lelah;Riordan;Lelah.Riordan@yopmail.com;1952-03-20
1202;Adore;Maples;Adore.Maples@yopmail.com;1907-01-26
1203;Kara-Lynn;Ajay;Kara-Lynn.Ajay@yopmail.com;1980-07-27
1204;Emilia;Vernier;Emilia.Vernier@yopmail.com;1968-01-06
1205;Gerrie;Kiyoshi;Gerrie.Kiyoshi@yopmail.com;1912-06-02
1206;Anestassia;Helfand;Anestassia.Helfand@yopmail.com;1980-02-12
1207;Tersina;Norrie;Tersina.Norrie@yopmail.com;1951-07-27
1208;Candy;Brandice;Candy.Brandice@yopmail.com;1933-06-30
1209;Zsa Zsa;Rustice;Zsa Zsa.Rustice@yopmail.com;2008-01-25
1210;Stacey;Nikaniki;Stacey.Nikaniki@yopmail.com;1982-09-21
1211;Gertrud;Sperling;Gertrud.Sperling@yopmail.com;1908-10-03
1212;Sheree;Gaynor;Sheree.Gaynor@yopmail.com;1927-06-09
1213;Latisha;Lewes;Latisha.Lewes@yopmail.com;1937-05-20
1214;Teddie;Zenas;Teddie.Zenas@yopmail.com;1940-10-20
1215;Melina;Loring;Melina.Loring@yopmail.com;1902-04-02
1216;Katleen;Heidt;Katleen.Heidt@yopmail.com;1980-10-15
1217;Angela;Keelia;Angela.Keelia@yopmail.com;1985-08-09
1218;Feliza;O'Rourke;Feliza.O'Rourke@yopmail.com;2000-03-19
1219;Wilma;Dalli;Wilma.Dalli@yopmail.com;1993-03-12
1220;Chastity;Cath;Chastity.Cath@yopmail.com;1933-05-17
1221;Vere;Krystle;Vere.Krystle@yopmail.com;1960-04-29
1222;Lauryn;Gwenore;Lauryn.Gwenore@yopmail.com;1936-03-07
1223;Berta;Stilwell;Berta.Stilwell@yopmail.com;1910-11-18
1224;Vere;Bakerman;Vere.Bakerman@yopmail.com;2005-01-25
1225;Pierette;Melony;Pierette.Melony@yopmail.com;2005-12-10
1226;Neila;Bultman;Neila.Bultman@yopmail.com;1945-04-05
1227;Gavrielle;Maryanne;Gavrielle.Maryanne@yopmail.com;2006-03-31
1228;Jinny;Maribeth;Jinny.Maribeth@yopmail.com;1901-12-04
1229;Nickie;Aprile;Nickie.Aprile@yopmail.com;1958-11-29
1230;Norine;Maples;Norine.Maples@yopmail.com;2000-02-15
1231;Bertine;Skell;Bertine.Skell@yopmail.com;1931-12-16
1232;Nessie;Wolfgram;Nessie.Wolfgram@yopmail.com;1950-04-27
1233;Albertina;Emmy;Albertina.Emmy@yopmail.com;1975-09-09
1234;Elmira;Desai;Elmira.Desai@yopmail.com;1976-11-14
1235;Andeee;Delp;Andeee.Delp@yopmail.com;1951-10-27
1236;Meghann;Morgun;Meghann.Morgun@yopmail.com;1982-06-29
1237;Sallie;Cloris;Sallie.Cloris@yopmail.com;2007-10-25
1238;Zsa Zsa;Soneson;Zsa Zsa.Soneson@yopmail.com;1980-04-08
1239;Lacie;Vorster;Lacie.Vorster@yopmail.com;1929-06-21
1240;Ivett;Dimitris;Ivett.Dimitris@yopmail.com;1930-10-06
1241;Ardys;Shelba;Ardys.Shelba@yopmail.com;2007-07-18
1242;Jaime;Posner;Jaime.Posner@yopmail.com;2005-09-25
1243;Ernesta;Michella;Ernesta.Michella@yopmail.com;1963-11-14
1244;Micheline;Margret;Micheline.Margret@yopmail.com;1917-05-31
1245;Tera;Sancho;Tera.Sancho@yopmail.com;1999-07-28
1246;Barbi;Ilka;Barbi.Ilka@yopmail.com;1986-10-11
1247;Claudina;Cohdwell;Claudina.Cohdwell@yopmail.com;1936-02-23
1248;Vevay;Rebecka;Vevay.Rebecka@yopmail.com;1964-06-22
1249;Hettie;Kylander;Hettie.Kylander@yopmail.com;1993-06-26
1250;Silvana;Grayce;Silvana.Grayce@yopmail.com;1974-06-06
1251;Jaclyn;Gibbeon;Jaclyn.Gibbeon@yopmail.com;1941-08-02
1252;Fidelia;Ochs;Fidelia.Ochs@yopmail.com;2010-02-24
1253;Suzette;Timon;Suzette.Timon@yopmail.com;1996-05-15
1254;Rori;Berard;Rori.Berard@yopmail.com;1927-10-22
1255;Hildegaard;Longfellow;Hildegaard.Longfellow@yopmail.com;1924-05-17
1256;Fayre;Kermit;Fayre.Kermit@yopmail.com;1998-03-10
1257;Althea;Loeb;Althea.Loeb@yopmail.com;1999-06-22
1258;Edee;Melony;Edee.Melony@yopmail.com;1908-12-18
1259;Ariela;Dorine;Ariela.Dorine@yopmail.com;1951-01-27
1260;Cherrita;Seagraves;Cherrita.Seagraves@yopmail.com;1977-03-26
1261;Ernesta;Korey;Ernesta.Korey@yopmail.com;1922-09-24
1262;Winny;Agle;Winny.Agle@yopmail.com;2010-02-16
1263;Nariko;Ranjiv;Nariko.Ranjiv@yopmail.com;1960-07-16
1264;Emelina;Evvie;Emelina.Evvie@yopmail.com;1915-11-09
1265;Yolane;Schalles;Yolane.Schalles@yopmail.com;1911-04-29
1266;Nessie;Schlosser;Nessie.Schlosser@yopmail.com;1935-11-20
1267;Carmela;Orelee;Carmela.Orelee@yopmail.com;1983-01-09
1268;Roslyn;Gherardo;Roslyn.Gherardo@yopmail.com;1921-01-20
1269;Ulrike;Leary;Ulrike.Leary@yopmail.com;1982-12-25
1270;Sam;Nahum;Sam.Nahum@yopmail.com;1939-05-26
1271;Doro;Cassius;Doro.Cassius@yopmail.com;1922-09-12
1272;Dione;Trinetta;Dione.Trinetta@yopmail.com;1946-02-24
1273;Marleah;Gino;Marleah.Gino@yopmail.com;2007-02-18
1274;Vevay;Killigrew;Vevay.Killigrew@yopmail.com;1930-03-04
1275;Bobinette;Cimbura;Bobinette.Cimbura@yopmail.com;1929-12-05
1276;Kate;Swigart;Kate.Swigart@yopmail.com;1959-11-03
1277;Daphne;Kiersten;Daphne.Kiersten@yopmail.com;2009-07-13
1278;Elena;Earlie;Elena.Earlie@yopmail.com;2008-07-12
1279;Fredericka;Jerold;Fredericka.Jerold@yopmail.com;1932-09-27
1280;Henriette;Kamaria;Henriette.Kamaria@yopmail.com;1965-07-16
1281;Daphne;Mich;Daphne.Mich@yopmail.com;1978-12-12
1282;Kimmy;Zola;Kimmy.Zola@yopmail.com;1956-04-08
1283;Melisent;Roscoe;Melisent.Roscoe@yopmail.com;1995-05-26
1284;Dacia;Annice;Dacia.Annice@yopmail.com;1969-02-06
1285;Rori;Schlosser;Rori.Schlosser@yopmail.com;1987-09-30
1286;Ottilie;Christal;Ottilie.Christal@yopmail.com;1922-04-06
1287;Jordan;Behre;Jordan.Behre@yopmail.com;1954-11-19
1288;Korrie;Lane;Korrie.Lane@yopmail.com;1967-10-06
1289;Dorothy;Melleta;Dorothy.Melleta@yopmail.com;1923-01-15
1290;Alejandra;Latini;Alejandra.Latini@yopmail.com;1970-01-08
1291;Tabbatha;Wandie;Tabbatha.Wandie@yopmail.com;1924-06-01
1292;Dulcinea;Kirbee;Dulcinea.Kirbee@yopmail.com;1985-07-06
1293;Tonia;Boycey;Tonia.Boycey@yopmail.com;1905-09-21
1294;Emilia;Mintz;Emilia.Mintz@yopmail.com;1902-05-18
1295;Winifred;Dudley;Winifred.Dudley@yopmail.com;2019-10-05
1296;Ashlee;Fontana;Ashlee.Fontana@yopmail.com;1959-06-09
1297;Brana;Baylor;Brana.Baylor@yopmail.com;1991-02-02
1298;Jorry;Fabiola;Jorry.Fabiola@yopmail.com;1994-12-11
1299;Merrie;Hedve;Merrie.Hedve@yopmail.com;1969-03-16
1300;Ada;Billye;Ada.Billye@yopmail.com;1915-06-10
1301;Perry;Baudin;Perry.Baudin@yopmail.com;1972-05-10
1302;Nickie;Allina;Nickie.Allina@yopmail.com;1921-09-16
1303;Nollie;Odysseus;Nollie.Odysseus@yopmail.com;1938-07-22
1304;Grier;Stilwell;Grier.Stilwell@yopmail.com;1970-11-13
1305;Joceline;Earlie;Joceline.Earlie@yopmail.com;1953-02-27
1306;Calla;Ariella;Calla.Ariella@yopmail.com;1912-05-12
1307;Randa;Weitman;Randa.Weitman@yopmail.com;2019-12-14
1308;June;Duwalt;June.Duwalt@yopmail.com;1955-03-12
1309;Kirstin;Ader;Kirstin.Ader@yopmail.com;1931-05-20
1310;Loree;Sandye;Loree.Sandye@yopmail.com;1962-01-07
1311;Karlee;Ricki;Karlee.Ricki@yopmail.com;1944-10-24
1312;Cam;Vivle;Cam.Vivle@yopmail.com;1923-11-19
1313;Candy;Quinn;Candy.Quinn@yopmail.com;1973-06-24
1314;Ellette;Weide;Ellette.Weide@yopmail.com;2010-10-18
1315;Kate;Alejoa;Kate.Alejoa@yopmail.com;1936-09-02
1316;Elie;Maurine;Elie.Maurine@yopmail.com;1931-07-11
1317;Cherrita;Thad;Cherrita.Thad@yopmail.com;1945-05-30
1318;Caryl;Hoban;Caryl.Hoban@yopmail.com;1989-11-02
1319;Harrietta;Colyer;Harrietta.Colyer@yopmail.com;1951-12-29
1320;Fredericka;Gaspard;Fredericka.Gaspard@yopmail.com;1924-04-14
1321;Marnia;Allina;Marnia.Allina@yopmail.com;1952-10-13
1322;Katuscha;Solitta;Katuscha.Solitta@yopmail.com;1953-06-13
1323;Brena;Bohlin;Brena.Bohlin@yopmail.com;1918-05-27
1324;Sheelagh;Winthorpe;Sheelagh.Winthorpe@yopmail.com;1906-01-20
1325;Fayre;Winnick;Fayre.Winnick@yopmail.com;2014-03-05
1326;Kittie;Serilda;Kittie.Serilda@yopmail.com;1992-05-28
1327;Minda;Atcliffe;Minda.Atcliffe@yopmail.com;1987-08-07
1328;Ardenia;Haldas;Ardenia.Haldas@yopmail.com;1924-11-15
1329;Harrietta;Nisbet;Harrietta.Nisbet@yopmail.com;1945-06-21
1330;Caritta;Rugen;Caritta.Rugen@yopmail.com;1999-09-18
1331;Leontine;Obed;Leontine.Obed@yopmail.com;1933-02-11
1332;Emilia;Francyne;Emilia.Francyne@yopmail.com;1942-04-15
1333;Kellen;Nedrud;Kellen.Nedrud@yopmail.com;2019-02-13
1334;Romona;Durware;Romona.Durware@yopmail.com;1983-02-26
1335;Isa;Berl;Isa.Berl@yopmail.com;1969-06-24
1336;Bernie;Stelle;Bernie.Stelle@yopmail.com;1939-07-26
1337;Maisey;Leary;Maisey.Leary@yopmail.com;1971-04-29
1338;Malina;Mallon;Malina.Mallon@yopmail.com;1991-08-12
1339;Dode;Sherfield;Dode.Sherfield@yopmail.com;1990-06-09
1340;Brianna;Abbot;Brianna.Abbot@yopmail.com;1962-08-31
1341;Letizia;Yerkovich;Letizia.Yerkovich@yopmail.com;1983-05-11
1342;Ashlee;Jary;Ashlee.Jary@yopmail.com;1986-10-01
1343;Kore;Hylan;Kore.Hylan@yopmail.com;1932-11-04
1344;Glenda;Garrison;Glenda.Garrison@yopmail.com;1901-04-06
1345;Fanchon;Virgin;Fanchon.Virgin@yopmail.com;1986-12-30
1346;Kary;Kirbee;Kary.Kirbee@yopmail.com;1989-09-23
1347;Monika;Harl;Monika.Harl@yopmail.com;2017-08-26
1348;Rani;Destinee;Rani.Destinee@yopmail.com;1996-08-23
1349;Larine;Anselmi;Larine.Anselmi@yopmail.com;1988-09-09
1350;Jolyn;Dannye;Jolyn.Dannye@yopmail.com;1926-11-04
1351;Pamella;Darbie;Pamella.Darbie@yopmail.com;1990-04-22
1352;Margalo;Joli;Margalo.Joli@yopmail.com;1973-06-22
1353;Ardeen;Melan;Ardeen.Melan@yopmail.com;1996-09-09
1354;Carree;Presber;Carree.Presber@yopmail.com;1954-02-03
1355;Randa;Keily;Randa.Keily@yopmail.com;1961-06-12
1356;Gretal;Amand;Gretal.Amand@yopmail.com;1970-11-03
1357;Fina;Strephon;Fina.Strephon@yopmail.com;1911-11-15
1358;Kalina;Silvan;Kalina.Silvan@yopmail.com;1916-11-18
1359;Thalia;Philipp;Thalia.Philipp@yopmail.com;1955-01-26
1360;Sadie;Ajay;Sadie.Ajay@yopmail.com;1970-03-30
1361;Frieda;Jacqui;Frieda.Jacqui@yopmail.com;1957-11-06
1362;Cathie;Braun;Cathie.Braun@yopmail.com;1932-10-02
1363;Fredericka;Hutchison;Fredericka.Hutchison@yopmail.com;1915-11-01
1364;Christy;Harday;Christy.Harday@yopmail.com;2017-08-05
1365;Audrie;Tannie;Audrie.Tannie@yopmail.com;1998-10-15
1366;Ira;Fulmer;Ira.Fulmer@yopmail.com;1904-04-02
1367;Frank;Reidar;Frank.Reidar@yopmail.com;1938-04-27
1368;Vivia;Ruvolo;Vivia.Ruvolo@yopmail.com;1998-12-23
1369;Ada;Michella;Ada.Michella@yopmail.com;1923-11-22
1370;Adele;Stefa;Adele.Stefa@yopmail.com;1929-11-23
1371;Michaelina;Glovsky;Michaelina.Glovsky@yopmail.com;1929-06-17
1372;Rosaline;Zachary;Rosaline.Zachary@yopmail.com;2008-12-05
1373;Violet;Leary;Violet.Leary@yopmail.com;1988-10-17
1374;Winny;Hanleigh;Winny.Hanleigh@yopmail.com;1985-12-29
1375;Evita;Mozelle;Evita.Mozelle@yopmail.com;1926-02-24
1376;Talya;Jammal;Talya.Jammal@yopmail.com;1983-06-20
1377;Phedra;Flita;Phedra.Flita@yopmail.com;1989-06-10
1378;Carly;Gilmour;Carly.Gilmour@yopmail.com;1937-10-07
1379;Gabi;Rad;Gabi.Rad@yopmail.com;1981-09-16
1380;Giustina;Maples;Giustina.Maples@yopmail.com;2014-05-26
1381;Amara;Elbertina;Amara.Elbertina@yopmail.com;1949-09-28
1382;Cacilie;Love;Cacilie.Love@yopmail.com;1973-05-06
1383;Amara;Cornelia;Amara.Cornelia@yopmail.com;1945-12-08
1384;Jaclyn;Stuart;Jaclyn.Stuart@yopmail.com;1913-06-15
1385;Bee;Kauppi;Bee.Kauppi@yopmail.com;1947-07-06
1386;Jillayne;Albertine;Jillayne.Albertine@yopmail.com;1913-07-14
1387;Mellicent;Hailee;Mellicent.Hailee@yopmail.com;2008-09-15
1388;Christian;Briney;Christian.Briney@yopmail.com;1911-06-19
1389;Millie;Wilkinson;Millie.Wilkinson@yopmail.com;1918-07-13
1390;Genevra;Tound;Genevra.Tound@yopmail.com;1940-08-22
1391;Hildegaard;Grayce;Hildegaard.Grayce@yopmail.com;1991-06-03
1392;Dianemarie;Glenden;Dianemarie.Glenden@yopmail.com;1908-11-07
1393;Yvonne;Bibi;Yvonne.Bibi@yopmail.com;1982-02-23
1394;Rori;Delila;Rori.Delila@yopmail.com;1963-09-23
1395;Cathie;Morrill;Cathie.Morrill@yopmail.com;2016-02-01
1396;Rozele;Harned;Rozele.Harned@yopmail.com;1938-02-07
1397;Livvyy;Zitvaa;Livvyy.Zitvaa@yopmail.com;2014-02-23
1398;Candi;Regan;Candi.Regan@yopmail.com;1926-06-16
1399;Brooks;Merriott;Brooks.Merriott@yopmail.com;1965-05-24
1400;Jillayne;Daniele;Jillayne.Daniele@yopmail.com;1917-06-16
1401;Janeczka;Ulphia;Janeczka.Ulphia@yopmail.com;2016-02-12
1402;Kimberley;Hathaway;Kimberley.Hathaway@yopmail.com;1988-04-01
1403;Abbie;Corrine;Abbie.Corrine@yopmail.com;1907-01-15
1404;Regina;Danby;Regina.Danby@yopmail.com;1902-11-29
1405;Henriette;Braun;Henriette.Braun@yopmail.com;1992-09-04
1406;Valeda;Calhoun;Valeda.Calhoun@yopmail.com;1999-04-07
1407;Elka;Toor;Elka.Toor@yopmail.com;1984-04-25
1408;Tiffie;Korey;Tiffie.Korey@yopmail.com;2001-01-01
1409;Christy;Roscoe;Christy.Roscoe@yopmail.com;1909-10-29
1410;Gloria;Kazimir;Gloria.Kazimir@yopmail.com;1985-03-17
1411;Joelly;Joli;Joelly.Joli@yopmail.com;1908-01-30
1412;Katuscha;Oster;Katuscha.Oster@yopmail.com;1935-04-24
1413;Tracey;Sharl;Tracey.Sharl@yopmail.com;1991-02-10
1414;Sheelagh;Seumas;Sheelagh.Seumas@yopmail.com;1948-06-27
1415;Lilith;Jeanne;Lilith.Jeanne@yopmail.com;1986-03-13
1416;Regina;Christine;Regina.Christine@yopmail.com;1910-03-29
1417;Steffane;Harned;Steffane.Harned@yopmail.com;1924-08-17
1418;Thalia;Oscar;Thalia.Oscar@yopmail.com;1942-04-02
1419;Gisela;Berl;Gisela.Berl@yopmail.com;2011-01-13
1420;Cordi;Lenny;Cordi.Lenny@yopmail.com;2003-06-25
1421;Jinny;Deny;Jinny.Deny@yopmail.com;2017-12-21
1422;Brooks;Pearse;Brooks.Pearse@yopmail.com;1977-01-18
1423;Britni;Linskey;Britni.Linskey@yopmail.com;1980-08-07
1424;Rebeca;Cutlerr;Rebeca.Cutlerr@yopmail.com;1925-01-07
1425;Margalo;Roarke;Margalo.Roarke@yopmail.com;1974-10-09
1426;Bill;Jerold;Bill.Jerold@yopmail.com;1952-11-14
1427;Yvonne;Whittaker;Yvonne.Whittaker@yopmail.com;1981-08-04
1428;Miquela;Wooster;Miquela.Wooster@yopmail.com;1959-04-13
1429;Betta;Ader;Betta.Ader@yopmail.com;1916-09-09
1430;Rosaline;Joseph;Rosaline.Joseph@yopmail.com;1953-06-27
1431;Corly;Lemuela;Corly.Lemuela@yopmail.com;1975-03-20
1432;Vivia;Daegal;Vivia.Daegal@yopmail.com;1917-12-04
1433;Lynnea;Joni;Lynnea.Joni@yopmail.com;1992-06-01
1434;Christal;Elo;Christal.Elo@yopmail.com;1937-08-30
1435;Abbie;Manolo;Abbie.Manolo@yopmail.com;1994-08-18
1436;Marcelline;Olin;Marcelline.Olin@yopmail.com;1902-10-21
1437;Ana;Gemini;Ana.Gemini@yopmail.com;1993-10-19
1438;Sybille;Othilia;Sybille.Othilia@yopmail.com;1943-09-01
1439;Ernesta;Marisa;Ernesta.Marisa@yopmail.com;1932-09-16
1440;Arabel;Ariella;Arabel.Ariella@yopmail.com;1902-10-18
1441;Rhoda;Gordon;Rhoda.Gordon@yopmail.com;1926-08-24
1442;Allyce;Stover;Allyce.Stover@yopmail.com;2005-01-30
1443;Gratia;Sammons;Gratia.Sammons@yopmail.com;2017-11-21
1444;Pierette;Allare;Pierette.Allare@yopmail.com;1933-07-20
1445;Meg;Haerr;Meg.Haerr@yopmail.com;1974-11-11
1446;Alameda;Artie;Alameda.Artie@yopmail.com;1951-06-07
1447;Tina;Rad;Tina.Rad@yopmail.com;1982-02-14
1448;Talya;Allare;Talya.Allare@yopmail.com;1959-06-28
1449;Correy;Swanhildas;Correy.Swanhildas@yopmail.com;1931-12-27
1450;Lindie;Connelly;Lindie.Connelly@yopmail.com;2019-12-10
1451;Chastity;Chabot;Chastity.Chabot@yopmail.com;1983-08-28
1452;Claudina;Chem;Claudina.Chem@yopmail.com;1937-01-16
1453;Marline;Bibi;Marline.Bibi@yopmail.com;2001-07-31
1454;Rosanne;Carvey;Rosanne.Carvey@yopmail.com;1930-10-09
1455;Asia;Kazimir;Asia.Kazimir@yopmail.com;1980-05-18
1456;Konstance;Bohlin;Konstance.Bohlin@yopmail.com;1973-08-29
1457;Doro;Miru;Doro.Miru@yopmail.com;1979-10-25
1458;Rosanne;Henebry;Rosanne.Henebry@yopmail.com;1969-11-22
1459;Lulita;Telfer;Lulita.Telfer@yopmail.com;1982-01-06
1460;Roseline;Bord;Roseline.Bord@yopmail.com;1978-02-07
1461;Bernardine;Hurley;Bernardine.Hurley@yopmail.com;1915-09-11
1462;Jennica;Plato;Jennica.Plato@yopmail.com;1950-02-23
1463;Fernande;Boehike;Fernande.Boehike@yopmail.com;2010-07-09
1464;Korrie;Raimondo;Korrie.Raimondo@yopmail.com;1958-10-29
1465;Sabina;Richers;Sabina.Richers@yopmail.com;1953-05-30
1466;Maryellen;Riva;Maryellen.Riva@yopmail.com;2013-09-22
1467;Ezmeralda;Pozzy;Ezmeralda.Pozzy@yopmail.com;2003-11-19
1468;Sashenka;Bonilla;Sashenka.Bonilla@yopmail.com;1926-12-21
1469;Marita;Noman;Marita.Noman@yopmail.com;1900-11-24
1470;Jacenta;Arquit;Jacenta.Arquit@yopmail.com;1956-09-01
1471;Oona;Kazimir;Oona.Kazimir@yopmail.com;1924-10-12
1472;Anestassia;Malanie;Anestassia.Malanie@yopmail.com;1908-03-04
1473;Trixi;Natalia;Trixi.Natalia@yopmail.com;1982-10-06
1474;Joane;Land;Joane.Land@yopmail.com;1972-04-22
1475;Di;Sammons;Di.Sammons@yopmail.com;1952-04-08
1476;Renae;Tufts;Renae.Tufts@yopmail.com;1938-09-11
1477;Elbertina;Allys;Elbertina.Allys@yopmail.com;1936-02-14
1478;Ezmeralda;Morrill;Ezmeralda.Morrill@yopmail.com;1960-01-05
1479;Aurelie;Jagir;Aurelie.Jagir@yopmail.com;1925-07-04
1480;Brana;Thema;Brana.Thema@yopmail.com;1927-05-29
1481;Talya;Darbie;Talya.Darbie@yopmail.com;1921-08-01
1482;Gabi;Trinetta;Gabi.Trinetta@yopmail.com;1995-09-13
1483;Tomasina;Ogren;Tomasina.Ogren@yopmail.com;1937-12-20
1484;Karina;Kirstin;Karina.Kirstin@yopmail.com;1950-05-15
1485;Anica;Barbey;Anica.Barbey@yopmail.com;1944-02-06
1486;Elsie;Holbrook;Elsie.Holbrook@yopmail.com;1954-02-23
1487;Marjie;Lilybelle;Marjie.Lilybelle@yopmail.com;2005-11-24
1488;Annice;Liva;Annice.Liva@yopmail.com;1955-11-17
1489;Dorene;Boehike;Dorene.Boehike@yopmail.com;2011-02-03
1490;Robbi;Clie;Robbi.Clie@yopmail.com;1989-09-25
1491;Beth;Elsinore;Beth.Elsinore@yopmail.com;1964-05-03
1492;Iseabal;Daegal;Iseabal.Daegal@yopmail.com;2017-09-08
1493;Marline;Fontana;Marline.Fontana@yopmail.com;1940-05-31
1494;Margarette;Egbert;Margarette.Egbert@yopmail.com;2000-09-07
1495;Tersina;Nester;Tersina.Nester@yopmail.com;1953-05-17
1496;Dawn;Eachern;Dawn.Eachern@yopmail.com;1925-05-31
1497;Konstance;Hirsch;Konstance.Hirsch@yopmail.com;1950-12-27
1498;Susette;Cressida;Susette.Cressida@yopmail.com;1972-09-05
1499;Fina;Maiah;Fina.Maiah@yopmail.com;1997-11-17
1500;Marline;Doig;Marline.Doig@yopmail.com;1954-08-22
1501;Elsie;Roscoe;Elsie.Roscoe@yopmail.com;1936-12-30
1502;Theodora;Kolnick;Theodora.Kolnick@yopmail.com;1988-06-05
1503;Brena;Weinreb;Brena.Weinreb@yopmail.com;1907-02-07
1504;Stephanie;Faria;Stephanie.Faria@yopmail.com;1925-03-29
1505;Loree;Nickola;Loree.Nickola@yopmail.com;1958-02-06
1506;Bernardine;Byrne;Bernardine.Byrne@yopmail.com;1935-01-07
1507;Gianina;Maurine;Gianina.Maurine@yopmail.com;1949-03-06
1508;Carmela;Halla;Carmela.Halla@yopmail.com;1943-05-03
1509;Joane;Nester;Joane.Nester@yopmail.com;1932-10-25
1510;Rori;Pandolfi;Rori.Pandolfi@yopmail.com;1945-04-16
1511;Ingrid;Laurianne;Ingrid.Laurianne@yopmail.com;1965-10-24
1512;Annaliese;Bivins;Annaliese.Bivins@yopmail.com;1966-05-26
1513;Corina;Yam;Corina.Yam@yopmail.com;1947-11-21
1514;Tori;Tayib;Tori.Tayib@yopmail.com;2010-03-23
1515;Mara;Helve;Mara.Helve@yopmail.com;1995-06-09
1516;Ayn;Cohdwell;Ayn.Cohdwell@yopmail.com;2002-02-10
1517;Lonnie;Ingra;Lonnie.Ingra@yopmail.com;2002-07-09
1518;Carree;Hathaway;Carree.Hathaway@yopmail.com;1946-03-14
1519;Amara;Sammons;Amara.Sammons@yopmail.com;1958-08-17
1520;Catrina;Marsden;Catrina.Marsden@yopmail.com;1905-06-16
1521;Paulita;Briney;Paulita.Briney@yopmail.com;1943-07-06
1522;Wilma;Bearnard;Wilma.Bearnard@yopmail.com;2000-11-02
1523;Augustine;Jalbert;Augustine.Jalbert@yopmail.com;1947-03-07
1524;Aryn;Astra;Aryn.Astra@yopmail.com;1992-10-21
1525;Gwyneth;Taam;Gwyneth.Taam@yopmail.com;1912-07-31
1526;Margarette;Heisel;Margarette.Heisel@yopmail.com;1981-06-23
1527;Emelina;Syd;Emelina.Syd@yopmail.com;1919-08-07
1528;Yolane;Lytton;Yolane.Lytton@yopmail.com;1952-03-22
1529;Evita;Bohlin;Evita.Bohlin@yopmail.com;1942-08-12
1530;Catharine;Sawtelle;Catharine.Sawtelle@yopmail.com;1905-02-01
1531;Georgetta;Rolf;Georgetta.Rolf@yopmail.com;2017-06-21
1532;Fernande;Flyn;Fernande.Flyn@yopmail.com;1971-03-20
1533;Sadie;Cutlerr;Sadie.Cutlerr@yopmail.com;1985-03-30
1534;Fred;Narton;Fred.Narton@yopmail.com;1972-10-23
1535;Deane;Salvidor;Deane.Salvidor@yopmail.com;1905-03-17
1536;Lizzie;Stephie;Lizzie.Stephie@yopmail.com;1912-05-31
1537;Lizzie;Bergman;Lizzie.Bergman@yopmail.com;1903-06-22
1538;Fayre;Vale;Fayre.Vale@yopmail.com;1964-08-22
1539;Janis;Noman;Janis.Noman@yopmail.com;1988-09-12
1540;Lita;My;Lita.My@yopmail.com;1925-03-01
1541;Carol-Jean;Thad;Carol-Jean.Thad@yopmail.com;2008-02-06
1542;Lyssa;Hewitt;Lyssa.Hewitt@yopmail.com;1934-09-30
1543;Dennie;Dituri;Dennie.Dituri@yopmail.com;1944-08-28
1544;Brietta;Edison;Brietta.Edison@yopmail.com;1966-09-17
1545;Etta;Wittie;Etta.Wittie@yopmail.com;1980-03-20
1546;Sidoney;Ramona;Sidoney.Ramona@yopmail.com;1950-01-28
1547;Albertina;Haymes;Albertina.Haymes@yopmail.com;1993-01-26
1548;Aili;Gusella;Aili.Gusella@yopmail.com;1923-02-23
1549;Susette;Kaja;Susette.Kaja@yopmail.com;1935-09-20
1550;Oona;Edee;Oona.Edee@yopmail.com;2010-12-27
1551;Brena;Syd;Brena.Syd@yopmail.com;1907-06-21
1552;Aeriela;Palocz;Aeriela.Palocz@yopmail.com;1941-11-29
1553;Cyb;Sundin;Cyb.Sundin@yopmail.com;1935-09-26
1554;Cam;Adore;Cam.Adore@yopmail.com;1955-10-21
1555;Fidelia;Ardeha;Fidelia.Ardeha@yopmail.com;1958-04-27
1556;Caressa;Friede;Caressa.Friede@yopmail.com;1947-10-30
1557;Sallie;Burch;Sallie.Burch@yopmail.com;1997-11-14
1558;Melodie;McAdams;Melodie.McAdams@yopmail.com;1995-07-10
1559;Lucille;Michella;Lucille.Michella@yopmail.com;2016-10-13
1560;Kerrin;Weitman;Kerrin.Weitman@yopmail.com;1906-01-28
1561;Sara-Ann;Bohlin;Sara-Ann.Bohlin@yopmail.com;1942-12-20
1562;Gerianna;Stilwell;Gerianna.Stilwell@yopmail.com;1916-11-11
1563;Stevana;Standing;Stevana.Standing@yopmail.com;1936-06-16
1564;Mamie;Goth;Mamie.Goth@yopmail.com;2000-11-15
1565;Bobbi;Alice;Bobbi.Alice@yopmail.com;1962-06-30
1566;Flo;Aurelio;Flo.Aurelio@yopmail.com;1972-01-20
1567;Grier;Chesna;Grier.Chesna@yopmail.com;1900-08-01
1568;Agathe;Olin;Agathe.Olin@yopmail.com;1947-06-30
1569;Zaria;Kussell;Zaria.Kussell@yopmail.com;2003-02-28
1570;Catrina;Read;Catrina.Read@yopmail.com;1995-08-09
1571;Sherrie;Damarra;Sherrie.Damarra@yopmail.com;1914-03-25
1572;Brandise;Norrie;Brandise.Norrie@yopmail.com;1989-05-25
1573;Jolyn;Geffner;Jolyn.Geffner@yopmail.com;1961-10-18
1574;Florie;Cristi;Florie.Cristi@yopmail.com;1993-02-14
1575;Stevana;Sprage;Stevana.Sprage@yopmail.com;1987-07-21
1576;Elmira;Michella;Elmira.Michella@yopmail.com;1913-09-11
1577;Claudina;Nerita;Claudina.Nerita@yopmail.com;1965-01-09
1578;Jere;Brieta;Jere.Brieta@yopmail.com;1938-03-08
1579;Feliza;Clie;Feliza.Clie@yopmail.com;1931-12-13
1580;Kassey;Hillel;Kassey.Hillel@yopmail.com;1927-03-10
1581;Lindie;Karna;Lindie.Karna@yopmail.com;1904-03-31
1582;Starla;Ranjiv;Starla.Ranjiv@yopmail.com;2002-10-08
1583;Ricky;Leler;Ricky.Leler@yopmail.com;1948-07-16
1584;Berta;Hanleigh;Berta.Hanleigh@yopmail.com;1993-03-29
1585;Chickie;Ezar;Chickie.Ezar@yopmail.com;1985-10-17
1586;Ricky;Rona;Ricky.Rona@yopmail.com;1904-05-13
1587;Imojean;Halsey;Imojean.Halsey@yopmail.com;1926-04-09
1588;Bettine;Diann;Bettine.Diann@yopmail.com;1945-12-19
1589;Augustine;Vary;Augustine.Vary@yopmail.com;1987-06-20
1590;Alie;Aloise;Alie.Aloise@yopmail.com;1921-02-14
1591;Calla;Elisha;Calla.Elisha@yopmail.com;1934-05-25
1592;Brooks;Kellby;Brooks.Kellby@yopmail.com;2007-05-09
1593;Jorry;Sabella;Jorry.Sabella@yopmail.com;1989-02-05
1594;Harmonia;Linehan;Harmonia.Linehan@yopmail.com;1989-06-30
1595;Carlie;Darrell;Carlie.Darrell@yopmail.com;1967-04-11
1596;Althea;Grobe;Althea.Grobe@yopmail.com;1923-07-13
1597;Camile;Teddman;Camile.Teddman@yopmail.com;2012-07-14
1598;Fanny;Connelly;Fanny.Connelly@yopmail.com;1961-12-14
1599;Jaclyn;Stefa;Jaclyn.Stefa@yopmail.com;2016-04-01
1600;Daryl;Kathie;Daryl.Kathie@yopmail.com;2006-10-15
1601;Cathyleen;Barbey;Cathyleen.Barbey@yopmail.com;1912-03-16
1602;Tami;Kaete;Tami.Kaete@yopmail.com;1981-11-17
1603;Belva;Hebner;Belva.Hebner@yopmail.com;1935-01-03
1604;Angelique;Junie;Angelique.Junie@yopmail.com;1946-08-11
1605;Celisse;Chaing;Celisse.Chaing@yopmail.com;1933-07-03
1606;Dorene;Berl;Dorene.Berl@yopmail.com;1945-07-24
1607;Sheelagh;Destinee;Sheelagh.Destinee@yopmail.com;1943-06-07
1608;Carilyn;Lasley;Carilyn.Lasley@yopmail.com;1973-02-08
1609;Tomasina;Bouchard;Tomasina.Bouchard@yopmail.com;1984-06-23
1610;Helena;Raimondo;Helena.Raimondo@yopmail.com;2015-07-29
1611;Zsa Zsa;Moina;Zsa Zsa.Moina@yopmail.com;1987-06-20
1612;Daphne;Percy;Daphne.Percy@yopmail.com;1990-11-08
1613;Ulrike;Serilda;Ulrike.Serilda@yopmail.com;1908-05-19
1614;Chere;Justinn;Chere.Justinn@yopmail.com;1923-03-06
1615;Kellen;Hutchison;Kellen.Hutchison@yopmail.com;1953-09-23
1616;Sindee;Jerold;Sindee.Jerold@yopmail.com;1909-10-12
1617;Carlie;Tippets;Carlie.Tippets@yopmail.com;1996-03-07
1618;Gui;Moseley;Gui.Moseley@yopmail.com;1973-03-01
1619;Sybille;Ries;Sybille.Ries@yopmail.com;2013-06-08
1620;Calla;Sawtelle;Calla.Sawtelle@yopmail.com;1972-01-24
1621;Roslyn;Hourigan;Roslyn.Hourigan@yopmail.com;1982-02-20
1622;Devina;Elsinore;Devina.Elsinore@yopmail.com;1972-05-31
1623;Lyssa;Kauppi;Lyssa.Kauppi@yopmail.com;1951-02-28
1624;Susan;Hollingsworth;Susan.Hollingsworth@yopmail.com;1932-12-22
1625;Brianna;Jotham;Brianna.Jotham@yopmail.com;1905-08-06
1626;Noelle;Aaberg;Noelle.Aaberg@yopmail.com;1997-02-19
1627;Miquela;Marisa;Miquela.Marisa@yopmail.com;1949-04-04
1628;Annabela;Palocz;Annabela.Palocz@yopmail.com;1988-12-09
1629;Catrina;Justinn;Catrina.Justinn@yopmail.com;1966-02-28
1630;Maryellen;Sinegold;Maryellen.Sinegold@yopmail.com;1981-02-26
1631;Caritta;Chandler;Caritta.Chandler@yopmail.com;2017-10-24
1632;Binny;Vorster;Binny.Vorster@yopmail.com;1969-07-31
1633;Fanny;Chinua;Fanny.Chinua@yopmail.com;1976-12-08
1634;Shaine;Terrence;Shaine.Terrence@yopmail.com;1916-10-10
1635;Joeann;Dalli;Joeann.Dalli@yopmail.com;1926-08-20
1636;Suzette;Carleen;Suzette.Carleen@yopmail.com;1960-06-17
1637;Lizzie;Killigrew;Lizzie.Killigrew@yopmail.com;1972-02-01
1638;Deirdre;Vilma;Deirdre.Vilma@yopmail.com;1964-01-08
1639;Lexine;Merat;Lexine.Merat@yopmail.com;1914-05-11
1640;Karlee;Arvo;Karlee.Arvo@yopmail.com;1907-04-25
1641;Correy;Margarete;Correy.Margarete@yopmail.com;1933-05-06
1642;Lanae;Fosque;Lanae.Fosque@yopmail.com;1920-04-06
1643;Arlena;Taam;Arlena.Taam@yopmail.com;1956-04-03
1644;Phedra;Winnick;Phedra.Winnick@yopmail.com;1984-05-07
1645;Abbie;Bord;Abbie.Bord@yopmail.com;1936-09-05
1646;Christian;Si;Christian.Si@yopmail.com;1957-01-03
1647;Orelia;Zaslow;Orelia.Zaslow@yopmail.com;2002-08-29
1648;Isa;Skurnik;Isa.Skurnik@yopmail.com;1932-08-18
1649;Therine;Faso;Therine.Faso@yopmail.com;1937-08-07
1650;Kellen;Truc;Kellen.Truc@yopmail.com;1909-02-20
1651;Chastity;Swanhildas;Chastity.Swanhildas@yopmail.com;1926-05-05
1652;Frances;Tristram;Frances.Tristram@yopmail.com;1988-07-04
1653;Lilith;Zola;Lilith.Zola@yopmail.com;1924-10-09
1654;Nikki;Emanuel;Nikki.Emanuel@yopmail.com;1935-10-18
1655;Lanae;Waldron;Lanae.Waldron@yopmail.com;1983-03-09
1656;Kerrin;Euridice;Kerrin.Euridice@yopmail.com;2014-03-24
1657;Rochette;Sallyann;Rochette.Sallyann@yopmail.com;1934-01-01
1658;Clo;Astra;Clo.Astra@yopmail.com;1906-04-21
1659;Britte;Seessel;Britte.Seessel@yopmail.com;1944-07-01
1660;Vivia;Burch;Vivia.Burch@yopmail.com;1934-08-11
1661;Rhoda;Hashim;Rhoda.Hashim@yopmail.com;1935-06-11
1662;Quintina;Skurnik;Quintina.Skurnik@yopmail.com;1948-11-06
1663;Josephine;Papageno;Josephine.Papageno@yopmail.com;2018-09-16
1664;Annaliese;Blisse;Annaliese.Blisse@yopmail.com;2003-03-02
1665;Selma;Standing;Selma.Standing@yopmail.com;1989-09-02
1666;Queenie;Danby;Queenie.Danby@yopmail.com;1945-12-22
1667;Magdalena;Bakerman;Magdalena.Bakerman@yopmail.com;1923-01-20
1668;Catrina;Yoko;Catrina.Yoko@yopmail.com;1999-02-01
1669;Annora;Delacourt;Annora.Delacourt@yopmail.com;1930-12-30
1670;Amii;Vharat;Amii.Vharat@yopmail.com;1916-07-05
1671;Leeanne;Serilda;Leeanne.Serilda@yopmail.com;1915-06-08
1672;Leia;Lubin;Leia.Lubin@yopmail.com;1957-03-17
1673;Karly;Mich;Karly.Mich@yopmail.com;1930-01-20
1674;Katleen;Shaddock;Katleen.Shaddock@yopmail.com;1906-12-01
1675;Zondra;Swigart;Zondra.Swigart@yopmail.com;1924-07-08
1676;Gwyneth;Ardeha;Gwyneth.Ardeha@yopmail.com;1964-11-23
1677;Selia;Zina;Selia.Zina@yopmail.com;1920-10-20
1678;Gianina;Bobbee;Gianina.Bobbee@yopmail.com;1999-11-18
1679;Margalo;Madaih;Margalo.Madaih@yopmail.com;1903-01-01
1680;Elmira;Maiah;Elmira.Maiah@yopmail.com;1925-07-17
1681;Catrina;Viddah;Catrina.Viddah@yopmail.com;1977-06-05
1682;Taffy;Toni;Taffy.Toni@yopmail.com;2004-07-13
1683;Cecile;Genna;Cecile.Genna@yopmail.com;1935-02-22
1684;Phedra;Felecia;Phedra.Felecia@yopmail.com;2017-11-28
1685;Ethel;Cristi;Ethel.Cristi@yopmail.com;2018-01-05
1686;Cam;Herrera;Cam.Herrera@yopmail.com;1938-05-28
1687;Ivett;Alarise;Ivett.Alarise@yopmail.com;1981-07-11
1688;Meghann;Mandler;Meghann.Mandler@yopmail.com;1994-01-22
1689;Dorene;Rillings;Dorene.Rillings@yopmail.com;1966-01-05
1690;Kimmy;Roumell;Kimmy.Roumell@yopmail.com;1902-06-13
1691;Kaia;Trey;Kaia.Trey@yopmail.com;1966-06-15
1692;Ericka;Devlen;Ericka.Devlen@yopmail.com;1904-01-29
1693;Daphne;Caitlin;Daphne.Caitlin@yopmail.com;1984-03-14
1694;Ricky;Cath;Ricky.Cath@yopmail.com;1975-03-18
1695;Brena;Penelopa;Brena.Penelopa@yopmail.com;1952-06-15
1696;Dyann;Middleton;Dyann.Middleton@yopmail.com;1943-03-30
1697;Nariko;Madelene;Nariko.Madelene@yopmail.com;1924-12-09
1698;Elbertina;Viddah;Elbertina.Viddah@yopmail.com;1932-11-26
1699;Charissa;Curren;Charissa.Curren@yopmail.com;2008-01-15
1700;Florie;Borrell;Florie.Borrell@yopmail.com;1981-01-21
1701;Betta;Beebe;Betta.Beebe@yopmail.com;1949-05-27
1702;Gusty;Loleta;Gusty.Loleta@yopmail.com;1916-12-25
1703;Madelle;Pozzy;Madelle.Pozzy@yopmail.com;1921-02-12
1704;Jordan;Pillsbury;Jordan.Pillsbury@yopmail.com;1950-12-15
1705;Britni;Ephrem;Britni.Ephrem@yopmail.com;1934-05-29
1706;Jerry;O'Carroll;Jerry.O'Carroll@yopmail.com;1905-09-11
1707;Lizzie;Cressida;Lizzie.Cressida@yopmail.com;1983-08-04
1708;Yetty;Seumas;Yetty.Seumas@yopmail.com;1912-10-05
1709;Karlee;Angelis;Karlee.Angelis@yopmail.com;1960-05-06
1710;Augustine;Zamora;Augustine.Zamora@yopmail.com;2006-10-01
1711;Stephanie;Deegan;Stephanie.Deegan@yopmail.com;1907-04-13
1712;Stephanie;Brady;Stephanie.Brady@yopmail.com;1905-07-02
1713;Hallie;Nisbet;Hallie.Nisbet@yopmail.com;1996-06-29
1714;Gusella;Diogenes;Gusella.Diogenes@yopmail.com;1902-06-12
1715;Dale;Tyson;Dale.Tyson@yopmail.com;1945-08-19
1716;Eve;Martguerita;Eve.Martguerita@yopmail.com;2002-03-06
1717;Trixi;Carri;Trixi.Carri@yopmail.com;1912-04-22
1718;Allyce;Oster;Allyce.Oster@yopmail.com;2016-08-27
1719;Chastity;Neils;Chastity.Neils@yopmail.com;1957-02-04
1720;Lily;Fiann;Lily.Fiann@yopmail.com;1936-05-17
1721;Kate;Alarise;Kate.Alarise@yopmail.com;1921-08-06
1722;Elka;Bivins;Elka.Bivins@yopmail.com;1907-07-24
1723;Jean;Kussell;Jean.Kussell@yopmail.com;2011-02-21
1724;Danika;Stilwell;Danika.Stilwell@yopmail.com;1984-03-01
1725;Patricia;Beniamino;Patricia.Beniamino@yopmail.com;1970-08-14
1726;Netty;Bartlett;Netty.Bartlett@yopmail.com;1932-09-10
1727;Alyda;Markman;Alyda.Markman@yopmail.com;1942-04-21
1728;Nonnah;Tybald;Nonnah.Tybald@yopmail.com;1998-08-03
1729;Jere;Voletta;Jere.Voletta@yopmail.com;1911-07-22
1730;Nickie;Michella;Nickie.Michella@yopmail.com;1909-11-20
1731;Harmonia;Ardra;Harmonia.Ardra@yopmail.com;1924-10-04
1732;Tressa;Wandie;Tressa.Wandie@yopmail.com;2010-04-22
1733;Lynnea;Sibyls;Lynnea.Sibyls@yopmail.com;1974-07-06
1734;Renae;Sherfield;Renae.Sherfield@yopmail.com;2011-11-26
1735;Gianina;Standing;Gianina.Standing@yopmail.com;1942-01-09
1736;Georgetta;Elsinore;Georgetta.Elsinore@yopmail.com;1958-11-12
1737;Donetta;Kenwood;Donetta.Kenwood@yopmail.com;1952-07-22
1738;Suzette;Adrienne;Suzette.Adrienne@yopmail.com;1970-05-02
1739;Catharine;Ludewig;Catharine.Ludewig@yopmail.com;1963-11-24
1740;Bobbi;Kathie;Bobbi.Kathie@yopmail.com;1983-09-04
1741;Sarette;Ailyn;Sarette.Ailyn@yopmail.com;1990-05-19
1742;Rori;Zamora;Rori.Zamora@yopmail.com;1967-09-26
1743;Donnie;Agle;Donnie.Agle@yopmail.com;2017-04-16
1744;Vanessa;Ahab;Vanessa.Ahab@yopmail.com;1978-05-12
1745;Modestia;Katrine;Modestia.Katrine@yopmail.com;1903-07-17
1746;Halette;Cath;Halette.Cath@yopmail.com;1901-01-20
1747;Eugine;Garbe;Eugine.Garbe@yopmail.com;1929-11-17
1748;Donnie;Chobot;Donnie.Chobot@yopmail.com;1907-05-20
1749;Phedra;Erich;Phedra.Erich@yopmail.com;1989-05-01
1750;Miquela;Lemuela;Miquela.Lemuela@yopmail.com;2013-09-01
1751;Ruthe;Kinnard;Ruthe.Kinnard@yopmail.com;1909-04-19
1752;Dawn;Salchunas;Dawn.Salchunas@yopmail.com;1962-03-06
1753;Kimberley;Woodberry;Kimberley.Woodberry@yopmail.com;2014-05-22
1754;Leona;McLaughlin;Leona.McLaughlin@yopmail.com;1921-09-27
1755;Shaylyn;Brackely;Shaylyn.Brackely@yopmail.com;1926-12-26
1756;Dorthy;Helve;Dorthy.Helve@yopmail.com;2005-05-30
1757;Tobe;Docilla;Tobe.Docilla@yopmail.com;1951-03-04
1758;Stephanie;Ranjiv;Stephanie.Ranjiv@yopmail.com;1999-04-17
1759;Helena;Bury;Helena.Bury@yopmail.com;1949-08-11
1760;Layla;Cornelia;Layla.Cornelia@yopmail.com;1953-04-30
1761;Caritta;Randene;Caritta.Randene@yopmail.com;1976-03-06
1762;Annora;Kaja;Annora.Kaja@yopmail.com;1978-11-18
1763;Brietta;Nisbet;Brietta.Nisbet@yopmail.com;1971-06-09
1764;Nariko;Velick;Nariko.Velick@yopmail.com;1923-11-10
1765;Steffane;Edvard;Steffane.Edvard@yopmail.com;1940-01-27
1766;Emylee;Loring;Emylee.Loring@yopmail.com;1978-06-28
1767;Fernande;Martguerita;Fernande.Martguerita@yopmail.com;1962-01-11
1768;Raquela;Middleton;Raquela.Middleton@yopmail.com;1943-02-19
1769;Ardys;Khorma;Ardys.Khorma@yopmail.com;1939-04-04
1770;Trudie;Melleta;Trudie.Melleta@yopmail.com;1951-07-18
1771;Odessa;Bettine;Odessa.Bettine@yopmail.com;1915-03-13
1772;Imojean;Leler;Imojean.Leler@yopmail.com;1997-05-17
1773;Noelle;Alabaster;Noelle.Alabaster@yopmail.com;1984-08-12
1774;Allyce;Georgy;Allyce.Georgy@yopmail.com;1941-03-30
1775;Carree;Douglass;Carree.Douglass@yopmail.com;1913-04-11
1776;Lucy;Nelsen;Lucy.Nelsen@yopmail.com;2004-01-23
1777;Elise;Madox;Elise.Madox@yopmail.com;1922-12-08
1778;Celestyna;Margarete;Celestyna.Margarete@yopmail.com;2006-08-22
1779;Kittie;Couture;Kittie.Couture@yopmail.com;1921-07-12
1780;Dominga;Hirsch;Dominga.Hirsch@yopmail.com;1914-09-17
1781;Danika;Franza;Danika.Franza@yopmail.com;1968-02-11
1782;Inga;Jeanne;Inga.Jeanne@yopmail.com;1914-03-09
1783;Andeee;Maribeth;Andeee.Maribeth@yopmail.com;1985-09-01
1784;Cathie;Nester;Cathie.Nester@yopmail.com;1981-05-09
1785;Maye;Orlene;Maye.Orlene@yopmail.com;1951-12-30
1786;Pollyanna;Erlandson;Pollyanna.Erlandson@yopmail.com;1994-03-28
1787;Cordi;Lesley;Cordi.Lesley@yopmail.com;1901-04-12
1788;Jaime;Gladstone;Jaime.Gladstone@yopmail.com;1973-04-14
1789;Alyda;Wildermuth;Alyda.Wildermuth@yopmail.com;2018-06-13
1790;Silvana;Berard;Silvana.Berard@yopmail.com;1944-05-24
1791;Cacilie;Jenness;Cacilie.Jenness@yopmail.com;1974-03-11
1792;Jessamyn;Emmaline;Jessamyn.Emmaline@yopmail.com;1958-11-15
1793;Kerrin;Emmy;Kerrin.Emmy@yopmail.com;1998-12-08
1794;Kristan;Wesle;Kristan.Wesle@yopmail.com;2006-02-04
1795;Sonni;Plato;Sonni.Plato@yopmail.com;1997-12-29
1796;Trudie;Meter;Trudie.Meter@yopmail.com;1979-09-23
1797;Cassondra;Trey;Cassondra.Trey@yopmail.com;1985-03-09
1798;Sheree;Larochelle;Sheree.Larochelle@yopmail.com;1904-02-03
1799;Lorie;Riordan;Lorie.Riordan@yopmail.com;1991-02-24
1800;Sabina;Odysseus;Sabina.Odysseus@yopmail.com;1951-03-14
1801;Bertine;Ramona;Bertine.Ramona@yopmail.com;1988-07-31
1802;Felice;Moina;Felice.Moina@yopmail.com;1904-06-16
1803;Dari;Ax;Dari.Ax@yopmail.com;1911-04-30
1804;Alleen;Pattin;Alleen.Pattin@yopmail.com;2006-10-28
1805;Annice;Giff;Annice.Giff@yopmail.com;2000-11-08
1806;Kassey;Dahlia;Kassey.Dahlia@yopmail.com;1903-08-12
1807;Julieta;Lareena;Julieta.Lareena@yopmail.com;1988-12-19
1808;Mady;Orelee;Mady.Orelee@yopmail.com;1930-04-02
1809;Cherrita;Johanna;Cherrita.Johanna@yopmail.com;1995-04-03
1810;Cherilyn;Zina;Cherilyn.Zina@yopmail.com;2001-09-21
1811;Edith;Nore;Edith.Nore@yopmail.com;1919-11-19
1812;Kimmy;Masao;Kimmy.Masao@yopmail.com;2007-08-17
1813;Brena;Engdahl;Brena.Engdahl@yopmail.com;1971-01-05
1814;Meriel;Payson;Meriel.Payson@yopmail.com;1976-05-17
1815;Minne;Malanie;Minne.Malanie@yopmail.com;2003-01-19
1816;Regina;Plato;Regina.Plato@yopmail.com;1960-03-29
1817;Cam;Santoro;Cam.Santoro@yopmail.com;1983-12-03
1818;Ursulina;Infield;Ursulina.Infield@yopmail.com;1914-12-22
1819;Chastity;Etom;Chastity.Etom@yopmail.com;1967-04-28
1820;Gabriellia;Emerson;Gabriellia.Emerson@yopmail.com;1984-04-23
1821;Lanae;Shaver;Lanae.Shaver@yopmail.com;1948-10-01
1822;Ketti;Laurianne;Ketti.Laurianne@yopmail.com;1957-09-17
1823;Heida;Donoghue;Heida.Donoghue@yopmail.com;1983-03-03
1824;Carolina;Raseda;Carolina.Raseda@yopmail.com;1905-04-20
1825;Cathyleen;Fontana;Cathyleen.Fontana@yopmail.com;2010-06-12
1826;Korrie;Astra;Korrie.Astra@yopmail.com;1914-12-21
1827;Gilda;Guildroy;Gilda.Guildroy@yopmail.com;1954-05-02
1828;Abbie;Burch;Abbie.Burch@yopmail.com;1950-06-16
1829;Nyssa;Gilmour;Nyssa.Gilmour@yopmail.com;1971-04-24
1830;Aubrie;LaRue;Aubrie.LaRue@yopmail.com;1998-07-12
1831;Raquela;Clywd;Raquela.Clywd@yopmail.com;1952-08-21
1832;Betta;Greyson;Betta.Greyson@yopmail.com;1920-07-14
1833;Nickie;Sammons;Nickie.Sammons@yopmail.com;1957-04-02
1834;Deirdre;Karylin;Deirdre.Karylin@yopmail.com;1979-02-23
1835;Paulita;Jaylene;Paulita.Jaylene@yopmail.com;1945-10-13
1836;Harrietta;Mitzi;Harrietta.Mitzi@yopmail.com;2017-01-17
1837;Alejandra;Ilka;Alejandra.Ilka@yopmail.com;2019-06-12
1838;Brietta;Rosemary;Brietta.Rosemary@yopmail.com;1903-06-07
1839;Bernie;Myrilla;Bernie.Myrilla@yopmail.com;1903-09-24
1840;Ginnie;Alcott;Ginnie.Alcott@yopmail.com;2001-07-26
1841;Miquela;Linskey;Miquela.Linskey@yopmail.com;1901-12-29
1842;Jacenta;Pacorro;Jacenta.Pacorro@yopmail.com;1951-04-11
1843;Marcelline;Suzetta;Marcelline.Suzetta@yopmail.com;2016-01-24
1844;Tabbatha;Gladstone;Tabbatha.Gladstone@yopmail.com;1955-09-27
1845;Ofilia;Johanna;Ofilia.Johanna@yopmail.com;1990-08-16
1846;Maye;Flyn;Maye.Flyn@yopmail.com;1972-11-27
1847;Cassandra;Tjon;Cassandra.Tjon@yopmail.com;1983-11-03
1848;Eadie;Rese;Eadie.Rese@yopmail.com;1970-07-07
1849;Paola;Joseph;Paola.Joseph@yopmail.com;1937-09-18
1850;Kristan;Kiyoshi;Kristan.Kiyoshi@yopmail.com;1944-05-27
1851;Isa;Adamsen;Isa.Adamsen@yopmail.com;1992-06-22
1852;Joleen;Minetta;Joleen.Minetta@yopmail.com;1905-08-27
1853;Jean;Ferino;Jean.Ferino@yopmail.com;1953-03-07
1854;Elena;Kellby;Elena.Kellby@yopmail.com;1965-02-16
1855;Mahalia;Eno;Mahalia.Eno@yopmail.com;1936-12-23
1856;Fred;Ogren;Fred.Ogren@yopmail.com;1952-03-22
1857;Dulce;Ardra;Dulce.Ardra@yopmail.com;2018-07-21
1858;Siana;Kolnick;Siana.Kolnick@yopmail.com;1927-07-27
1859;Ayn;Bohlin;Ayn.Bohlin@yopmail.com;1900-09-29
1860;Ivett;Shelba;Ivett.Shelba@yopmail.com;1900-03-20
1861;Sandie;Thornburg;Sandie.Thornburg@yopmail.com;1907-12-20
1862;Elmira;Armanda;Elmira.Armanda@yopmail.com;1978-10-12
1863;Marinna;Afton;Marinna.Afton@yopmail.com;1944-10-13
1864;Josephine;Olnee;Josephine.Olnee@yopmail.com;1965-06-18
1865;Candi;Birdella;Candi.Birdella@yopmail.com;2014-05-25
1866;Madelle;Hortensia;Madelle.Hortensia@yopmail.com;1953-08-13
1867;Jackie;Lauraine;Jackie.Lauraine@yopmail.com;1955-03-14
1868;Cordi;Esmaria;Cordi.Esmaria@yopmail.com;1998-05-27
1869;Jasmina;Esmaria;Jasmina.Esmaria@yopmail.com;1970-08-26
1870;Aurelie;Gordon;Aurelie.Gordon@yopmail.com;1967-10-11
1871;Kate;Caitlin;Kate.Caitlin@yopmail.com;1983-04-30
1872;Corly;Angelis;Corly.Angelis@yopmail.com;1928-07-11
1873;Chandra;Lumbard;Chandra.Lumbard@yopmail.com;1937-12-08
1874;Genevra;Hylan;Genevra.Hylan@yopmail.com;1957-03-31
1875;Verla;O'Rourke;Verla.O'Rourke@yopmail.com;2013-07-01
1876;Aubrie;Screens;Aubrie.Screens@yopmail.com;1995-01-19
1877;Adelle;Beniamino;Adelle.Beniamino@yopmail.com;1952-09-27
1878;Nadine;Yorick;Nadine.Yorick@yopmail.com;1951-05-08
1879;Krystle;Andrel;Krystle.Andrel@yopmail.com;1959-08-29
1880;Althea;Terencio;Althea.Terencio@yopmail.com;1972-05-10
1881;Doro;Redmond;Doro.Redmond@yopmail.com;1982-09-02
1882;Elka;Ledah;Elka.Ledah@yopmail.com;1944-07-19
1883;Philis;Latini;Philis.Latini@yopmail.com;2009-01-09
1884;Joleen;Roxanna;Joleen.Roxanna@yopmail.com;1920-12-18
1885;Selma;Chrystel;Selma.Chrystel@yopmail.com;1955-01-10
1886;Mignon;Lipson;Mignon.Lipson@yopmail.com;1904-11-20
1887;Cassondra;Halsey;Cassondra.Halsey@yopmail.com;2018-04-24
1888;Brooks;Vernier;Brooks.Vernier@yopmail.com;1993-01-11
1889;Sindee;Madox;Sindee.Madox@yopmail.com;1918-04-17
1890;Bee;Bigner;Bee.Bigner@yopmail.com;2001-12-25
1891;Glenda;Sprage;Glenda.Sprage@yopmail.com;1923-05-10
1892;Olwen;Rocray;Olwen.Rocray@yopmail.com;2014-03-08
1893;Kaia;Jacinda;Kaia.Jacinda@yopmail.com;2000-04-24
1894;Clarice;Joseph;Clarice.Joseph@yopmail.com;1931-06-23
1895;Cordi;Screens;Cordi.Screens@yopmail.com;2003-06-27
1896;Marleah;Goddard;Marleah.Goddard@yopmail.com;1919-04-05
1897;Maurene;Brenn;Maurene.Brenn@yopmail.com;1999-01-29
1898;Marti;Soneson;Marti.Soneson@yopmail.com;1940-05-13
1899;Orsola;Nicoline;Orsola.Nicoline@yopmail.com;1911-06-03
1900;Robinia;Bohlin;Robinia.Bohlin@yopmail.com;1982-09-05
1901;Ardeen;Erb;Ardeen.Erb@yopmail.com;1968-10-21
1902;Gabi;Syd;Gabi.Syd@yopmail.com;2016-09-15
1903;Lanna;Alwin;Lanna.Alwin@yopmail.com;1950-03-13
1904;Dulce;Connelly;Dulce.Connelly@yopmail.com;2019-06-06
1905;Jean;Prouty;Jean.Prouty@yopmail.com;1943-08-29
1906;Joeann;Catie;Joeann.Catie@yopmail.com;1906-01-26
1907;Minda;Lubin;Minda.Lubin@yopmail.com;1908-09-24
1908;Mireielle;Serilda;Mireielle.Serilda@yopmail.com;1953-03-23
1909;June;Scammon;June.Scammon@yopmail.com;1922-06-21
1910;Nikki;Robertson;Nikki.Robertson@yopmail.com;2012-02-20
1911;Gaylene;Astra;Gaylene.Astra@yopmail.com;1939-11-16
1912;Sissy;MacIntosh;Sissy.MacIntosh@yopmail.com;2001-08-29
1913;Ekaterina;Catie;Ekaterina.Catie@yopmail.com;1944-07-20
1914;Cathie;Alcott;Cathie.Alcott@yopmail.com;1968-03-25
1915;Maud;Mich;Maud.Mich@yopmail.com;1981-08-17
1916;Corly;Ahab;Corly.Ahab@yopmail.com;1929-06-14
1917;Tarra;Melleta;Tarra.Melleta@yopmail.com;1911-07-23
1918;Devina;Kellby;Devina.Kellby@yopmail.com;1986-09-21
1919;Ann-Marie;Ciro;Ann-Marie.Ciro@yopmail.com;1916-12-26
1920;Shauna;Kosey;Shauna.Kosey@yopmail.com;1925-11-02
1921;Ardeen;Maxi;Ardeen.Maxi@yopmail.com;1939-01-25
1922;Aeriela;Audly;Aeriela.Audly@yopmail.com;1975-01-23
1923;Krystle;Cecile;Krystle.Cecile@yopmail.com;1981-01-20
1924;Debee;Gahl;Debee.Gahl@yopmail.com;1964-01-01
1925;Valli;Thad;Valli.Thad@yopmail.com;1952-12-09
1926;Shandie;Bryna;Shandie.Bryna@yopmail.com;1989-12-27
1927;Pollyanna;Cadmar;Pollyanna.Cadmar@yopmail.com;2002-05-03
1928;Susette;Aida;Susette.Aida@yopmail.com;1944-04-16
1929;Fernande;Bettine;Fernande.Bettine@yopmail.com;2016-05-04
1930;Emylee;Granoff;Emylee.Granoff@yopmail.com;2008-01-15
1931;Rebeca;Andrel;Rebeca.Andrel@yopmail.com;1908-09-19
1932;Oona;Alice;Oona.Alice@yopmail.com;1935-09-19
1933;Iseabal;Azeria;Iseabal.Azeria@yopmail.com;1924-07-01
1934;Raf;Demitria;Raf.Demitria@yopmail.com;2018-09-28
1935;Talya;Earlie;Talya.Earlie@yopmail.com;1979-03-09
1936;Justinn;Reinke;Justinn.Reinke@yopmail.com;1987-02-07
1937;Cyndie;Lutero;Cyndie.Lutero@yopmail.com;1996-12-24
1938;Adelle;Sperling;Adelle.Sperling@yopmail.com;1944-09-23
1939;Damaris;Oscar;Damaris.Oscar@yopmail.com;1947-12-19
1940;Goldie;Francene;Goldie.Francene@yopmail.com;1900-08-19
1941;Jaclyn;Raama;Jaclyn.Raama@yopmail.com;1930-07-18
1942;Gretal;Raama;Gretal.Raama@yopmail.com;1934-06-26
1943;Alexine;Tybald;Alexine.Tybald@yopmail.com;1988-08-08
1944;Heida;Carleen;Heida.Carleen@yopmail.com;1983-01-21
1945;Nessie;Gherardo;Nessie.Gherardo@yopmail.com;1966-05-29
1946;Helena;Ochs;Helena.Ochs@yopmail.com;1934-06-19
1947;Minda;Bettine;Minda.Bettine@yopmail.com;1904-07-04
1948;Annora;Goth;Annora.Goth@yopmail.com;1938-05-27
1949;Jsandye;Gilbertson;Jsandye.Gilbertson@yopmail.com;2017-10-19
1950;Bibby;Talia;Bibby.Talia@yopmail.com;2006-11-06
1951;Tina;Tice;Tina.Tice@yopmail.com;1971-12-18
1952;Binny;Brittani;Binny.Brittani@yopmail.com;2006-06-28
1953;Josephine;Kravits;Josephine.Kravits@yopmail.com;2006-02-24
1954;Rebeca;Emmaline;Rebeca.Emmaline@yopmail.com;1940-07-05
1955;Estell;Marcellus;Estell.Marcellus@yopmail.com;1935-06-10
1956;Johna;Pyle;Johna.Pyle@yopmail.com;1988-07-07
1957;Dennie;Kaja;Dennie.Kaja@yopmail.com;1995-10-11
1958;Lesly;Rugen;Lesly.Rugen@yopmail.com;1945-11-24
1959;Dode;Cherianne;Dode.Cherianne@yopmail.com;1998-07-16
1960;Krystle;Kinnard;Krystle.Kinnard@yopmail.com;1934-09-02
1961;Ardenia;Kauppi;Ardenia.Kauppi@yopmail.com;1929-04-26
1962;Siana;Gunn;Siana.Gunn@yopmail.com;1901-07-25
1963;Lynea;Gaulin;Lynea.Gaulin@yopmail.com;1923-03-27
1964;Ellette;Publia;Ellette.Publia@yopmail.com;1944-11-07
1965;Tierney;Dalli;Tierney.Dalli@yopmail.com;1962-05-15
1966;Gusty;Birdella;Gusty.Birdella@yopmail.com;1972-05-06
1967;Elora;Bartlett;Elora.Bartlett@yopmail.com;1997-10-03
1968;Briney;Publia;Briney.Publia@yopmail.com;1914-08-06
1969;Binny;Lymann;Binny.Lymann@yopmail.com;1995-05-10
1970;Kristina;Aldric;Kristina.Aldric@yopmail.com;2003-10-26
1971;Cyndie;Goode;Cyndie.Goode@yopmail.com;1916-07-29
1972;Abbie;Holbrook;Abbie.Holbrook@yopmail.com;1960-02-08
1973;Debee;Afton;Debee.Afton@yopmail.com;1962-12-09
1974;Luci;Mathilde;Luci.Mathilde@yopmail.com;1978-02-08
1975;Deirdre;Gino;Deirdre.Gino@yopmail.com;1901-08-19
1976;Lulita;Thar;Lulita.Thar@yopmail.com;1996-03-24
1977;Christal;Kimmie;Christal.Kimmie@yopmail.com;1927-10-20
1978;Britni;Nea;Britni.Nea@yopmail.com;1996-11-12
1979;Caryl;Grobe;Caryl.Grobe@yopmail.com;1987-06-07
1980;Amara;Ulphia;Amara.Ulphia@yopmail.com;1967-10-21
1981;Ana;Tarrant;Ana.Tarrant@yopmail.com;1935-11-11
1982;Sibella;Gregrory;Sibella.Gregrory@yopmail.com;2008-06-30
1983;Elora;Ardra;Elora.Ardra@yopmail.com;1988-08-05
1984;Melanie;Matthew;Melanie.Matthew@yopmail.com;1977-03-06
1985;Dorothy;Rodmann;Dorothy.Rodmann@yopmail.com;1932-09-17
1986;Jasmina;Andrel;Jasmina.Andrel@yopmail.com;1918-10-23
1987;Caritta;Fabiola;Caritta.Fabiola@yopmail.com;1983-09-04
1988;Genevra;Obed;Genevra.Obed@yopmail.com;1928-10-01
1989;Bibby;Francene;Bibby.Francene@yopmail.com;1961-04-17
1990;Iseabal;Emmaline;Iseabal.Emmaline@yopmail.com;1957-12-29
1991;Tracey;Primalia;Tracey.Primalia@yopmail.com;1942-08-25
1992;Phylis;Tacye;Phylis.Tacye@yopmail.com;1991-09-05
1993;Liana;Mata;Liana.Mata@yopmail.com;1917-08-11
1994;Sindee;Francyne;Sindee.Francyne@yopmail.com;1921-09-06
1995;Liana;Sidonius;Liana.Sidonius@yopmail.com;1972-04-19
1996;Millie;Irmine;Millie.Irmine@yopmail.com;2001-03-03
1997;Wanda;Deny;Wanda.Deny@yopmail.com;1929-08-20
1998;Eadie;Rogerio;Eadie.Rogerio@yopmail.com;1954-07-23
1999;Kary;Salvidor;Kary.Salvidor@yopmail.com;1967-06-27