id;firstname;lastname;email;Field Name
1000;Deane;Leonard;Deane.Leonard@yopmail.com;1937-09-02
1001;Bibby;Braun;Bibby.Braun@yopmail.com;2001-05-16
1002;Nananne;O'Carroll;Nananne.O'Carroll@yopmail.com;2014-02-22
1003;Selma;Gombach;Selma.Gombach@yopmail.com;1917-10-28
1004;Hannis;Stephie;Hannis.Stephie@yopmail.com;1947-11-03
1005;Tiffie;Joli;Tiffie.Joli@yopmail.com;1943-06-02
1006;Orsola;Peti;Orsola.Peti@yopmail.com;1982-09-30
1007;Ardys;Selway;Ardys.Selway@yopmail.com;1904-03-19
1008;Lanae;Payson;Lanae.Payson@yopmail.com;1914-06-17
1009;Mahalia;Gower;Mahalia.Gower@yopmail.com;1923-06-03
1010;Lilith;Henebry;Lilith.Henebry@yopmail.com;1977-06-06
1011;Louella;Sibyls;Louella.Sibyls@yopmail.com;1996-10-29
1012;Kaia;Chapland;Kaia.Chapland@yopmail.com;1987-03-08
1013;Esmeralda;Lalitta;Esmeralda.Lalitta@yopmail.com;1900-07-24
1014;Edith;Candy;Edith.Candy@yopmail.com;1955-02-23
1015;Josephine;Faso;Josephine.Faso@yopmail.com;1911-04-12
1016;Bill;Erminia;Bill.Erminia@yopmail.com;1922-05-07
1017;Bobbi;Carlson;Bobbi.Carlson@yopmail.com;1953-04-07
1018;Kore;Seligman;Kore.Seligman@yopmail.com;1932-10-14
1019;Rosaline;Talia;Rosaline.Talia@yopmail.com;1934-06-29
1020;Latisha;Karylin;Latisha.Karylin@yopmail.com;2004-12-04
1021;Felice;Schlosser;Felice.Schlosser@yopmail.com;1932-12-13
1022;Alyssa;Ezar;Alyssa.Ezar@yopmail.com;1950-12-02
1023;Ilse;Dearborn;Ilse.Dearborn@yopmail.com;2010-02-04
1024;Hildegaard;Percy;Hildegaard.Percy@yopmail.com;1915-11-01
1025;Janeczka;Woodberry;Janeczka.Woodberry@yopmail.com;2015-05-16
1026;Miquela;Berard;Miquela.Berard@yopmail.com;1919-10-23
1027;Glynnis;Trace;Glynnis.Trace@yopmail.com;1989-10-15
1028;Mathilda;Publia;Mathilda.Publia@yopmail.com;1957-04-10
1029;Brietta;Nadia;Brietta.Nadia@yopmail.com;2004-03-01
1030;Katuscha;Felecia;Katuscha.Felecia@yopmail.com;1966-10-09
1031;Pollyanna;Candy;Pollyanna.Candy@yopmail.com;2007-07-06
1032;Starla;Hessler;Starla.Hessler@yopmail.com;1981-11-29
1033;Fidelia;Baptlsta;Fidelia.Baptlsta@yopmail.com;1908-09-16
1034;Alyda;Eachern;Alyda.Eachern@yopmail.com;1905-06-24
1035;Nita;Philipp;Nita.Philipp@yopmail.com;1993-09-03
1036;Dode;Stover;Dode.Stover@yopmail.com;1964-01-27
1037;Edith;Lacombe;Edith.Lacombe@yopmail.com;1947-08-12
1038;Lauryn;Oster;Lauryn.Oster@yopmail.com;1967-09-21
1039;Ofilia;Oscar;Ofilia.Oscar@yopmail.com;1960-07-29
1040;Sissy;Philoo;Sissy.Philoo@yopmail.com;1966-04-05
1041;Zia;Ochs;Zia.Ochs@yopmail.com;2009-04-30
1042;Wileen;Charity;Wileen.Charity@yopmail.com;1939-08-25
1043;Brynna;Romelda;Brynna.Romelda@yopmail.com;1954-09-12
1044;Louella;Edison;Louella.Edison@yopmail.com;1913-10-23
1045;Pierette;Whittaker;Pierette.Whittaker@yopmail.com;1991-05-19
1046;Cordi;Pitt;Cordi.Pitt@yopmail.com;1930-01-15
1047;Dione;Etom;Dione.Etom@yopmail.com;2002-01-14
1048;Blinni;Faro;Blinni.Faro@yopmail.com;1908-02-28
1049;Carolina;Cutlerr;Carolina.Cutlerr@yopmail.com;2008-02-11
1050;Starla;Kylander;Starla.Kylander@yopmail.com;1948-12-22
1051;Paulita;Dom;Paulita.Dom@yopmail.com;1980-11-14
1052;Belva;Pip;Belva.Pip@yopmail.com;1992-08-03
1053;Glenda;McClimans;Glenda.McClimans@yopmail.com;2011-08-06
1054;Jenilee;Krystle;Jenilee.Krystle@yopmail.com;1907-05-18
1055;Rubie;Luhe;Rubie.Luhe@yopmail.com;1930-04-29
1056;Dorthy;Jaylene;Dorthy.Jaylene@yopmail.com;1910-01-15
1057;Melanie;Terencio;Melanie.Terencio@yopmail.com;2009-03-02
1058;Angelique;Silvan;Angelique.Silvan@yopmail.com;1931-11-23
1059;Jacenta;Stav;Jacenta.Stav@yopmail.com;1908-05-04
1060;Kamilah;Kannry;Kamilah.Kannry@yopmail.com;1991-02-07
1061;Belinda;Argus;Belinda.Argus@yopmail.com;2005-07-09
1062;Tami;Ivens;Tami.Ivens@yopmail.com;2017-11-04
1063;Raf;Hathaway;Raf.Hathaway@yopmail.com;1904-05-04
1064;Miquela;Wallis;Miquela.Wallis@yopmail.com;2011-10-25
1065;Kirstin;Alva;Kirstin.Alva@yopmail.com;1951-11-08
1066;Ilse;Wooster;Ilse.Wooster@yopmail.com;1907-06-09
1067;Damaris;Rogerio;Damaris.Rogerio@yopmail.com;1977-09-21
1068;Amalie;Rooney;Amalie.Rooney@yopmail.com;1978-06-12
1069;Albertina;Sandye;Albertina.Sandye@yopmail.com;2012-09-08
1070;Lynea;Anastatius;Lynea.Anastatius@yopmail.com;1926-08-14
1071;Lory;Bari;Lory.Bari@yopmail.com;1988-09-09
1072;Renie;Goode;Renie.Goode@yopmail.com;1970-07-25
1073;Tera;Magdalen;Tera.Magdalen@yopmail.com;1936-07-01
1074;Cassondra;Lane;Cassondra.Lane@yopmail.com;1903-07-06
1075;Jenilee;Romelda;Jenilee.Romelda@yopmail.com;1966-11-01
1076;Adore;Ezar;Adore.Ezar@yopmail.com;1965-05-13
1077;Calla;Couture;Calla.Couture@yopmail.com;1972-11-14
1078;Perry;Shanley;Perry.Shanley@yopmail.com;1940-05-26
1079;Abbie;Valerio;Abbie.Valerio@yopmail.com;1999-02-10
1080;Leeanne;Socha;Leeanne.Socha@yopmail.com;1930-03-30
1081;Lita;Halla;Lita.Halla@yopmail.com;1984-06-06
1082;Angelique;Quinn;Angelique.Quinn@yopmail.com;1963-12-08
1083;Cyndie;Anis;Cyndie.Anis@yopmail.com;1900-09-19
1084;Emma;Corrine;Emma.Corrine@yopmail.com;1947-11-29
1085;Chrystel;Konyn;Chrystel.Konyn@yopmail.com;1970-03-25
1086;Edyth;Krystle;Edyth.Krystle@yopmail.com;1913-04-02
1087;Chandra;Love;Chandra.Love@yopmail.com;1927-08-06
1088;Wynne;Manolo;Wynne.Manolo@yopmail.com;2003-01-12
1089;Elvira;Payson;Elvira.Payson@yopmail.com;1924-01-18
1090;Winifred;Rolf;Winifred.Rolf@yopmail.com;1907-06-26
1091;Norine;Nikaniki;Norine.Nikaniki@yopmail.com;1934-05-18
1092;Xylina;Muriel;Xylina.Muriel@yopmail.com;1924-11-11
1093;Aimil;Japeth;Aimil.Japeth@yopmail.com;1967-09-28
1094;Barbara;Bach;Barbara.Bach@yopmail.com;1930-02-23
1095;Jordan;Bearnard;Jordan.Bearnard@yopmail.com;1994-10-19
1096;Deedee;Philoo;Deedee.Philoo@yopmail.com;1977-09-08
1097;Malina;Tippets;Malina.Tippets@yopmail.com;1949-06-18
1098;Mariann;Velick;Mariann.Velick@yopmail.com;1920-02-16
1099;Evita;Alarise;Evita.Alarise@yopmail.com;1915-07-18
1100;Elora;Jethro;Elora.Jethro@yopmail.com;2016-04-28
1101;Miquela;Kermit;Miquela.Kermit@yopmail.com;1942-09-18
1102;Daryl;Jena;Daryl.Jena@yopmail.com;1970-11-25
1103;Tami;Valoniah;Tami.Valoniah@yopmail.com;1956-01-17
1104;Constance;Masao;Constance.Masao@yopmail.com;2005-10-11
1105;Clementine;Dermott;Clementine.Dermott@yopmail.com;1945-10-14
1106;Stacey;Schroth;Stacey.Schroth@yopmail.com;1984-12-13
1107;Chere;Cecile;Chere.Cecile@yopmail.com;1978-12-08
1108;Carmencita;Kare;Carmencita.Kare@yopmail.com;1976-03-04
1109;Jean;Vacuva;Jean.Vacuva@yopmail.com;1945-10-15
1110;Tracey;Sundin;Tracey.Sundin@yopmail.com;1902-05-18
1111;Wilma;Kalinda;Wilma.Kalinda@yopmail.com;1994-07-26
1112;Damaris;Simmonds;Damaris.Simmonds@yopmail.com;1928-06-16
1113;Nananne;Zitvaa;Nananne.Zitvaa@yopmail.com;2008-09-14
1114;Diena;Oscar;Diena.Oscar@yopmail.com;1975-01-14
1115;Maisey;Genna;Maisey.Genna@yopmail.com;2018-07-06
1116;Vita;Parsaye;Vita.Parsaye@yopmail.com;1917-06-04
1117;Queenie;Miru;Queenie.Miru@yopmail.com;1987-05-27
1118;Helena;Uund;Helena.Uund@yopmail.com;1918-05-28
1119;Gavrielle;Tamsky;Gavrielle.Tamsky@yopmail.com;1979-11-20
1120;Julieta;Hubert;Julieta.Hubert@yopmail.com;1918-08-22
1121;Florie;Sigfrid;Florie.Sigfrid@yopmail.com;2004-06-22
1122;Orsola;Dalli;Orsola.Dalli@yopmail.com;1913-09-02
1123;Chrystel;Etom;Chrystel.Etom@yopmail.com;1996-07-07
1124;Sheelagh;Ietta;Sheelagh.Ietta@yopmail.com;1920-03-10
1125;Rozele;Percy;Rozele.Percy@yopmail.com;1964-10-03
1126;Jorry;Callista;Jorry.Callista@yopmail.com;1914-11-15
1127;Amara;Rillings;Amara.Rillings@yopmail.com;2013-03-22
1128;Feliza;Wind;Feliza.Wind@yopmail.com;1939-05-22
1129;Alleen;MacIntosh;Alleen.MacIntosh@yopmail.com;1952-04-06
1130;Evita;Kalinda;Evita.Kalinda@yopmail.com;1981-05-12
1131;Fawne;Burch;Fawne.Burch@yopmail.com;1919-02-15
1132;Addia;Sparhawk;Addia.Sparhawk@yopmail.com;1906-01-08
1133;Liana;Seligman;Liana.Seligman@yopmail.com;1923-07-16
1134;Halette;Elo;Halette.Elo@yopmail.com;1924-01-14
1135;Kerrin;Ophelia;Kerrin.Ophelia@yopmail.com;1904-06-17
1136;Dulcinea;Jarib;Dulcinea.Jarib@yopmail.com;1957-01-05
1137;Heida;August;Heida.August@yopmail.com;1925-03-27
1138;Carlie;Keelia;Carlie.Keelia@yopmail.com;2008-05-06
1139;Shaine;Terrence;Shaine.Terrence@yopmail.com;1905-04-05
1140;Oona;Macey;Oona.Macey@yopmail.com;1909-09-13
1141;Frank;Artie;Frank.Artie@yopmail.com;1986-10-16
1142;Mariann;Dosia;Mariann.Dosia@yopmail.com;2001-06-29
1143;Jessamyn;Taima;Jessamyn.Taima@yopmail.com;1930-12-23
1144;Jemie;Bigner;Jemie.Bigner@yopmail.com;1976-12-20
1145;Adelle;Deny;Adelle.Deny@yopmail.com;1944-01-03
1146;Rosaline;Fennessy;Rosaline.Fennessy@yopmail.com;1936-07-10
1147;Kittie;Madox;Kittie.Madox@yopmail.com;1926-06-12
1148;Agnese;Velick;Agnese.Velick@yopmail.com;1992-10-28
1149;Halette;Olnee;Halette.Olnee@yopmail.com;2009-08-20
1150;Anthia;Hunfredo;Anthia.Hunfredo@yopmail.com;1997-09-23
1151;Tobe;Carey;Tobe.Carey@yopmail.com;2016-08-26
1152;Dotty;Edvard;Dotty.Edvard@yopmail.com;1926-07-07
1153;Allis;Vins;Allis.Vins@yopmail.com;1932-04-23
1154;Celene;Frodi;Celene.Frodi@yopmail.com;1900-07-27
1155;Belinda;Campball;Belinda.Campball@yopmail.com;2011-03-18
1156;Carol-Jean;Woodberry;Carol-Jean.Woodberry@yopmail.com;2000-12-10
1157;Jere;Dalli;Jere.Dalli@yopmail.com;1980-12-06
1158;Caritta;Cressida;Caritta.Cressida@yopmail.com;1916-08-31
1159;Jaclyn;Lissi;Jaclyn.Lissi@yopmail.com;1954-08-05
1160;Sibella;Kathie;Sibella.Kathie@yopmail.com;1965-12-20
1161;Merrie;Hilbert;Merrie.Hilbert@yopmail.com;2005-09-26
1162;Danika;Jacinda;Danika.Jacinda@yopmail.com;1913-01-26
1163;Fanny;Emmy;Fanny.Emmy@yopmail.com;1958-06-14
1164;Gusella;Kellby;Gusella.Kellby@yopmail.com;1962-04-01
1165;Belva;Agle;Belva.Agle@yopmail.com;1912-05-16
1166;Hannis;Gahl;Hannis.Gahl@yopmail.com;1996-07-28
1167;Deane;Naashom;Deane.Naashom@yopmail.com;1974-03-24
1168;Marcy;Hull;Marcy.Hull@yopmail.com;2001-05-08
1169;Esmeralda;Kimmie;Esmeralda.Kimmie@yopmail.com;1920-09-26
1170;Sandie;Narton;Sandie.Narton@yopmail.com;1955-01-04
1171;Philis;Ellerey;Philis.Ellerey@yopmail.com;2000-06-20
1172;Sam;Salvidor;Sam.Salvidor@yopmail.com;1973-06-01
1173;Cathie;Chesna;Cathie.Chesna@yopmail.com;1977-12-24
1174;Caritta;Velick;Caritta.Velick@yopmail.com;1958-02-25
1175;Carlie;Gale;Carlie.Gale@yopmail.com;1972-01-19
1176;Chere;Elephus;Chere.Elephus@yopmail.com;1980-07-30
1177;Oralee;Pacorro;Oralee.Pacorro@yopmail.com;1959-03-04
1178;Caryl;Halla;Caryl.Halla@yopmail.com;1900-12-25
1179;Sharlene;Erminia;Sharlene.Erminia@yopmail.com;1912-11-18
1180;Dorothy;Fiester;Dorothy.Fiester@yopmail.com;1935-06-26
1181;Betta;Delila;Betta.Delila@yopmail.com;1938-03-22
1182;Gertrud;Ciapas;Gertrud.Ciapas@yopmail.com;1929-02-25
1183;Dorothy;Montgomery;Dorothy.Montgomery@yopmail.com;1948-01-12
1184;Leeanne;Dreda;Leeanne.Dreda@yopmail.com;1922-01-27
1185;Letizia;Aprile;Letizia.Aprile@yopmail.com;1919-03-30
1186;Dulce;Virgin;Dulce.Virgin@yopmail.com;1949-11-05
1187;Blake;Shuler;Blake.Shuler@yopmail.com;1911-07-31
1188;Collen;Clie;Collen.Clie@yopmail.com;1931-04-12
1189;Zaria;Jorgan;Zaria.Jorgan@yopmail.com;1962-06-25
1190;Rosaline;Dahlia;Rosaline.Dahlia@yopmail.com;1903-03-23
1191;Cordi;Amand;Cordi.Amand@yopmail.com;1911-01-01
1192;Elfreda;Karl;Elfreda.Karl@yopmail.com;1944-11-24
1193;Ilse;Croix;Ilse.Croix@yopmail.com;1930-03-09
1194;Georgetta;Allys;Georgetta.Allys@yopmail.com;1979-04-08
1195;Konstance;Lattie;Konstance.Lattie@yopmail.com;1968-07-03
1196;Selma;Burnside;Selma.Burnside@yopmail.com;2007-10-15
1197;Edee;LaRue;Edee.LaRue@yopmail.com;2012-05-27
1198;Vere;Kendrick;Vere.Kendrick@yopmail.com;1932-05-15
1199;Sashenka;Voletta;Sashenka.Voletta@yopmail.com;1926-08-08
1200;Lexine;Cutlerr;Lexine.Cutlerr@yopmail.com;1958-12-27
1201;Vonny;Azeria;Vonny.Azeria@yopmail.com;1993-07-12
1202;Lorenza;Kaete;Lorenza.Kaete@yopmail.com;1964-06-17
1203;Britni;Dorcy;Britni.Dorcy@yopmail.com;1993-11-02
1204;Tilly;Zaslow;Tilly.Zaslow@yopmail.com;1919-05-11
1205;Ulrike;Clarissa;Ulrike.Clarissa@yopmail.com;2010-03-17
1206;Ellette;Bendick;Ellette.Bendick@yopmail.com;1967-05-08
1207;Elyssa;Merriott;Elyssa.Merriott@yopmail.com;2006-09-25
1208;Ricky;Ade;Ricky.Ade@yopmail.com;1933-05-31
1209;June;Trace;June.Trace@yopmail.com;1968-08-29
1210;Angela;Luhe;Angela.Luhe@yopmail.com;1963-06-30
1211;Tami;Saree;Tami.Saree@yopmail.com;1939-10-26
1212;Alex;Delp;Alex.Delp@yopmail.com;2011-09-30
1213;Agathe;Baylor;Agathe.Baylor@yopmail.com;1978-12-10
1214;Kelly;Whittaker;Kelly.Whittaker@yopmail.com;1941-09-30
1215;Giustina;Allina;Giustina.Allina@yopmail.com;2012-01-14
1216;Elfreda;Regan;Elfreda.Regan@yopmail.com;1917-07-31
1217;Antonietta;Stover;Antonietta.Stover@yopmail.com;1915-10-25
1218;Leanna;Malanie;Leanna.Malanie@yopmail.com;1948-10-08
1219;Myriam;Adalbert;Myriam.Adalbert@yopmail.com;1953-05-09
1220;Mariann;Seumas;Mariann.Seumas@yopmail.com;2016-10-04
1221;Averyl;Georas;Averyl.Georas@yopmail.com;1943-09-19
1222;Jasmina;Sallyann;Jasmina.Sallyann@yopmail.com;1976-10-03
1223;Dione;Stacy;Dione.Stacy@yopmail.com;1945-05-13
1224;Gloria;Ortrude;Gloria.Ortrude@yopmail.com;1939-11-22
1225;Ruthe;Quent;Ruthe.Quent@yopmail.com;1909-03-28
1226;Clo;Kolnick;Clo.Kolnick@yopmail.com;1991-08-30
1227;Blinni;Brian;Blinni.Brian@yopmail.com;1933-06-16
1228;Judy;Bari;Judy.Bari@yopmail.com;1937-10-19
1229;Jenilee;Gower;Jenilee.Gower@yopmail.com;1976-03-26
1230;Nariko;Annabella;Nariko.Annabella@yopmail.com;1921-06-06
1231;Sue;Jotham;Sue.Jotham@yopmail.com;1939-08-27
1232;Kellen;Ambrosia;Kellen.Ambrosia@yopmail.com;1987-05-09
1233;Natka;Mullane;Natka.Mullane@yopmail.com;1983-02-21
1234;Frank;Eliathas;Frank.Eliathas@yopmail.com;1934-03-14
1235;Gale;Tound;Gale.Tound@yopmail.com;1989-11-30
1236;Elmira;Adlare;Elmira.Adlare@yopmail.com;1968-06-24
1237;Lorie;Seumas;Lorie.Seumas@yopmail.com;1945-06-25
1238;Yetty;Craggie;Yetty.Craggie@yopmail.com;1912-01-06
1239;Jolyn;Sancho;Jolyn.Sancho@yopmail.com;1930-05-21
1240;Paule;Lacombe;Paule.Lacombe@yopmail.com;1936-11-09
1241;Gusella;Even;Gusella.Even@yopmail.com;1954-06-30
1242;Regina;Rugen;Regina.Rugen@yopmail.com;1993-07-19
1243;Eolanda;Leonard;Eolanda.Leonard@yopmail.com;2006-02-26
1244;Goldie;Loring;Goldie.Loring@yopmail.com;1985-08-22
1245;Rhea;Syd;Rhea.Syd@yopmail.com;1978-12-21
1246;Lily;Infield;Lily.Infield@yopmail.com;1903-05-18
1247;Tina;Kimmie;Tina.Kimmie@yopmail.com;1935-03-27
1248;Max;Crudden;Max.Crudden@yopmail.com;2014-11-11
1249;Roz;Pauly;Roz.Pauly@yopmail.com;1967-03-26
1250;Fawne;Seligman;Fawne.Seligman@yopmail.com;1948-06-11
1251;Alleen;Radu;Alleen.Radu@yopmail.com;1959-12-10
1252;Robinia;Esmaria;Robinia.Esmaria@yopmail.com;2006-12-11
1253;Aubrie;Rosemary;Aubrie.Rosemary@yopmail.com;1955-10-14
1254;Devina;Rurik;Devina.Rurik@yopmail.com;1945-07-07
1255;Ericka;Tayib;Ericka.Tayib@yopmail.com;2002-06-12
1256;Paulita;Nedrud;Paulita.Nedrud@yopmail.com;1914-08-18
1257;Beverley;Harriman;Beverley.Harriman@yopmail.com;1910-02-08
1258;Isa;Love;Isa.Love@yopmail.com;2017-12-18
1259;Elmira;Bord;Elmira.Bord@yopmail.com;1950-12-04
1260;Tressa;Cavan;Tressa.Cavan@yopmail.com;2005-09-23
1261;Olwen;Edee;Olwen.Edee@yopmail.com;1982-10-08
1262;Consuela;Septima;Consuela.Septima@yopmail.com;1996-10-30
1263;Roxane;Merat;Roxane.Merat@yopmail.com;1933-12-17
1264;Augustine;Erskine;Augustine.Erskine@yopmail.com;1922-01-23
1265;Lacie;MacIntosh;Lacie.MacIntosh@yopmail.com;2005-09-13
1266;Lynde;Tristram;Lynde.Tristram@yopmail.com;1903-06-10
1267;Rosaline;Felecia;Rosaline.Felecia@yopmail.com;1942-05-09
1268;Jasmina;Durante;Jasmina.Durante@yopmail.com;1980-01-11
1269;Rori;Hourigan;Rori.Hourigan@yopmail.com;2011-02-11
1270;Daryl;Beniamino;Daryl.Beniamino@yopmail.com;1901-09-18
1271;Suzette;Irmine;Suzette.Irmine@yopmail.com;1940-02-06
1272;Margalo;Bow;Margalo.Bow@yopmail.com;1975-08-13
1273;Tani;Johanna;Tani.Johanna@yopmail.com;1920-10-10
1274;Hannis;Belanger;Hannis.Belanger@yopmail.com;1981-08-01
1275;Consuela;Kare;Consuela.Kare@yopmail.com;1947-01-05
1276;Cecile;Izaak;Cecile.Izaak@yopmail.com;1902-12-25
1277;Jere;Middleton;Jere.Middleton@yopmail.com;1931-01-31
1278;Celestyna;Si;Celestyna.Si@yopmail.com;1916-08-31
1279;Roberta;Ledah;Roberta.Ledah@yopmail.com;1929-12-27
1280;Sara-Ann;Emanuel;Sara-Ann.Emanuel@yopmail.com;1955-12-12
1281;Gianina;Avi;Gianina.Avi@yopmail.com;1901-02-03
1282;Ruthe;Carleen;Ruthe.Carleen@yopmail.com;1997-07-22
1283;Eugine;Tannie;Eugine.Tannie@yopmail.com;2008-04-27
1284;Alisha;Libna;Alisha.Libna@yopmail.com;1960-10-26
1285;Marita;Stanwood;Marita.Stanwood@yopmail.com;2008-03-14
1286;Rosabelle;Ader;Rosabelle.Ader@yopmail.com;1968-09-19
1287;Tani;Hoban;Tani.Hoban@yopmail.com;1954-04-27
1288;Cherrita;Infield;Cherrita.Infield@yopmail.com;2007-08-20
1289;Laure;Maribeth;Laure.Maribeth@yopmail.com;1994-02-12
1290;Nataline;Mike;Nataline.Mike@yopmail.com;2017-03-15
1291;Olwen;Ader;Olwen.Ader@yopmail.com;2014-06-27
1292;Stevana;Vernier;Stevana.Vernier@yopmail.com;1900-05-03
1293;Hildegaard;Stover;Hildegaard.Stover@yopmail.com;2009-05-11
1294;Deirdre;Bashemeth;Deirdre.Bashemeth@yopmail.com;1939-06-03
1295;Lorenza;Whittaker;Lorenza.Whittaker@yopmail.com;1922-03-02
1296;Letizia;Penelopa;Letizia.Penelopa@yopmail.com;1905-02-16
1297;Berget;Mayeda;Berget.Mayeda@yopmail.com;1921-01-03
1298;Siana;Colyer;Siana.Colyer@yopmail.com;1977-07-14
1299;Lorie;Dosia;Lorie.Dosia@yopmail.com;1905-03-26
1300;Marguerite;Fairweather;Marguerite.Fairweather@yopmail.com;1944-05-26
1301;Ricky;Tybald;Ricky.Tybald@yopmail.com;1922-09-23
1302;Phedra;Florina;Phedra.Florina@yopmail.com;1964-06-16
1303;Cecile;Thad;Cecile.Thad@yopmail.com;1937-02-24
1304;Odessa;Kristi;Odessa.Kristi@yopmail.com;2015-08-07
1305;Ermengarde;Bendick;Ermengarde.Bendick@yopmail.com;1955-11-14
1306;Gerrie;Schroth;Gerrie.Schroth@yopmail.com;2007-11-14
1307;Georgina;Gaspard;Georgina.Gaspard@yopmail.com;1915-05-12
1308;Sadie;Geffner;Sadie.Geffner@yopmail.com;1981-06-21
1309;Belva;Ailyn;Belva.Ailyn@yopmail.com;2019-02-08
1310;Ashlee;Garbe;Ashlee.Garbe@yopmail.com;1933-04-01
1311;Lorie;Merat;Lorie.Merat@yopmail.com;2010-10-30
1312;Aaren;Truc;Aaren.Truc@yopmail.com;2001-02-22
1313;Karena;Chandler;Karena.Chandler@yopmail.com;1996-05-08
1314;Danny;Land;Danny.Land@yopmail.com;1948-08-28
1315;Kimberley;Erlandson;Kimberley.Erlandson@yopmail.com;1906-07-04
1316;Halette;Berriman;Halette.Berriman@yopmail.com;1967-10-12
1317;Brynna;Callista;Brynna.Callista@yopmail.com;1968-01-04
1318;Sallie;Bearnard;Sallie.Bearnard@yopmail.com;1910-09-30
1319;Jan;Ahab;Jan.Ahab@yopmail.com;1999-07-28
1320;Lonnie;Stuart;Lonnie.Stuart@yopmail.com;2015-04-27
1321;Christian;Latini;Christian.Latini@yopmail.com;1946-02-17
1322;Aaren;Redmond;Aaren.Redmond@yopmail.com;1995-05-23
1323;Nessie;Alcott;Nessie.Alcott@yopmail.com;1995-05-10
1324;Gretal;Hermes;Gretal.Hermes@yopmail.com;1900-07-09
1325;Jaime;Emanuel;Jaime.Emanuel@yopmail.com;1935-08-23
1326;Oona;Salchunas;Oona.Salchunas@yopmail.com;1952-11-23
1327;Agathe;Breed;Agathe.Breed@yopmail.com;1989-02-03
1328;Dorice;Dorcy;Dorice.Dorcy@yopmail.com;1904-06-29
1329;Merrie;Riva;Merrie.Riva@yopmail.com;1988-01-16
1330;Almeta;Duwalt;Almeta.Duwalt@yopmail.com;1992-12-23
1331;Karly;Meli;Karly.Meli@yopmail.com;1999-01-19
1332;Clo;Amasa;Clo.Amasa@yopmail.com;1962-08-28
1333;Dominga;Lewes;Dominga.Lewes@yopmail.com;2018-03-28
1334;Corry;Posner;Corry.Posner@yopmail.com;1986-09-15
1335;Hope;Schroth;Hope.Schroth@yopmail.com;1942-11-20
1336;Melina;Holtz;Melina.Holtz@yopmail.com;1924-12-29
1337;Deedee;Devlen;Deedee.Devlen@yopmail.com;1935-04-06
1338;Lilith;Ackerley;Lilith.Ackerley@yopmail.com;1920-11-06
1339;Kathy;Cassius;Kathy.Cassius@yopmail.com;1901-11-23
1340;Veda;Scammon;Veda.Scammon@yopmail.com;1931-03-31
1341;Bee;Konyn;Bee.Konyn@yopmail.com;1926-12-03
1342;Gratia;Malina;Gratia.Malina@yopmail.com;1932-01-17
1343;Blake;Kunin;Blake.Kunin@yopmail.com;1988-12-05
1344;Nelle;Poppy;Nelle.Poppy@yopmail.com;1929-01-10
1345;Linzy;Bates;Linzy.Bates@yopmail.com;1931-02-20
1346;Tori;Sasnett;Tori.Sasnett@yopmail.com;1971-04-27
1347;Chrystel;Stefa;Chrystel.Stefa@yopmail.com;1941-01-10
1348;Kristan;Parette;Kristan.Parette@yopmail.com;1945-05-02
1349;Chloris;Berriman;Chloris.Berriman@yopmail.com;1910-08-11
1350;Dominga;Wyn;Dominga.Wyn@yopmail.com;1943-11-16
1351;Livvyy;Grayce;Livvyy.Grayce@yopmail.com;1972-10-28
1352;Carol-Jean;Hathaway;Carol-Jean.Hathaway@yopmail.com;1933-08-22
1353;Nannie;Fairweather;Nannie.Fairweather@yopmail.com;1950-02-15
1354;Leontine;Docilla;Leontine.Docilla@yopmail.com;1945-08-07
1355;Rayna;Salvidor;Rayna.Salvidor@yopmail.com;1906-02-13
1356;Joleen;Sharl;Joleen.Sharl@yopmail.com;1969-12-19
1357;Barbi;Kolnick;Barbi.Kolnick@yopmail.com;1939-05-27
1358;Imojean;Kress;Imojean.Kress@yopmail.com;1981-11-14
1359;Kelly;Newell;Kelly.Newell@yopmail.com;1955-03-28
1360;Ruthe;Ackerley;Ruthe.Ackerley@yopmail.com;1982-11-28
1361;Damaris;Goldina;Damaris.Goldina@yopmail.com;1919-11-14
1362;Sarette;Juan;Sarette.Juan@yopmail.com;1954-12-30
1363;Collen;Shama;Collen.Shama@yopmail.com;1919-07-18
1364;Lynde;Plato;Lynde.Plato@yopmail.com;1938-05-29
1365;Lilith;Tayib;Lilith.Tayib@yopmail.com;1919-01-06
1366;Jinny;Elephus;Jinny.Elephus@yopmail.com;2018-03-03
1367;Sadie;Pozzy;Sadie.Pozzy@yopmail.com;1941-08-15
1368;Binny;Kermit;Binny.Kermit@yopmail.com;1924-02-28
1369;Millie;Minetta;Millie.Minetta@yopmail.com;1911-10-31
1370;Alexine;Andrel;Alexine.Andrel@yopmail.com;1980-04-24
1371;Carol-Jean;Papageno;Carol-Jean.Papageno@yopmail.com;1962-11-15
1372;Caressa;Oster;Caressa.Oster@yopmail.com;1940-03-30
1373;Celestyna;Nisbet;Celestyna.Nisbet@yopmail.com;1910-03-12
1374;Tobe;Montgomery;Tobe.Montgomery@yopmail.com;1978-02-15
1375;Priscilla;Tomasina;Priscilla.Tomasina@yopmail.com;1964-07-27
1376;Nita;Margarete;Nita.Margarete@yopmail.com;1911-12-30
1377;Camile;Helve;Camile.Helve@yopmail.com;1948-03-26
1378;Edith;Maurine;Edith.Maurine@yopmail.com;1903-04-01
1379;Loree;Ader;Loree.Ader@yopmail.com;1959-10-16
1380;Sabina;Fulmer;Sabina.Fulmer@yopmail.com;1994-07-09
1381;Magdalena;Marcellus;Magdalena.Marcellus@yopmail.com;1942-10-07
1382;Sheelagh;Noam;Sheelagh.Noam@yopmail.com;1989-08-27
1383;Lilith;Borrell;Lilith.Borrell@yopmail.com;1908-04-10
1384;Annabela;Lorenz;Annabela.Lorenz@yopmail.com;1996-02-09
1385;Wilma;Louanna;Wilma.Louanna@yopmail.com;1952-03-07
1386;Krystle;Mozelle;Krystle.Mozelle@yopmail.com;1934-11-19
1387;Augustine;Kristi;Augustine.Kristi@yopmail.com;1989-07-21
1388;Cristine;Strephon;Cristine.Strephon@yopmail.com;1957-01-02
1389;Chandra;Lorenz;Chandra.Lorenz@yopmail.com;1921-03-28
1390;Valeda;Carri;Valeda.Carri@yopmail.com;1920-07-10
1391;Silvana;Raama;Silvana.Raama@yopmail.com;1952-07-03
1392;Hallie;Cassius;Hallie.Cassius@yopmail.com;2014-11-23
1393;Clementine;Heidt;Clementine.Heidt@yopmail.com;1932-01-19
1394;Blake;Donoghue;Blake.Donoghue@yopmail.com;1975-01-01
1395;Coral;Dom;Coral.Dom@yopmail.com;1976-09-23
1396;Dorice;Amadas;Dorice.Amadas@yopmail.com;1903-12-02
1397;Nananne;Hessler;Nananne.Hessler@yopmail.com;1933-07-01
1398;Kristina;Moina;Kristina.Moina@yopmail.com;1988-06-05
1399;Barbi;Macey;Barbi.Macey@yopmail.com;1978-01-06
1400;Dennie;Girardo;Dennie.Girardo@yopmail.com;1906-02-22
1401;Glynnis;Kenney;Glynnis.Kenney@yopmail.com;1987-10-25
1402;Abbie;Adore;Abbie.Adore@yopmail.com;2017-09-17
1403;Mireielle;Briney;Mireielle.Briney@yopmail.com;1947-08-04
1404;Cassandra;Rad;Cassandra.Rad@yopmail.com;1928-06-18
1405;Cyb;Melan;Cyb.Melan@yopmail.com;1937-09-20
1406;Sherrie;Geffner;Sherrie.Geffner@yopmail.com;1927-10-11
1407;Mireielle;Felizio;Mireielle.Felizio@yopmail.com;1918-04-11
1408;Amalie;Schalles;Amalie.Schalles@yopmail.com;1978-09-01
1409;Minne;Luhe;Minne.Luhe@yopmail.com;1952-07-09
1410;Monika;Darbie;Monika.Darbie@yopmail.com;1959-08-08
1411;Correy;Joseph;Correy.Joseph@yopmail.com;1978-01-14
1412;Brianna;Jarib;Brianna.Jarib@yopmail.com;1920-01-07
1413;Elie;Elbertina;Elie.Elbertina@yopmail.com;1941-02-20
1414;Miquela;Oscar;Miquela.Oscar@yopmail.com;2002-11-18
1415;Alyda;Iiette;Alyda.Iiette@yopmail.com;1902-05-09
1416;Arlina;Cleavland;Arlina.Cleavland@yopmail.com;1982-06-14
1417;Janeczka;Carvey;Janeczka.Carvey@yopmail.com;1952-04-11
1418;Theodora;Stilwell;Theodora.Stilwell@yopmail.com;1944-12-03
1419;Sue;Damarra;Sue.Damarra@yopmail.com;2012-10-26
1420;Dorice;Dominy;Dorice.Dominy@yopmail.com;1963-08-31
1421;Petronia;Malvino;Petronia.Malvino@yopmail.com;1908-07-29
1422;Mariann;Urania;Mariann.Urania@yopmail.com;1918-09-13
1423;Suzette;Kalinda;Suzette.Kalinda@yopmail.com;1948-09-29
1424;Alex;Gilbertson;Alex.Gilbertson@yopmail.com;1918-08-17
1425;Leeanne;Edee;Leeanne.Edee@yopmail.com;1958-12-27
1426;Collen;Berard;Collen.Berard@yopmail.com;1922-02-13
1427;Gerrie;Donoghue;Gerrie.Donoghue@yopmail.com;1982-03-30
1428;Shauna;Joli;Shauna.Joli@yopmail.com;1946-02-01
1429;Georgetta;Wind;Georgetta.Wind@yopmail.com;2019-02-27
1430;Binny;Caitlin;Binny.Caitlin@yopmail.com;1995-08-07
1431;Dulce;Birdella;Dulce.Birdella@yopmail.com;1944-10-13
1432;Rhea;Adore;Rhea.Adore@yopmail.com;1998-09-11
1433;Sophia;McAdams;Sophia.McAdams@yopmail.com;2019-10-06
1434;Marita;Ackerley;Marita.Ackerley@yopmail.com;1915-02-05
1435;Clo;Linehan;Clo.Linehan@yopmail.com;1983-08-29
1436;Jennica;Iphlgenia;Jennica.Iphlgenia@yopmail.com;1953-03-12
1437;Correy;Neva;Correy.Neva@yopmail.com;1936-07-24
1438;Bernie;Gavrila;Bernie.Gavrila@yopmail.com;1901-05-26
1439;Flo;Clie;Flo.Clie@yopmail.com;1958-11-29
1440;Mady;Pierette;Mady.Pierette@yopmail.com;1930-10-09
1441;Lila;Cherianne;Lila.Cherianne@yopmail.com;1937-02-06
1442;Cassandra;Lareena;Cassandra.Lareena@yopmail.com;1906-02-09
1443;Aaren;Cordi;Aaren.Cordi@yopmail.com;1910-06-30
1444;Mignon;Greyson;Mignon.Greyson@yopmail.com;1969-07-03
1445;Alexine;Melony;Alexine.Melony@yopmail.com;1975-09-01
1446;Audrie;Barney;Audrie.Barney@yopmail.com;2000-08-05
1447;Katuscha;Aaberg;Katuscha.Aaberg@yopmail.com;1986-10-08
1448;Annecorinne;Monaco;Annecorinne.Monaco@yopmail.com;1903-04-03
1449;Catrina;Adamsen;Catrina.Adamsen@yopmail.com;1954-12-04
1450;Linzy;Wildermuth;Linzy.Wildermuth@yopmail.com;1980-09-01
1451;Anestassia;Evangelia;Anestassia.Evangelia@yopmail.com;1908-11-05
1452;Harrietta;Martsen;Harrietta.Martsen@yopmail.com;1955-04-24
1453;Fina;Marisa;Fina.Marisa@yopmail.com;1912-03-17
1454;Eolanda;Uird;Eolanda.Uird@yopmail.com;1991-11-19
1455;Georgetta;Arquit;Georgetta.Arquit@yopmail.com;2010-02-05
1456;Clary;Ashely;Clary.Ashely@yopmail.com;1933-04-19
1457;Zaria;Mich;Zaria.Mich@yopmail.com;1962-03-30
1458;Tressa;Ephrem;Tressa.Ephrem@yopmail.com;1974-10-22
1459;Mireielle;Newell;Mireielle.Newell@yopmail.com;1977-06-08
1460;Dania;Weinreb;Dania.Weinreb@yopmail.com;1962-03-15
1461;Meg;Luhe;Meg.Luhe@yopmail.com;1992-02-23
1462;Elyssa;Linehan;Elyssa.Linehan@yopmail.com;1921-11-13
1463;Nannie;Tufts;Nannie.Tufts@yopmail.com;2009-12-19
1464;Peri;Leopold;Peri.Leopold@yopmail.com;2009-04-20
1465;Adelle;Shirberg;Adelle.Shirberg@yopmail.com;1943-04-21
1466;Nadine;Haerr;Nadine.Haerr@yopmail.com;1959-07-03
1467;Desirae;Cosenza;Desirae.Cosenza@yopmail.com;1960-04-19
1468;Carmela;Vanni;Carmela.Vanni@yopmail.com;1961-11-24
1469;Alleen;Tayib;Alleen.Tayib@yopmail.com;1993-07-08
1470;Carmela;Klemperer;Carmela.Klemperer@yopmail.com;2007-02-06
1471;Elfreda;Franza;Elfreda.Franza@yopmail.com;1999-04-30
1472;Corry;Niles;Corry.Niles@yopmail.com;1913-03-11
1473;Eve;Georas;Eve.Georas@yopmail.com;1935-07-11
1474;Andeee;Alisia;Andeee.Alisia@yopmail.com;1939-03-04
1475;Anestassia;Kaete;Anestassia.Kaete@yopmail.com;1937-10-31
1476;Kial;Bevin;Kial.Bevin@yopmail.com;1942-12-17
1477;Fanchon;Ajay;Fanchon.Ajay@yopmail.com;1981-08-10
1478;Ketti;Ricki;Ketti.Ricki@yopmail.com;1914-02-19
1479;Christy;Iaverne;Christy.Iaverne@yopmail.com;1996-01-22
1480;Kaja;Lanita;Kaja.Lanita@yopmail.com;1908-03-30
1481;Melodie;Corilla;Melodie.Corilla@yopmail.com;1979-10-17
1482;Heida;Ailyn;Heida.Ailyn@yopmail.com;1978-06-23
1483;Willetta;Chem;Willetta.Chem@yopmail.com;1917-01-21
1484;Siana;Gusella;Siana.Gusella@yopmail.com;1914-12-13
1485;Karolina;Ranjiv;Karolina.Ranjiv@yopmail.com;1998-02-21
1486;Felice;Braun;Felice.Braun@yopmail.com;1914-04-01
1487;Lorie;Iaverne;Lorie.Iaverne@yopmail.com;1908-09-27
1488;Gwyneth;Atonsah;Gwyneth.Atonsah@yopmail.com;1959-04-30
1489;Janis;Pascia;Janis.Pascia@yopmail.com;2013-01-06
1490;Lauryn;Hollingsworth;Lauryn.Hollingsworth@yopmail.com;1966-12-31
1491;Caryl;Carmena;Caryl.Carmena@yopmail.com;1931-06-12
1492;Lucille;Sabella;Lucille.Sabella@yopmail.com;1917-01-22
1493;Goldie;Tengdin;Goldie.Tengdin@yopmail.com;2014-09-03
1494;Ardeen;Orelee;Ardeen.Orelee@yopmail.com;1951-03-07
1495;Estell;Irmine;Estell.Irmine@yopmail.com;1994-02-14
1496;Gisela;Johnsson;Gisela.Johnsson@yopmail.com;1977-11-26
1497;Jemie;Azeria;Jemie.Azeria@yopmail.com;1926-03-09
1498;Alex;Cloris;Alex.Cloris@yopmail.com;2005-05-27
1499;Annora;Martguerita;Annora.Martguerita@yopmail.com;1977-12-23
1500;Meghann;Jary;Meghann.Jary@yopmail.com;1964-01-19
1501;Madelle;Gunn;Madelle.Gunn@yopmail.com;1955-07-25
1502;Sean;Hylan;Sean.Hylan@yopmail.com;1948-06-20
1503;Brandise;Shaddock;Brandise.Shaddock@yopmail.com;1936-02-08
1504;Agathe;Goerke;Agathe.Goerke@yopmail.com;1965-01-24
1505;Tressa;McClimans;Tressa.McClimans@yopmail.com;1901-12-07
1506;Joleen;Kelula;Joleen.Kelula@yopmail.com;1944-12-16
1507;Riannon;Schwejda;Riannon.Schwejda@yopmail.com;1972-07-29
1508;Netty;Tice;Netty.Tice@yopmail.com;1954-07-24
1509;Tabbatha;Franza;Tabbatha.Franza@yopmail.com;1927-05-10
1510;Celisse;Ilka;Celisse.Ilka@yopmail.com;1941-04-06
1511;Taffy;Bahr;Taffy.Bahr@yopmail.com;1934-04-16
1512;Dagmar;Evangelia;Dagmar.Evangelia@yopmail.com;2011-02-11
1513;Teddie;Adamsen;Teddie.Adamsen@yopmail.com;1950-06-09
1514;Priscilla;Devlen;Priscilla.Devlen@yopmail.com;1974-12-21
1515;Asia;Marcellus;Asia.Marcellus@yopmail.com;1924-09-20
1516;Robinia;Johanna;Robinia.Johanna@yopmail.com;1937-09-05
1517;Mahalia;Kunin;Mahalia.Kunin@yopmail.com;2012-03-09
1518;Ginnie;Faria;Ginnie.Faria@yopmail.com;2019-07-11
1519;Lesly;Kare;Lesly.Kare@yopmail.com;2013-06-23
1520;Dorothy;Oster;Dorothy.Oster@yopmail.com;1926-06-14
1521;Misha;Parette;Misha.Parette@yopmail.com;1991-03-17
1522;Chloris;Berriman;Chloris.Berriman@yopmail.com;1973-11-30
1523;Gabriellia;Johnsson;Gabriellia.Johnsson@yopmail.com;2009-05-06
1524;Merrie;Quinn;Merrie.Quinn@yopmail.com;1923-04-28
1525;Annabela;Riordan;Annabela.Riordan@yopmail.com;1988-09-16
1526;Peri;Wilona;Peri.Wilona@yopmail.com;1916-06-07
1527;Charmaine;Bates;Charmaine.Bates@yopmail.com;1967-04-29
1528;Olivette;Anyah;Olivette.Anyah@yopmail.com;1985-11-28
1529;Dorice;Milson;Dorice.Milson@yopmail.com;1933-08-12
1530;Chastity;Giff;Chastity.Giff@yopmail.com;1947-07-03
1531;Caryl;Wilkinson;Caryl.Wilkinson@yopmail.com;1955-09-12
1532;Meghann;Elisha;Meghann.Elisha@yopmail.com;1941-06-13
1533;Tori;Darrell;Tori.Darrell@yopmail.com;1997-09-16
1534;Mathilda;Ventre;Mathilda.Ventre@yopmail.com;1949-11-15
1535;Zondra;Rhu;Zondra.Rhu@yopmail.com;1910-11-12
1536;Dagmar;Abbot;Dagmar.Abbot@yopmail.com;1915-02-06
1537;Kassey;Khorma;Kassey.Khorma@yopmail.com;1905-10-12
1538;Margarette;Montgomery;Margarette.Montgomery@yopmail.com;1986-02-07
1539;Frances;Boycey;Frances.Boycey@yopmail.com;1935-05-29
1540;Larine;Terrence;Larine.Terrence@yopmail.com;1955-11-23
1541;Charlena;Fink;Charlena.Fink@yopmail.com;1949-03-30
1542;Desirae;Creamer;Desirae.Creamer@yopmail.com;1996-08-22
1543;Marjie;Jacinda;Marjie.Jacinda@yopmail.com;1996-03-24
1544;Gale;Klemperer;Gale.Klemperer@yopmail.com;1978-02-25
1545;Gwenneth;Tybald;Gwenneth.Tybald@yopmail.com;2019-07-25
1546;Kial;Jalbert;Kial.Jalbert@yopmail.com;1926-11-06
1547;Angela;Kiersten;Angela.Kiersten@yopmail.com;1989-04-22
1548;Selia;Rocray;Selia.Rocray@yopmail.com;1937-12-29
1549;Ellette;Milson;Ellette.Milson@yopmail.com;1927-12-10
1550;Margalo;Zrike;Margalo.Zrike@yopmail.com;1907-09-26
1551;Ottilie;McLaughlin;Ottilie.McLaughlin@yopmail.com;1976-05-02
1552;Lory;Nadia;Lory.Nadia@yopmail.com;2003-02-17
1553;Kore;Haerr;Kore.Haerr@yopmail.com;2019-05-21
1554;Kassey;Jenness;Kassey.Jenness@yopmail.com;1973-09-14
1555;Mignon;Eliathas;Mignon.Eliathas@yopmail.com;1902-12-17
1556;Maryellen;Halsey;Maryellen.Halsey@yopmail.com;1946-10-10
1557;Joy;Kussell;Joy.Kussell@yopmail.com;1963-07-02
1558;Silvana;Vivle;Silvana.Vivle@yopmail.com;1905-07-14
1559;Bernardine;Stilwell;Bernardine.Stilwell@yopmail.com;2008-02-27
1560;Margette;Elephus;Margette.Elephus@yopmail.com;1967-10-26
1561;Bernie;Kravits;Bernie.Kravits@yopmail.com;1954-11-29
1562;Lelah;Parette;Lelah.Parette@yopmail.com;1971-03-31
1563;Marinna;Regan;Marinna.Regan@yopmail.com;1986-09-11
1564;Chickie;Madox;Chickie.Madox@yopmail.com;1942-09-14
1565;Elena;Thar;Elena.Thar@yopmail.com;1971-03-01
1566;Frances;Talia;Frances.Talia@yopmail.com;1929-12-30
1567;Maurene;Izaak;Maurene.Izaak@yopmail.com;1968-04-06
1568;Ellette;Tufts;Ellette.Tufts@yopmail.com;2013-12-06
1569;Daryl;McCutcheon;Daryl.McCutcheon@yopmail.com;1929-10-28
1570;Lisette;Wooster;Lisette.Wooster@yopmail.com;1925-03-15
1571;Beatriz;Mintz;Beatriz.Mintz@yopmail.com;1907-08-30
1572;Marinna;Skurnik;Marinna.Skurnik@yopmail.com;1912-03-30
1573;Blinni;Tremayne;Blinni.Tremayne@yopmail.com;1984-01-17
1574;Cassandra;Jagir;Cassandra.Jagir@yopmail.com;1974-06-04
1575;Emilia;Melan;Emilia.Melan@yopmail.com;2000-07-19
1576;Alejandra;Oster;Alejandra.Oster@yopmail.com;1934-09-10
1577;Maud;Faust;Maud.Faust@yopmail.com;1931-05-16
1578;Mireielle;Oster;Mireielle.Oster@yopmail.com;1964-04-25
1579;Minne;Helfand;Minne.Helfand@yopmail.com;1929-05-25
1580;Zondra;Colleen;Zondra.Colleen@yopmail.com;1946-09-20
1581;Lacie;Kenwood;Lacie.Kenwood@yopmail.com;1911-12-07
1582;Thalia;Allare;Thalia.Allare@yopmail.com;1995-11-21
1583;Madelle;Sadowski;Madelle.Sadowski@yopmail.com;1903-10-12
1584;Sashenka;Hilbert;Sashenka.Hilbert@yopmail.com;1945-06-21
1585;Yetty;Waite;Yetty.Waite@yopmail.com;1933-02-15
1586;Edith;Autrey;Edith.Autrey@yopmail.com;1924-09-25
1587;Shannah;Socha;Shannah.Socha@yopmail.com;1925-07-27
1588;Dulcinea;Felizio;Dulcinea.Felizio@yopmail.com;1929-05-17
1589;Nonnah;Ball;Nonnah.Ball@yopmail.com;1951-07-12
1590;Kore;Salchunas;Kore.Salchunas@yopmail.com;1961-06-17
1591;Claudina;Fink;Claudina.Fink@yopmail.com;1979-08-15
1592;Sarette;Kathie;Sarette.Kathie@yopmail.com;2014-07-16
1593;Corly;Xerxes;Corly.Xerxes@yopmail.com;1903-04-08
1594;Iseabal;Kannry;Iseabal.Kannry@yopmail.com;2007-11-26
1595;Melodie;Kendrick;Melodie.Kendrick@yopmail.com;1985-11-16
1596;Valeda;Gahl;Valeda.Gahl@yopmail.com;1929-08-11
1597;Belva;Robertson;Belva.Robertson@yopmail.com;1921-02-18
1598;Cathyleen;Ciro;Cathyleen.Ciro@yopmail.com;1998-12-30
1599;Sallie;Strephon;Sallie.Strephon@yopmail.com;1986-03-12
1600;Clo;Tice;Clo.Tice@yopmail.com;1914-12-15
1601;Tarra;Saint;Tarra.Saint@yopmail.com;1984-03-26
1602;Justinn;Ludewig;Justinn.Ludewig@yopmail.com;1945-04-28
1603;Ginnie;Nance;Ginnie.Nance@yopmail.com;1958-03-17
1604;Margette;Stanwood;Margette.Stanwood@yopmail.com;2008-05-13
1605;Jessamyn;Sigfrid;Jessamyn.Sigfrid@yopmail.com;2000-06-20
1606;Brooks;Smitt;Brooks.Smitt@yopmail.com;1977-11-09
1607;Daphne;Chrystel;Daphne.Chrystel@yopmail.com;1920-02-21
1608;Gilligan;Juliet;Gilligan.Juliet@yopmail.com;1997-03-28
1609;Nadine;Therine;Nadine.Therine@yopmail.com;1976-04-06
1610;Trudie;Andrel;Trudie.Andrel@yopmail.com;2005-10-13
1611;Romona;Aldric;Romona.Aldric@yopmail.com;1925-05-14
1612;Desirae;Anderea;Desirae.Anderea@yopmail.com;1950-10-03
1613;Alexine;Jacinda;Alexine.Jacinda@yopmail.com;1971-11-14
1614;Jessamyn;Yam;Jessamyn.Yam@yopmail.com;2019-12-25
1615;Adelle;Vins;Adelle.Vins@yopmail.com;1992-08-24
1616;Annora;Nisbet;Annora.Nisbet@yopmail.com;1990-09-12
1617;Eugine;Pozzy;Eugine.Pozzy@yopmail.com;1939-07-18
1618;Kathy;Grobe;Kathy.Grobe@yopmail.com;1965-12-04
1619;Di;Ephrem;Di.Ephrem@yopmail.com;1908-10-14
1620;Dania;Mathilde;Dania.Mathilde@yopmail.com;1971-04-07
1621;Ellette;Read;Ellette.Read@yopmail.com;1960-08-29
1622;Ashlee;Poppy;Ashlee.Poppy@yopmail.com;1940-01-05
1623;Trudie;August;Trudie.August@yopmail.com;2014-08-10
1624;Angelique;Bonucci;Angelique.Bonucci@yopmail.com;1982-10-11
1625;Stevana;Reneta;Stevana.Reneta@yopmail.com;1953-08-03
1626;Kaia;Noman;Kaia.Noman@yopmail.com;1970-04-28
1627;Gerrie;Ammann;Gerrie.Ammann@yopmail.com;1954-06-28
1628;Dorthy;Hilbert;Dorthy.Hilbert@yopmail.com;1937-07-31
1629;Therine;Bonilla;Therine.Bonilla@yopmail.com;1979-06-23
1630;Dede;Shuler;Dede.Shuler@yopmail.com;1956-03-13
1631;Marinna;Hanshaw;Marinna.Hanshaw@yopmail.com;1922-05-22
1632;Gaylene;Orlene;Gaylene.Orlene@yopmail.com;2007-01-02
1633;Lorie;Narton;Lorie.Narton@yopmail.com;2001-05-02
1634;Maridel;Celestine;Maridel.Celestine@yopmail.com;1959-10-03
1635;Cordi;Albertine;Cordi.Albertine@yopmail.com;1988-09-28
1636;Jordan;Read;Jordan.Read@yopmail.com;1909-12-20
1637;Neila;Strephon;Neila.Strephon@yopmail.com;1903-05-23
1638;Annabela;Macey;Annabela.Macey@yopmail.com;2010-03-21
1639;Mariele;Trace;Mariele.Trace@yopmail.com;1965-07-31
1640;Alex;Byrne;Alex.Byrne@yopmail.com;1984-04-19
1641;Violet;Morrill;Violet.Morrill@yopmail.com;1928-06-08
1642;Yolane;Marsden;Yolane.Marsden@yopmail.com;1966-04-30
1643;Lisette;Leifeste;Lisette.Leifeste@yopmail.com;1978-08-23
1644;Marguerite;Kauppi;Marguerite.Kauppi@yopmail.com;1979-02-09
1645;Gaylene;Freddi;Gaylene.Freddi@yopmail.com;1927-12-23
1646;Queenie;Argus;Queenie.Argus@yopmail.com;1917-06-15
1647;Jessy;McAdams;Jessy.McAdams@yopmail.com;1951-08-25
1648;Kimmy;Land;Kimmy.Land@yopmail.com;1971-06-27
1649;Deedee;Pierette;Deedee.Pierette@yopmail.com;1922-08-16
1650;Alex;Hoban;Alex.Hoban@yopmail.com;1956-11-12
1651;Valli;Havens;Valli.Havens@yopmail.com;1905-12-19
1652;Jorry;Blase;Jorry.Blase@yopmail.com;1975-03-22
1653;Celene;Liva;Celene.Liva@yopmail.com;1957-02-10
1654;Meg;Bakerman;Meg.Bakerman@yopmail.com;1981-11-27
1655;Ulrike;Fosque;Ulrike.Fosque@yopmail.com;2003-12-06
1656;Trixi;Hortensia;Trixi.Hortensia@yopmail.com;2012-08-20
1657;Merrie;Alice;Merrie.Alice@yopmail.com;1962-05-11
1658;Kayla;Radu;Kayla.Radu@yopmail.com;1926-02-06
1659;Dode;Iaverne;Dode.Iaverne@yopmail.com;2004-03-01
1660;Christian;Bollay;Christian.Bollay@yopmail.com;1967-03-16
1661;Shannah;Evangelia;Shannah.Evangelia@yopmail.com;2003-05-26
1662;Rosene;Monk;Rosene.Monk@yopmail.com;1911-06-02
1663;Allyce;Lunsford;Allyce.Lunsford@yopmail.com;1940-02-19
1664;Berget;Kimmie;Berget.Kimmie@yopmail.com;1928-08-02
1665;Roz;Ardra;Roz.Ardra@yopmail.com;1997-10-14
1666;Shaylyn;Kunin;Shaylyn.Kunin@yopmail.com;1996-11-12
1667;Kathy;Karna;Kathy.Karna@yopmail.com;1932-06-12
1668;Aeriela;Fosque;Aeriela.Fosque@yopmail.com;1909-01-18
1669;Ericka;Waite;Ericka.Waite@yopmail.com;1949-11-19
1670;Daphne;Niccolo;Daphne.Niccolo@yopmail.com;2003-01-27
1671;Gratia;Lamoree;Gratia.Lamoree@yopmail.com;1918-01-25
1672;Kristan;Thilda;Kristan.Thilda@yopmail.com;1956-05-31
1673;Daphne;Prober;Daphne.Prober@yopmail.com;1912-07-26
1674;Zaria;Arathorn;Zaria.Arathorn@yopmail.com;1930-09-17
1675;Hannis;Gabrielli;Hannis.Gabrielli@yopmail.com;1902-05-01
1676;Kimmy;Girardo;Kimmy.Girardo@yopmail.com;2004-08-15
1677;Jessy;Carlson;Jessy.Carlson@yopmail.com;2013-01-15
1678;Emylee;Even;Emylee.Even@yopmail.com;2017-11-23
1679;Reeba;Pettiford;Reeba.Pettiford@yopmail.com;1952-10-23
1680;Jany;Guildroy;Jany.Guildroy@yopmail.com;2014-07-31
1681;Leona;Kendrick;Leona.Kendrick@yopmail.com;1943-05-23
1682;Teddie;Birdella;Teddie.Birdella@yopmail.com;1928-08-07
1683;Sheree;Dielu;Sheree.Dielu@yopmail.com;1964-09-21
1684;Augustine;Agle;Augustine.Agle@yopmail.com;1942-02-25
1685;Leontine;Zuzana;Leontine.Zuzana@yopmail.com;1985-10-16
1686;Roberta;Rozanna;Roberta.Rozanna@yopmail.com;1919-09-18
1687;Therine;Garrison;Therine.Garrison@yopmail.com;1998-01-13
1688;Lusa;Latini;Lusa.Latini@yopmail.com;2005-01-04
1689;Cristine;Dannye;Cristine.Dannye@yopmail.com;1986-10-18
1690;Laure;Drisko;Laure.Drisko@yopmail.com;1909-05-18
1691;Rosaline;Vernier;Rosaline.Vernier@yopmail.com;1996-12-07
1692;Evaleen;Stefa;Evaleen.Stefa@yopmail.com;1975-02-06
1693;Vere;Podvin;Vere.Podvin@yopmail.com;1986-06-03
1694;Vere;Fax;Vere.Fax@yopmail.com;1954-07-02
1695;Phedra;Garlinda;Phedra.Garlinda@yopmail.com;2000-05-20
1696;Ardeen;Aprile;Ardeen.Aprile@yopmail.com;1992-09-08
1697;Lusa;Darrell;Lusa.Darrell@yopmail.com;1963-09-05
1698;Olwen;Alexandr;Olwen.Alexandr@yopmail.com;2018-09-10
1699;Elmira;Hessler;Elmira.Hessler@yopmail.com;1917-08-01
1700;Sean;Fitzsimmons;Sean.Fitzsimmons@yopmail.com;1998-09-14
1701;Veda;Constancy;Veda.Constancy@yopmail.com;2008-10-31
1702;Christy;Leopold;Christy.Leopold@yopmail.com;2007-07-07
1703;Mildrid;Vorster;Mildrid.Vorster@yopmail.com;1972-09-30
1704;Leeanne;Devlen;Leeanne.Devlen@yopmail.com;1993-07-20
1705;Pearline;Myrilla;Pearline.Myrilla@yopmail.com;1912-04-24
1706;Wilma;Merat;Wilma.Merat@yopmail.com;1976-03-16
1707;Starla;Riva;Starla.Riva@yopmail.com;1983-08-10
1708;Tobe;Matthew;Tobe.Matthew@yopmail.com;1937-09-17
1709;Malina;Macey;Malina.Macey@yopmail.com;1923-01-05
1710;Ida;Millda;Ida.Millda@yopmail.com;1914-08-09
1711;Joane;Corilla;Joane.Corilla@yopmail.com;1959-11-21
1712;Peri;Vale;Peri.Vale@yopmail.com;2012-06-01
1713;Gisela;Elvyn;Gisela.Elvyn@yopmail.com;1904-08-08
1714;Sherrie;Warthman;Sherrie.Warthman@yopmail.com;1978-10-16
1715;Tilly;Boycey;Tilly.Boycey@yopmail.com;1908-02-28
1716;Robbi;Drus;Robbi.Drus@yopmail.com;1995-12-21
1717;Stevana;Elephus;Stevana.Elephus@yopmail.com;1943-03-13
1718;Cacilie;Eben;Cacilie.Eben@yopmail.com;1905-01-18
1719;Shannah;Meli;Shannah.Meli@yopmail.com;1959-05-24
1720;Merry;Nance;Merry.Nance@yopmail.com;1904-03-07
1721;June;Shelba;June.Shelba@yopmail.com;1968-05-25
1722;Doro;Serilda;Doro.Serilda@yopmail.com;1943-01-23
1723;Shirlee;Phyllis;Shirlee.Phyllis@yopmail.com;2003-02-25
1724;Aigneis;Demitria;Aigneis.Demitria@yopmail.com;1928-02-04
1725;Zondra;Roche;Zondra.Roche@yopmail.com;1914-04-08
1726;Anestassia;Franza;Anestassia.Franza@yopmail.com;1993-05-16
1727;Wendi;Lesley;Wendi.Lesley@yopmail.com;1946-01-19
1728;Gerrie;Zetta;Gerrie.Zetta@yopmail.com;1983-07-08
1729;Olivette;Ariella;Olivette.Ariella@yopmail.com;1970-12-23
1730;Caryl;Vanni;Caryl.Vanni@yopmail.com;1971-11-26
1731;Ardys;Toni;Ardys.Toni@yopmail.com;1921-05-04
1732;Verla;Goerke;Verla.Goerke@yopmail.com;1985-10-16
1733;Dawn;Vale;Dawn.Vale@yopmail.com;1924-11-29
1734;Sallie;Aldric;Sallie.Aldric@yopmail.com;1916-08-29
1735;Andeee;Posner;Andeee.Posner@yopmail.com;1950-04-19
1736;Brianna;Schalles;Brianna.Schalles@yopmail.com;1984-10-05
1737;Dale;Shirberg;Dale.Shirberg@yopmail.com;1909-08-20
1738;Judy;Hazlett;Judy.Hazlett@yopmail.com;1918-11-10
1739;Gerianna;Seessel;Gerianna.Seessel@yopmail.com;1936-04-04
1740;Ernesta;Fink;Ernesta.Fink@yopmail.com;2010-10-30
1741;Arabel;Vins;Arabel.Vins@yopmail.com;1947-07-15
1742;Mamie;Zola;Mamie.Zola@yopmail.com;1915-07-06
1743;Angela;Thar;Angela.Thar@yopmail.com;2007-10-06
1744;Dawn;Wilona;Dawn.Wilona@yopmail.com;1902-01-28
1745;Janey;Cohdwell;Janey.Cohdwell@yopmail.com;1911-06-04
1746;Consuela;Narton;Consuela.Narton@yopmail.com;1919-05-29
1747;Anica;Virgin;Anica.Virgin@yopmail.com;1909-07-20
1748;Annabela;Millda;Annabela.Millda@yopmail.com;1995-09-21
1749;Mathilda;Nickola;Mathilda.Nickola@yopmail.com;1949-01-17
1750;Juliane;Delila;Juliane.Delila@yopmail.com;1901-08-31
1751;Felice;Mehalek;Felice.Mehalek@yopmail.com;1978-03-11
1752;Concettina;Bergman;Concettina.Bergman@yopmail.com;1952-01-02
1753;Teriann;Faust;Teriann.Faust@yopmail.com;1982-12-15
1754;Binny;Connelly;Binny.Connelly@yopmail.com;1919-01-07
1755;Larine;Aida;Larine.Aida@yopmail.com;1928-03-17
1756;Deloria;Catie;Deloria.Catie@yopmail.com;2008-06-01
1757;Carmela;Goode;Carmela.Goode@yopmail.com;1920-12-22
1758;Annice;Erich;Annice.Erich@yopmail.com;1984-11-07
1759;Susette;Magdalen;Susette.Magdalen@yopmail.com;1977-12-07
1760;Susette;Teddman;Susette.Teddman@yopmail.com;2013-12-03
1761;Ezmeralda;Clarissa;Ezmeralda.Clarissa@yopmail.com;2018-06-24
1762;Anica;Ailyn;Anica.Ailyn@yopmail.com;1923-03-31
1763;Jasmina;Bennie;Jasmina.Bennie@yopmail.com;1934-11-07
1764;Atlanta;Fink;Atlanta.Fink@yopmail.com;1960-08-23
1765;Belinda;Garek;Belinda.Garek@yopmail.com;1912-02-14
1766;Mignon;Oneida;Mignon.Oneida@yopmail.com;1908-09-21
1767;Eugine;Kannry;Eugine.Kannry@yopmail.com;1986-06-05
1768;Rori;Modie;Rori.Modie@yopmail.com;1932-07-31
1769;Dorice;Nisbet;Dorice.Nisbet@yopmail.com;2002-01-26
1770;Emmey;Schwejda;Emmey.Schwejda@yopmail.com;1972-03-15
1771;Monika;Aloise;Monika.Aloise@yopmail.com;1987-06-22
1772;Monika;Bultman;Monika.Bultman@yopmail.com;1923-08-18
1773;Lorenza;Brieta;Lorenza.Brieta@yopmail.com;2002-08-13
1774;Berget;Flyn;Berget.Flyn@yopmail.com;1941-04-28
1775;Annabela;Erb;Annabela.Erb@yopmail.com;1984-03-21
1776;Gusty;Barrus;Gusty.Barrus@yopmail.com;1999-04-20
1777;Ida;Morrill;Ida.Morrill@yopmail.com;1994-02-01
1778;Suzette;Tryck;Suzette.Tryck@yopmail.com;1957-03-01
1779;Arlina;Harl;Arlina.Harl@yopmail.com;1992-11-22
1780;Winny;Roumell;Winny.Roumell@yopmail.com;1972-01-20
1781;Flo;Robertson;Flo.Robertson@yopmail.com;1918-08-19
1782;Ricky;Breed;Ricky.Breed@yopmail.com;1976-06-25
1783;Robinia;Tillford;Robinia.Tillford@yopmail.com;1954-01-17
1784;Ann-Marie;Dyche;Ann-Marie.Dyche@yopmail.com;2004-11-13
1785;Shauna;Hillel;Shauna.Hillel@yopmail.com;1974-06-29
1786;Ingrid;Vastah;Ingrid.Vastah@yopmail.com;2006-05-22
1787;Dode;Allys;Dode.Allys@yopmail.com;1903-01-05
1788;Lory;Reidar;Lory.Reidar@yopmail.com;2009-10-08
1789;Maurene;Gerge;Maurene.Gerge@yopmail.com;1989-01-28
1790;Beth;McClimans;Beth.McClimans@yopmail.com;1967-11-07
1791;Peri;Guthrie;Peri.Guthrie@yopmail.com;1984-03-24
1792;Harmonia;Drus;Harmonia.Drus@yopmail.com;1980-07-15
1793;Marguerite;Tillford;Marguerite.Tillford@yopmail.com;1939-10-05
1794;Oona;Lowry;Oona.Lowry@yopmail.com;1980-12-26
1795;Cordi;Creamer;Cordi.Creamer@yopmail.com;1946-02-13
1796;Robbi;Han;Robbi.Han@yopmail.com;1999-04-04
1797;Gaylene;Kolnick;Gaylene.Kolnick@yopmail.com;2016-10-10
1798;Dyann;Vacuva;Dyann.Vacuva@yopmail.com;1924-05-10
1799;Renae;Nelsen;Renae.Nelsen@yopmail.com;1947-11-19
1800;Frances;Zitvaa;Frances.Zitvaa@yopmail.com;2013-07-02
1801;Jerry;Ogren;Jerry.Ogren@yopmail.com;1967-06-18
1802;Romona;Dulciana;Romona.Dulciana@yopmail.com;2011-04-06
1803;Kathi;Marisa;Kathi.Marisa@yopmail.com;1959-07-05
1804;Goldie;Auberbach;Goldie.Auberbach@yopmail.com;1934-11-09
1805;Micheline;Anyah;Micheline.Anyah@yopmail.com;1927-08-29
1806;Edyth;Jobi;Edyth.Jobi@yopmail.com;1989-10-20
1807;Molli;Sancho;Molli.Sancho@yopmail.com;1903-05-06
1808;Olwen;Nicoline;Olwen.Nicoline@yopmail.com;1966-03-11
1809;Andeee;Ellerey;Andeee.Ellerey@yopmail.com;1917-07-21
1810;Dacia;Hunfredo;Dacia.Hunfredo@yopmail.com;1970-04-06
1811;Basia;Wenda;Basia.Wenda@yopmail.com;1934-12-12
1812;Hayley;Junie;Hayley.Junie@yopmail.com;1948-05-03
1813;Mariann;Avi;Mariann.Avi@yopmail.com;1941-05-01
1814;Anallese;Egbert;Anallese.Egbert@yopmail.com;1939-10-04
1815;Ardenia;Alrich;Ardenia.Alrich@yopmail.com;1928-12-20
1816;Ricky;Fitzsimmons;Ricky.Fitzsimmons@yopmail.com;1964-07-21
1817;Binny;Kamaria;Binny.Kamaria@yopmail.com;1979-04-15
1818;Linet;Peonir;Linet.Peonir@yopmail.com;1931-08-22
1819;Roseline;Israeli;Roseline.Israeli@yopmail.com;1913-12-29
1820;Rhea;Halla;Rhea.Halla@yopmail.com;1950-04-06
1821;Elie;Wadell;Elie.Wadell@yopmail.com;1970-11-12
1822;Madeleine;Nicoline;Madeleine.Nicoline@yopmail.com;1921-01-05
1823;Aubrie;Wyn;Aubrie.Wyn@yopmail.com;2012-05-15
1824;Emma;Cullin;Emma.Cullin@yopmail.com;1954-07-19
1825;Kayla;Pandolfi;Kayla.Pandolfi@yopmail.com;2005-01-04
1826;Andeee;Gladstone;Andeee.Gladstone@yopmail.com;2015-04-02
1827;Micheline;Rebecka;Micheline.Rebecka@yopmail.com;2009-10-13
1828;Cacilie;Torray;Cacilie.Torray@yopmail.com;1941-03-11
1829;Donetta;Bashemeth;Donetta.Bashemeth@yopmail.com;1994-12-14
1830;Vevay;Nester;Vevay.Nester@yopmail.com;1939-02-15
1831;Raquela;Pearse;Raquela.Pearse@yopmail.com;1988-04-19
1832;Mellicent;Raimondo;Mellicent.Raimondo@yopmail.com;2006-07-05
1833;Anthia;Jenness;Anthia.Jenness@yopmail.com;1985-12-31
1834;Maurene;Maurine;Maurene.Maurine@yopmail.com;1924-04-14
1835;Patricia;Eno;Patricia.Eno@yopmail.com;1949-09-19
1836;Norine;Henebry;Norine.Henebry@yopmail.com;1904-04-02
1837;Carlie;Tamar;Carlie.Tamar@yopmail.com;2017-05-17
1838;Gilligan;Cornelia;Gilligan.Cornelia@yopmail.com;1913-06-05
1839;Frances;Munn;Frances.Munn@yopmail.com;1946-10-12
1840;Ileana;Allare;Ileana.Allare@yopmail.com;1969-07-01
1841;Linet;Ardeha;Linet.Ardeha@yopmail.com;1900-03-28
1842;Donetta;Salvidor;Donetta.Salvidor@yopmail.com;2009-12-19
1843;Catharine;Faro;Catharine.Faro@yopmail.com;1964-03-19
1844;Jasmina;Borrell;Jasmina.Borrell@yopmail.com;1976-04-04
1845;Alyda;Estella;Alyda.Estella@yopmail.com;1947-06-22
1846;Basia;Bandeen;Basia.Bandeen@yopmail.com;1937-11-21
1847;Lorenza;Poppy;Lorenza.Poppy@yopmail.com;1932-03-18
1848;Margalo;Faust;Margalo.Faust@yopmail.com;1925-12-14
1849;Dione;Hartnett;Dione.Hartnett@yopmail.com;1914-03-28
1850;Sashenka;Aloise;Sashenka.Aloise@yopmail.com;1991-09-25
1851;Gabriellia;Ulphia;Gabriellia.Ulphia@yopmail.com;1997-11-10
1852;Vita;Georgy;Vita.Georgy@yopmail.com;1960-10-14
1853;Kamilah;Arathorn;Kamilah.Arathorn@yopmail.com;2012-10-13
1854;Lulita;Lattie;Lulita.Lattie@yopmail.com;1976-02-04
1855;Marylou;Milde;Marylou.Milde@yopmail.com;2003-07-23
1856;Moyna;Maroney;Moyna.Maroney@yopmail.com;1980-02-17
1857;Dagmar;Kesley;Dagmar.Kesley@yopmail.com;1956-02-09
1858;Caryl;Naashom;Caryl.Naashom@yopmail.com;1960-09-30
1859;Liana;Wilkinson;Liana.Wilkinson@yopmail.com;1945-10-01
1860;Ezmeralda;Malvino;Ezmeralda.Malvino@yopmail.com;1903-05-02
1861;Alleen;Couture;Alleen.Couture@yopmail.com;1948-07-13
1862;Blake;Gabrielli;Blake.Gabrielli@yopmail.com;1998-04-15
1863;Darlleen;Colyer;Darlleen.Colyer@yopmail.com;1912-10-07
1864;Hannis;Lumbard;Hannis.Lumbard@yopmail.com;1969-09-26
1865;Pierette;Goth;Pierette.Goth@yopmail.com;1941-10-04
1866;Gavrielle;Naor;Gavrielle.Naor@yopmail.com;1997-11-29
1867;Eve;Charmine;Eve.Charmine@yopmail.com;1977-12-21
1868;Gilda;Wooster;Gilda.Wooster@yopmail.com;1949-02-04
1869;Ilse;Shaver;Ilse.Shaver@yopmail.com;1985-11-26
1870;Nerta;Yate;Nerta.Yate@yopmail.com;1978-03-25
1871;Jerry;Magdalen;Jerry.Magdalen@yopmail.com;1916-07-19
1872;Phylis;Goldina;Phylis.Goldina@yopmail.com;1974-04-27
1873;Penelopa;Shaddock;Penelopa.Shaddock@yopmail.com;1991-03-10
1874;Brooks;Charity;Brooks.Charity@yopmail.com;1908-03-23
1875;Jacquetta;Lamoree;Jacquetta.Lamoree@yopmail.com;2005-01-15
1876;Moyna;Sammons;Moyna.Sammons@yopmail.com;1959-07-18
1877;Helena;Lucienne;Helena.Lucienne@yopmail.com;1919-04-24
1878;Alexine;Bivins;Alexine.Bivins@yopmail.com;1959-05-27
1879;Ingrid;Kazimir;Ingrid.Kazimir@yopmail.com;1990-11-11
1880;Michaelina;Cutlerr;Michaelina.Cutlerr@yopmail.com;1937-09-19
1881;Cathyleen;Goode;Cathyleen.Goode@yopmail.com;1947-02-07
1882;Eve;Judye;Eve.Judye@yopmail.com;1962-11-27
1883;Peri;Sisile;Peri.Sisile@yopmail.com;2002-08-23
1884;Hope;Agle;Hope.Agle@yopmail.com;2000-07-09
1885;Heddie;Bethany;Heddie.Bethany@yopmail.com;1912-04-08
1886;Kamilah;Fennessy;Kamilah.Fennessy@yopmail.com;1907-11-03
1887;Adriana;Ezar;Adriana.Ezar@yopmail.com;1925-05-14
1888;Rani;Hertzfeld;Rani.Hertzfeld@yopmail.com;1970-05-15
1889;Kirstin;Connelly;Kirstin.Connelly@yopmail.com;1993-10-25
1890;Mathilda;Maxi;Mathilda.Maxi@yopmail.com;2006-02-16
1891;Lynnea;Amand;Lynnea.Amand@yopmail.com;1999-04-08
1892;Harrietta;Hertzfeld;Harrietta.Hertzfeld@yopmail.com;1951-04-24
1893;Ashlee;Ackerley;Ashlee.Ackerley@yopmail.com;1913-09-04
1894;Ninnetta;Monaco;Ninnetta.Monaco@yopmail.com;1911-02-16
1895;Dorice;Devlen;Dorice.Devlen@yopmail.com;1983-04-07
1896;Gretal;Japeth;Gretal.Japeth@yopmail.com;1999-03-31
1897;Edyth;Konyn;Edyth.Konyn@yopmail.com;1915-03-01
1898;Brandise;Kaete;Brandise.Kaete@yopmail.com;1944-02-14
1899;Jorry;Charity;Jorry.Charity@yopmail.com;1932-06-10
1900;Alie;Abernon;Alie.Abernon@yopmail.com;1974-09-17
1901;Marline;Othilia;Marline.Othilia@yopmail.com;2007-04-17
1902;Margette;Stilwell;Margette.Stilwell@yopmail.com;1925-01-25
1903;Gerrie;Clywd;Gerrie.Clywd@yopmail.com;1968-02-03
1904;Annice;Zetta;Annice.Zetta@yopmail.com;1909-05-30
1905;Blake;Letsou;Blake.Letsou@yopmail.com;1922-02-25
1906;Kore;Kendrick;Kore.Kendrick@yopmail.com;2007-03-25
1907;Linet;Valoniah;Linet.Valoniah@yopmail.com;1979-05-15
1908;Caressa;Hurley;Caressa.Hurley@yopmail.com;2001-05-22
1909;Bobinette;Lenny;Bobinette.Lenny@yopmail.com;1916-12-29
1910;Alex;Loring;Alex.Loring@yopmail.com;1909-08-23
1911;Brandise;Carleen;Brandise.Carleen@yopmail.com;1976-05-23
1912;Eolanda;Sheedy;Eolanda.Sheedy@yopmail.com;2007-06-05
1913;Ermengarde;Liva;Ermengarde.Liva@yopmail.com;1926-01-10
1914;Cherrita;Stilwell;Cherrita.Stilwell@yopmail.com;1973-09-10
1915;Clary;Alva;Clary.Alva@yopmail.com;2002-09-14
1916;Carolina;Sisile;Carolina.Sisile@yopmail.com;2006-05-30
1917;Minda;Blake;Minda.Blake@yopmail.com;1928-10-05
1918;Kimmy;Hortensia;Kimmy.Hortensia@yopmail.com;1955-07-07
1919;Fayre;Voletta;Fayre.Voletta@yopmail.com;1933-04-01
1920;Quintina;Khorma;Quintina.Khorma@yopmail.com;2005-10-20
1921;Karolina;Prober;Karolina.Prober@yopmail.com;1936-02-17
1922;Ronna;Kelula;Ronna.Kelula@yopmail.com;1971-10-13
1923;Leanna;Raffo;Leanna.Raffo@yopmail.com;1926-09-29
1924;Maridel;Christine;Maridel.Christine@yopmail.com;1936-10-15
1925;Meriel;Zrike;Meriel.Zrike@yopmail.com;2012-01-04
1926;Kirbee;Bebe;Kirbee.Bebe@yopmail.com;1942-09-18
1927;Ivett;LaRue;Ivett.LaRue@yopmail.com;2000-12-20
1928;Nicoli;Edmund;Nicoli.Edmund@yopmail.com;1983-05-12
1929;Kenna;Elsinore;Kenna.Elsinore@yopmail.com;1970-01-09
1930;Doralynne;Boycey;Doralynne.Boycey@yopmail.com;1978-08-11
1931;Norine;Sperling;Norine.Sperling@yopmail.com;1943-09-08
1932;Rivalee;Junie;Rivalee.Junie@yopmail.com;1937-09-29
1933;Annaliese;Uird;Annaliese.Uird@yopmail.com;1935-11-20
1934;Asia;Yuille;Asia.Yuille@yopmail.com;1925-06-11
1935;Bee;Bebe;Bee.Bebe@yopmail.com;1919-06-27
1936;Brana;Barrus;Brana.Barrus@yopmail.com;1990-10-07
1937;Berta;Rosette;Berta.Rosette@yopmail.com;1906-05-22
1938;Janeczka;Viddah;Janeczka.Viddah@yopmail.com;1919-03-17
1939;Clo;Rozanna;Clo.Rozanna@yopmail.com;1990-07-10
1940;Lelah;Ammann;Lelah.Ammann@yopmail.com;1924-11-20
1941;Yolane;Stuart;Yolane.Stuart@yopmail.com;1995-08-29
1942;Dyann;Kazimir;Dyann.Kazimir@yopmail.com;1993-10-15
1943;Annabela;Montgomery;Annabela.Montgomery@yopmail.com;1974-04-11
1944;Danny;Paton;Danny.Paton@yopmail.com;1980-05-28
1945;Steffane;O'Neill;Steffane.O'Neill@yopmail.com;1960-01-04
1946;Maurene;Clara;Maurene.Clara@yopmail.com;1908-05-22
1947;Sonni;Gavrila;Sonni.Gavrila@yopmail.com;1984-02-20
1948;Melodie;Kauppi;Melodie.Kauppi@yopmail.com;1963-03-09
1949;Shell;Uird;Shell.Uird@yopmail.com;1986-04-10
1950;Aigneis;Jillane;Aigneis.Jillane@yopmail.com;1908-11-05
1951;Delilah;Warthman;Delilah.Warthman@yopmail.com;2018-07-20
1952;Gabriellia;Ax;Gabriellia.Ax@yopmail.com;1952-07-05
1953;Drucie;Zuzana;Drucie.Zuzana@yopmail.com;2014-09-22
1954;Jemie;Klotz;Jemie.Klotz@yopmail.com;1948-01-24
1955;Lanae;Jess;Lanae.Jess@yopmail.com;1945-10-05
1956;Paola;Presber;Paola.Presber@yopmail.com;1954-06-19
1957;Dianemarie;Michella;Dianemarie.Michella@yopmail.com;1995-02-19
1958;Nonnah;Neils;Nonnah.Neils@yopmail.com;1976-02-21
1959;Luci;Sandye;Luci.Sandye@yopmail.com;2015-08-24
1960;Dominga;Hoenack;Dominga.Hoenack@yopmail.com;1991-02-17
1961;Kirstin;Yuille;Kirstin.Yuille@yopmail.com;1971-11-07
1962;Mariann;Kylander;Mariann.Kylander@yopmail.com;1919-09-16
1963;Beth;Fulmer;Beth.Fulmer@yopmail.com;1922-01-04
1964;Gloria;Bergman;Gloria.Bergman@yopmail.com;1932-05-13
1965;Lacie;Genna;Lacie.Genna@yopmail.com;2015-02-22
1966;Judy;Merna;Judy.Merna@yopmail.com;2002-06-28
1967;Damaris;Rubie;Damaris.Rubie@yopmail.com;1930-10-07
1968;Orelia;Sammons;Orelia.Sammons@yopmail.com;1960-03-02
1969;Tabbatha;Audly;Tabbatha.Audly@yopmail.com;1971-08-29
1970;Chere;Roscoe;Chere.Roscoe@yopmail.com;1909-12-06
1971;Karina;Clara;Karina.Clara@yopmail.com;1966-08-16
1972;Gratia;Grosz;Gratia.Grosz@yopmail.com;1992-07-27
1973;Marinna;Ambrosia;Marinna.Ambrosia@yopmail.com;1968-07-06
1974;Joane;Shelba;Joane.Shelba@yopmail.com;1966-07-24
1975;Adriana;Lilybelle;Adriana.Lilybelle@yopmail.com;1972-02-15
1976;Yvonne;Kimmie;Yvonne.Kimmie@yopmail.com;1903-07-26
1977;Cissiee;Kristi;Cissiee.Kristi@yopmail.com;1920-07-05
1978;Konstance;Rossner;Konstance.Rossner@yopmail.com;1904-05-12
1979;Lelah;Goerke;Lelah.Goerke@yopmail.com;1914-03-06
1980;Cindelyn;Lilybelle;Cindelyn.Lilybelle@yopmail.com;1951-04-12
1981;Jaime;Winnick;Jaime.Winnick@yopmail.com;1955-10-15
1982;Frank;Elbertina;Frank.Elbertina@yopmail.com;1986-02-11
1983;Ivett;Tomasina;Ivett.Tomasina@yopmail.com;1914-03-23
1984;Joy;Faro;Joy.Faro@yopmail.com;2007-11-12
1985;Damaris;Munn;Damaris.Munn@yopmail.com;1963-02-12
1986;Melodie;Vernier;Melodie.Vernier@yopmail.com;1990-06-18
1987;Elora;Iiette;Elora.Iiette@yopmail.com;1988-03-24
1988;Lulita;Nadia;Lulita.Nadia@yopmail.com;1919-07-27
1989;Krystle;Paton;Krystle.Paton@yopmail.com;1930-10-14
1990;Bibby;Viddah;Bibby.Viddah@yopmail.com;1933-10-12
1991;Ketti;Junie;Ketti.Junie@yopmail.com;1901-09-28
1992;Halette;Bennie;Halette.Bennie@yopmail.com;1989-10-20
1993;Elena;Melan;Elena.Melan@yopmail.com;1966-09-13
1994;Tatiania;Stacy;Tatiania.Stacy@yopmail.com;1953-10-07
1995;Aeriela;Ventre;Aeriela.Ventre@yopmail.com;2017-01-13
1996;Laure;Izaak;Laure.Izaak@yopmail.com;1954-09-18
1997;Ekaterina;Nicoline;Ekaterina.Nicoline@yopmail.com;1924-07-28
1998;Ernesta;Amasa;Ernesta.Amasa@yopmail.com;1941-05-28
1999;Monika;Neva;Monika.Neva@yopmail.com;1918-08-27