id;firstname;lastname;email;Field Name
1000;Mallory;Syd;Mallory.Syd@yopmail.com;2004-08-07
1001;Carmencita;Lindemann;Carmencita.Lindemann@yopmail.com;1900-12-07
1002;Ronna;Quinn;Ronna.Quinn@yopmail.com;1912-11-13
1003;Hettie;Stoller;Hettie.Stoller@yopmail.com;2008-10-18
1004;Johna;Payson;Johna.Payson@yopmail.com;1935-12-06
1005;Ruthe;Leary;Ruthe.Leary@yopmail.com;1916-06-15
1006;Perry;Bates;Perry.Bates@yopmail.com;2009-12-12
1007;Adelle;Rad;Adelle.Rad@yopmail.com;1947-03-30
1008;Sara-Ann;Donell;Sara-Ann.Donell@yopmail.com;1956-05-26
1009;Meriel;Loeb;Meriel.Loeb@yopmail.com;1914-08-11
1010;Kathy;Forrer;Kathy.Forrer@yopmail.com;1986-04-10
1011;June;Georgy;June.Georgy@yopmail.com;1963-05-07
1012;Adriana;Fairweather;Adriana.Fairweather@yopmail.com;1960-02-12
1013;Sidoney;Stephie;Sidoney.Stephie@yopmail.com;1931-06-23
1014;Christy;Iiette;Christy.Iiette@yopmail.com;1959-03-23
1015;Nickie;Grosz;Nickie.Grosz@yopmail.com;1983-05-03
1016;Aurore;Eliathas;Aurore.Eliathas@yopmail.com;1956-10-17
1017;Olwen;Tybald;Olwen.Tybald@yopmail.com;1968-11-17
1018;Sheelagh;Leopold;Sheelagh.Leopold@yopmail.com;2012-08-25
1019;Leeanne;Euridice;Leeanne.Euridice@yopmail.com;1907-12-26
1020;Demetris;Halla;Demetris.Halla@yopmail.com;2015-10-16
1021;Roz;Kannry;Roz.Kannry@yopmail.com;1908-05-20
1022;Joleen;Kermit;Joleen.Kermit@yopmail.com;1964-10-16
1023;Hermione;Moina;Hermione.Moina@yopmail.com;1964-05-29
1024;Winifred;Estella;Winifred.Estella@yopmail.com;2001-08-30
1025;Dione;Ranjiv;Dione.Ranjiv@yopmail.com;1917-08-13
1026;Elbertina;Thar;Elbertina.Thar@yopmail.com;1962-09-11
1027;Collen;Chaing;Collen.Chaing@yopmail.com;2005-10-11
1028;Kalina;Jehu;Kalina.Jehu@yopmail.com;1966-10-29
1029;Kimmy;Uird;Kimmy.Uird@yopmail.com;1970-10-19
1030;Dyann;Ranjiv;Dyann.Ranjiv@yopmail.com;1921-07-11
1031;Karolina;Lowry;Karolina.Lowry@yopmail.com;1977-04-06
1032;Fayre;Laverne;Fayre.Laverne@yopmail.com;1920-05-08
1033;Adelle;Boehike;Adelle.Boehike@yopmail.com;1993-03-01
1034;Liana;Brodench;Liana.Brodench@yopmail.com;1930-02-28
1035;Hannis;Danby;Hannis.Danby@yopmail.com;1900-01-31
1036;Teddie;Alva;Teddie.Alva@yopmail.com;2008-11-24
1037;Bibby;Joni;Bibby.Joni@yopmail.com;1994-12-22
1038;Helena;Daveta;Helena.Daveta@yopmail.com;1935-07-01
1039;Tatiania;Havens;Tatiania.Havens@yopmail.com;1998-03-12
1040;Latisha;Dash;Latisha.Dash@yopmail.com;1999-05-22
1041;Steffane;Sawtelle;Steffane.Sawtelle@yopmail.com;1977-11-27
1042;Ardys;Tarrant;Ardys.Tarrant@yopmail.com;1964-11-26
1043;Phylis;Chinua;Phylis.Chinua@yopmail.com;1995-02-02
1044;Mignon;Elisha;Mignon.Elisha@yopmail.com;1904-02-08
1045;Kial;Lasley;Kial.Lasley@yopmail.com;1909-09-15
1046;Gretal;Valoniah;Gretal.Valoniah@yopmail.com;1963-06-05
1047;Wanda;Odell;Wanda.Odell@yopmail.com;1930-12-11
1048;Mathilda;Kauppi;Mathilda.Kauppi@yopmail.com;2015-09-01
1049;Eugine;Ambrosia;Eugine.Ambrosia@yopmail.com;1925-12-15
1050;Farrah;Gale;Farrah.Gale@yopmail.com;1906-06-03
1051;Vonny;Seligman;Vonny.Seligman@yopmail.com;1957-01-05
1052;Mariann;Rheingold;Mariann.Rheingold@yopmail.com;1930-03-29
1053;Linet;Quent;Linet.Quent@yopmail.com;1924-02-27
1054;Lindie;Delacourt;Lindie.Delacourt@yopmail.com;1911-07-19
1055;Dawn;Atonsah;Dawn.Atonsah@yopmail.com;1944-03-16
1056;Monika;Ingra;Monika.Ingra@yopmail.com;1915-02-27
1057;Gertrud;Phaidra;Gertrud.Phaidra@yopmail.com;1958-03-25
1058;Carolina;Lamoree;Carolina.Lamoree@yopmail.com;1980-03-20
1059;Penelopa;Bertold;Penelopa.Bertold@yopmail.com;1907-03-04
1060;Eugine;Bluh;Eugine.Bluh@yopmail.com;1952-09-17
1061;Ginnie;Malina;Ginnie.Malina@yopmail.com;1954-07-06
1062;Eugine;Parette;Eugine.Parette@yopmail.com;1963-09-18
1063;Marylou;Darrell;Marylou.Darrell@yopmail.com;1990-06-28
1064;Trudie;Dahlia;Trudie.Dahlia@yopmail.com;1974-12-31
1065;Marcelline;Chrystel;Marcelline.Chrystel@yopmail.com;1969-06-27
1066;Gusty;Septima;Gusty.Septima@yopmail.com;1936-08-04
1067;Belinda;Wildermuth;Belinda.Wildermuth@yopmail.com;1936-12-18
1068;Emelina;Phi;Emelina.Phi@yopmail.com;1902-03-11
1069;Myriam;Diann;Myriam.Diann@yopmail.com;1982-08-12
1070;Charlena;Fancie;Charlena.Fancie@yopmail.com;1941-11-20
1071;Rhoda;Carri;Rhoda.Carri@yopmail.com;1906-07-19
1072;Kalina;Noam;Kalina.Noam@yopmail.com;2004-03-14
1073;Eve;Kannry;Eve.Kannry@yopmail.com;1905-08-03
1074;Edee;Salvidor;Edee.Salvidor@yopmail.com;1939-08-02
1075;Angela;Richers;Angela.Richers@yopmail.com;1907-09-12
1076;Amara;Sandye;Amara.Sandye@yopmail.com;1982-06-29
1077;Sean;Muriel;Sean.Muriel@yopmail.com;1963-07-27
1078;Ana;Presber;Ana.Presber@yopmail.com;1938-09-22
1079;Bobbi;Fairweather;Bobbi.Fairweather@yopmail.com;1948-07-07
1080;Johna;Adlare;Johna.Adlare@yopmail.com;2008-04-05
1081;Gilligan;Longfellow;Gilligan.Longfellow@yopmail.com;1988-06-14
1082;Lorie;Ruvolo;Lorie.Ruvolo@yopmail.com;1906-03-13
1083;Tilly;Cleavland;Tilly.Cleavland@yopmail.com;1922-12-26
1084;Katleen;Gombach;Katleen.Gombach@yopmail.com;1942-10-31
1085;Barbara;Kermit;Barbara.Kermit@yopmail.com;1987-12-22
1086;Gaylene;Briney;Gaylene.Briney@yopmail.com;1939-10-22
1087;Collen;Gunn;Collen.Gunn@yopmail.com;1919-06-01
1088;Lynea;Oscar;Lynea.Oscar@yopmail.com;2001-07-24
1089;Leia;Meli;Leia.Meli@yopmail.com;2018-02-06
1090;Liana;Lalitta;Liana.Lalitta@yopmail.com;2006-05-07
1091;Violet;Francene;Violet.Francene@yopmail.com;1955-10-11
1092;Rani;Sprage;Rani.Sprage@yopmail.com;1970-03-05
1093;Mahalia;Lucienne;Mahalia.Lucienne@yopmail.com;1928-12-12
1094;Tracey;Kirstin;Tracey.Kirstin@yopmail.com;2011-02-26
1095;Oralee;Byrne;Oralee.Byrne@yopmail.com;1932-04-18
1096;Ann-Marie;Mauer;Ann-Marie.Mauer@yopmail.com;2001-08-09
1097;Caressa;Schwejda;Caressa.Schwejda@yopmail.com;1903-11-18
1098;Dorice;Jagir;Dorice.Jagir@yopmail.com;1928-10-24
1099;Rubie;Toffic;Rubie.Toffic@yopmail.com;2015-12-21
1100;Kassey;Lareena;Kassey.Lareena@yopmail.com;1932-07-03
1101;Mariann;Franza;Mariann.Franza@yopmail.com;1973-11-01
1102;Phylis;Isidore;Phylis.Isidore@yopmail.com;2007-04-11
1103;Marti;Henebry;Marti.Henebry@yopmail.com;2016-04-03
1104;Deane;Nerita;Deane.Nerita@yopmail.com;1904-10-20
1105;Jessamyn;Laurianne;Jessamyn.Laurianne@yopmail.com;1983-03-03
1106;Kaia;Paine;Kaia.Paine@yopmail.com;1974-12-04
1107;Elfreda;Dichy;Elfreda.Dichy@yopmail.com;1962-01-09
1108;Augustine;Robertson;Augustine.Robertson@yopmail.com;1944-01-22
1109;Kimberley;Gladstone;Kimberley.Gladstone@yopmail.com;1963-03-25
1110;Paola;Chapland;Paola.Chapland@yopmail.com;2015-08-29
1111;Lilith;Nea;Lilith.Nea@yopmail.com;1965-12-30
1112;Chloris;Frendel;Chloris.Frendel@yopmail.com;1997-12-29
1113;Marinna;Maurine;Marinna.Maurine@yopmail.com;1951-09-28
1114;Gabriellia;Zamora;Gabriellia.Zamora@yopmail.com;1931-08-13
1115;Jillayne;Delacourt;Jillayne.Delacourt@yopmail.com;1921-04-09
1116;Fernande;Gino;Fernande.Gino@yopmail.com;1995-01-26
1117;Candi;Ball;Candi.Ball@yopmail.com;1980-09-24
1118;Binny;Camden;Binny.Camden@yopmail.com;1964-02-02
1119;Adele;August;Adele.August@yopmail.com;1951-07-13
1120;Odessa;Cleavland;Odessa.Cleavland@yopmail.com;1997-11-16
1121;Penelopa;Colp;Penelopa.Colp@yopmail.com;2003-09-23
1122;Shel;Ricarda;Shel.Ricarda@yopmail.com;2016-01-09
1123;Kathy;Wattenberg;Kathy.Wattenberg@yopmail.com;2016-11-19
1124;Marita;Curren;Marita.Curren@yopmail.com;1914-02-03
1125;Gavrielle;Jerald;Gavrielle.Jerald@yopmail.com;1923-07-25
1126;Zsa Zsa;Cecile;Zsa Zsa.Cecile@yopmail.com;1984-02-29
1127;Minne;Cleavland;Minne.Cleavland@yopmail.com;1973-11-03
1128;Phylis;Mozelle;Phylis.Mozelle@yopmail.com;1907-06-25
1129;Harrietta;Klemperer;Harrietta.Klemperer@yopmail.com;1965-06-19
1130;Siana;Leler;Siana.Leler@yopmail.com;1973-03-24
1131;Lucy;Prouty;Lucy.Prouty@yopmail.com;1954-05-16
1132;Elyssa;Gahl;Elyssa.Gahl@yopmail.com;1962-02-01
1133;Allyce;Colbert;Allyce.Colbert@yopmail.com;1906-03-01
1134;Verla;Rurik;Verla.Rurik@yopmail.com;1978-04-21
1135;Marleah;Suzetta;Marleah.Suzetta@yopmail.com;2004-08-07
1136;Dominga;Stacy;Dominga.Stacy@yopmail.com;2014-09-27
1137;Eve;Christine;Eve.Christine@yopmail.com;1976-08-01
1138;Josephine;Tamsky;Josephine.Tamsky@yopmail.com;1988-06-11
1139;Karly;Arley;Karly.Arley@yopmail.com;1900-09-24
1140;Yolane;Standing;Yolane.Standing@yopmail.com;1940-01-06
1141;Juliane;Bari;Juliane.Bari@yopmail.com;2005-02-28
1142;Shannah;Valoniah;Shannah.Valoniah@yopmail.com;1947-11-14
1143;Ardeen;Uird;Ardeen.Uird@yopmail.com;1920-06-05
1144;Nonnah;Lilas;Nonnah.Lilas@yopmail.com;1995-09-16
1145;Anthia;Ailyn;Anthia.Ailyn@yopmail.com;1960-12-06
1146;Carmencita;Eliathas;Carmencita.Eliathas@yopmail.com;2016-07-11
1147;Devina;Dosia;Devina.Dosia@yopmail.com;1918-09-05
1148;Theodora;Garrison;Theodora.Garrison@yopmail.com;1971-08-21
1149;Genovera;Mayeda;Genovera.Mayeda@yopmail.com;1991-05-14
1150;Arabel;Lymann;Arabel.Lymann@yopmail.com;1921-09-29
1151;Gabriellia;Alfons;Gabriellia.Alfons@yopmail.com;1908-08-03
1152;Sadie;Henrie;Sadie.Henrie@yopmail.com;1943-07-12
1153;Philis;Regan;Philis.Regan@yopmail.com;1984-01-21
1154;Drucie;Nea;Drucie.Nea@yopmail.com;1968-11-25
1155;Orelia;Lewes;Orelia.Lewes@yopmail.com;1960-10-31
1156;Kial;Colyer;Kial.Colyer@yopmail.com;2019-01-16
1157;Ethel;Wolfgram;Ethel.Wolfgram@yopmail.com;1969-07-16
1158;Madeleine;Kenney;Madeleine.Kenney@yopmail.com;1944-02-09
1159;Aaren;Ashok;Aaren.Ashok@yopmail.com;2016-01-19
1160;Nessie;Lynn;Nessie.Lynn@yopmail.com;1983-06-17
1161;Daryl;Nore;Daryl.Nore@yopmail.com;2011-08-05
1162;Elie;Erb;Elie.Erb@yopmail.com;1982-06-10
1163;Penelopa;Nahum;Penelopa.Nahum@yopmail.com;1931-06-30
1164;Ethel;MacIntosh;Ethel.MacIntosh@yopmail.com;1987-09-18
1165;Willetta;Presber;Willetta.Presber@yopmail.com;1932-04-26
1166;Gusella;Aaberg;Gusella.Aaberg@yopmail.com;1973-01-12
1167;Albertina;Sparhawk;Albertina.Sparhawk@yopmail.com;2006-07-24
1168;Cacilie;Letsou;Cacilie.Letsou@yopmail.com;1930-03-22
1169;Selia;Brackely;Selia.Brackely@yopmail.com;1906-02-05
1170;Valera;Magnolia;Valera.Magnolia@yopmail.com;1904-11-09
1171;Dotty;Cordi;Dotty.Cordi@yopmail.com;2003-03-11
1172;Jobi;Chem;Jobi.Chem@yopmail.com;2000-01-11
1173;Jobi;Edvard;Jobi.Edvard@yopmail.com;2016-12-06
1174;Elyssa;Serilda;Elyssa.Serilda@yopmail.com;1933-09-27
1175;Livvyy;Dulciana;Livvyy.Dulciana@yopmail.com;1938-11-01
1176;Helena;Kiersten;Helena.Kiersten@yopmail.com;1974-11-20
1177;Goldie;Katrine;Goldie.Katrine@yopmail.com;1923-01-06
1178;Corly;Thornburg;Corly.Thornburg@yopmail.com;1976-08-30
1179;Jan;Firmin;Jan.Firmin@yopmail.com;1971-07-06
1180;Celene;Sundin;Celene.Sundin@yopmail.com;1938-08-03
1181;Georgina;Vittoria;Georgina.Vittoria@yopmail.com;1923-08-08
1182;Averyl;Fry;Averyl.Fry@yopmail.com;1968-03-20
1183;Maye;Roche;Maye.Roche@yopmail.com;1900-11-02
1184;Ardenia;Raama;Ardenia.Raama@yopmail.com;1981-06-18
1185;Elka;August;Elka.August@yopmail.com;1931-10-12
1186;Sibella;Ciro;Sibella.Ciro@yopmail.com;1985-11-19
1187;Nikki;Orpah;Nikki.Orpah@yopmail.com;1973-12-11
1188;Jennica;Sandye;Jennica.Sandye@yopmail.com;2009-10-06
1189;Sara-Ann;Lauraine;Sara-Ann.Lauraine@yopmail.com;1999-02-22
1190;Melisent;Juan;Melisent.Juan@yopmail.com;1921-10-18
1191;Vivia;Norvol;Vivia.Norvol@yopmail.com;1915-04-02
1192;Amelia;Keelia;Amelia.Keelia@yopmail.com;1918-01-15
1193;Mellicent;Kinnard;Mellicent.Kinnard@yopmail.com;1954-06-19
1194;Andeee;Florina;Andeee.Florina@yopmail.com;2016-11-14
1195;Ronna;Cullin;Ronna.Cullin@yopmail.com;2011-04-29
1196;Althea;Poppy;Althea.Poppy@yopmail.com;2016-08-26
1197;Olwen;Alabaster;Olwen.Alabaster@yopmail.com;1928-11-08
1198;Elora;Obed;Elora.Obed@yopmail.com;1946-11-15
1199;Jasmina;Oriana;Jasmina.Oriana@yopmail.com;1973-02-27
1200;Gwenneth;Guildroy;Gwenneth.Guildroy@yopmail.com;1992-01-26
1201;Ilse;Fabiola;Ilse.Fabiola@yopmail.com;1914-12-06
1202;Pearline;Tristram;Pearline.Tristram@yopmail.com;1940-02-23
1203;Roberta;Sparhawk;Roberta.Sparhawk@yopmail.com;2013-03-20
1204;Kimberley;Kussell;Kimberley.Kussell@yopmail.com;1900-02-01
1205;Adore;Hortensia;Adore.Hortensia@yopmail.com;1977-10-04
1206;Ann-Marie;Adalbert;Ann-Marie.Adalbert@yopmail.com;1920-06-03
1207;Michaelina;Astra;Michaelina.Astra@yopmail.com;2012-10-14
1208;Ursulina;Reinke;Ursulina.Reinke@yopmail.com;1999-04-27
1209;Sybille;Hutchison;Sybille.Hutchison@yopmail.com;1919-04-10
1210;Mady;Zola;Mady.Zola@yopmail.com;1911-02-20
1211;Bill;Kare;Bill.Kare@yopmail.com;1942-03-17
1212;Lory;Annabella;Lory.Annabella@yopmail.com;1904-05-08
1213;Jean;Truc;Jean.Truc@yopmail.com;1914-02-11
1214;Shel;Ferrell;Shel.Ferrell@yopmail.com;1921-04-19
1215;Ottilie;Trey;Ottilie.Trey@yopmail.com;1990-11-02
1216;Dotty;Bibi;Dotty.Bibi@yopmail.com;1961-03-20
1217;Kristan;Peti;Kristan.Peti@yopmail.com;1997-06-13
1218;Margarette;Hortensia;Margarette.Hortensia@yopmail.com;1959-12-10
1219;Darlleen;Cordi;Darlleen.Cordi@yopmail.com;1903-03-07
1220;Sue;Olympium;Sue.Olympium@yopmail.com;1916-06-20
1221;Wilma;Noelyn;Wilma.Noelyn@yopmail.com;1946-11-22
1222;Katharina;Beniamino;Katharina.Beniamino@yopmail.com;1966-10-27
1223;Misha;Shuler;Misha.Shuler@yopmail.com;1907-07-07
1224;Xylina;Vanni;Xylina.Vanni@yopmail.com;1914-07-30
1225;Ottilie;Vorster;Ottilie.Vorster@yopmail.com;1923-09-26
1226;Katuscha;Rosalba;Katuscha.Rosalba@yopmail.com;1975-10-23
1227;Annaliese;Hurley;Annaliese.Hurley@yopmail.com;1983-02-12
1228;Vevay;Pierette;Vevay.Pierette@yopmail.com;2004-07-19
1229;Pollyanna;Alarise;Pollyanna.Alarise@yopmail.com;1914-05-31
1230;Ira;Ries;Ira.Ries@yopmail.com;1926-06-12
1231;Elie;McAdams;Elie.McAdams@yopmail.com;1909-07-01
1232;Alia;Callista;Alia.Callista@yopmail.com;1988-11-24
1233;Vinita;Center;Vinita.Center@yopmail.com;1981-03-25
1234;Eolanda;Eliathas;Eolanda.Eliathas@yopmail.com;1981-11-26
1235;Rosaline;Janene;Rosaline.Janene@yopmail.com;1952-04-18
1236;Annaliese;Lutero;Annaliese.Lutero@yopmail.com;2019-08-12
1237;Christian;Gilmour;Christian.Gilmour@yopmail.com;1999-08-30
1238;Florencia;Thad;Florencia.Thad@yopmail.com;1901-03-23
1239;Paulita;Teddman;Paulita.Teddman@yopmail.com;1923-12-20
1240;Theodora;Rona;Theodora.Rona@yopmail.com;1972-08-14
1241;Libbie;Chinua;Libbie.Chinua@yopmail.com;1989-01-23
1242;Micheline;Firmin;Micheline.Firmin@yopmail.com;1972-07-29
1243;Michaelina;Schonfeld;Michaelina.Schonfeld@yopmail.com;1910-01-29
1244;Annecorinne;Koziara;Annecorinne.Koziara@yopmail.com;1911-08-07
1245;Kittie;Oster;Kittie.Oster@yopmail.com;1971-07-30
1246;Xylina;Tamsky;Xylina.Tamsky@yopmail.com;2000-02-07
1247;Tabbatha;Truc;Tabbatha.Truc@yopmail.com;1981-04-19
1248;Codie;Tomasina;Codie.Tomasina@yopmail.com;1947-02-02
1249;Brena;Dash;Brena.Dash@yopmail.com;1920-01-30
1250;Kaja;Quinn;Kaja.Quinn@yopmail.com;1947-03-20
1251;Mildrid;Love;Mildrid.Love@yopmail.com;2005-09-15
1252;Lucy;Hunfredo;Lucy.Hunfredo@yopmail.com;1920-02-26
1253;Sam;Pond;Sam.Pond@yopmail.com;1956-01-01
1254;Karena;Tippets;Karena.Tippets@yopmail.com;2008-07-07
1255;Dode;Ashely;Dode.Ashely@yopmail.com;1936-09-15
1256;Talya;Andrel;Talya.Andrel@yopmail.com;1968-09-22
1257;Olivette;Zeeba;Olivette.Zeeba@yopmail.com;1906-08-24
1258;Dione;Gaulin;Dione.Gaulin@yopmail.com;1905-07-30
1259;Lacie;Caitlin;Lacie.Caitlin@yopmail.com;1945-11-03
1260;Marylou;Janene;Marylou.Janene@yopmail.com;1982-02-18
1261;Annice;Emmaline;Annice.Emmaline@yopmail.com;1991-08-27
1262;Ariela;Stephie;Ariela.Stephie@yopmail.com;1973-06-07
1263;Viki;Corabella;Viki.Corabella@yopmail.com;2015-04-01
1264;Modestia;Montgomery;Modestia.Montgomery@yopmail.com;1945-08-15
1265;Althea;Blake;Althea.Blake@yopmail.com;1910-10-08
1266;Berta;Raama;Berta.Raama@yopmail.com;1927-01-15
1267;Vivia;Gilmour;Vivia.Gilmour@yopmail.com;1914-05-11
1268;Tina;Fennessy;Tina.Fennessy@yopmail.com;1906-04-22
1269;Robbi;Weide;Robbi.Weide@yopmail.com;1970-06-19
1270;Rochette;Adrienne;Rochette.Adrienne@yopmail.com;1901-08-07
1271;Georgina;Remmer;Georgina.Remmer@yopmail.com;1944-07-03
1272;Edee;Stav;Edee.Stav@yopmail.com;1944-12-02
1273;Sadie;Rebecka;Sadie.Rebecka@yopmail.com;1925-12-22
1274;Tersina;Saint;Tersina.Saint@yopmail.com;1903-05-14
1275;Adelle;Bakerman;Adelle.Bakerman@yopmail.com;2004-02-03
1276;Stacey;Wareing;Stacey.Wareing@yopmail.com;2002-11-08
1277;Theodora;Minetta;Theodora.Minetta@yopmail.com;1952-06-29
1278;Daryl;Voletta;Daryl.Voletta@yopmail.com;1925-06-16
1279;Alia;Junie;Alia.Junie@yopmail.com;1986-06-18
1280;Frances;Dorcy;Frances.Dorcy@yopmail.com;1980-07-18
1281;Jasmina;Latini;Jasmina.Latini@yopmail.com;1986-10-26
1282;Melisent;Mendez;Melisent.Mendez@yopmail.com;1900-10-29
1283;Wileen;Gahl;Wileen.Gahl@yopmail.com;1949-03-18
1284;Marinna;Chapland;Marinna.Chapland@yopmail.com;1940-06-25
1285;Fina;Corrine;Fina.Corrine@yopmail.com;1924-06-22
1286;Odessa;Goth;Odessa.Goth@yopmail.com;1983-04-06
1287;Melodie;Palocz;Melodie.Palocz@yopmail.com;1977-12-29
1288;Danny;Pitt;Danny.Pitt@yopmail.com;2002-07-25
1289;Diena;Bebe;Diena.Bebe@yopmail.com;2017-04-10
1290;Shirlee;Oster;Shirlee.Oster@yopmail.com;1986-06-01
1291;Cathie;Clara;Cathie.Clara@yopmail.com;1957-07-04
1292;Lanae;Gemini;Lanae.Gemini@yopmail.com;1973-10-18
1293;Lorie;Klotz;Lorie.Klotz@yopmail.com;1902-08-20
1294;Arlena;Wenda;Arlena.Wenda@yopmail.com;1977-10-04
1295;Letizia;Granoff;Letizia.Granoff@yopmail.com;1984-04-20
1296;Chere;Rosalba;Chere.Rosalba@yopmail.com;1924-11-22
1297;Lorne;Tillford;Lorne.Tillford@yopmail.com;1907-02-01
1298;Carmela;Rubie;Carmela.Rubie@yopmail.com;1971-06-09
1299;Jan;Schwejda;Jan.Schwejda@yopmail.com;1985-10-07
1300;Leia;Pyle;Leia.Pyle@yopmail.com;2018-01-09
1301;Wendi;Shields;Wendi.Shields@yopmail.com;1957-07-10
1302;Sidoney;Linehan;Sidoney.Linehan@yopmail.com;1954-08-13
1303;Kimmy;Charmine;Kimmy.Charmine@yopmail.com;1972-04-29
1304;Maisey;Halsey;Maisey.Halsey@yopmail.com;1998-09-21
1305;Beatriz;Alrich;Beatriz.Alrich@yopmail.com;2009-01-31
1306;Tybie;Fredi;Tybie.Fredi@yopmail.com;1922-12-05
1307;Celisse;Dawkins;Celisse.Dawkins@yopmail.com;1908-03-31
1308;Consuela;Casimir;Consuela.Casimir@yopmail.com;1984-02-09
1309;Carilyn;Dimitris;Carilyn.Dimitris@yopmail.com;2012-04-04
1310;Atlanta;Blase;Atlanta.Blase@yopmail.com;1906-05-30
1311;Katleen;Kazimir;Katleen.Kazimir@yopmail.com;1902-09-19
1312;Consuela;Munn;Consuela.Munn@yopmail.com;1922-12-30
1313;Maurene;Bohlin;Maurene.Bohlin@yopmail.com;1957-02-18
1314;Hollie;Leary;Hollie.Leary@yopmail.com;1907-09-05
1315;Elora;Edee;Elora.Edee@yopmail.com;1989-01-01
1316;Gusty;Valoniah;Gusty.Valoniah@yopmail.com;1963-05-16
1317;Cindelyn;Goerke;Cindelyn.Goerke@yopmail.com;1900-09-16
1318;Fanchon;Alabaster;Fanchon.Alabaster@yopmail.com;1900-03-30
1319;Farrah;Mandler;Farrah.Mandler@yopmail.com;1989-07-13
1320;Cecile;Prober;Cecile.Prober@yopmail.com;1996-03-01
1321;Bernardine;Peg;Bernardine.Peg@yopmail.com;1981-12-05
1322;Marsiella;Thilda;Marsiella.Thilda@yopmail.com;1922-03-25
1323;Mildrid;Artie;Mildrid.Artie@yopmail.com;1966-05-15
1324;Carilyn;Marisa;Carilyn.Marisa@yopmail.com;1981-12-25
1325;Genevra;Hepsibah;Genevra.Hepsibah@yopmail.com;1966-10-24
1326;Lorie;Wandie;Lorie.Wandie@yopmail.com;1952-08-20
1327;Hope;Faust;Hope.Faust@yopmail.com;1928-08-25
1328;Jillayne;Eliathas;Jillayne.Eliathas@yopmail.com;2012-03-22
1329;June;Imelida;June.Imelida@yopmail.com;1909-09-29
1330;Annecorinne;Abram;Annecorinne.Abram@yopmail.com;1953-05-30
1331;Jenda;Nedrud;Jenda.Nedrud@yopmail.com;1989-11-03
1332;Nannie;Niles;Nannie.Niles@yopmail.com;1944-08-03
1333;Harmonia;Toffic;Harmonia.Toffic@yopmail.com;1957-04-24
1334;Maridel;Olin;Maridel.Olin@yopmail.com;1909-03-01
1335;Marinna;Engdahl;Marinna.Engdahl@yopmail.com;1971-08-26
1336;Dotty;Blisse;Dotty.Blisse@yopmail.com;1944-08-12
1337;Florie;Santoro;Florie.Santoro@yopmail.com;1980-02-28
1338;Audrie;Cadmar;Audrie.Cadmar@yopmail.com;1945-02-21
1339;Winny;Velick;Winny.Velick@yopmail.com;1917-04-13
1340;Laurene;Madaih;Laurene.Madaih@yopmail.com;1959-04-25
1341;Kore;Lauraine;Kore.Lauraine@yopmail.com;2010-09-01
1342;Althea;Maurine;Althea.Maurine@yopmail.com;1903-11-13
1343;Betta;Himelman;Betta.Himelman@yopmail.com;1921-09-10
1344;Ezmeralda;Reneta;Ezmeralda.Reneta@yopmail.com;1910-11-30
1345;Oona;Creamer;Oona.Creamer@yopmail.com;1936-08-05
1346;Karolina;Rocray;Karolina.Rocray@yopmail.com;1942-02-05
1347;Kittie;Craggie;Kittie.Craggie@yopmail.com;2017-02-03
1348;Cristine;Roxanna;Cristine.Roxanna@yopmail.com;1906-03-29
1349;Fina;Orelee;Fina.Orelee@yopmail.com;2010-03-12
1350;Lila;Hedve;Lila.Hedve@yopmail.com;1907-04-20
1351;Sandie;Mehalek;Sandie.Mehalek@yopmail.com;2016-12-20
1352;Farrah;Tryck;Farrah.Tryck@yopmail.com;1980-11-02
1353;Mellicent;Mitzi;Mellicent.Mitzi@yopmail.com;1900-12-26
1354;Dorene;Oster;Dorene.Oster@yopmail.com;1963-01-16
1355;Betta;Screens;Betta.Screens@yopmail.com;1973-01-20
1356;Berget;Vernier;Berget.Vernier@yopmail.com;1904-08-28
1357;Cassandra;Yorick;Cassandra.Yorick@yopmail.com;2004-06-05
1358;Merry;Alwin;Merry.Alwin@yopmail.com;1916-02-18
1359;Bettine;Krystle;Bettine.Krystle@yopmail.com;1964-02-05
1360;Heida;Kress;Heida.Kress@yopmail.com;1936-07-17
1361;Hope;Lane;Hope.Lane@yopmail.com;1942-07-14
1362;Evita;Geffner;Evita.Geffner@yopmail.com;2011-01-28
1363;Molli;Ries;Molli.Ries@yopmail.com;1954-06-11
1364;Ayn;Pattin;Ayn.Pattin@yopmail.com;1946-06-24
1365;Roberta;Hurley;Roberta.Hurley@yopmail.com;2010-11-04
1366;Clary;Destinee;Clary.Destinee@yopmail.com;1934-01-18
1367;Odessa;Skurnik;Odessa.Skurnik@yopmail.com;1936-11-26
1368;Veda;Heidt;Veda.Heidt@yopmail.com;2003-05-31
1369;Michaelina;Campball;Michaelina.Campball@yopmail.com;1990-06-04
1370;Chandra;Bultman;Chandra.Bultman@yopmail.com;2017-03-16
1371;Vere;Vale;Vere.Vale@yopmail.com;1972-11-24
1372;Elmira;Hoenack;Elmira.Hoenack@yopmail.com;2016-10-09
1373;Evaleen;Delila;Evaleen.Delila@yopmail.com;1984-10-21
1374;Modestia;Rebecka;Modestia.Rebecka@yopmail.com;1953-10-24
1375;Moyna;Bettine;Moyna.Bettine@yopmail.com;1956-10-21
1376;Candy;Annabella;Candy.Annabella@yopmail.com;2007-04-25
1377;Caryl;Korey;Caryl.Korey@yopmail.com;1916-03-16
1378;Marinna;Moseley;Marinna.Moseley@yopmail.com;1995-05-09
1379;Gabriellia;Old;Gabriellia.Old@yopmail.com;1901-02-28
1380;Lita;Goode;Lita.Goode@yopmail.com;1934-08-01
1381;Marcy;Markman;Marcy.Markman@yopmail.com;1949-09-12
1382;Ezmeralda;Ventre;Ezmeralda.Ventre@yopmail.com;1957-08-23
1383;Britte;Gunn;Britte.Gunn@yopmail.com;1944-05-27
1384;Zia;Harriman;Zia.Harriman@yopmail.com;1985-08-16
1385;Tomasina;Rozanna;Tomasina.Rozanna@yopmail.com;1994-03-24
1386;Glenda;Westphal;Glenda.Westphal@yopmail.com;1988-08-09
1387;Tiffie;Dawkins;Tiffie.Dawkins@yopmail.com;2001-02-03
1388;Morganica;Amethist;Morganica.Amethist@yopmail.com;1921-08-12
1389;Ana;Lutero;Ana.Lutero@yopmail.com;1912-09-04
1390;Emylee;Wu;Emylee.Wu@yopmail.com;1938-06-30
1391;Leeanne;Rosalba;Leeanne.Rosalba@yopmail.com;1931-06-25
1392;Karolina;Colbert;Karolina.Colbert@yopmail.com;1992-02-08
1393;Christy;Ahab;Christy.Ahab@yopmail.com;2018-06-21
1394;Eolanda;Elephus;Eolanda.Elephus@yopmail.com;1998-01-17
1395;Susette;Sacken;Susette.Sacken@yopmail.com;1989-10-02
1396;Lelah;Pip;Lelah.Pip@yopmail.com;2011-10-09
1397;Dorene;Suzetta;Dorene.Suzetta@yopmail.com;1913-08-07
1398;Corene;Burkle;Corene.Burkle@yopmail.com;1961-07-03
1399;Nyssa;Lissi;Nyssa.Lissi@yopmail.com;1918-01-04
1400;Dominga;Odell;Dominga.Odell@yopmail.com;1916-09-06
1401;Pamella;Zuzana;Pamella.Zuzana@yopmail.com;1994-04-09
1402;Vonny;Kronfeld;Vonny.Kronfeld@yopmail.com;1931-05-21
1403;Johna;Lauraine;Johna.Lauraine@yopmail.com;1925-06-10
1404;Marline;Kinnard;Marline.Kinnard@yopmail.com;1919-11-05
1405;Ermengarde;Prober;Ermengarde.Prober@yopmail.com;1954-06-18
1406;Lenna;Kolnick;Lenna.Kolnick@yopmail.com;2012-11-17
1407;Maurene;Bluh;Maurene.Bluh@yopmail.com;1952-03-31
1408;Nanete;Zamora;Nanete.Zamora@yopmail.com;2006-05-31
1409;Tressa;Drus;Tressa.Drus@yopmail.com;1940-06-26
1410;Pamella;Vittoria;Pamella.Vittoria@yopmail.com;1966-12-28
1411;Lolita;Sperling;Lolita.Sperling@yopmail.com;1949-11-16
1412;Estell;Terrence;Estell.Terrence@yopmail.com;1965-01-01
1413;Vonny;Ventre;Vonny.Ventre@yopmail.com;1956-02-04
1414;Averyl;Rese;Averyl.Rese@yopmail.com;1901-05-19
1415;Barbi;Marcellus;Barbi.Marcellus@yopmail.com;1947-06-10
1416;Silvana;Delp;Silvana.Delp@yopmail.com;1971-06-13
1417;Valera;Hachmin;Valera.Hachmin@yopmail.com;1965-04-15
1418;Madelle;Ax;Madelle.Ax@yopmail.com;1981-04-08
1419;Wynne;Burch;Wynne.Burch@yopmail.com;1952-06-22
1420;Amara;Weide;Amara.Weide@yopmail.com;2000-10-28
1421;Brianna;Cleo;Brianna.Cleo@yopmail.com;1974-10-07
1422;Ardenia;Herrera;Ardenia.Herrera@yopmail.com;1985-10-25
1423;Beverley;Old;Beverley.Old@yopmail.com;1972-06-11
1424;Roz;Lemuela;Roz.Lemuela@yopmail.com;1983-12-31
1425;Anallese;Berne;Anallese.Berne@yopmail.com;1936-11-18
1426;Merry;Cavan;Merry.Cavan@yopmail.com;2008-04-11
1427;Elvira;Rebecka;Elvira.Rebecka@yopmail.com;1934-07-22
1428;Roberta;Pip;Roberta.Pip@yopmail.com;2019-03-26
1429;Edith;Lunsford;Edith.Lunsford@yopmail.com;1983-04-03
1430;Coral;Soneson;Coral.Soneson@yopmail.com;1908-01-08
1431;Noelle;Rossner;Noelle.Rossner@yopmail.com;1995-03-18
1432;Lita;Burch;Lita.Burch@yopmail.com;2009-08-23
1433;Fina;Si;Fina.Si@yopmail.com;1967-12-19
1434;Daune;Fitzsimmons;Daune.Fitzsimmons@yopmail.com;1953-08-30
1435;Evita;Friede;Evita.Friede@yopmail.com;1999-08-02
1436;Genovera;Cadmar;Genovera.Cadmar@yopmail.com;2004-09-20
1437;Amelia;Gaulin;Amelia.Gaulin@yopmail.com;1985-12-16
1438;June;Arquit;June.Arquit@yopmail.com;1972-11-27
1439;Leeanne;Schwejda;Leeanne.Schwejda@yopmail.com;2018-10-17
1440;Elena;Buttaro;Elena.Buttaro@yopmail.com;1915-12-01
1441;Rozele;Gladstone;Rozele.Gladstone@yopmail.com;1915-02-20
1442;Fidelia;Tufts;Fidelia.Tufts@yopmail.com;2007-05-08
1443;Keelia;Therine;Keelia.Therine@yopmail.com;1940-09-27
1444;Charissa;Sasnett;Charissa.Sasnett@yopmail.com;1970-02-15
1445;Briney;Ailyn;Briney.Ailyn@yopmail.com;1917-05-02
1446;Mariann;Anyah;Mariann.Anyah@yopmail.com;1956-05-19
1447;Josephine;Krystle;Josephine.Krystle@yopmail.com;1940-05-09
1448;Elie;Zrike;Elie.Zrike@yopmail.com;1962-12-08
1449;Tracey;Estella;Tracey.Estella@yopmail.com;2002-07-08
1450;Steffane;Hebner;Steffane.Hebner@yopmail.com;1907-07-11
1451;Cathyleen;Atcliffe;Cathyleen.Atcliffe@yopmail.com;1986-10-12
1452;Blinni;Corrine;Blinni.Corrine@yopmail.com;1969-09-04
1453;Roslyn;Tarrant;Roslyn.Tarrant@yopmail.com;1918-01-07
1454;Mireielle;Ahab;Mireielle.Ahab@yopmail.com;1961-02-06
1455;Tori;Sheedy;Tori.Sheedy@yopmail.com;1926-04-20
1456;Camile;Eben;Camile.Eben@yopmail.com;1949-02-01
1457;Consuela;Dannye;Consuela.Dannye@yopmail.com;1951-08-07
1458;Alia;Tillford;Alia.Tillford@yopmail.com;2003-07-02
1459;Cyndie;Morehouse;Cyndie.Morehouse@yopmail.com;1941-05-23
1460;Emma;Bouchard;Emma.Bouchard@yopmail.com;1918-01-31
1461;Jan;Seagraves;Jan.Seagraves@yopmail.com;1981-09-14
1462;Etta;Vivle;Etta.Vivle@yopmail.com;1905-04-25
1463;Estell;Tyson;Estell.Tyson@yopmail.com;1951-08-09
1464;Linet;Cleo;Linet.Cleo@yopmail.com;2004-01-31
1465;Merci;Thad;Merci.Thad@yopmail.com;1925-06-07
1466;Helsa;Mayeda;Helsa.Mayeda@yopmail.com;1903-07-17
1467;Ingrid;Masao;Ingrid.Masao@yopmail.com;1989-02-14
1468;Rivalee;Olnee;Rivalee.Olnee@yopmail.com;1966-09-17
1469;Beth;Ulphia;Beth.Ulphia@yopmail.com;2016-11-10
1470;Rosanne;Marden;Rosanne.Marden@yopmail.com;2005-06-17
1471;Nonnah;Japeth;Nonnah.Japeth@yopmail.com;1905-06-02
1472;Maud;Raama;Maud.Raama@yopmail.com;1951-06-13
1473;Linet;Brunell;Linet.Brunell@yopmail.com;1993-02-27
1474;Adelle;Kendrick;Adelle.Kendrick@yopmail.com;1913-05-23
1475;Constance;Henebry;Constance.Henebry@yopmail.com;1966-09-28
1476;Veda;Halsey;Veda.Halsey@yopmail.com;1946-06-27
1477;Lilith;Dawkins;Lilith.Dawkins@yopmail.com;1910-04-02
1478;Farrah;Auberbach;Farrah.Auberbach@yopmail.com;1949-11-18
1479;Darci;Parsaye;Darci.Parsaye@yopmail.com;2000-01-01
1480;Sonni;Sibyls;Sonni.Sibyls@yopmail.com;1905-03-28
1481;Kerrin;Faso;Kerrin.Faso@yopmail.com;2004-10-18
1482;Tracey;Yam;Tracey.Yam@yopmail.com;2006-12-06
1483;Janenna;Socha;Janenna.Socha@yopmail.com;2000-01-21
1484;Alyssa;Yate;Alyssa.Yate@yopmail.com;1927-07-10
1485;Mariele;Mullane;Mariele.Mullane@yopmail.com;2004-08-10
1486;Lizzie;Alisia;Lizzie.Alisia@yopmail.com;1928-03-22
1487;June;Roxanna;June.Roxanna@yopmail.com;1967-06-26
1488;Jsandye;Sidonius;Jsandye.Sidonius@yopmail.com;1928-05-13
1489;Luci;Rosemary;Luci.Rosemary@yopmail.com;1957-01-27
1490;Rori;Lucienne;Rori.Lucienne@yopmail.com;2019-07-20
1491;Shauna;Glovsky;Shauna.Glovsky@yopmail.com;1999-10-17
1492;Lesly;Olnee;Lesly.Olnee@yopmail.com;1932-10-06
1493;Estell;Stav;Estell.Stav@yopmail.com;1951-09-13
1494;Sashenka;Ball;Sashenka.Ball@yopmail.com;2009-05-03
1495;Agnese;Cohdwell;Agnese.Cohdwell@yopmail.com;1964-08-29
1496;Ketti;Beniamino;Ketti.Beniamino@yopmail.com;1986-06-23
1497;Therine;Eugenia;Therine.Eugenia@yopmail.com;1945-12-27
1498;Oona;Delacourt;Oona.Delacourt@yopmail.com;1971-11-22
1499;Cissiee;Mozelle;Cissiee.Mozelle@yopmail.com;1900-10-24
1500;Jemie;Kiersten;Jemie.Kiersten@yopmail.com;1954-01-28
1501;Atlanta;Avi;Atlanta.Avi@yopmail.com;2011-03-11
1502;Marinna;Tacye;Marinna.Tacye@yopmail.com;1957-12-30
1503;Miquela;Adrienne;Miquela.Adrienne@yopmail.com;1942-05-16
1504;Natka;Danby;Natka.Danby@yopmail.com;1971-10-20
1505;Paulita;Euridice;Paulita.Euridice@yopmail.com;1933-08-25
1506;Pearline;Milde;Pearline.Milde@yopmail.com;1944-12-09
1507;Maurene;Allina;Maurene.Allina@yopmail.com;1943-12-22
1508;Wendi;Alarise;Wendi.Alarise@yopmail.com;1906-05-20
1509;Laure;Anyah;Laure.Anyah@yopmail.com;1963-12-25
1510;Tatiania;Santoro;Tatiania.Santoro@yopmail.com;1909-09-18
1511;Bill;Honoria;Bill.Honoria@yopmail.com;1997-03-22
1512;Karly;Beebe;Karly.Beebe@yopmail.com;1982-07-11
1513;Yolane;Linskey;Yolane.Linskey@yopmail.com;1954-07-01
1514;Genevra;Dorine;Genevra.Dorine@yopmail.com;1936-04-30
1515;Andeee;Lorenz;Andeee.Lorenz@yopmail.com;2018-07-17
1516;Morganica;Thornburg;Morganica.Thornburg@yopmail.com;1998-02-12
1517;Perry;Avi;Perry.Avi@yopmail.com;1925-04-27
1518;Brynna;Joni;Brynna.Joni@yopmail.com;2017-01-16
1519;Cristabel;Lattie;Cristabel.Lattie@yopmail.com;1916-11-24
1520;Nadine;Lay;Nadine.Lay@yopmail.com;1976-04-26
1521;Corina;Nicoline;Corina.Nicoline@yopmail.com;1951-10-12
1522;Sybille;Kellby;Sybille.Kellby@yopmail.com;1934-01-04
1523;Dania;Pettiford;Dania.Pettiford@yopmail.com;1996-06-13
1524;Raina;Greenwald;Raina.Greenwald@yopmail.com;1933-01-20
1525;Jobi;LaRue;Jobi.LaRue@yopmail.com;1941-01-30
1526;Dacia;Bennie;Dacia.Bennie@yopmail.com;1944-01-05
1527;Deane;Munn;Deane.Munn@yopmail.com;1964-03-09
1528;Edee;Havens;Edee.Havens@yopmail.com;1979-02-11
1529;Alisha;Freddi;Alisha.Freddi@yopmail.com;1920-08-10
1530;Katleen;Belldas;Katleen.Belldas@yopmail.com;1923-10-05
1531;Leanna;Burch;Leanna.Burch@yopmail.com;1958-07-09
1532;Carlie;Cleo;Carlie.Cleo@yopmail.com;1929-10-25
1533;Althea;Redmond;Althea.Redmond@yopmail.com;2018-01-22
1534;Eadie;Newell;Eadie.Newell@yopmail.com;1949-05-26
1535;Caryl;Decato;Caryl.Decato@yopmail.com;1957-11-15
1536;Vivia;Karl;Vivia.Karl@yopmail.com;1973-10-13
1537;Kirstin;Kevon;Kirstin.Kevon@yopmail.com;1984-04-19
1538;Nelle;Soneson;Nelle.Soneson@yopmail.com;1935-07-28
1539;Taffy;Holtz;Taffy.Holtz@yopmail.com;1958-03-29
1540;Dari;MacIntosh;Dari.MacIntosh@yopmail.com;2003-02-16
1541;Alex;Brian;Alex.Brian@yopmail.com;1964-10-28
1542;Carolina;Stav;Carolina.Stav@yopmail.com;1927-12-23
1543;Nonnah;Morehouse;Nonnah.Morehouse@yopmail.com;2009-06-16
1544;Konstance;Kristi;Konstance.Kristi@yopmail.com;1961-01-09
1545;Jsandye;Salvidor;Jsandye.Salvidor@yopmail.com;1970-11-23
1546;Georgina;Riordan;Georgina.Riordan@yopmail.com;1950-03-21
1547;Winifred;Reneta;Winifred.Reneta@yopmail.com;1966-06-10
1548;Kylynn;Trace;Kylynn.Trace@yopmail.com;1903-08-28
1549;Eadie;Ranjiv;Eadie.Ranjiv@yopmail.com;1972-07-13
1550;Lusa;Odell;Lusa.Odell@yopmail.com;2010-07-10
1551;Karolina;Jacinda;Karolina.Jacinda@yopmail.com;1985-09-18
1552;Leontine;Sibyls;Leontine.Sibyls@yopmail.com;2016-12-27
1553;Asia;Cyrie;Asia.Cyrie@yopmail.com;1992-06-12
1554;Sheelagh;Lareena;Sheelagh.Lareena@yopmail.com;1958-08-07
1555;Addia;Lea;Addia.Lea@yopmail.com;1913-01-24
1556;Lenna;Dulciana;Lenna.Dulciana@yopmail.com;2011-12-03
1557;Chloris;Boehike;Chloris.Boehike@yopmail.com;1954-07-10
1558;Goldie;Pelagias;Goldie.Pelagias@yopmail.com;1990-06-17
1559;Gisela;Kare;Gisela.Kare@yopmail.com;1951-12-01
1560;Sean;Drus;Sean.Drus@yopmail.com;1985-12-29
1561;Micheline;Leffen;Micheline.Leffen@yopmail.com;1987-08-28
1562;Feliza;Pitt;Feliza.Pitt@yopmail.com;1999-09-12
1563;Danika;Fabiola;Danika.Fabiola@yopmail.com;1986-09-02
1564;Yolane;Denis;Yolane.Denis@yopmail.com;1903-07-02
1565;Zia;Old;Zia.Old@yopmail.com;1914-06-03
1566;Robbi;Halsey;Robbi.Halsey@yopmail.com;1942-07-27
1567;Mahalia;Esmaria;Mahalia.Esmaria@yopmail.com;1988-05-11
1568;Peri;Desai;Peri.Desai@yopmail.com;1914-10-02
1569;Mara;Solitta;Mara.Solitta@yopmail.com;1966-09-04
1570;Janenna;Pip;Janenna.Pip@yopmail.com;1925-12-12
1571;Fina;Ulphia;Fina.Ulphia@yopmail.com;2005-07-20
1572;Ezmeralda;Fosque;Ezmeralda.Fosque@yopmail.com;1969-07-29
1573;Orelia;Dahlia;Orelia.Dahlia@yopmail.com;2013-09-01
1574;Ann-Marie;Westphal;Ann-Marie.Westphal@yopmail.com;2009-05-19
1575;Aubrie;Jobi;Aubrie.Jobi@yopmail.com;1920-01-02
1576;Hildegaard;Bouchard;Hildegaard.Bouchard@yopmail.com;1907-09-14
1577;Nicoli;Randene;Nicoli.Randene@yopmail.com;1941-09-30
1578;Wynne;Mich;Wynne.Mich@yopmail.com;1915-05-10
1579;Teriann;Shelba;Teriann.Shelba@yopmail.com;1993-08-02
1580;Konstance;Durante;Konstance.Durante@yopmail.com;1906-07-14
1581;Pollyanna;Casimir;Pollyanna.Casimir@yopmail.com;2002-01-29
1582;Britte;Faso;Britte.Faso@yopmail.com;1983-11-29
1583;Rani;Parsaye;Rani.Parsaye@yopmail.com;1938-05-03
1584;Juliane;Tacye;Juliane.Tacye@yopmail.com;2017-08-11
1585;Odessa;Primalia;Odessa.Primalia@yopmail.com;1924-11-26
1586;Vere;Glenden;Vere.Glenden@yopmail.com;2013-04-14
1587;Annice;Lipson;Annice.Lipson@yopmail.com;1935-09-04
1588;Paola;Hoenack;Paola.Hoenack@yopmail.com;1960-11-02
1589;Wilma;Melan;Wilma.Melan@yopmail.com;2003-07-27
1590;Kellen;Damarra;Kellen.Damarra@yopmail.com;1979-09-24
1591;Jeanna;Sekofski;Jeanna.Sekofski@yopmail.com;1907-06-27
1592;Wilma;Girardo;Wilma.Girardo@yopmail.com;1909-12-07
1593;Amara;Kunin;Amara.Kunin@yopmail.com;1907-10-24
1594;Merle;Martguerita;Merle.Martguerita@yopmail.com;2005-12-07
1595;Sara-Ann;Lilas;Sara-Ann.Lilas@yopmail.com;1993-07-27
1596;Evaleen;Larochelle;Evaleen.Larochelle@yopmail.com;1954-11-06
1597;Millie;Timon;Millie.Timon@yopmail.com;2006-08-14
1598;Britte;Calhoun;Britte.Calhoun@yopmail.com;1968-01-04
1599;Arlina;Burkle;Arlina.Burkle@yopmail.com;1992-03-08
1600;Madelle;Grobe;Madelle.Grobe@yopmail.com;1906-06-25
1601;Lucille;Destinee;Lucille.Destinee@yopmail.com;1988-04-11
1602;Dyann;Leonard;Dyann.Leonard@yopmail.com;1955-01-08
1603;Nicoli;Gaynor;Nicoli.Gaynor@yopmail.com;1986-10-27
1604;Lindie;Orelee;Lindie.Orelee@yopmail.com;1909-04-27
1605;Priscilla;Melan;Priscilla.Melan@yopmail.com;1984-08-24
1606;Ruthe;Bord;Ruthe.Bord@yopmail.com;1938-01-30
1607;Damaris;Seumas;Damaris.Seumas@yopmail.com;1901-05-22
1608;Sophia;Stoller;Sophia.Stoller@yopmail.com;2018-02-15
1609;Joy;Rosemary;Joy.Rosemary@yopmail.com;1949-09-22
1610;Merry;Sabella;Merry.Sabella@yopmail.com;1975-11-06
1611;Marline;Jorgan;Marline.Jorgan@yopmail.com;1949-08-12
1612;Jillayne;Rocray;Jillayne.Rocray@yopmail.com;1910-03-01
1613;Daune;Huggins;Daune.Huggins@yopmail.com;1909-12-16
1614;Meghann;Kirstin;Meghann.Kirstin@yopmail.com;1937-07-24
1615;Miquela;Lunsford;Miquela.Lunsford@yopmail.com;1933-07-09
1616;Christian;Stefa;Christian.Stefa@yopmail.com;1935-01-07
1617;Bobinette;Stav;Bobinette.Stav@yopmail.com;1937-03-16
1618;Petronia;Nore;Petronia.Nore@yopmail.com;1943-12-10
1619;Marylou;Dowski;Marylou.Dowski@yopmail.com;2018-05-31
1620;Malina;Connelly;Malina.Connelly@yopmail.com;1908-08-12
1621;Madelle;Pacorro;Madelle.Pacorro@yopmail.com;1990-09-15
1622;Emilia;Yate;Emilia.Yate@yopmail.com;1962-10-12
1623;Sybille;Valoniah;Sybille.Valoniah@yopmail.com;1950-07-20
1624;Sam;Letsou;Sam.Letsou@yopmail.com;1982-06-03
1625;Sadie;Elephus;Sadie.Elephus@yopmail.com;1963-02-02
1626;Bobbi;Salvidor;Bobbi.Salvidor@yopmail.com;1972-01-06
1627;Miquela;Christine;Miquela.Christine@yopmail.com;1957-08-03
1628;Corene;Minetta;Corene.Minetta@yopmail.com;1909-09-07
1629;Letizia;Marcellus;Letizia.Marcellus@yopmail.com;1945-11-18
1630;Kate;Richers;Kate.Richers@yopmail.com;2001-08-31
1631;Harrietta;Gherardo;Harrietta.Gherardo@yopmail.com;1931-12-18
1632;Mellicent;Anderea;Mellicent.Anderea@yopmail.com;1984-02-27
1633;Beth;Paine;Beth.Paine@yopmail.com;1953-11-13
1634;Tatiania;Jacobah;Tatiania.Jacobah@yopmail.com;1928-10-16
1635;Ivett;Clie;Ivett.Clie@yopmail.com;1904-10-29
1636;Millie;Eldrid;Millie.Eldrid@yopmail.com;1989-02-20
1637;Corly;Cosenza;Corly.Cosenza@yopmail.com;1987-02-05
1638;June;Kravits;June.Kravits@yopmail.com;1990-05-19
1639;Annice;Jefferey;Annice.Jefferey@yopmail.com;1920-12-01
1640;Lory;Rogerio;Lory.Rogerio@yopmail.com;1996-07-10
1641;Shirlee;Hathaway;Shirlee.Hathaway@yopmail.com;2007-06-01
1642;Mariann;Seagraves;Mariann.Seagraves@yopmail.com;1950-04-21
1643;Gabi;An;Gabi.An@yopmail.com;1974-10-15
1644;Nananne;Sheedy;Nananne.Sheedy@yopmail.com;1923-11-14
1645;Raina;Lemuela;Raina.Lemuela@yopmail.com;1912-06-13
1646;Corly;Angelis;Corly.Angelis@yopmail.com;1980-07-29
1647;Kerrin;Dorine;Kerrin.Dorine@yopmail.com;1970-10-29
1648;Dale;Briney;Dale.Briney@yopmail.com;1942-08-17
1649;Gisela;Georas;Gisela.Georas@yopmail.com;1998-02-05
1650;Yvonne;Adalbert;Yvonne.Adalbert@yopmail.com;1907-10-28
1651;Nikki;Yuille;Nikki.Yuille@yopmail.com;1942-06-29
1652;Claudina;Rooney;Claudina.Rooney@yopmail.com;1981-08-08
1653;Luci;Rogerio;Luci.Rogerio@yopmail.com;1989-06-01
1654;Hyacinthe;Dearborn;Hyacinthe.Dearborn@yopmail.com;1929-02-13
1655;Wynne;McNully;Wynne.McNully@yopmail.com;1913-08-18
1656;Arlina;Zuzana;Arlina.Zuzana@yopmail.com;1988-02-03
1657;Daphne;Hull;Daphne.Hull@yopmail.com;1983-02-06
1658;Codie;Pearse;Codie.Pearse@yopmail.com;1981-05-01
1659;Raquela;Lattie;Raquela.Lattie@yopmail.com;1903-03-11
1660;Micheline;Rheingold;Micheline.Rheingold@yopmail.com;1969-12-24
1661;Verla;Slifka;Verla.Slifka@yopmail.com;1903-05-07
1662;Kaia;Concha;Kaia.Concha@yopmail.com;1914-01-26
1663;Elyssa;Durware;Elyssa.Durware@yopmail.com;2011-05-07
1664;Beth;Torray;Beth.Torray@yopmail.com;1954-10-06
1665;Rosaline;Bartlett;Rosaline.Bartlett@yopmail.com;1966-02-12
1666;Lolita;Erb;Lolita.Erb@yopmail.com;2005-12-03
1667;Cassondra;Caitlin;Cassondra.Caitlin@yopmail.com;1902-05-04
1668;Dari;Melan;Dari.Melan@yopmail.com;2013-07-07
1669;Nanete;Teddman;Nanete.Teddman@yopmail.com;1961-09-22
1670;Isa;Ardra;Isa.Ardra@yopmail.com;1980-11-04
1671;Joleen;Abbot;Joleen.Abbot@yopmail.com;1923-04-20
1672;Amalie;Tippets;Amalie.Tippets@yopmail.com;1984-09-12
1673;Kate;Ogren;Kate.Ogren@yopmail.com;1935-06-01
1674;Renae;Harday;Renae.Harday@yopmail.com;1917-07-28
1675;Ottilie;Monk;Ottilie.Monk@yopmail.com;1964-04-08
1676;Esmeralda;Granoff;Esmeralda.Granoff@yopmail.com;1929-02-11
1677;Philis;Kazimir;Philis.Kazimir@yopmail.com;1984-09-04
1678;Ellette;Bergman;Ellette.Bergman@yopmail.com;1975-01-23
1679;Joy;Belanger;Joy.Belanger@yopmail.com;1919-04-25
1680;Mamie;Roarke;Mamie.Roarke@yopmail.com;2010-07-09
1681;Cristine;Fabiola;Cristine.Fabiola@yopmail.com;1914-07-24
1682;Roseline;Jacqui;Roseline.Jacqui@yopmail.com;1970-05-27
1683;Lanae;Papageno;Lanae.Papageno@yopmail.com;1903-03-30
1684;Tamqrah;Smitt;Tamqrah.Smitt@yopmail.com;1997-03-28
1685;Louella;Chabot;Louella.Chabot@yopmail.com;2007-10-01
1686;Nariko;Clarissa;Nariko.Clarissa@yopmail.com;2015-12-01
1687;Ida;Zetta;Ida.Zetta@yopmail.com;2006-04-03
1688;Bettine;Milson;Bettine.Milson@yopmail.com;1930-06-14
1689;Quintina;Cloris;Quintina.Cloris@yopmail.com;2010-08-20
1690;Angela;Goldina;Angela.Goldina@yopmail.com;1992-08-15
1691;Lynnea;Gert;Lynnea.Gert@yopmail.com;1985-12-26
1692;Christal;Borrell;Christal.Borrell@yopmail.com;1928-12-15
1693;Myrtice;Sacken;Myrtice.Sacken@yopmail.com;2016-06-21
1694;Edyth;Maryanne;Edyth.Maryanne@yopmail.com;1972-08-30
1695;Frances;Vale;Frances.Vale@yopmail.com;1948-03-15
1696;Aurelie;Maxi;Aurelie.Maxi@yopmail.com;1979-12-09
1697;Etta;Ferrell;Etta.Ferrell@yopmail.com;1983-02-01
1698;Elie;Wareing;Elie.Wareing@yopmail.com;1932-03-07
1699;Tori;Rosalba;Tori.Rosalba@yopmail.com;1904-01-06
1700;Cherrita;Ulphia;Cherrita.Ulphia@yopmail.com;1992-10-17
1701;Brynna;Kiyoshi;Brynna.Kiyoshi@yopmail.com;2000-03-14
1702;Rivalee;Goth;Rivalee.Goth@yopmail.com;1969-12-06
1703;Brietta;Chapland;Brietta.Chapland@yopmail.com;2000-09-22
1704;Fred;Manolo;Fred.Manolo@yopmail.com;1934-06-04
1705;Iseabal;Chapland;Iseabal.Chapland@yopmail.com;1918-01-30
1706;Rori;Harday;Rori.Harday@yopmail.com;1992-07-01
1707;Leontine;Xerxes;Leontine.Xerxes@yopmail.com;1908-03-29
1708;Ninnetta;Lipson;Ninnetta.Lipson@yopmail.com;1900-03-31
1709;Addia;Alwin;Addia.Alwin@yopmail.com;1950-08-29
1710;Elka;Erb;Elka.Erb@yopmail.com;1960-01-27
1711;Aubrie;Monaco;Aubrie.Monaco@yopmail.com;1910-10-14
1712;Amelia;Neils;Amelia.Neils@yopmail.com;2005-02-05
1713;Ivett;Mitzi;Ivett.Mitzi@yopmail.com;2000-05-19
1714;Daryl;Nikaniki;Daryl.Nikaniki@yopmail.com;1983-10-21
1715;Brena;Erich;Brena.Erich@yopmail.com;1974-09-23
1716;Robinia;Ardeha;Robinia.Ardeha@yopmail.com;1909-09-06
1717;Betta;Connelly;Betta.Connelly@yopmail.com;1909-04-09
1718;Ardenia;Janene;Ardenia.Janene@yopmail.com;1953-07-22
1719;Emmey;Kimmie;Emmey.Kimmie@yopmail.com;1944-01-02
1720;Roxane;Pip;Roxane.Pip@yopmail.com;1907-06-28
1721;Dagmar;Cohdwell;Dagmar.Cohdwell@yopmail.com;2008-01-16
1722;Verla;Holbrook;Verla.Holbrook@yopmail.com;1985-04-09
1723;Priscilla;Kauppi;Priscilla.Kauppi@yopmail.com;1923-02-04
1724;Katleen;Henebry;Katleen.Henebry@yopmail.com;2014-10-06
1725;Cam;Peti;Cam.Peti@yopmail.com;1985-03-04
1726;Henriette;Mitzi;Henriette.Mitzi@yopmail.com;1918-08-30
1727;Tierney;Kesley;Tierney.Kesley@yopmail.com;1974-01-26
1728;Kylynn;Stefa;Kylynn.Stefa@yopmail.com;1906-06-17
1729;Mariele;Bach;Mariele.Bach@yopmail.com;1961-04-18
1730;Marti;Merat;Marti.Merat@yopmail.com;2000-07-19
1731;Lonnie;Zola;Lonnie.Zola@yopmail.com;1911-10-03
1732;Aeriela;Mandler;Aeriela.Mandler@yopmail.com;1985-02-07
1733;Pearline;Thunell;Pearline.Thunell@yopmail.com;2015-04-19
1734;Maridel;Arne;Maridel.Arne@yopmail.com;1949-10-28
1735;Robbi;Knowling;Robbi.Knowling@yopmail.com;1966-09-24
1736;Brianna;Howlyn;Brianna.Howlyn@yopmail.com;1995-05-21
1737;Gabi;Mintz;Gabi.Mintz@yopmail.com;1968-07-03
1738;Jan;Auberbach;Jan.Auberbach@yopmail.com;1989-06-14
1739;Dede;Barney;Dede.Barney@yopmail.com;1945-07-06
1740;Kathi;Trace;Kathi.Trace@yopmail.com;2015-03-15
1741;Felice;Kiersten;Felice.Kiersten@yopmail.com;2018-01-20
1742;Alejandra;Libna;Alejandra.Libna@yopmail.com;1960-10-09
1743;Sue;Saunderson;Sue.Saunderson@yopmail.com;1917-09-18
1744;Christal;Eldrid;Christal.Eldrid@yopmail.com;1939-12-14
1745;Olwen;Kalinda;Olwen.Kalinda@yopmail.com;2006-11-19
1746;Tami;Libna;Tami.Libna@yopmail.com;1902-02-16
1747;Dawn;McCutcheon;Dawn.McCutcheon@yopmail.com;1913-10-14
1748;Roxane;Decato;Roxane.Decato@yopmail.com;1984-04-19
1749;Alyda;Hewitt;Alyda.Hewitt@yopmail.com;2011-12-24
1750;Nariko;Keelia;Nariko.Keelia@yopmail.com;2015-02-08
1751;Cyndie;Santoro;Cyndie.Santoro@yopmail.com;1950-01-19
1752;Feliza;Buckler;Feliza.Buckler@yopmail.com;1989-03-08
1753;Kerrin;Quinn;Kerrin.Quinn@yopmail.com;1946-12-26
1754;Asia;Whittaker;Asia.Whittaker@yopmail.com;1976-10-01
1755;Vere;Kenney;Vere.Kenney@yopmail.com;1916-08-19
1756;Doralynne;Koziara;Doralynne.Koziara@yopmail.com;1953-01-26
1757;Allis;Loring;Allis.Loring@yopmail.com;1983-08-30
1758;Aryn;Levey;Aryn.Levey@yopmail.com;1994-04-16
1759;Fanchon;Forrer;Fanchon.Forrer@yopmail.com;1906-03-26
1760;Adelle;Cleavland;Adelle.Cleavland@yopmail.com;1941-06-07
1761;Shandie;Parsaye;Shandie.Parsaye@yopmail.com;2004-09-25
1762;Cassondra;Xerxes;Cassondra.Xerxes@yopmail.com;1924-11-22
1763;Brynna;Seessel;Brynna.Seessel@yopmail.com;1971-11-04
1764;Winifred;Hoban;Winifred.Hoban@yopmail.com;1982-06-09
1765;Karolina;Parette;Karolina.Parette@yopmail.com;1925-12-12
1766;Cacilie;Amand;Cacilie.Amand@yopmail.com;1931-06-08
1767;Zsa Zsa;Desai;Zsa Zsa.Desai@yopmail.com;1963-06-14
1768;Catrina;Desai;Catrina.Desai@yopmail.com;1934-12-10
1769;Tera;Ehrman;Tera.Ehrman@yopmail.com;2007-09-13
1770;Mary;Mike;Mary.Mike@yopmail.com;2017-01-25
1771;Madalyn;Ophelia;Madalyn.Ophelia@yopmail.com;1938-03-03
1772;Meg;Skurnik;Meg.Skurnik@yopmail.com;1982-04-25
1773;Libbie;Stanwood;Libbie.Stanwood@yopmail.com;1972-05-08
1774;Gilda;Shaddock;Gilda.Shaddock@yopmail.com;2019-03-02
1775;Elmira;Lemuela;Elmira.Lemuela@yopmail.com;2013-07-30
1776;Collen;Klemperer;Collen.Klemperer@yopmail.com;1968-06-18
1777;Riannon;Othilia;Riannon.Othilia@yopmail.com;1966-04-11
1778;Aubrie;Artie;Aubrie.Artie@yopmail.com;1916-04-27
1779;Lynnea;Anselmi;Lynnea.Anselmi@yopmail.com;1934-09-14
1780;Liana;Bates;Liana.Bates@yopmail.com;1936-10-06
1781;Letizia;Teryn;Letizia.Teryn@yopmail.com;1943-04-27
1782;Lizzie;Dorcy;Lizzie.Dorcy@yopmail.com;1947-12-03
1783;Heddie;Behre;Heddie.Behre@yopmail.com;1967-03-31
1784;Merrie;Abernon;Merrie.Abernon@yopmail.com;2002-07-10
1785;Jessy;Xerxes;Jessy.Xerxes@yopmail.com;1979-03-12
1786;Violet;Niccolo;Violet.Niccolo@yopmail.com;1982-09-06
1787;Jasmina;Kalinda;Jasmina.Kalinda@yopmail.com;1913-08-28
1788;Giustina;Land;Giustina.Land@yopmail.com;1931-07-23
1789;Tina;Vastah;Tina.Vastah@yopmail.com;1947-07-22
1790;Adriana;Florina;Adriana.Florina@yopmail.com;1965-05-07
1791;Minda;Bandeen;Minda.Bandeen@yopmail.com;1908-02-21
1792;Minda;Laverne;Minda.Laverne@yopmail.com;1912-06-19
1793;Rori;Phaidra;Rori.Phaidra@yopmail.com;1923-11-09
1794;Tarra;Gemini;Tarra.Gemini@yopmail.com;1974-02-16
1795;Juliane;Whittaker;Juliane.Whittaker@yopmail.com;1991-10-26
1796;Ana;Goddard;Ana.Goddard@yopmail.com;1928-04-13
1797;Amii;Aloise;Amii.Aloise@yopmail.com;1999-11-04
1798;Kirbee;O'Rourke;Kirbee.O'Rourke@yopmail.com;1967-11-21
1799;Tobe;Zrike;Tobe.Zrike@yopmail.com;1904-01-15
1800;Georgetta;Neva;Georgetta.Neva@yopmail.com;1975-04-19
1801;Lexine;Lindemann;Lexine.Lindemann@yopmail.com;1936-04-12
1802;Esmeralda;Salvidor;Esmeralda.Salvidor@yopmail.com;2005-09-30
1803;Susette;Haldas;Susette.Haldas@yopmail.com;1904-11-08
1804;Celene;Dermott;Celene.Dermott@yopmail.com;1909-12-15
1805;Morganica;Saunderson;Morganica.Saunderson@yopmail.com;2007-10-03
1806;Edee;Tamsky;Edee.Tamsky@yopmail.com;1935-01-24
1807;Lindie;Ulphia;Lindie.Ulphia@yopmail.com;1952-12-16
1808;Gwyneth;Nea;Gwyneth.Nea@yopmail.com;1911-10-27
1809;Louella;Ajay;Louella.Ajay@yopmail.com;1974-08-01
1810;Selia;Faria;Selia.Faria@yopmail.com;1964-03-21
1811;Susan;Gwenore;Susan.Gwenore@yopmail.com;1989-12-03
1812;Claudina;Abbot;Claudina.Abbot@yopmail.com;1901-01-16
1813;Addia;Pandolfi;Addia.Pandolfi@yopmail.com;1900-06-16
1814;Inga;Sawtelle;Inga.Sawtelle@yopmail.com;1913-08-24
1815;Valeda;Anestassia;Valeda.Anestassia@yopmail.com;1979-05-07
1816;Wanda;Larochelle;Wanda.Larochelle@yopmail.com;1965-02-06
1817;Taffy;Eugenia;Taffy.Eugenia@yopmail.com;1996-06-05
1818;Cyndie;Schlosser;Cyndie.Schlosser@yopmail.com;1973-05-14
1819;Valera;Goode;Valera.Goode@yopmail.com;1983-05-20
1820;Daphne;McAdams;Daphne.McAdams@yopmail.com;1910-09-14
1821;Tierney;Grayce;Tierney.Grayce@yopmail.com;1944-05-11
1822;Jessy;Iaverne;Jessy.Iaverne@yopmail.com;1992-09-21
1823;Annice;Kendrick;Annice.Kendrick@yopmail.com;1987-10-10
1824;Julieta;Terrence;Julieta.Terrence@yopmail.com;1957-08-16
1825;Briney;Ricarda;Briney.Ricarda@yopmail.com;1972-02-27
1826;Neila;Bouchard;Neila.Bouchard@yopmail.com;1917-05-31
1827;Zia;Tayib;Zia.Tayib@yopmail.com;1990-03-04
1828;Jessamyn;Amadas;Jessamyn.Amadas@yopmail.com;2017-07-10
1829;Maye;Elephus;Maye.Elephus@yopmail.com;1934-05-05
1830;Helena;Karna;Helena.Karna@yopmail.com;1997-05-08
1831;Courtnay;Cordi;Courtnay.Cordi@yopmail.com;1980-02-06
1832;Wileen;Anderea;Wileen.Anderea@yopmail.com;1922-02-02
1833;Ottilie;Letsou;Ottilie.Letsou@yopmail.com;1970-10-20
1834;Dari;Hilbert;Dari.Hilbert@yopmail.com;1941-12-14
1835;Violet;Celestine;Violet.Celestine@yopmail.com;1915-02-16
1836;Marguerite;Thunell;Marguerite.Thunell@yopmail.com;1998-01-23
1837;Angela;Braun;Angela.Braun@yopmail.com;2015-01-04
1838;Wendi;Harned;Wendi.Harned@yopmail.com;1957-07-29
1839;Eolanda;Ciapas;Eolanda.Ciapas@yopmail.com;1934-12-20
1840;Orsola;Swanhildas;Orsola.Swanhildas@yopmail.com;2004-08-26
1841;Raina;Sophronia;Raina.Sophronia@yopmail.com;1928-04-17
1842;Kara-Lynn;Marcellus;Kara-Lynn.Marcellus@yopmail.com;1916-07-06
1843;Gloria;Dulciana;Gloria.Dulciana@yopmail.com;1979-01-18
1844;Zsa Zsa;Buttaro;Zsa Zsa.Buttaro@yopmail.com;1990-01-07
1845;Glenda;Persse;Glenda.Persse@yopmail.com;1997-01-22
1846;Halette;Monaco;Halette.Monaco@yopmail.com;1921-02-10
1847;Cordi;Bevin;Cordi.Bevin@yopmail.com;1939-05-03
1848;Nita;Dimitris;Nita.Dimitris@yopmail.com;1963-10-08
1849;Devina;Zeeba;Devina.Zeeba@yopmail.com;2016-12-22
1850;Fidelia;Gower;Fidelia.Gower@yopmail.com;2018-12-31
1851;Jinny;Winthorpe;Jinny.Winthorpe@yopmail.com;1956-03-10
1852;Mallory;Kauppi;Mallory.Kauppi@yopmail.com;1962-05-17
1853;Laurene;Ahab;Laurene.Ahab@yopmail.com;1927-07-06
1854;Emmey;Carey;Emmey.Carey@yopmail.com;1980-11-11
1855;Cassondra;Alabaster;Cassondra.Alabaster@yopmail.com;1977-11-14
1856;Madeleine;Ardeha;Madeleine.Ardeha@yopmail.com;1942-08-14
1857;Veda;Flita;Veda.Flita@yopmail.com;1957-07-25
1858;Sonni;Belldas;Sonni.Belldas@yopmail.com;1980-06-05
1859;Layla;Ehrman;Layla.Ehrman@yopmail.com;1991-07-29
1860;Basia;Jacqui;Basia.Jacqui@yopmail.com;1983-10-17
1861;Agnese;Herrera;Agnese.Herrera@yopmail.com;1962-12-25
1862;Almeta;Modie;Almeta.Modie@yopmail.com;1965-05-10
1863;Mallory;Artie;Mallory.Artie@yopmail.com;1985-04-02
1864;Doro;Jenness;Doro.Jenness@yopmail.com;1919-03-02
1865;Roseline;Behre;Roseline.Behre@yopmail.com;1973-06-17
1866;Sidoney;Grosz;Sidoney.Grosz@yopmail.com;1997-04-28
1867;Devina;Elbertina;Devina.Elbertina@yopmail.com;2001-10-28
1868;Ayn;Simmonds;Ayn.Simmonds@yopmail.com;1983-09-13
1869;Ottilie;Horan;Ottilie.Horan@yopmail.com;1978-04-11
1870;Bill;Beniamino;Bill.Beniamino@yopmail.com;1948-11-30
1871;Tomasina;Maroney;Tomasina.Maroney@yopmail.com;2018-11-19
1872;Carilyn;Truc;Carilyn.Truc@yopmail.com;2018-10-30
1873;Norine;Viddah;Norine.Viddah@yopmail.com;1978-03-23
1874;Janeczka;Rozanna;Janeczka.Rozanna@yopmail.com;1989-03-18
1875;Mathilda;Gibbeon;Mathilda.Gibbeon@yopmail.com;1911-10-25
1876;Estell;Decato;Estell.Decato@yopmail.com;1987-09-24
1877;Daphne;Linehan;Daphne.Linehan@yopmail.com;2006-08-27
1878;Adele;Bertold;Adele.Bertold@yopmail.com;2009-04-18
1879;Tonia;Eliathas;Tonia.Eliathas@yopmail.com;1959-02-06
1880;Sidoney;Gherardo;Sidoney.Gherardo@yopmail.com;1979-07-22
1881;Tatiania;Magnolia;Tatiania.Magnolia@yopmail.com;1934-07-23
1882;Isa;Thomasina;Isa.Thomasina@yopmail.com;1941-01-13
1883;Nanete;Delp;Nanete.Delp@yopmail.com;1969-03-01
1884;Selia;Atcliffe;Selia.Atcliffe@yopmail.com;2002-10-13
1885;Nanete;Bartlett;Nanete.Bartlett@yopmail.com;1928-07-05
1886;Tabbatha;Natalia;Tabbatha.Natalia@yopmail.com;1974-07-11
1887;Jordan;Solitta;Jordan.Solitta@yopmail.com;1962-10-05
1888;Angelique;Bouchard;Angelique.Bouchard@yopmail.com;2005-02-21
1889;Tera;Lorenz;Tera.Lorenz@yopmail.com;1976-04-24
1890;Gerianna;Pierette;Gerianna.Pierette@yopmail.com;1960-05-11
1891;Selma;Chobot;Selma.Chobot@yopmail.com;1990-10-14
1892;Genevra;Hortensia;Genevra.Hortensia@yopmail.com;1914-01-12
1893;Viki;Tacye;Viki.Tacye@yopmail.com;1942-12-24
1894;Sherrie;Tippets;Sherrie.Tippets@yopmail.com;1943-02-12
1895;Barbi;Darrell;Barbi.Darrell@yopmail.com;1949-11-19
1896;Nonnah;Monaco;Nonnah.Monaco@yopmail.com;1941-09-18
1897;Dominga;Carri;Dominga.Carri@yopmail.com;1985-10-28
1898;Angela;Joli;Angela.Joli@yopmail.com;1934-04-09
1899;Aimil;Nea;Aimil.Nea@yopmail.com;1941-09-23
1900;Latisha;Center;Latisha.Center@yopmail.com;1974-10-07
1901;Cyndie;Valoniah;Cyndie.Valoniah@yopmail.com;1983-01-17
1902;Cassondra;Hazlett;Cassondra.Hazlett@yopmail.com;1980-04-02
1903;Teriann;Dorine;Teriann.Dorine@yopmail.com;2017-12-16
1904;Rochette;Konyn;Rochette.Konyn@yopmail.com;1907-01-04
1905;Bernardine;Hessler;Bernardine.Hessler@yopmail.com;1927-08-01
1906;Kalina;Dannye;Kalina.Dannye@yopmail.com;1931-09-02
1907;Danika;Tillford;Danika.Tillford@yopmail.com;1961-01-06
1908;Nerta;Pond;Nerta.Pond@yopmail.com;1971-05-07
1909;Sashenka;Matthew;Sashenka.Matthew@yopmail.com;1923-10-05
1910;Marylou;Madaih;Marylou.Madaih@yopmail.com;1993-07-26
1911;Sheelagh;Harday;Sheelagh.Harday@yopmail.com;1964-04-23
1912;Hope;Dunkin;Hope.Dunkin@yopmail.com;2018-11-19
1913;Josephine;Bryna;Josephine.Bryna@yopmail.com;1994-06-22
1914;Harmonia;Jary;Harmonia.Jary@yopmail.com;1947-01-05
1915;Janeczka;Slifka;Janeczka.Slifka@yopmail.com;1991-11-05
1916;Nita;Prober;Nita.Prober@yopmail.com;1982-11-14
1917;Tybie;Constancy;Tybie.Constancy@yopmail.com;1957-09-11
1918;Taffy;Sherrie;Taffy.Sherrie@yopmail.com;1930-10-24
1919;Libbie;Baylor;Libbie.Baylor@yopmail.com;1981-02-07
1920;Correy;Chaing;Correy.Chaing@yopmail.com;1923-11-05
1921;Theodora;Hewitt;Theodora.Hewitt@yopmail.com;1929-12-05
1922;Jean;Deegan;Jean.Deegan@yopmail.com;2000-09-01
1923;Bobinette;Weaks;Bobinette.Weaks@yopmail.com;2006-09-27
1924;Brena;Schroth;Brena.Schroth@yopmail.com;1900-05-21
1925;Ruthe;Levey;Ruthe.Levey@yopmail.com;2011-02-13
1926;Rochette;Corabella;Rochette.Corabella@yopmail.com;2010-10-12
1927;Farrah;Mintz;Farrah.Mintz@yopmail.com;1960-07-04
1928;Leontine;Daveta;Leontine.Daveta@yopmail.com;1932-02-23
1929;Elbertina;Philoo;Elbertina.Philoo@yopmail.com;1969-04-13
1930;Cyb;Francyne;Cyb.Francyne@yopmail.com;1978-07-01
1931;Daphne;Hedve;Daphne.Hedve@yopmail.com;1973-08-07
1932;Nadine;Brotherson;Nadine.Brotherson@yopmail.com;1922-09-10
1933;Dorice;Artie;Dorice.Artie@yopmail.com;1911-02-11
1934;Misha;Tufts;Misha.Tufts@yopmail.com;1915-10-14
1935;Leontine;Forrer;Leontine.Forrer@yopmail.com;1980-02-12
1936;Alejandra;Peg;Alejandra.Peg@yopmail.com;1904-02-12
1937;Edyth;Brian;Edyth.Brian@yopmail.com;1953-04-25
1938;Flo;Thema;Flo.Thema@yopmail.com;1996-11-10
1939;Lizzie;Payson;Lizzie.Payson@yopmail.com;1951-09-27
1940;Melanie;Kenwood;Melanie.Kenwood@yopmail.com;1965-11-26
1941;Antonietta;Montgomery;Antonietta.Montgomery@yopmail.com;1942-12-29
1942;Deirdre;Ball;Deirdre.Ball@yopmail.com;1956-05-31
1943;Kylynn;Lane;Kylynn.Lane@yopmail.com;2017-07-11
1944;Courtnay;Berard;Courtnay.Berard@yopmail.com;1982-04-26
1945;Grier;Alfons;Grier.Alfons@yopmail.com;1995-12-02
1946;Jorry;Fredi;Jorry.Fredi@yopmail.com;1943-12-16
1947;Mara;Strephon;Mara.Strephon@yopmail.com;2003-09-29
1948;Charmaine;Cimbura;Charmaine.Cimbura@yopmail.com;1982-03-12
1949;Corry;Drus;Corry.Drus@yopmail.com;1971-04-07
1950;Kimberley;Loeb;Kimberley.Loeb@yopmail.com;1937-05-18
1951;Eolanda;Sparhawk;Eolanda.Sparhawk@yopmail.com;1940-06-29
1952;Agathe;Aldric;Agathe.Aldric@yopmail.com;1962-08-14
1953;Shauna;Lindemann;Shauna.Lindemann@yopmail.com;1968-02-14
1954;Robinia;Nea;Robinia.Nea@yopmail.com;1919-12-17
1955;Laurene;Cecile;Laurene.Cecile@yopmail.com;1946-03-28
1956;Ethel;Cleavland;Ethel.Cleavland@yopmail.com;1953-12-15
1957;Perry;Cloris;Perry.Cloris@yopmail.com;2000-11-20
1958;Mallory;Catie;Mallory.Catie@yopmail.com;1912-10-12
1959;Janeczka;Noam;Janeczka.Noam@yopmail.com;2000-04-24
1960;Carilyn;Lenny;Carilyn.Lenny@yopmail.com;1928-03-21
1961;Ingrid;Regan;Ingrid.Regan@yopmail.com;1965-07-20
1962;Karlee;Anis;Karlee.Anis@yopmail.com;1989-07-25
1963;Carilyn;Macey;Carilyn.Macey@yopmail.com;2007-08-10
1964;Natka;Melony;Natka.Melony@yopmail.com;1995-03-10
1965;Alejandra;Darrell;Alejandra.Darrell@yopmail.com;1955-08-04
1966;Corene;Fredi;Corene.Fredi@yopmail.com;1932-01-11
1967;Nelle;Mata;Nelle.Mata@yopmail.com;1973-05-09
1968;Deedee;Lutero;Deedee.Lutero@yopmail.com;1918-02-04
1969;Jackie;Graig;Jackie.Graig@yopmail.com;1949-12-12
1970;Aryn;Chem;Aryn.Chem@yopmail.com;1928-12-26
1971;Bill;Camden;Bill.Camden@yopmail.com;1937-12-23
1972;Britte;Scammon;Britte.Scammon@yopmail.com;1975-10-15
1973;Aili;Hilbert;Aili.Hilbert@yopmail.com;1966-04-03
1974;Malina;Ortrude;Malina.Ortrude@yopmail.com;1996-12-22
1975;Liana;Clarissa;Liana.Clarissa@yopmail.com;2017-07-27
1976;Rhoda;Dudley;Rhoda.Dudley@yopmail.com;1997-03-25
1977;Sheree;Fiester;Sheree.Fiester@yopmail.com;1920-07-20
1978;Emelina;Candy;Emelina.Candy@yopmail.com;2004-07-04
1979;Britni;Billye;Britni.Billye@yopmail.com;1986-08-24
1980;Nollie;Tacye;Nollie.Tacye@yopmail.com;1975-10-30
1981;Tybie;Ietta;Tybie.Ietta@yopmail.com;1947-03-05
1982;Belinda;Chapland;Belinda.Chapland@yopmail.com;1990-10-20
1983;Nonnah;Cookie;Nonnah.Cookie@yopmail.com;1992-05-29
1984;Suzette;Friede;Suzette.Friede@yopmail.com;1952-08-07
1985;Perry;Ietta;Perry.Ietta@yopmail.com;1927-12-13
1986;Estell;Vharat;Estell.Vharat@yopmail.com;1924-01-31
1987;Alie;Palocz;Alie.Palocz@yopmail.com;1949-10-07
1988;Riannon;Gaal;Riannon.Gaal@yopmail.com;1998-02-07
1989;Morganica;Warthman;Morganica.Warthman@yopmail.com;1935-06-25
1990;Orsola;Leffen;Orsola.Leffen@yopmail.com;1952-10-31
1991;Georgetta;Janene;Georgetta.Janene@yopmail.com;2018-10-27
1992;Kial;Kaja;Kial.Kaja@yopmail.com;1973-03-26
1993;Florencia;Erlandson;Florencia.Erlandson@yopmail.com;1906-05-10
1994;Louella;Avi;Louella.Avi@yopmail.com;1973-11-06
1995;Dulce;Zitvaa;Dulce.Zitvaa@yopmail.com;2005-01-10
1996;Lorie;Killigrew;Lorie.Killigrew@yopmail.com;1980-08-07
1997;Janis;Corilla;Janis.Corilla@yopmail.com;1936-06-29
1998;Lilith;Raseda;Lilith.Raseda@yopmail.com;2016-11-07
1999;Feliza;Sothena;Feliza.Sothena@yopmail.com;1948-11-20