id;firstname;lastname;email;Field Name
1000;Chastity;Calhoun;Chastity.Calhoun@yopmail.com;2003-06-26
1001;Dominga;Bates;Dominga.Bates@yopmail.com;1925-03-31
1002;Monika;Candy;Monika.Candy@yopmail.com;1941-03-12
1003;Ketti;Orpah;Ketti.Orpah@yopmail.com;1987-09-29
1004;Marcy;Turne;Marcy.Turne@yopmail.com;1914-06-25
1005;Carlie;Diann;Carlie.Diann@yopmail.com;1977-11-13
1006;Bertine;Kevon;Bertine.Kevon@yopmail.com;1968-02-06
1007;Hope;Chrystel;Hope.Chrystel@yopmail.com;1902-11-26
1008;Alyssa;Fulmer;Alyssa.Fulmer@yopmail.com;1959-11-22
1009;Stacey;Gavrila;Stacey.Gavrila@yopmail.com;1981-12-31
1010;Eugine;Jarib;Eugine.Jarib@yopmail.com;1914-06-21
1011;Tori;Brunell;Tori.Brunell@yopmail.com;1951-05-09
1012;Mara;Uund;Mara.Uund@yopmail.com;1947-02-21
1013;Mariele;Ralfston;Mariele.Ralfston@yopmail.com;1974-05-16
1014;Ayn;Cloris;Ayn.Cloris@yopmail.com;2019-03-05
1015;Aigneis;Amasa;Aigneis.Amasa@yopmail.com;1996-06-26
1016;Deirdre;Tamar;Deirdre.Tamar@yopmail.com;1921-04-28
1017;Jorry;Chesna;Jorry.Chesna@yopmail.com;1956-05-31
1018;Rosanne;Millda;Rosanne.Millda@yopmail.com;1922-03-14
1019;Lacie;Nisbet;Lacie.Nisbet@yopmail.com;1975-02-26
1020;Doro;Cristi;Doro.Cristi@yopmail.com;1945-03-07
1021;Hettie;Wu;Hettie.Wu@yopmail.com;1905-12-28
1022;Nananne;Nedrud;Nananne.Nedrud@yopmail.com;1973-12-01
1023;Oralee;Zeeba;Oralee.Zeeba@yopmail.com;1973-08-21
1024;Nariko;Riva;Nariko.Riva@yopmail.com;2013-12-02
1025;Kellen;Simmonds;Kellen.Simmonds@yopmail.com;1935-03-30
1026;Hermione;Center;Hermione.Center@yopmail.com;1996-12-01
1027;Hyacinthe;Velick;Hyacinthe.Velick@yopmail.com;1977-09-03
1028;Lelah;Percy;Lelah.Percy@yopmail.com;1978-07-22
1029;Carmencita;Matthew;Carmencita.Matthew@yopmail.com;1956-12-17
1030;Arlena;Hachmin;Arlena.Hachmin@yopmail.com;1947-05-13
1031;Charlena;Nikaniki;Charlena.Nikaniki@yopmail.com;1912-09-09
1032;Estell;Brian;Estell.Brian@yopmail.com;1910-11-24
1033;Margarette;Merriott;Margarette.Merriott@yopmail.com;2001-02-09
1034;Nessie;Gert;Nessie.Gert@yopmail.com;2015-05-15
1035;Marjie;Campball;Marjie.Campball@yopmail.com;2018-01-22
1036;Vevay;Iaverne;Vevay.Iaverne@yopmail.com;1932-03-04
1037;Amelia;Ralfston;Amelia.Ralfston@yopmail.com;1969-12-19
1038;Philis;Georgy;Philis.Georgy@yopmail.com;1902-11-14
1039;Ivett;Christine;Ivett.Christine@yopmail.com;1911-08-03
1040;Barbi;Eno;Barbi.Eno@yopmail.com;2006-07-25
1041;Dale;Bluh;Dale.Bluh@yopmail.com;2000-03-12
1042;Perry;Rheingold;Perry.Rheingold@yopmail.com;1941-08-20
1043;Rozele;Jarib;Rozele.Jarib@yopmail.com;1990-05-31
1044;Sissy;Colbert;Sissy.Colbert@yopmail.com;1977-03-03
1045;Kenna;Ajay;Kenna.Ajay@yopmail.com;1967-09-07
1046;Roxane;Evangelia;Roxane.Evangelia@yopmail.com;1955-11-21
1047;Lisette;Haerr;Lisette.Haerr@yopmail.com;1945-02-25
1048;Renae;Regan;Renae.Regan@yopmail.com;1903-05-05
1049;Chere;Cleo;Chere.Cleo@yopmail.com;2004-11-26
1050;Stephanie;Elsinore;Stephanie.Elsinore@yopmail.com;2011-11-02
1051;Devina;Karl;Devina.Karl@yopmail.com;1909-10-07
1052;Ericka;Justinn;Ericka.Justinn@yopmail.com;1942-05-09
1053;Robbi;Hirsch;Robbi.Hirsch@yopmail.com;1921-07-27
1054;Tera;Kendrick;Tera.Kendrick@yopmail.com;1951-05-30
1055;Merle;Sharl;Merle.Sharl@yopmail.com;1932-07-17
1056;Joceline;Zola;Joceline.Zola@yopmail.com;1957-01-17
1057;Dorthy;Dielu;Dorthy.Dielu@yopmail.com;2014-12-14
1058;Jerry;Lilybelle;Jerry.Lilybelle@yopmail.com;1910-06-26
1059;Camile;Giule;Camile.Giule@yopmail.com;1936-06-01
1060;Aeriela;Gunn;Aeriela.Gunn@yopmail.com;1919-08-11
1061;Juliane;Bahr;Juliane.Bahr@yopmail.com;1952-02-20
1062;Lulita;Magnolia;Lulita.Magnolia@yopmail.com;1997-10-04
1063;Cecile;Garrison;Cecile.Garrison@yopmail.com;1956-04-29
1064;Josephine;Oster;Josephine.Oster@yopmail.com;1946-05-02
1065;Hollie;Hoenack;Hollie.Hoenack@yopmail.com;2012-11-15
1066;Rani;Nicoline;Rani.Nicoline@yopmail.com;1956-09-30
1067;Hildegaard;Kathie;Hildegaard.Kathie@yopmail.com;1952-08-14
1068;Maud;Vorster;Maud.Vorster@yopmail.com;1917-02-03
1069;Jasmina;Markman;Jasmina.Markman@yopmail.com;2004-01-07
1070;Dianemarie;Arvo;Dianemarie.Arvo@yopmail.com;2004-11-08
1071;Moyna;Hermes;Moyna.Hermes@yopmail.com;1912-07-05
1072;Caressa;Gaal;Caressa.Gaal@yopmail.com;1995-12-12
1073;Gabriellia;Thar;Gabriellia.Thar@yopmail.com;1933-08-08
1074;Brooks;Dorine;Brooks.Dorine@yopmail.com;1972-12-12
1075;Cassandra;Whittaker;Cassandra.Whittaker@yopmail.com;1966-04-04
1076;Gale;Irmine;Gale.Irmine@yopmail.com;1957-08-16
1077;Katleen;Seumas;Katleen.Seumas@yopmail.com;1929-02-04
1078;Nerta;Kimmie;Nerta.Kimmie@yopmail.com;1987-11-26
1079;Darlleen;Miru;Darlleen.Miru@yopmail.com;1998-12-02
1080;Miquela;Flita;Miquela.Flita@yopmail.com;1923-12-22
1081;Dolli;Pyle;Dolli.Pyle@yopmail.com;1986-11-02
1082;Brooks;Latini;Brooks.Latini@yopmail.com;2010-03-29
1083;Lynde;Jacinda;Lynde.Jacinda@yopmail.com;2000-08-16
1084;Rebeca;Mehalek;Rebeca.Mehalek@yopmail.com;1916-12-26
1085;Maud;Henrie;Maud.Henrie@yopmail.com;1952-05-08
1086;Ivett;Jillane;Ivett.Jillane@yopmail.com;1911-09-19
1087;Kalina;Pozzy;Kalina.Pozzy@yopmail.com;1968-06-08
1088;Jacenta;Cleo;Jacenta.Cleo@yopmail.com;1984-11-17
1089;Elsie;Gaal;Elsie.Gaal@yopmail.com;1971-03-30
1090;Viki;Amethist;Viki.Amethist@yopmail.com;1912-02-01
1091;Alie;Cullin;Alie.Cullin@yopmail.com;2006-11-20
1092;Rebeca;Matthew;Rebeca.Matthew@yopmail.com;1978-05-04
1093;Magdalena;Corilla;Magdalena.Corilla@yopmail.com;1928-07-03
1094;Karena;Carbo;Karena.Carbo@yopmail.com;2005-08-20
1095;Joceline;Suk;Joceline.Suk@yopmail.com;1961-05-31
1096;Yetty;Roarke;Yetty.Roarke@yopmail.com;1983-06-13
1097;Libbie;Anestassia;Libbie.Anestassia@yopmail.com;1906-03-12
1098;Sarette;Markman;Sarette.Markman@yopmail.com;1953-01-24
1099;Ana;Rhu;Ana.Rhu@yopmail.com;1902-08-03
1100;Willetta;Bluh;Willetta.Bluh@yopmail.com;1946-07-31
1101;Emilia;Pearse;Emilia.Pearse@yopmail.com;1998-05-13
1102;Fredericka;Merna;Fredericka.Merna@yopmail.com;2002-04-27
1103;Katleen;Buffum;Katleen.Buffum@yopmail.com;2009-01-03
1104;Emilia;Bahr;Emilia.Bahr@yopmail.com;1970-05-26
1105;Lolita;Fredi;Lolita.Fredi@yopmail.com;1968-11-11
1106;Lenna;Harriman;Lenna.Harriman@yopmail.com;1935-09-06
1107;Rosene;Gordon;Rosene.Gordon@yopmail.com;1914-12-06
1108;Myrtice;Lutero;Myrtice.Lutero@yopmail.com;1913-11-06
1109;Celene;Larochelle;Celene.Larochelle@yopmail.com;2012-01-16
1110;Winny;Bennie;Winny.Bennie@yopmail.com;1980-04-23
1111;Olivette;Constancy;Olivette.Constancy@yopmail.com;1946-10-09
1112;Mathilda;Ogren;Mathilda.Ogren@yopmail.com;1932-01-22
1113;Dorice;Kenney;Dorice.Kenney@yopmail.com;1950-09-02
1114;Rosaline;Plato;Rosaline.Plato@yopmail.com;1988-02-09
1115;Dorice;Junie;Dorice.Junie@yopmail.com;1964-12-29
1116;Theodora;Nicoline;Theodora.Nicoline@yopmail.com;2008-02-15
1117;Britni;Suk;Britni.Suk@yopmail.com;1959-09-15
1118;Gisela;Sundin;Gisela.Sundin@yopmail.com;1930-01-08
1119;Ezmeralda;Rosette;Ezmeralda.Rosette@yopmail.com;1932-12-09
1120;Esmeralda;Drisko;Esmeralda.Drisko@yopmail.com;1996-08-21
1121;Suzette;Hoban;Suzette.Hoban@yopmail.com;1990-02-03
1122;Joceline;Melan;Joceline.Melan@yopmail.com;2013-10-05
1123;Sarette;Ailyn;Sarette.Ailyn@yopmail.com;1922-06-26
1124;Dennie;Alexandr;Dennie.Alexandr@yopmail.com;2016-06-08
1125;Rayna;Caitlin;Rayna.Caitlin@yopmail.com;2003-09-21
1126;Brandise;Maroney;Brandise.Maroney@yopmail.com;1931-08-28
1127;Bernie;Means;Bernie.Means@yopmail.com;1922-06-20
1128;Deirdre;Lemuela;Deirdre.Lemuela@yopmail.com;1954-12-13
1129;Damaris;Elsinore;Damaris.Elsinore@yopmail.com;1916-07-12
1130;Xylina;Wyn;Xylina.Wyn@yopmail.com;1984-12-03
1131;Darci;Concha;Darci.Concha@yopmail.com;1910-07-28
1132;Darci;Berl;Darci.Berl@yopmail.com;2012-03-24
1133;Max;Allare;Max.Allare@yopmail.com;1942-08-31
1134;Concettina;Lasley;Concettina.Lasley@yopmail.com;1929-05-03
1135;Perry;Bord;Perry.Bord@yopmail.com;1987-03-16
1136;Tiffie;Carleen;Tiffie.Carleen@yopmail.com;1901-04-20
1137;Carol-Jean;Carbo;Carol-Jean.Carbo@yopmail.com;1921-06-14
1138;Ketti;Mendez;Ketti.Mendez@yopmail.com;1901-09-27
1139;Loree;Sharl;Loree.Sharl@yopmail.com;1969-01-26
1140;Nessie;Bollay;Nessie.Bollay@yopmail.com;1915-05-21
1141;Janenna;Darian;Janenna.Darian@yopmail.com;1910-02-24
1142;Olwen;Hortensia;Olwen.Hortensia@yopmail.com;1928-03-29
1143;Addia;Phyllis;Addia.Phyllis@yopmail.com;2006-11-20
1144;Gwenneth;Michella;Gwenneth.Michella@yopmail.com;1942-04-21
1145;Nonnah;Ackerley;Nonnah.Ackerley@yopmail.com;1959-10-05
1146;Frank;Herrera;Frank.Herrera@yopmail.com;2017-06-05
1147;Dorene;Reneta;Dorene.Reneta@yopmail.com;1955-12-24
1148;Magdalena;Holtz;Magdalena.Holtz@yopmail.com;1940-02-27
1149;Florencia;Lorenz;Florencia.Lorenz@yopmail.com;2008-04-12
1150;Kimberley;Vins;Kimberley.Vins@yopmail.com;1921-10-10
1151;Annabela;Tristram;Annabela.Tristram@yopmail.com;1942-03-18
1152;Aaren;Taima;Aaren.Taima@yopmail.com;1958-04-24
1153;Danika;Carvey;Danika.Carvey@yopmail.com;1981-05-05
1154;Joelly;Croix;Joelly.Croix@yopmail.com;1935-11-20
1155;Janenna;Halsey;Janenna.Halsey@yopmail.com;1944-08-18
1156;Catharine;Bari;Catharine.Bari@yopmail.com;2010-02-07
1157;Lolita;Gino;Lolita.Gino@yopmail.com;1947-11-13
1158;Anallese;Waldron;Anallese.Waldron@yopmail.com;2003-10-28
1159;Aaren;Graig;Aaren.Graig@yopmail.com;2004-05-24
1160;Jessamyn;Melony;Jessamyn.Melony@yopmail.com;1970-07-02
1161;Philis;LaRue;Philis.LaRue@yopmail.com;1994-06-11
1162;Kimmy;Carolin;Kimmy.Carolin@yopmail.com;1917-09-16
1163;Fidelia;Amethist;Fidelia.Amethist@yopmail.com;1955-04-23
1164;Christal;Lubin;Christal.Lubin@yopmail.com;1943-12-11
1165;Elora;Arley;Elora.Arley@yopmail.com;1946-12-16
1166;Brynna;Wind;Brynna.Wind@yopmail.com;1927-01-25
1167;Oona;Silvan;Oona.Silvan@yopmail.com;1969-07-22
1168;Shaine;Chesna;Shaine.Chesna@yopmail.com;1940-06-29
1169;Brietta;Phaidra;Brietta.Phaidra@yopmail.com;1949-06-08
1170;Madalyn;Ingra;Madalyn.Ingra@yopmail.com;1931-07-11
1171;Wendi;Manolo;Wendi.Manolo@yopmail.com;1946-07-21
1172;Mamie;Sophronia;Mamie.Sophronia@yopmail.com;2001-05-03
1173;Ellette;Jena;Ellette.Jena@yopmail.com;1918-04-13
1174;Melodie;Sothena;Melodie.Sothena@yopmail.com;2005-02-01
1175;Kalina;Hachmin;Kalina.Hachmin@yopmail.com;1962-07-28
1176;Lynea;Joeann;Lynea.Joeann@yopmail.com;1919-01-31
1177;Darlleen;Simmonds;Darlleen.Simmonds@yopmail.com;1910-12-09
1178;Maridel;Hepsibah;Maridel.Hepsibah@yopmail.com;1944-12-08
1179;Adele;Baptlsta;Adele.Baptlsta@yopmail.com;2003-02-25
1180;Gavrielle;Gherardo;Gavrielle.Gherardo@yopmail.com;1923-12-24
1181;Demetris;Poll;Demetris.Poll@yopmail.com;1911-03-17
1182;Jacenta;Milde;Jacenta.Milde@yopmail.com;2014-07-29
1183;Riannon;Madox;Riannon.Madox@yopmail.com;1980-03-20
1184;Damaris;Kristi;Damaris.Kristi@yopmail.com;1966-02-17
1185;Arlina;Ricarda;Arlina.Ricarda@yopmail.com;1901-08-10
1186;Kalina;Corrine;Kalina.Corrine@yopmail.com;1953-05-17
1187;Jemie;Stacy;Jemie.Stacy@yopmail.com;1955-04-07
1188;Evita;Ephrem;Evita.Ephrem@yopmail.com;1973-08-21
1189;Roslyn;Maisey;Roslyn.Maisey@yopmail.com;1938-09-23
1190;Odessa;Anselmi;Odessa.Anselmi@yopmail.com;1924-12-05
1191;Raina;Torray;Raina.Torray@yopmail.com;1984-03-05
1192;Bobinette;Gaal;Bobinette.Gaal@yopmail.com;1979-11-18
1193;Christy;Behre;Christy.Behre@yopmail.com;1985-02-01
1194;Leanna;Zuzana;Leanna.Zuzana@yopmail.com;1917-07-14
1195;Ronna;Salvidor;Ronna.Salvidor@yopmail.com;1986-02-02
1196;Kamilah;Hubert;Kamilah.Hubert@yopmail.com;1946-10-31
1197;Oralee;Ciro;Oralee.Ciro@yopmail.com;1954-05-04
1198;Lonnie;Edmund;Lonnie.Edmund@yopmail.com;1985-11-07
1199;Rozele;Newell;Rozele.Newell@yopmail.com;1911-03-03
1200;Sheree;Colbert;Sheree.Colbert@yopmail.com;1936-04-01
1201;Flo;Valoniah;Flo.Valoniah@yopmail.com;1945-10-29
1202;Marylou;Lymann;Marylou.Lymann@yopmail.com;2012-07-07
1203;Joceline;Robertson;Joceline.Robertson@yopmail.com;1966-03-30
1204;Lily;Kaja;Lily.Kaja@yopmail.com;1924-02-10
1205;Donetta;Ingra;Donetta.Ingra@yopmail.com;1989-07-14
1206;Nonnah;Beebe;Nonnah.Beebe@yopmail.com;1990-10-16
1207;Caryl;Leler;Caryl.Leler@yopmail.com;1927-09-11
1208;Kerrin;Chinua;Kerrin.Chinua@yopmail.com;1913-08-05
1209;Margarette;Zenas;Margarette.Zenas@yopmail.com;1927-03-24
1210;Dode;Isacco;Dode.Isacco@yopmail.com;1917-09-06
1211;Melisent;Lanita;Melisent.Lanita@yopmail.com;1931-01-19
1212;Vevay;Hourigan;Vevay.Hourigan@yopmail.com;1900-09-04
1213;Angelique;Wesle;Angelique.Wesle@yopmail.com;1928-05-07
1214;Natka;Carbo;Natka.Carbo@yopmail.com;1969-09-16
1215;Clarice;Dichy;Clarice.Dichy@yopmail.com;1935-08-11
1216;Caryl;Gibbeon;Caryl.Gibbeon@yopmail.com;1936-07-14
1217;Larine;Jalbert;Larine.Jalbert@yopmail.com;1978-04-29
1218;Natka;Ralfston;Natka.Ralfston@yopmail.com;1914-02-12
1219;Julieta;Socha;Julieta.Socha@yopmail.com;1968-03-20
1220;Alyda;Harday;Alyda.Harday@yopmail.com;1916-01-13
1221;Amelia;Adamsen;Amelia.Adamsen@yopmail.com;2005-11-14
1222;Rosanne;Camden;Rosanne.Camden@yopmail.com;1976-04-22
1223;Shandie;Lattie;Shandie.Lattie@yopmail.com;1914-07-14
1224;Amalie;Teryn;Amalie.Teryn@yopmail.com;1914-02-02
1225;Amara;Septima;Amara.Septima@yopmail.com;1964-02-24
1226;Roxane;Anestassia;Roxane.Anestassia@yopmail.com;1975-03-31
1227;Carol-Jean;Stevy;Carol-Jean.Stevy@yopmail.com;1975-07-26
1228;Candy;Masao;Candy.Masao@yopmail.com;1994-01-07
1229;Hildegaard;Minetta;Hildegaard.Minetta@yopmail.com;2006-11-22
1230;Marline;Margarete;Marline.Margarete@yopmail.com;1995-10-13
1231;Natka;Amethist;Natka.Amethist@yopmail.com;2015-12-28
1232;Janey;Louanna;Janey.Louanna@yopmail.com;1987-12-30
1233;Anestassia;Ellerey;Anestassia.Ellerey@yopmail.com;1989-09-04
1234;Bobbi;Claudine;Bobbi.Claudine@yopmail.com;2007-03-05
1235;Roberta;Laverne;Roberta.Laverne@yopmail.com;1933-08-22
1236;Joceline;Haerr;Joceline.Haerr@yopmail.com;1920-05-17
1237;Morganica;Kristi;Morganica.Kristi@yopmail.com;1918-06-17
1238;Shell;Wadell;Shell.Wadell@yopmail.com;1984-02-28
1239;Aili;Brandice;Aili.Brandice@yopmail.com;2007-06-23
1240;Charmaine;Morrill;Charmaine.Morrill@yopmail.com;1933-08-10
1241;Imojean;Hylan;Imojean.Hylan@yopmail.com;1936-04-20
1242;Alisha;Hillel;Alisha.Hillel@yopmail.com;2001-06-24
1243;Gloria;Fairweather;Gloria.Fairweather@yopmail.com;2012-07-16
1244;Constance;Quent;Constance.Quent@yopmail.com;1910-07-31
1245;Olwen;Jillane;Olwen.Jillane@yopmail.com;1989-09-01
1246;Xylina;Kat;Xylina.Kat@yopmail.com;1911-05-01
1247;Rebeca;Longfellow;Rebeca.Longfellow@yopmail.com;1903-08-26
1248;Ruthe;Wilkinson;Ruthe.Wilkinson@yopmail.com;1919-01-12
1249;Elie;Even;Elie.Even@yopmail.com;1968-01-21
1250;Catharine;Couture;Catharine.Couture@yopmail.com;1957-03-03
1251;Genevra;Joni;Genevra.Joni@yopmail.com;1920-12-19
1252;Joeann;Maurine;Joeann.Maurine@yopmail.com;1969-05-10
1253;Eugine;Estella;Eugine.Estella@yopmail.com;1979-08-17
1254;Luci;Avi;Luci.Avi@yopmail.com;1942-12-07
1255;Joelly;Maisey;Joelly.Maisey@yopmail.com;1978-12-26
1256;Adriana;McClimans;Adriana.McClimans@yopmail.com;2001-06-27
1257;Allyce;Bivins;Allyce.Bivins@yopmail.com;1914-06-12
1258;Christian;Giff;Christian.Giff@yopmail.com;1982-01-27
1259;Etta;Lucienne;Etta.Lucienne@yopmail.com;1984-11-06
1260;Loree;Allare;Loree.Allare@yopmail.com;1951-12-11
1261;Merle;Pacorro;Merle.Pacorro@yopmail.com;1950-06-27
1262;Jackie;Liebermann;Jackie.Liebermann@yopmail.com;1946-01-23
1263;Farrah;Flita;Farrah.Flita@yopmail.com;1977-04-28
1264;Desirae;Liva;Desirae.Liva@yopmail.com;1934-05-19
1265;Delilah;Remmer;Delilah.Remmer@yopmail.com;2014-07-01
1266;Bibby;Marden;Bibby.Marden@yopmail.com;2017-07-02
1267;Aigneis;Hourigan;Aigneis.Hourigan@yopmail.com;1927-06-13
1268;Lelah;Nelsen;Lelah.Nelsen@yopmail.com;1986-02-11
1269;Feliza;Vharat;Feliza.Vharat@yopmail.com;2000-04-28
1270;Kenna;Bashemeth;Kenna.Bashemeth@yopmail.com;1944-12-28
1271;Hannis;Carbo;Hannis.Carbo@yopmail.com;2007-05-26
1272;Gianina;Pillsbury;Gianina.Pillsbury@yopmail.com;1983-07-11
1273;Dorothy;Kronfeld;Dorothy.Kronfeld@yopmail.com;1918-05-17
1274;Reeba;Wooster;Reeba.Wooster@yopmail.com;1987-07-24
1275;Verla;Dalli;Verla.Dalli@yopmail.com;2011-03-07
1276;Merle;Gwenore;Merle.Gwenore@yopmail.com;1943-04-11
1277;Dede;Rosemary;Dede.Rosemary@yopmail.com;1992-09-16
1278;Nollie;Azeria;Nollie.Azeria@yopmail.com;1998-09-23
1279;Christal;Malvino;Christal.Malvino@yopmail.com;1970-11-19
1280;Phedra;Helfand;Phedra.Helfand@yopmail.com;1954-03-28
1281;Aimil;Guthrie;Aimil.Guthrie@yopmail.com;1913-08-02
1282;Marita;Haymes;Marita.Haymes@yopmail.com;1924-03-09
1283;Dale;August;Dale.August@yopmail.com;2001-07-28
1284;Winifred;Natalia;Winifred.Natalia@yopmail.com;1968-05-28
1285;Aimil;Oriana;Aimil.Oriana@yopmail.com;1953-04-07
1286;Mureil;Colp;Mureil.Colp@yopmail.com;1985-03-25
1287;Krystle;Havens;Krystle.Havens@yopmail.com;1913-06-19
1288;Thalia;Secrest;Thalia.Secrest@yopmail.com;1914-12-08
1289;Kaia;Love;Kaia.Love@yopmail.com;1960-07-15
1290;Celestyna;Lauraine;Celestyna.Lauraine@yopmail.com;1957-03-22
1291;Dione;Gino;Dione.Gino@yopmail.com;1932-06-29
1292;Deloria;Buckler;Deloria.Buckler@yopmail.com;1956-08-14
1293;Hayley;Thunell;Hayley.Thunell@yopmail.com;1998-09-08
1294;Monika;Cressida;Monika.Cressida@yopmail.com;1997-03-10
1295;Lacie;Fancie;Lacie.Fancie@yopmail.com;1959-09-17
1296;Ilse;Gabrielli;Ilse.Gabrielli@yopmail.com;1933-11-11
1297;Alejandra;Hartnett;Alejandra.Hartnett@yopmail.com;1922-08-21
1298;Jerry;Lytton;Jerry.Lytton@yopmail.com;1991-07-21
1299;Quintina;Erlandson;Quintina.Erlandson@yopmail.com;1910-08-15
1300;Chrystel;Pip;Chrystel.Pip@yopmail.com;2006-10-21
1301;Karly;Medrek;Karly.Medrek@yopmail.com;1968-03-18
1302;Gerrie;Jerald;Gerrie.Jerald@yopmail.com;2016-01-14
1303;Nikki;Toor;Nikki.Toor@yopmail.com;2001-07-14
1304;Gilda;Kunin;Gilda.Kunin@yopmail.com;1963-08-05
1305;Danny;Noelyn;Danny.Noelyn@yopmail.com;1942-11-11
1306;Devina;Swanhildas;Devina.Swanhildas@yopmail.com;1989-11-25
1307;Anallese;Scammon;Anallese.Scammon@yopmail.com;1906-01-12
1308;Lusa;Georas;Lusa.Georas@yopmail.com;1965-09-28
1309;Orsola;McNully;Orsola.McNully@yopmail.com;1951-02-04
1310;Brianna;Pandolfi;Brianna.Pandolfi@yopmail.com;1959-07-03
1311;Latisha;Modie;Latisha.Modie@yopmail.com;1972-08-02
1312;Marleah;Poll;Marleah.Poll@yopmail.com;1943-05-15
1313;Kaia;Serilda;Kaia.Serilda@yopmail.com;2014-11-22
1314;Starla;Lynn;Starla.Lynn@yopmail.com;1914-09-14
1315;Tori;Helfand;Tori.Helfand@yopmail.com;1905-10-21
1316;Valera;Ardra;Valera.Ardra@yopmail.com;1982-12-14
1317;Krystle;Newell;Krystle.Newell@yopmail.com;1940-01-07
1318;Taffy;Euridice;Taffy.Euridice@yopmail.com;1956-09-21
1319;Meg;Sothena;Meg.Sothena@yopmail.com;1947-12-05
1320;Adelle;Presber;Adelle.Presber@yopmail.com;2019-07-29
1321;Raf;Verger;Raf.Verger@yopmail.com;1927-11-26
1322;Taffy;Ahab;Taffy.Ahab@yopmail.com;2010-11-21
1323;Jinny;Reneta;Jinny.Reneta@yopmail.com;1932-08-08
1324;Cathyleen;Ax;Cathyleen.Ax@yopmail.com;1999-07-03
1325;Ulrike;Bord;Ulrike.Bord@yopmail.com;1937-01-21
1326;Celene;Noman;Celene.Noman@yopmail.com;1902-06-11
1327;Sharlene;Joachim;Sharlene.Joachim@yopmail.com;1988-03-20
1328;Frieda;Borrell;Frieda.Borrell@yopmail.com;1901-05-17
1329;Goldie;Waite;Goldie.Waite@yopmail.com;1902-01-10
1330;Joy;Hamil;Joy.Hamil@yopmail.com;1927-07-08
1331;Rebeca;Kinnard;Rebeca.Kinnard@yopmail.com;1975-01-11
1332;Kaja;Delp;Kaja.Delp@yopmail.com;1989-04-18
1333;Ashlee;Noam;Ashlee.Noam@yopmail.com;1993-03-07
1334;Arlena;Oster;Arlena.Oster@yopmail.com;1945-06-25
1335;Lelah;Sprage;Lelah.Sprage@yopmail.com;1933-01-03
1336;Tamqrah;Revkah;Tamqrah.Revkah@yopmail.com;1997-12-04
1337;Damaris;Alrich;Damaris.Alrich@yopmail.com;2013-12-10
1338;Maisey;Dreda;Maisey.Dreda@yopmail.com;1965-06-03
1339;Abbie;Mendez;Abbie.Mendez@yopmail.com;1922-03-31
1340;Aurelie;Croix;Aurelie.Croix@yopmail.com;1941-09-14
1341;Kerrin;Euridice;Kerrin.Euridice@yopmail.com;1928-06-01
1342;Winifred;Adore;Winifred.Adore@yopmail.com;2004-09-09
1343;Merci;Thilda;Merci.Thilda@yopmail.com;1960-09-26
1344;Fanny;Moseley;Fanny.Moseley@yopmail.com;1957-09-26
1345;Marsiella;Podvin;Marsiella.Podvin@yopmail.com;2019-01-30
1346;Belva;Vilma;Belva.Vilma@yopmail.com;1981-06-17
1347;Dianemarie;Wadell;Dianemarie.Wadell@yopmail.com;1922-04-27
1348;Jacenta;Kannry;Jacenta.Kannry@yopmail.com;1998-12-24
1349;Gusella;Ephrem;Gusella.Ephrem@yopmail.com;1921-11-01
1350;Devina;Cherianne;Devina.Cherianne@yopmail.com;1907-05-19
1351;Karina;Maryanne;Karina.Maryanne@yopmail.com;1942-10-31
1352;Natka;Durware;Natka.Durware@yopmail.com;2013-11-20
1353;Stacey;Quinn;Stacey.Quinn@yopmail.com;1903-11-22
1354;Jan;Billye;Jan.Billye@yopmail.com;2003-07-20
1355;Angela;Cristi;Angela.Cristi@yopmail.com;1971-05-04
1356;Kary;Keily;Kary.Keily@yopmail.com;1938-09-30
1357;Chastity;Allare;Chastity.Allare@yopmail.com;2003-06-23
1358;Wanda;Vharat;Wanda.Vharat@yopmail.com;1950-02-22
1359;Betta;Levey;Betta.Levey@yopmail.com;1997-07-21
1360;Kerrin;Janith;Kerrin.Janith@yopmail.com;1951-05-31
1361;Sara-Ann;Ramona;Sara-Ann.Ramona@yopmail.com;1999-01-23
1362;Cristabel;Serilda;Cristabel.Serilda@yopmail.com;1933-09-02
1363;Margarette;Sheng;Margarette.Sheng@yopmail.com;2011-07-20
1364;Alejandra;Lorenz;Alejandra.Lorenz@yopmail.com;1993-11-18
1365;Mignon;Phyllis;Mignon.Phyllis@yopmail.com;1921-06-28
1366;Tierney;Gunn;Tierney.Gunn@yopmail.com;1968-02-08
1367;Georgina;Silvan;Georgina.Silvan@yopmail.com;1988-02-08
1368;Blake;Kolnick;Blake.Kolnick@yopmail.com;1910-12-14
1369;Siana;Amasa;Siana.Amasa@yopmail.com;1963-11-08
1370;Marinna;Ahab;Marinna.Ahab@yopmail.com;1987-11-11
1371;Shaylyn;Travax;Shaylyn.Travax@yopmail.com;1917-02-21
1372;Stacey;Weaks;Stacey.Weaks@yopmail.com;1933-02-26
1373;Camile;Rona;Camile.Rona@yopmail.com;1988-08-04
1374;Thalia;LaRue;Thalia.LaRue@yopmail.com;1981-08-28
1375;Amelia;Turne;Amelia.Turne@yopmail.com;2011-02-10
1376;Wanda;Karylin;Wanda.Karylin@yopmail.com;1958-07-05
1377;Kylynn;Hull;Kylynn.Hull@yopmail.com;2002-03-14
1378;Daune;Prouty;Daune.Prouty@yopmail.com;1918-02-08
1379;Kate;Warthman;Kate.Warthman@yopmail.com;1907-09-18
1380;Theodora;O'Neill;Theodora.O'Neill@yopmail.com;2004-07-21
1381;Verla;Richers;Verla.Richers@yopmail.com;1936-04-05
1382;Emylee;Fadiman;Emylee.Fadiman@yopmail.com;1998-01-24
1383;Elbertina;Justinn;Elbertina.Justinn@yopmail.com;1911-11-29
1384;Blake;Gunn;Blake.Gunn@yopmail.com;1984-04-06
1385;Eadie;Talia;Eadie.Talia@yopmail.com;1954-05-29
1386;Eugine;Kristi;Eugine.Kristi@yopmail.com;2017-06-25
1387;Sonni;Wilkinson;Sonni.Wilkinson@yopmail.com;2001-03-13
1388;Kristan;Bow;Kristan.Bow@yopmail.com;2011-04-29
1389;Nyssa;Schlosser;Nyssa.Schlosser@yopmail.com;1957-09-16
1390;Clo;Duwalt;Clo.Duwalt@yopmail.com;1993-12-27
1391;Brooks;Maroney;Brooks.Maroney@yopmail.com;2008-03-02
1392;Collen;Jagir;Collen.Jagir@yopmail.com;1947-07-01
1393;Nannie;Manolo;Nannie.Manolo@yopmail.com;1978-08-06
1394;Lanae;Letsou;Lanae.Letsou@yopmail.com;1949-10-06
1395;Rivalee;Dearborn;Rivalee.Dearborn@yopmail.com;1917-09-30
1396;Rubie;Girardo;Rubie.Girardo@yopmail.com;1938-12-03
1397;Caressa;Kannry;Caressa.Kannry@yopmail.com;1973-08-15
1398;Hermione;Isacco;Hermione.Isacco@yopmail.com;2016-12-23
1399;Edyth;Dyche;Edyth.Dyche@yopmail.com;1961-09-08
1400;Yvonne;Turne;Yvonne.Turne@yopmail.com;1982-07-13
1401;Tera;Lewes;Tera.Lewes@yopmail.com;1905-09-20
1402;Cissiee;Belldas;Cissiee.Belldas@yopmail.com;1978-03-05
1403;Jany;Angelis;Jany.Angelis@yopmail.com;1970-06-04
1404;Nananne;Weaks;Nananne.Weaks@yopmail.com;1989-10-12
1405;Kimmy;Amadas;Kimmy.Amadas@yopmail.com;1959-09-30
1406;Maryellen;Kalinda;Maryellen.Kalinda@yopmail.com;1962-03-03
1407;Zsa Zsa;Sundin;Zsa Zsa.Sundin@yopmail.com;2007-01-23
1408;Heida;Papageno;Heida.Papageno@yopmail.com;1987-12-22
1409;Grier;Gladstone;Grier.Gladstone@yopmail.com;1936-08-01
1410;Ariela;Publia;Ariela.Publia@yopmail.com;1910-11-27
1411;Blake;Brunell;Blake.Brunell@yopmail.com;2014-07-28
1412;Mureil;Salvidor;Mureil.Salvidor@yopmail.com;1903-03-09
1413;Hannis;Mata;Hannis.Mata@yopmail.com;1957-03-13
1414;Ellette;Rogerio;Ellette.Rogerio@yopmail.com;1983-11-17
1415;Linet;Billye;Linet.Billye@yopmail.com;1975-06-04
1416;Hallie;Podvin;Hallie.Podvin@yopmail.com;2017-05-03
1417;Fina;Garlinda;Fina.Garlinda@yopmail.com;1964-03-22
1418;Lexine;Wildermuth;Lexine.Wildermuth@yopmail.com;1948-01-17
1419;Viviene;Telfer;Viviene.Telfer@yopmail.com;1970-01-07
1420;Tera;Oriana;Tera.Oriana@yopmail.com;1940-07-21
1421;Merrie;Greenwald;Merrie.Greenwald@yopmail.com;1933-03-07
1422;Ebonee;Kimmie;Ebonee.Kimmie@yopmail.com;1955-09-23
1423;Lila;Nance;Lila.Nance@yopmail.com;1945-08-24
1424;Ruthe;Seessel;Ruthe.Seessel@yopmail.com;2011-11-10
1425;Sonni;Orelee;Sonni.Orelee@yopmail.com;1995-05-08
1426;Cassandra;Whittaker;Cassandra.Whittaker@yopmail.com;1954-11-05
1427;Ebonee;Milde;Ebonee.Milde@yopmail.com;2014-01-28
1428;Sybille;Himelman;Sybille.Himelman@yopmail.com;1925-01-29
1429;Tierney;Gordon;Tierney.Gordon@yopmail.com;1995-02-07
1430;Lanae;Brodench;Lanae.Brodench@yopmail.com;1953-06-28
1431;Merci;Wooster;Merci.Wooster@yopmail.com;1918-03-10
1432;Elise;Grayce;Elise.Grayce@yopmail.com;1951-07-08
1433;Kayla;Maisey;Kayla.Maisey@yopmail.com;1944-09-03
1434;Katleen;Maxi;Katleen.Maxi@yopmail.com;1973-09-09
1435;Jerry;Clara;Jerry.Clara@yopmail.com;1953-09-02
1436;Ofilia;Isidore;Ofilia.Isidore@yopmail.com;2016-05-15
1437;Yolane;Johanna;Yolane.Johanna@yopmail.com;2008-10-10
1438;Marnia;Gaulin;Marnia.Gaulin@yopmail.com;1929-02-15
1439;Louella;Madox;Louella.Madox@yopmail.com;1903-09-01
1440;Britte;Boycey;Britte.Boycey@yopmail.com;1942-06-21
1441;Oona;Calhoun;Oona.Calhoun@yopmail.com;2012-03-13
1442;Gwenneth;Urias;Gwenneth.Urias@yopmail.com;2015-03-24
1443;Kate;Hedve;Kate.Hedve@yopmail.com;2019-02-07
1444;Orelia;Chick;Orelia.Chick@yopmail.com;1930-08-16
1445;Ellette;Wiener;Ellette.Wiener@yopmail.com;1915-11-29
1446;Vanessa;Land;Vanessa.Land@yopmail.com;1963-02-28
1447;Gui;Raul;Gui.Raul@yopmail.com;1974-01-03
1448;Shaine;Anton;Shaine.Anton@yopmail.com;1938-02-04
1449;Raquela;Thar;Raquela.Thar@yopmail.com;1930-11-07
1450;Winny;Goode;Winny.Goode@yopmail.com;1972-01-01
1451;Phylis;Zeeba;Phylis.Zeeba@yopmail.com;1927-07-06
1452;Bettine;Fadiman;Bettine.Fadiman@yopmail.com;1940-12-13
1453;Willetta;Lilybelle;Willetta.Lilybelle@yopmail.com;1919-01-14
1454;Codie;Tristram;Codie.Tristram@yopmail.com;1919-06-16
1455;Ruthe;Adlare;Ruthe.Adlare@yopmail.com;1941-05-25
1456;Kamilah;Tarrant;Kamilah.Tarrant@yopmail.com;1923-09-07
1457;Catharine;Wareing;Catharine.Wareing@yopmail.com;1957-12-27
1458;Melanie;Cosenza;Melanie.Cosenza@yopmail.com;1976-03-09
1459;Corina;Vernier;Corina.Vernier@yopmail.com;1995-04-13
1460;Sandie;Read;Sandie.Read@yopmail.com;2015-02-19
1461;Lucy;Nester;Lucy.Nester@yopmail.com;1978-05-20
1462;Sindee;Adamsen;Sindee.Adamsen@yopmail.com;1938-08-29
1463;Blondelle;Torray;Blondelle.Torray@yopmail.com;1915-01-01
1464;Celene;Maisey;Celene.Maisey@yopmail.com;1997-04-18
1465;Alejandra;Wildermuth;Alejandra.Wildermuth@yopmail.com;1979-02-04
1466;Gianina;Whiffen;Gianina.Whiffen@yopmail.com;1996-06-27
1467;Lyssa;Flyn;Lyssa.Flyn@yopmail.com;2002-01-04
1468;Daryl;Ahab;Daryl.Ahab@yopmail.com;2013-10-27
1469;Caressa;Alarise;Caressa.Alarise@yopmail.com;1906-02-18
1470;Julieta;Cleo;Julieta.Cleo@yopmail.com;1913-12-30
1471;Aigneis;Hoenack;Aigneis.Hoenack@yopmail.com;1947-11-24
1472;Drucie;Naashom;Drucie.Naashom@yopmail.com;1923-06-14
1473;Bettine;Ventre;Bettine.Ventre@yopmail.com;1949-03-02
1474;Ronna;Dielu;Ronna.Dielu@yopmail.com;1984-12-07
1475;Claudina;Sholley;Claudina.Sholley@yopmail.com;1973-01-20
1476;Miquela;Hashim;Miquela.Hashim@yopmail.com;2014-01-23
1477;Yolane;Cordi;Yolane.Cordi@yopmail.com;1907-01-19
1478;Kimmy;Gamaliel;Kimmy.Gamaliel@yopmail.com;2014-04-23
1479;Ethel;Decato;Ethel.Decato@yopmail.com;1938-05-24
1480;Janis;Saunderson;Janis.Saunderson@yopmail.com;1993-03-07
1481;Celene;Fredi;Celene.Fredi@yopmail.com;1965-12-03
1482;Linzy;Fink;Linzy.Fink@yopmail.com;1994-11-28
1483;Fidelia;Adamsen;Fidelia.Adamsen@yopmail.com;1947-08-29
1484;Rubie;Thomasina;Rubie.Thomasina@yopmail.com;1968-12-11
1485;Darlleen;Raychel;Darlleen.Raychel@yopmail.com;1968-07-03
1486;Neila;Hoenack;Neila.Hoenack@yopmail.com;2008-09-02
1487;Kaja;Kat;Kaja.Kat@yopmail.com;2017-02-06
1488;Brandise;Giule;Brandise.Giule@yopmail.com;1983-06-20
1489;Robinia;Cimbura;Robinia.Cimbura@yopmail.com;1959-11-03
1490;Hildegaard;Lewes;Hildegaard.Lewes@yopmail.com;1981-07-10
1491;Odessa;Firmin;Odessa.Firmin@yopmail.com;1956-09-23
1492;Valera;Ackerley;Valera.Ackerley@yopmail.com;2013-02-26
1493;Clary;Viddah;Clary.Viddah@yopmail.com;2000-08-19
1494;Hope;Carolin;Hope.Carolin@yopmail.com;1953-08-05
1495;Dominga;Zina;Dominga.Zina@yopmail.com;1968-06-05
1496;Wynne;Bashemeth;Wynne.Bashemeth@yopmail.com;1916-03-05
1497;Lonnie;Ezar;Lonnie.Ezar@yopmail.com;1964-01-12
1498;Mildrid;Charmine;Mildrid.Charmine@yopmail.com;1991-04-13
1499;Wynne;Egbert;Wynne.Egbert@yopmail.com;1963-09-22
1500;Jacenta;Fabiola;Jacenta.Fabiola@yopmail.com;2008-08-11
1501;Paola;Loring;Paola.Loring@yopmail.com;2017-06-03
1502;Fawne;Gower;Fawne.Gower@yopmail.com;1906-07-26
1503;Harmonia;Cyrie;Harmonia.Cyrie@yopmail.com;1979-04-29
1504;Gabi;Wilona;Gabi.Wilona@yopmail.com;1975-11-13
1505;Roslyn;Lipson;Roslyn.Lipson@yopmail.com;1962-10-24
1506;Stephanie;Sherfield;Stephanie.Sherfield@yopmail.com;2017-12-15
1507;Elsie;Levey;Elsie.Levey@yopmail.com;1962-12-17
1508;Sybille;Madaih;Sybille.Madaih@yopmail.com;1935-10-22
1509;Babita;Birdella;Babita.Birdella@yopmail.com;1920-05-14
1510;Danika;Adrienne;Danika.Adrienne@yopmail.com;1998-08-26
1511;Suzette;Pacorro;Suzette.Pacorro@yopmail.com;1943-10-15
1512;Lonnie;Ledah;Lonnie.Ledah@yopmail.com;1957-03-15
1513;Dennie;Fontana;Dennie.Fontana@yopmail.com;1986-08-18
1514;Jacenta;Ciapas;Jacenta.Ciapas@yopmail.com;1912-06-28
1515;Sibella;Audly;Sibella.Audly@yopmail.com;1964-12-09
1516;Collen;Magdalen;Collen.Magdalen@yopmail.com;2000-07-26
1517;Lorie;Ferrell;Lorie.Ferrell@yopmail.com;2011-07-16
1518;Anthia;Evangelia;Anthia.Evangelia@yopmail.com;1942-05-29
1519;Dominga;Brandice;Dominga.Brandice@yopmail.com;2000-02-09
1520;Margarette;Roscoe;Margarette.Roscoe@yopmail.com;2007-10-05
1521;Millie;Delacourt;Millie.Delacourt@yopmail.com;1905-02-03
1522;Maisey;Fleeta;Maisey.Fleeta@yopmail.com;1930-09-08
1523;Belinda;Rheingold;Belinda.Rheingold@yopmail.com;1907-08-14
1524;Cherrita;Hubert;Cherrita.Hubert@yopmail.com;2004-09-14
1525;Jenilee;Miru;Jenilee.Miru@yopmail.com;1962-07-14
1526;Maryellen;Verger;Maryellen.Verger@yopmail.com;1946-05-25
1527;Carlie;Berne;Carlie.Berne@yopmail.com;1993-12-12
1528;Tina;Raama;Tina.Raama@yopmail.com;1918-09-18
1529;Lacie;Horan;Lacie.Horan@yopmail.com;1966-10-11
1530;Harrietta;Durware;Harrietta.Durware@yopmail.com;1967-03-31
1531;Inga;Johanna;Inga.Johanna@yopmail.com;2001-04-10
1532;Xylina;Bennie;Xylina.Bennie@yopmail.com;1927-06-07
1533;Hermione;Holbrook;Hermione.Holbrook@yopmail.com;1995-11-20
1534;Farrah;Loeb;Farrah.Loeb@yopmail.com;1935-11-23
1535;Sibella;Aaberg;Sibella.Aaberg@yopmail.com;2003-05-17
1536;Kirstin;Mallon;Kirstin.Mallon@yopmail.com;1951-08-29
1537;Selma;Christal;Selma.Christal@yopmail.com;1916-09-15
1538;Tatiania;Mandler;Tatiania.Mandler@yopmail.com;1956-05-08
1539;Morganica;Weitman;Morganica.Weitman@yopmail.com;1987-06-07
1540;Kelly;Waldron;Kelly.Waldron@yopmail.com;1943-09-02
1541;Yvonne;Saint;Yvonne.Saint@yopmail.com;1963-05-26
1542;Joane;Kirbee;Joane.Kirbee@yopmail.com;1990-05-25
1543;Sandie;Ailyn;Sandie.Ailyn@yopmail.com;1919-10-23
1544;Sara-Ann;Verger;Sara-Ann.Verger@yopmail.com;1944-07-07
1545;Margalo;Kat;Margalo.Kat@yopmail.com;1993-12-05
1546;Carmencita;Vittoria;Carmencita.Vittoria@yopmail.com;1915-10-01
1547;Maurene;Tillford;Maurene.Tillford@yopmail.com;1945-08-10
1548;Ann-Marie;Sikorski;Ann-Marie.Sikorski@yopmail.com;1992-08-18
1549;Althea;Tjon;Althea.Tjon@yopmail.com;2000-02-07
1550;Laure;Rudolph;Laure.Rudolph@yopmail.com;1940-03-29
1551;Fawne;Dorine;Fawne.Dorine@yopmail.com;2014-02-16
1552;Ronna;Elbertina;Ronna.Elbertina@yopmail.com;1997-12-14
1553;Dulce;Kermit;Dulce.Kermit@yopmail.com;2006-02-06
1554;Donnie;Auberbach;Donnie.Auberbach@yopmail.com;1924-09-08
1555;Ulrike;Shaver;Ulrike.Shaver@yopmail.com;1908-09-10
1556;Ebonee;Silvan;Ebonee.Silvan@yopmail.com;1958-06-06
1557;Carree;Baptlsta;Carree.Baptlsta@yopmail.com;1903-05-11
1558;Donnie;Shuler;Donnie.Shuler@yopmail.com;2012-09-24
1559;Elmira;Alexandr;Elmira.Alexandr@yopmail.com;1908-02-09
1560;Dotty;Gualtiero;Dotty.Gualtiero@yopmail.com;1970-07-21
1561;Agnese;Deny;Agnese.Deny@yopmail.com;1930-10-29
1562;Britni;Adamsen;Britni.Adamsen@yopmail.com;1955-10-22
1563;Elena;Cleo;Elena.Cleo@yopmail.com;2016-11-12
1564;Babita;Chick;Babita.Chick@yopmail.com;1919-01-05
1565;Rosaline;Martsen;Rosaline.Martsen@yopmail.com;1915-06-07
1566;Carolina;Saint;Carolina.Saint@yopmail.com;1934-10-13
1567;Jerry;Justinn;Jerry.Justinn@yopmail.com;1973-12-02
1568;Dulce;Liebermann;Dulce.Liebermann@yopmail.com;1943-04-07
1569;Ketti;Wenda;Ketti.Wenda@yopmail.com;1994-02-01
1570;Norine;Cherianne;Norine.Cherianne@yopmail.com;1900-01-31
1571;Kary;Ball;Kary.Ball@yopmail.com;1905-01-17
1572;Joeann;Hurley;Joeann.Hurley@yopmail.com;2014-10-21
1573;Kellen;Fontana;Kellen.Fontana@yopmail.com;1974-06-19
1574;Elmira;Ranjiv;Elmira.Ranjiv@yopmail.com;1998-09-05
1575;Alejandra;Ivens;Alejandra.Ivens@yopmail.com;1911-12-10
1576;Roseline;Lipson;Roseline.Lipson@yopmail.com;2003-10-27
1577;Sue;Chobot;Sue.Chobot@yopmail.com;1976-03-23
1578;Anallese;Delacourt;Anallese.Delacourt@yopmail.com;1919-05-09
1579;Lindie;Plato;Lindie.Plato@yopmail.com;1956-12-16
1580;Nerta;Mott;Nerta.Mott@yopmail.com;1969-03-15
1581;Lila;Burkle;Lila.Burkle@yopmail.com;2018-03-25
1582;Elmira;Lunsford;Elmira.Lunsford@yopmail.com;1942-05-07
1583;Sonni;Norrie;Sonni.Norrie@yopmail.com;1994-11-15
1584;Oralee;Knowling;Oralee.Knowling@yopmail.com;1963-01-05
1585;Sashenka;Parsaye;Sashenka.Parsaye@yopmail.com;2014-08-01
1586;Ileana;Gregrory;Ileana.Gregrory@yopmail.com;2016-11-24
1587;Catharine;Craggie;Catharine.Craggie@yopmail.com;1991-08-07
1588;Mara;Dex;Mara.Dex@yopmail.com;1934-08-24
1589;Elka;Schwejda;Elka.Schwejda@yopmail.com;1934-06-14
1590;Karlee;Barbey;Karlee.Barbey@yopmail.com;1935-11-01
1591;Sarette;Devlen;Sarette.Devlen@yopmail.com;1931-02-04
1592;Brana;Decato;Brana.Decato@yopmail.com;2003-08-15
1593;Emma;Lunsford;Emma.Lunsford@yopmail.com;2000-05-02
1594;Kalina;Gemini;Kalina.Gemini@yopmail.com;1977-08-18
1595;Madelle;Yam;Madelle.Yam@yopmail.com;2002-10-29
1596;Aurore;Eckblad;Aurore.Eckblad@yopmail.com;1960-02-21
1597;Jolyn;Gualtiero;Jolyn.Gualtiero@yopmail.com;1908-07-06
1598;Marline;Ricki;Marline.Ricki@yopmail.com;2000-05-14
1599;Carmencita;Hamil;Carmencita.Hamil@yopmail.com;1953-01-01
1600;Dulce;Barbey;Dulce.Barbey@yopmail.com;1907-09-05
1601;Theodora;Ader;Theodora.Ader@yopmail.com;2009-11-20
1602;Sean;Marisa;Sean.Marisa@yopmail.com;1957-05-13
1603;Alleen;Sperling;Alleen.Sperling@yopmail.com;1991-08-03
1604;Jenilee;Masao;Jenilee.Masao@yopmail.com;2005-02-01
1605;Jany;Alcott;Jany.Alcott@yopmail.com;1913-08-24
1606;Corina;Ellerey;Corina.Ellerey@yopmail.com;1930-04-07
1607;Justinn;Stelle;Justinn.Stelle@yopmail.com;2000-12-26
1608;Tori;Bendick;Tori.Bendick@yopmail.com;1996-09-09
1609;Consuela;Wilona;Consuela.Wilona@yopmail.com;1903-01-14
1610;Rubie;Ioab;Rubie.Ioab@yopmail.com;1947-02-20
1611;Belva;Ader;Belva.Ader@yopmail.com;1953-10-31
1612;Malina;Diogenes;Malina.Diogenes@yopmail.com;2001-08-15
1613;Hettie;Rebecka;Hettie.Rebecka@yopmail.com;1998-11-18
1614;Orsola;Elisha;Orsola.Elisha@yopmail.com;1903-12-03
1615;Lucille;Lucienne;Lucille.Lucienne@yopmail.com;2001-01-27
1616;Amara;Valerio;Amara.Valerio@yopmail.com;1954-03-05
1617;Christy;Terrence;Christy.Terrence@yopmail.com;1978-04-06
1618;Viviene;Travax;Viviene.Travax@yopmail.com;1956-11-24
1619;Georgina;Elisha;Georgina.Elisha@yopmail.com;1919-05-13
1620;Linzy;Millda;Linzy.Millda@yopmail.com;2009-01-13
1621;Michaelina;Florina;Michaelina.Florina@yopmail.com;1966-11-09
1622;Phylis;Bethany;Phylis.Bethany@yopmail.com;1957-06-01
1623;Deane;Zitvaa;Deane.Zitvaa@yopmail.com;1901-11-06
1624;Arlina;Payson;Arlina.Payson@yopmail.com;1916-05-06
1625;Helena;Lenny;Helena.Lenny@yopmail.com;1917-04-11
1626;Frieda;Podvin;Frieda.Podvin@yopmail.com;1906-06-22
1627;Jenda;Japeth;Jenda.Japeth@yopmail.com;1978-08-10
1628;Randa;Therine;Randa.Therine@yopmail.com;1930-01-16
1629;Arlena;Eben;Arlena.Eben@yopmail.com;2003-05-03
1630;Yetty;Anton;Yetty.Anton@yopmail.com;2014-05-05
1631;Karly;Publia;Karly.Publia@yopmail.com;1995-01-16
1632;Deloria;Rodmann;Deloria.Rodmann@yopmail.com;1980-10-28
1633;Fanchon;Palocz;Fanchon.Palocz@yopmail.com;2013-09-17
1634;Belva;Jenness;Belva.Jenness@yopmail.com;1986-02-13
1635;Luci;Flita;Luci.Flita@yopmail.com;1994-10-31
1636;Janenna;Ursulette;Janenna.Ursulette@yopmail.com;1912-10-12
1637;Delilah;Alexandr;Delilah.Alexandr@yopmail.com;1927-02-06
1638;Eolanda;Nunci;Eolanda.Nunci@yopmail.com;1953-12-29
1639;Heddie;Sigfrid;Heddie.Sigfrid@yopmail.com;1979-04-10
1640;Mallory;Rodmann;Mallory.Rodmann@yopmail.com;1920-07-20
1641;Merci;Earlie;Merci.Earlie@yopmail.com;1999-07-12
1642;Deloria;Roarke;Deloria.Roarke@yopmail.com;1920-08-17
1643;Giustina;Hillel;Giustina.Hillel@yopmail.com;1910-01-23
1644;Pierette;Middleton;Pierette.Middleton@yopmail.com;1978-08-04
1645;Diena;Henrie;Diena.Henrie@yopmail.com;1986-01-06
1646;Jenda;Atcliffe;Jenda.Atcliffe@yopmail.com;1954-12-25
1647;Aaren;Strephon;Aaren.Strephon@yopmail.com;1990-01-31
1648;Christian;Birdella;Christian.Birdella@yopmail.com;1922-11-25
1649;Hannis;Aloise;Hannis.Aloise@yopmail.com;1987-03-04
1650;Asia;Christal;Asia.Christal@yopmail.com;1995-06-01
1651;Gianina;Yorick;Gianina.Yorick@yopmail.com;1994-07-30
1652;Ada;Fiester;Ada.Fiester@yopmail.com;1912-09-26
1653;Annice;Joseph;Annice.Joseph@yopmail.com;1909-05-05
1654;Petronia;Jorgan;Petronia.Jorgan@yopmail.com;1942-04-10
1655;Cathie;Pascia;Cathie.Pascia@yopmail.com;2014-05-22
1656;Dione;Emmaline;Dione.Emmaline@yopmail.com;1943-02-23
1657;Melanie;Helfand;Melanie.Helfand@yopmail.com;2010-08-08
1658;Barbi;Mott;Barbi.Mott@yopmail.com;2008-03-11
1659;Marti;Donell;Marti.Donell@yopmail.com;1938-07-09
1660;Siana;Lipson;Siana.Lipson@yopmail.com;1927-06-05
1661;Johna;Barrus;Johna.Barrus@yopmail.com;1908-03-26
1662;Alia;Therine;Alia.Therine@yopmail.com;1930-09-08
1663;Elka;Jerold;Elka.Jerold@yopmail.com;1948-01-18
1664;Calla;Gualtiero;Calla.Gualtiero@yopmail.com;1919-12-13
1665;Leia;Westphal;Leia.Westphal@yopmail.com;1936-01-10
1666;Janenna;Krystle;Janenna.Krystle@yopmail.com;1991-04-05
1667;Jobi;Raseda;Jobi.Raseda@yopmail.com;1979-11-11
1668;Gertrud;Saint;Gertrud.Saint@yopmail.com;2003-07-16
1669;Jorry;Eben;Jorry.Eben@yopmail.com;1900-07-12
1670;Myriam;Merell;Myriam.Merell@yopmail.com;1949-03-07
1671;Noelle;Markman;Noelle.Markman@yopmail.com;2009-06-25
1672;Rosaline;Soneson;Rosaline.Soneson@yopmail.com;1990-03-15
1673;Elora;Suanne;Elora.Suanne@yopmail.com;1950-09-10
1674;Maryellen;Cimbura;Maryellen.Cimbura@yopmail.com;1970-04-19
1675;Reeba;Donell;Reeba.Donell@yopmail.com;1974-12-09
1676;Cindelyn;Gower;Cindelyn.Gower@yopmail.com;1906-09-06
1677;Minda;Lilybelle;Minda.Lilybelle@yopmail.com;1916-09-22
1678;Ruthe;Si;Ruthe.Si@yopmail.com;1946-01-15
1679;Cristine;Yuille;Cristine.Yuille@yopmail.com;2007-08-06
1680;Zondra;Merat;Zondra.Merat@yopmail.com;1928-06-02
1681;Clary;Goode;Clary.Goode@yopmail.com;1949-04-20
1682;Ottilie;Carey;Ottilie.Carey@yopmail.com;1944-08-26
1683;Gilda;Alcott;Gilda.Alcott@yopmail.com;1956-08-16
1684;Rosabelle;Malanie;Rosabelle.Malanie@yopmail.com;1921-09-10
1685;Jillayne;Alfons;Jillayne.Alfons@yopmail.com;1904-10-27
1686;Violet;Bennie;Violet.Bennie@yopmail.com;1924-05-03
1687;Jan;Bach;Jan.Bach@yopmail.com;1933-05-16
1688;Henriette;Ventre;Henriette.Ventre@yopmail.com;1938-11-09
1689;Frieda;Old;Frieda.Old@yopmail.com;1993-07-26
1690;Nanete;Stoller;Nanete.Stoller@yopmail.com;1978-06-24
1691;Beth;Louanna;Beth.Louanna@yopmail.com;1924-10-11
1692;Georgetta;Naashom;Georgetta.Naashom@yopmail.com;1956-01-21
1693;Almeta;Grosz;Almeta.Grosz@yopmail.com;1926-07-27
1694;Mara;Read;Mara.Read@yopmail.com;1994-12-23
1695;Frances;Zenas;Frances.Zenas@yopmail.com;1972-11-11
1696;Roxane;Duwalt;Roxane.Duwalt@yopmail.com;1922-11-20
1697;Diena;Means;Diena.Means@yopmail.com;1973-12-08
1698;Leontine;Allina;Leontine.Allina@yopmail.com;1937-01-08
1699;Allyce;Jammal;Allyce.Jammal@yopmail.com;1954-08-06
1700;Jacquetta;Yam;Jacquetta.Yam@yopmail.com;1970-03-04
1701;Karina;Zachary;Karina.Zachary@yopmail.com;1999-03-22
1702;Monika;Codding;Monika.Codding@yopmail.com;1972-09-26
1703;Demetris;Anselmi;Demetris.Anselmi@yopmail.com;1966-11-11
1704;Eolanda;Bartlett;Eolanda.Bartlett@yopmail.com;1911-09-08
1705;Jean;Yuille;Jean.Yuille@yopmail.com;1939-08-02
1706;Audrie;Vorster;Audrie.Vorster@yopmail.com;1972-05-26
1707;Ivett;Alexandr;Ivett.Alexandr@yopmail.com;2005-11-28
1708;Margalo;Geffner;Margalo.Geffner@yopmail.com;1970-02-28
1709;Raina;Gaynor;Raina.Gaynor@yopmail.com;2016-07-19
1710;Celestyna;Publia;Celestyna.Publia@yopmail.com;1985-06-10
1711;Gabi;Lorenz;Gabi.Lorenz@yopmail.com;2013-01-19
1712;Mariann;Henebry;Mariann.Henebry@yopmail.com;2007-09-04
1713;Louella;Wooster;Louella.Wooster@yopmail.com;1954-10-10
1714;Kylynn;Tryck;Kylynn.Tryck@yopmail.com;1922-04-15
1715;Vivia;Ogren;Vivia.Ogren@yopmail.com;1932-02-20
1716;Vanessa;Standing;Vanessa.Standing@yopmail.com;1968-02-03
1717;Corene;Eben;Corene.Eben@yopmail.com;1921-09-21
1718;Joane;Ciro;Joane.Ciro@yopmail.com;1967-03-04
1719;Renae;Olin;Renae.Olin@yopmail.com;1996-08-08
1720;Libbie;Giule;Libbie.Giule@yopmail.com;1973-02-01
1721;Pamella;Zrike;Pamella.Zrike@yopmail.com;1986-06-14
1722;Sherrie;Jenness;Sherrie.Jenness@yopmail.com;1935-01-26
1723;Janeczka;Mathilde;Janeczka.Mathilde@yopmail.com;1998-06-15
1724;Shel;Bebe;Shel.Bebe@yopmail.com;1946-11-16
1725;Augustine;Argus;Augustine.Argus@yopmail.com;2006-11-08
1726;Jan;Havens;Jan.Havens@yopmail.com;1902-09-03
1727;Gianina;Alabaster;Gianina.Alabaster@yopmail.com;1990-05-07
1728;Nariko;Lowry;Nariko.Lowry@yopmail.com;1945-12-01
1729;Annabela;Christine;Annabela.Christine@yopmail.com;2017-12-08
1730;Yolane;Hubert;Yolane.Hubert@yopmail.com;1905-11-30
1731;Kaia;Lorenz;Kaia.Lorenz@yopmail.com;2002-08-11
1732;Tybie;Ietta;Tybie.Ietta@yopmail.com;1933-03-30
1733;Briney;Rillings;Briney.Rillings@yopmail.com;1991-05-11
1734;Rochette;Geffner;Rochette.Geffner@yopmail.com;1922-01-06
1735;Berget;Gibbeon;Berget.Gibbeon@yopmail.com;1999-01-02
1736;Kylynn;Redmond;Kylynn.Redmond@yopmail.com;1962-08-09
1737;Lila;Narton;Lila.Narton@yopmail.com;1976-11-24
1738;Beverley;Capello;Beverley.Capello@yopmail.com;1916-11-06
1739;Yolane;Ackerley;Yolane.Ackerley@yopmail.com;2008-10-14
1740;Malina;Magdalen;Malina.Magdalen@yopmail.com;1951-09-14
1741;Nannie;Sacken;Nannie.Sacken@yopmail.com;2015-04-13
1742;Adore;Mich;Adore.Mich@yopmail.com;1922-06-14
1743;Mireielle;Dawkins;Mireielle.Dawkins@yopmail.com;1976-06-02
1744;Libbie;Stav;Libbie.Stav@yopmail.com;2004-02-09
1745;Britni;Millda;Britni.Millda@yopmail.com;1926-12-25
1746;Yetty;Jarib;Yetty.Jarib@yopmail.com;2014-08-16
1747;Mary;Tamar;Mary.Tamar@yopmail.com;1976-01-18
1748;Marline;Smitt;Marline.Smitt@yopmail.com;2014-06-16
1749;Janey;Winthorpe;Janey.Winthorpe@yopmail.com;1911-05-19
1750;Mady;Bryna;Mady.Bryna@yopmail.com;1995-09-12
1751;Pearline;Faso;Pearline.Faso@yopmail.com;2011-12-02
1752;Alie;Hailee;Alie.Hailee@yopmail.com;1963-04-14
1753;Paola;Papageno;Paola.Papageno@yopmail.com;1957-08-06
1754;Netty;Means;Netty.Means@yopmail.com;1965-02-21
1755;Correy;Lutero;Correy.Lutero@yopmail.com;1968-12-17
1756;Lyssa;Revkah;Lyssa.Revkah@yopmail.com;1971-08-07
1757;Benita;Bartlett;Benita.Bartlett@yopmail.com;1948-10-09
1758;Drucie;Bertold;Drucie.Bertold@yopmail.com;1982-12-26
1759;Penelopa;Hailee;Penelopa.Hailee@yopmail.com;1911-07-02
1760;Maryellen;Billye;Maryellen.Billye@yopmail.com;1910-10-27
1761;Jenda;McGrody;Jenda.McGrody@yopmail.com;1990-11-23
1762;Dawn;Amadas;Dawn.Amadas@yopmail.com;1972-03-12
1763;Reeba;Bluh;Reeba.Bluh@yopmail.com;1965-11-25
1764;Dotty;Soneson;Dotty.Soneson@yopmail.com;1958-08-15
1765;Cam;Wittie;Cam.Wittie@yopmail.com;1987-05-05
1766;Helsa;Salchunas;Helsa.Salchunas@yopmail.com;1924-02-04
1767;Daphne;Denis;Daphne.Denis@yopmail.com;1953-01-30
1768;Katharina;Bahr;Katharina.Bahr@yopmail.com;1996-01-09
1769;Max;Sholley;Max.Sholley@yopmail.com;2004-05-01
1770;Anestassia;Pacorro;Anestassia.Pacorro@yopmail.com;1924-11-27
1771;Rhea;Orpah;Rhea.Orpah@yopmail.com;2007-03-05
1772;Olivette;Garlinda;Olivette.Garlinda@yopmail.com;1959-04-02
1773;Sashenka;Sundin;Sashenka.Sundin@yopmail.com;1977-09-22
1774;Candy;Oriana;Candy.Oriana@yopmail.com;2006-09-08
1775;Isa;Fry;Isa.Fry@yopmail.com;1977-11-11
1776;Harrietta;Joseph;Harrietta.Joseph@yopmail.com;1988-12-14
1777;Ellette;Rosette;Ellette.Rosette@yopmail.com;1998-10-02
1778;Kara-Lynn;Demitria;Kara-Lynn.Demitria@yopmail.com;1949-05-29
1779;Sherrie;Catie;Sherrie.Catie@yopmail.com;1993-05-02
1780;Gusty;Borrell;Gusty.Borrell@yopmail.com;1969-12-27
1781;Gilda;My;Gilda.My@yopmail.com;1976-03-11
1782;Claudina;Jillane;Claudina.Jillane@yopmail.com;1964-03-13
1783;Ardenia;Raseda;Ardenia.Raseda@yopmail.com;2011-09-12
1784;Carolina;Stover;Carolina.Stover@yopmail.com;2000-09-02
1785;Katuscha;Gabrielli;Katuscha.Gabrielli@yopmail.com;1942-04-30
1786;Emma;Shama;Emma.Shama@yopmail.com;1906-10-01
1787;Theodora;Burkle;Theodora.Burkle@yopmail.com;1994-09-12
1788;Emelina;Khorma;Emelina.Khorma@yopmail.com;1927-12-04
1789;Yvonne;Tybald;Yvonne.Tybald@yopmail.com;1985-04-04
1790;Tarra;Jehu;Tarra.Jehu@yopmail.com;1940-08-26
1791;Darlleen;Eiser;Darlleen.Eiser@yopmail.com;1919-01-01
1792;Marcy;Meter;Marcy.Meter@yopmail.com;2002-08-17
1793;Alia;Demitria;Alia.Demitria@yopmail.com;1979-10-11
1794;Shirlee;Tiffa;Shirlee.Tiffa@yopmail.com;2007-04-20
1795;Philis;Ashely;Philis.Ashely@yopmail.com;1944-04-02
1796;Janis;Malanie;Janis.Malanie@yopmail.com;1979-11-20
1797;Marcy;Loeb;Marcy.Loeb@yopmail.com;1927-07-31
1798;Henriette;Connelly;Henriette.Connelly@yopmail.com;1968-09-18
1799;Kalina;Calhoun;Kalina.Calhoun@yopmail.com;1942-04-15
1800;Almeta;Johanna;Almeta.Johanna@yopmail.com;1980-09-20
1801;Aurelie;Daniele;Aurelie.Daniele@yopmail.com;2004-03-23
1802;Fawne;Konyn;Fawne.Konyn@yopmail.com;1988-07-31
1803;Theodora;Koehler;Theodora.Koehler@yopmail.com;1976-01-11
1804;Karena;Audly;Karena.Audly@yopmail.com;1995-06-06
1805;Flory;Tufts;Flory.Tufts@yopmail.com;1991-09-21
1806;Lynnea;Kussell;Lynnea.Kussell@yopmail.com;1955-02-28
1807;Aryn;Morrill;Aryn.Morrill@yopmail.com;1948-10-06
1808;Minda;Mozelle;Minda.Mozelle@yopmail.com;1947-05-01
1809;Selma;Willie;Selma.Willie@yopmail.com;1958-02-23
1810;Sophia;Xerxes;Sophia.Xerxes@yopmail.com;1903-04-15
1811;Dania;Havens;Dania.Havens@yopmail.com;2001-07-15
1812;Ann-Marie;Chobot;Ann-Marie.Chobot@yopmail.com;2010-11-18
1813;Jolyn;Pierette;Jolyn.Pierette@yopmail.com;1969-08-15
1814;Maurene;Elisha;Maurene.Elisha@yopmail.com;1965-05-22
1815;Marsiella;Goode;Marsiella.Goode@yopmail.com;2015-08-15
1816;Belva;Hutchison;Belva.Hutchison@yopmail.com;1984-04-03
1817;Etta;Salvidor;Etta.Salvidor@yopmail.com;2015-07-03
1818;Kate;Jagir;Kate.Jagir@yopmail.com;1918-08-03
1819;Meg;Tristram;Meg.Tristram@yopmail.com;1903-07-25
1820;Deirdre;Armanda;Deirdre.Armanda@yopmail.com;1944-06-05
1821;Lacie;Genna;Lacie.Genna@yopmail.com;1940-02-01
1822;Rivalee;Sundin;Rivalee.Sundin@yopmail.com;1974-07-31
1823;Rhoda;Raul;Rhoda.Raul@yopmail.com;1992-02-05
1824;Kamilah;Pernick;Kamilah.Pernick@yopmail.com;1914-02-13
1825;Lindie;Sparhawk;Lindie.Sparhawk@yopmail.com;1959-01-09
1826;Laurene;Kermit;Laurene.Kermit@yopmail.com;1912-06-05
1827;Berget;Arathorn;Berget.Arathorn@yopmail.com;1964-03-16
1828;Emelina;Guildroy;Emelina.Guildroy@yopmail.com;1981-11-15
1829;Malina;Dielu;Malina.Dielu@yopmail.com;1953-01-14
1830;Kenna;Gherardo;Kenna.Gherardo@yopmail.com;1911-06-27
1831;Rosanne;Wareing;Rosanne.Wareing@yopmail.com;1959-04-06
1832;Caritta;Clara;Caritta.Clara@yopmail.com;1923-09-17
1833;Kaja;Chobot;Kaja.Chobot@yopmail.com;1995-02-28
1834;Leia;Malvino;Leia.Malvino@yopmail.com;1969-04-15
1835;Luci;Kendrick;Luci.Kendrick@yopmail.com;1950-10-16
1836;Clarice;Tamsky;Clarice.Tamsky@yopmail.com;1958-11-07
1837;Rhea;Phi;Rhea.Phi@yopmail.com;1952-12-03
1838;Lorie;Emerson;Lorie.Emerson@yopmail.com;1965-01-18
1839;Esmeralda;Chrystel;Esmeralda.Chrystel@yopmail.com;1981-12-23
1840;Jan;Milde;Jan.Milde@yopmail.com;1946-03-25
1841;Gabriellia;Lubin;Gabriellia.Lubin@yopmail.com;1987-07-23
1842;Allyce;Percy;Allyce.Percy@yopmail.com;1986-11-12
1843;Caritta;Drus;Caritta.Drus@yopmail.com;1947-08-14
1844;Nicoli;Milde;Nicoli.Milde@yopmail.com;2015-12-06
1845;Annabela;Bandeen;Annabela.Bandeen@yopmail.com;1927-02-16
1846;Meg;Holtz;Meg.Holtz@yopmail.com;2001-02-07
1847;Carmela;Seessel;Carmela.Seessel@yopmail.com;1968-07-12
1848;Laurene;Syd;Laurene.Syd@yopmail.com;1918-05-08
1849;Elise;Aloise;Elise.Aloise@yopmail.com;1986-08-26
1850;Frances;Greyson;Frances.Greyson@yopmail.com;1928-01-17
1851;Winny;Cavan;Winny.Cavan@yopmail.com;2003-10-01
1852;Kaja;Howlyn;Kaja.Howlyn@yopmail.com;2006-12-19
1853;Aili;Adore;Aili.Adore@yopmail.com;1978-11-29
1854;Hyacinthe;Kevon;Hyacinthe.Kevon@yopmail.com;1908-11-18
1855;Orelia;Tayib;Orelia.Tayib@yopmail.com;1939-10-10
1856;Verla;Dichy;Verla.Dichy@yopmail.com;1989-06-19
1857;Rhea;Sprage;Rhea.Sprage@yopmail.com;2017-01-17
1858;Ofilia;Linehan;Ofilia.Linehan@yopmail.com;1976-06-23
1859;Celene;Fennessy;Celene.Fennessy@yopmail.com;1964-10-20
1860;Averyl;Dituri;Averyl.Dituri@yopmail.com;1910-01-03
1861;Evita;Aprile;Evita.Aprile@yopmail.com;1984-03-26
1862;Vere;Yate;Vere.Yate@yopmail.com;2001-02-24
1863;Suzette;Radu;Suzette.Radu@yopmail.com;1985-01-27
1864;Jennica;Nikaniki;Jennica.Nikaniki@yopmail.com;2014-12-17
1865;Cam;Norrie;Cam.Norrie@yopmail.com;1959-03-02
1866;Larine;Clarissa;Larine.Clarissa@yopmail.com;1932-12-15
1867;Willetta;Oscar;Willetta.Oscar@yopmail.com;1976-03-07
1868;Thalia;Douglass;Thalia.Douglass@yopmail.com;1958-12-07
1869;Sindee;Leary;Sindee.Leary@yopmail.com;1953-10-23
1870;Alex;Uund;Alex.Uund@yopmail.com;1989-06-16
1871;Joane;Donell;Joane.Donell@yopmail.com;1962-01-01
1872;Gwenneth;Wooster;Gwenneth.Wooster@yopmail.com;1950-01-19
1873;Orelia;Juan;Orelia.Juan@yopmail.com;1940-09-25
1874;Alleen;Edee;Alleen.Edee@yopmail.com;1918-07-18
1875;Aigneis;Nickola;Aigneis.Nickola@yopmail.com;2012-05-29
1876;Kristan;Rubie;Kristan.Rubie@yopmail.com;1992-04-29
1877;Clarice;Merat;Clarice.Merat@yopmail.com;1911-11-13
1878;Lanna;Donell;Lanna.Donell@yopmail.com;1974-10-17
1879;Aaren;Drus;Aaren.Drus@yopmail.com;1971-07-20
1880;Micheline;Rozanna;Micheline.Rozanna@yopmail.com;1934-05-18
1881;Bibby;Leler;Bibby.Leler@yopmail.com;1967-05-24
1882;Annabela;Daveta;Annabela.Daveta@yopmail.com;2006-04-20
1883;Eve;Wildermuth;Eve.Wildermuth@yopmail.com;1912-03-13
1884;Dagmar;Gavrila;Dagmar.Gavrila@yopmail.com;1913-02-13
1885;Nadine;Philoo;Nadine.Philoo@yopmail.com;1952-11-09
1886;Danny;Goddard;Danny.Goddard@yopmail.com;2002-07-08
1887;Belinda;Jary;Belinda.Jary@yopmail.com;2007-04-16
1888;Marsiella;Lacombe;Marsiella.Lacombe@yopmail.com;1946-05-05
1889;Sarette;Blake;Sarette.Blake@yopmail.com;1954-10-27
1890;Mady;Leler;Mady.Leler@yopmail.com;1901-05-01
1891;Tobe;Selway;Tobe.Selway@yopmail.com;1919-01-01
1892;Ilse;Voletta;Ilse.Voletta@yopmail.com;1929-01-27
1893;Stacey;Pitt;Stacey.Pitt@yopmail.com;1900-12-21
1894;Coral;Eckblad;Coral.Eckblad@yopmail.com;1914-03-04
1895;Randa;Madox;Randa.Madox@yopmail.com;1952-02-17
1896;Veda;Narton;Veda.Narton@yopmail.com;1929-08-17
1897;Marcy;Emmaline;Marcy.Emmaline@yopmail.com;1978-03-03
1898;Ardenia;Zola;Ardenia.Zola@yopmail.com;1950-08-21
1899;Melina;Gwenore;Melina.Gwenore@yopmail.com;1939-07-22
1900;Kaia;Creamer;Kaia.Creamer@yopmail.com;1976-12-25
1901;Hollie;Dawkins;Hollie.Dawkins@yopmail.com;1955-02-20
1902;Evaleen;Concha;Evaleen.Concha@yopmail.com;1923-01-04
1903;Lory;Millda;Lory.Millda@yopmail.com;1975-09-29
1904;Jan;Zachary;Jan.Zachary@yopmail.com;1944-02-13
1905;Glenda;Solitta;Glenda.Solitta@yopmail.com;1903-04-01
1906;Ricky;Donell;Ricky.Donell@yopmail.com;1943-10-23
1907;Edee;Michella;Edee.Michella@yopmail.com;1942-08-01
1908;Esmeralda;Kaete;Esmeralda.Kaete@yopmail.com;2016-10-22
1909;Yolane;Manolo;Yolane.Manolo@yopmail.com;1968-01-03
1910;Magdalena;Montgomery;Magdalena.Montgomery@yopmail.com;1911-05-30
1911;Jean;Secrest;Jean.Secrest@yopmail.com;2009-05-27
1912;Wynne;Terrence;Wynne.Terrence@yopmail.com;1927-09-23
1913;Cristine;Raul;Cristine.Raul@yopmail.com;1938-04-23
1914;Sashenka;Duwalt;Sashenka.Duwalt@yopmail.com;1901-06-26
1915;Aaren;Schenck;Aaren.Schenck@yopmail.com;2004-06-27
1916;Arlina;Roxanna;Arlina.Roxanna@yopmail.com;1926-02-04
1917;Melanie;Pettiford;Melanie.Pettiford@yopmail.com;1985-09-02
1918;Molli;Stuart;Molli.Stuart@yopmail.com;2008-12-01
1919;Hayley;Aldric;Hayley.Aldric@yopmail.com;1988-05-29
1920;Feliza;Eno;Feliza.Eno@yopmail.com;1966-11-20
1921;Yvonne;Concha;Yvonne.Concha@yopmail.com;1977-06-19
1922;Tori;Cassius;Tori.Cassius@yopmail.com;2004-12-22
1923;Gwyneth;Kristi;Gwyneth.Kristi@yopmail.com;1943-05-19
1924;Teriann;Eben;Teriann.Eben@yopmail.com;1979-07-28
1925;Kassey;Weinreb;Kassey.Weinreb@yopmail.com;1994-06-26
1926;Carlie;Solitta;Carlie.Solitta@yopmail.com;2000-07-23
1927;Netty;Beebe;Netty.Beebe@yopmail.com;1983-06-08
1928;Dolli;Calhoun;Dolli.Calhoun@yopmail.com;1994-04-25
1929;Gianina;Turne;Gianina.Turne@yopmail.com;1906-05-04
1930;Kellen;Curren;Kellen.Curren@yopmail.com;2007-02-19
1931;Candy;Thunell;Candy.Thunell@yopmail.com;1975-10-27
1932;Lory;Colyer;Lory.Colyer@yopmail.com;1955-12-16
1933;Viki;McClimans;Viki.McClimans@yopmail.com;1932-02-21
1934;Helena;Doig;Helena.Doig@yopmail.com;1933-07-01
1935;Shell;Killigrew;Shell.Killigrew@yopmail.com;1944-08-15
1936;Alyda;Tound;Alyda.Tound@yopmail.com;1959-07-11
1937;Stevana;Konyn;Stevana.Konyn@yopmail.com;1987-10-24
1938;Quintina;Even;Quintina.Even@yopmail.com;2011-03-17
1939;Ida;Angelis;Ida.Angelis@yopmail.com;1971-05-26
1940;Jeanna;Gabrielli;Jeanna.Gabrielli@yopmail.com;2012-08-15
1941;Audrie;Gavrila;Audrie.Gavrila@yopmail.com;1995-09-20
1942;Mignon;Niles;Mignon.Niles@yopmail.com;1931-05-29
1943;Daryl;Regan;Daryl.Regan@yopmail.com;1903-02-27
1944;Aubrie;Devlen;Aubrie.Devlen@yopmail.com;1983-07-11
1945;Lory;Vins;Lory.Vins@yopmail.com;1931-11-08
1946;Sean;Izaak;Sean.Izaak@yopmail.com;1965-05-28
1947;Barbara;Belanger;Barbara.Belanger@yopmail.com;1921-08-21
1948;Patricia;MacIntosh;Patricia.MacIntosh@yopmail.com;1908-09-09
1949;Alyssa;Wu;Alyssa.Wu@yopmail.com;1926-09-08
1950;Sheree;Carbo;Sheree.Carbo@yopmail.com;1997-09-17
1951;Zia;Ventre;Zia.Ventre@yopmail.com;2016-09-25
1952;Clo;Konyn;Clo.Konyn@yopmail.com;2012-07-31
1953;Carlie;Alwin;Carlie.Alwin@yopmail.com;1949-11-25
1954;Philis;Crudden;Philis.Crudden@yopmail.com;1975-04-20
1955;Renie;Prober;Renie.Prober@yopmail.com;1964-05-20
1956;Phylis;Liva;Phylis.Liva@yopmail.com;1990-05-08
1957;Daune;Glovsky;Daune.Glovsky@yopmail.com;1966-06-24
1958;Roslyn;Septima;Roslyn.Septima@yopmail.com;2001-03-12
1959;Eve;Luhe;Eve.Luhe@yopmail.com;1941-10-23
1960;Hayley;Uund;Hayley.Uund@yopmail.com;2006-01-25
1961;Arlina;Hull;Arlina.Hull@yopmail.com;1950-07-25
1962;Elvira;Maroney;Elvira.Maroney@yopmail.com;1918-06-29
1963;Nadine;Lacombe;Nadine.Lacombe@yopmail.com;1977-07-04
1964;Tabbatha;Monaco;Tabbatha.Monaco@yopmail.com;1985-10-28
1965;Rosaline;Kevon;Rosaline.Kevon@yopmail.com;2006-05-30
1966;Felice;Concha;Felice.Concha@yopmail.com;1993-05-22
1967;Alexine;Boycey;Alexine.Boycey@yopmail.com;1932-01-17
1968;Robbi;Edison;Robbi.Edison@yopmail.com;1938-01-09
1969;Micheline;Aurelio;Micheline.Aurelio@yopmail.com;2019-04-03
1970;Cherilyn;Obed;Cherilyn.Obed@yopmail.com;1902-07-18
1971;Theodora;Hortensia;Theodora.Hortensia@yopmail.com;2006-09-20
1972;Michaelina;Frodi;Michaelina.Frodi@yopmail.com;1901-04-14
1973;Annecorinne;Dreda;Annecorinne.Dreda@yopmail.com;1926-12-16
1974;Renie;Bronk;Renie.Bronk@yopmail.com;1999-10-27
1975;Sabina;Janith;Sabina.Janith@yopmail.com;1929-05-29
1976;Georgina;Fulmer;Georgina.Fulmer@yopmail.com;2006-10-16
1977;Hope;Tristram;Hope.Tristram@yopmail.com;2018-07-27
1978;Loree;Talia;Loree.Talia@yopmail.com;1950-05-24
1979;Ricky;Pip;Ricky.Pip@yopmail.com;1954-06-30
1980;Selia;Sherfield;Selia.Sherfield@yopmail.com;1914-04-29
1981;Raina;Klotz;Raina.Klotz@yopmail.com;1922-01-09
1982;Lonnie;Helfand;Lonnie.Helfand@yopmail.com;1910-12-16
1983;Janey;Kaete;Janey.Kaete@yopmail.com;2007-07-07
1984;Dorene;Ranjiv;Dorene.Ranjiv@yopmail.com;1909-04-18
1985;Clo;Kauppi;Clo.Kauppi@yopmail.com;1919-06-25
1986;Corene;Fadiman;Corene.Fadiman@yopmail.com;1984-06-01
1987;Dode;Bibi;Dode.Bibi@yopmail.com;2013-02-27
1988;Loree;Dituri;Loree.Dituri@yopmail.com;1998-10-10
1989;Allyce;Bach;Allyce.Bach@yopmail.com;1917-09-10
1990;Meg;Parette;Meg.Parette@yopmail.com;1954-05-30
1991;Claresta;Carvey;Claresta.Carvey@yopmail.com;1969-01-24
1992;Fred;Adlare;Fred.Adlare@yopmail.com;1905-02-15
1993;Joleen;Jeanne;Joleen.Jeanne@yopmail.com;1943-06-06
1994;Marnia;Colp;Marnia.Colp@yopmail.com;1977-07-20
1995;Corly;Brodench;Corly.Brodench@yopmail.com;1923-05-19
1996;Gretal;Idelia;Gretal.Idelia@yopmail.com;2011-10-30
1997;Cherilyn;Teryn;Cherilyn.Teryn@yopmail.com;1947-09-05
1998;Clementine;Karylin;Clementine.Karylin@yopmail.com;1978-03-21
1999;Brooks;McCutcheon;Brooks.McCutcheon@yopmail.com;1961-08-31