id;firstname;lastname;email;Field Name
1000;Ida;Mike;Ida.Mike@yopmail.com;1909-01-07
1001;Maisey;Granoff;Maisey.Granoff@yopmail.com;1961-08-26
1002;Stacey;Bryna;Stacey.Bryna@yopmail.com;1945-12-06
1003;Tonia;Sharl;Tonia.Sharl@yopmail.com;1989-07-10
1004;Farrah;Zenas;Farrah.Zenas@yopmail.com;1969-11-06
1005;Wileen;Juan;Wileen.Juan@yopmail.com;1970-05-15
1006;Jsandye;Albertine;Jsandye.Albertine@yopmail.com;1967-05-23
1007;Demetris;Orlene;Demetris.Orlene@yopmail.com;1935-11-30
1008;Blondelle;Cornelia;Blondelle.Cornelia@yopmail.com;1995-05-18
1009;Susette;Reidar;Susette.Reidar@yopmail.com;1902-01-11
1010;Daune;Roscoe;Daune.Roscoe@yopmail.com;1971-08-14
1011;Dione;Melony;Dione.Melony@yopmail.com;1968-05-20
1012;Lilith;Grosz;Lilith.Grosz@yopmail.com;1931-06-18
1013;Paulita;Boehike;Paulita.Boehike@yopmail.com;1921-03-11
1014;Celisse;Elsinore;Celisse.Elsinore@yopmail.com;1955-03-13
1015;Cyb;Letsou;Cyb.Letsou@yopmail.com;2008-03-13
1016;Yvonne;Gillan;Yvonne.Gillan@yopmail.com;1918-03-21
1017;Doralynne;Stefa;Doralynne.Stefa@yopmail.com;2003-01-20
1018;Darci;Cleavland;Darci.Cleavland@yopmail.com;2008-12-28
1019;Charlena;Amadas;Charlena.Amadas@yopmail.com;1906-11-02
1020;Cecile;Laverne;Cecile.Laverne@yopmail.com;1991-04-14
1021;Amelia;Weaks;Amelia.Weaks@yopmail.com;1974-03-30
1022;Mary;McAdams;Mary.McAdams@yopmail.com;1947-12-26
1023;Kittie;Annabella;Kittie.Annabella@yopmail.com;1946-03-21
1024;Jacquetta;Glovsky;Jacquetta.Glovsky@yopmail.com;1986-07-04
1025;Dorene;Wyn;Dorene.Wyn@yopmail.com;1921-08-06
1026;Ann-Marie;Yusuk;Ann-Marie.Yusuk@yopmail.com;1973-02-16
1027;Mignon;Hedve;Mignon.Hedve@yopmail.com;1994-10-04
1028;Amelia;Thar;Amelia.Thar@yopmail.com;1945-02-11
1029;Madelle;Hull;Madelle.Hull@yopmail.com;1988-05-17
1030;Frank;Codding;Frank.Codding@yopmail.com;1985-12-18
1031;Sonni;Gabrielli;Sonni.Gabrielli@yopmail.com;2014-09-29
1032;Alex;Kaete;Alex.Kaete@yopmail.com;1992-10-10
1033;Etta;Maurine;Etta.Maurine@yopmail.com;1952-07-20
1034;Mary;Docilla;Mary.Docilla@yopmail.com;2019-12-30
1035;Marika;Winthorpe;Marika.Winthorpe@yopmail.com;1984-11-27
1036;Valli;Malanie;Valli.Malanie@yopmail.com;1937-02-06
1037;Darlleen;Stelle;Darlleen.Stelle@yopmail.com;1988-08-31
1038;Shirlee;Adrienne;Shirlee.Adrienne@yopmail.com;1970-08-15
1039;Leanna;Hunfredo;Leanna.Hunfredo@yopmail.com;1905-12-25
1040;Britni;Riva;Britni.Riva@yopmail.com;2003-11-25
1041;Dolli;Bevin;Dolli.Bevin@yopmail.com;1931-10-06
1042;Sherrie;Meter;Sherrie.Meter@yopmail.com;1956-08-16
1043;Maud;Lilas;Maud.Lilas@yopmail.com;1938-04-14
1044;Dari;Wilona;Dari.Wilona@yopmail.com;1957-10-29
1045;Lacie;Gabrielli;Lacie.Gabrielli@yopmail.com;1979-02-08
1046;Maye;Dom;Maye.Dom@yopmail.com;1953-06-30
1047;Leontine;Edvard;Leontine.Edvard@yopmail.com;1979-04-23
1048;Molli;Carvey;Molli.Carvey@yopmail.com;1911-08-04
1049;Emilia;Selway;Emilia.Selway@yopmail.com;1900-12-08
1050;Sandie;Michella;Sandie.Michella@yopmail.com;1922-06-24
1051;Catrina;Franza;Catrina.Franza@yopmail.com;1913-08-11
1052;Lita;Hessler;Lita.Hessler@yopmail.com;1909-05-17
1053;Shirlee;Carmena;Shirlee.Carmena@yopmail.com;1902-07-15
1054;Shandie;Eckblad;Shandie.Eckblad@yopmail.com;1956-12-17
1055;Beth;Georas;Beth.Georas@yopmail.com;1951-01-23
1056;Danika;Fadiman;Danika.Fadiman@yopmail.com;1946-07-09
1057;Desirae;Xerxes;Desirae.Xerxes@yopmail.com;1969-06-22
1058;Cathyleen;Gaspard;Cathyleen.Gaspard@yopmail.com;1946-05-06
1059;Magdalena;Levey;Magdalena.Levey@yopmail.com;1942-02-03
1060;Berta;Ardeha;Berta.Ardeha@yopmail.com;1988-03-26
1061;Abbie;Martguerita;Abbie.Martguerita@yopmail.com;2010-03-25
1062;Claresta;Agle;Claresta.Agle@yopmail.com;1937-01-03
1063;Fanchon;O'Rourke;Fanchon.O'Rourke@yopmail.com;1951-08-27
1064;Alie;Belldas;Alie.Belldas@yopmail.com;1943-12-11
1065;Hollie;Peti;Hollie.Peti@yopmail.com;1923-06-25
1066;Lexine;Toni;Lexine.Toni@yopmail.com;1950-05-26
1067;Hildegaard;Jillane;Hildegaard.Jillane@yopmail.com;1923-10-28
1068;Louella;Argus;Louella.Argus@yopmail.com;1944-03-12
1069;Tressa;Izaak;Tressa.Izaak@yopmail.com;1963-06-26
1070;Angela;Pascia;Angela.Pascia@yopmail.com;1966-02-13
1071;Max;Kirbee;Max.Kirbee@yopmail.com;1969-07-01
1072;Darlleen;McAdams;Darlleen.McAdams@yopmail.com;1930-07-05
1073;Frieda;Oneida;Frieda.Oneida@yopmail.com;1995-02-16
1074;Rozele;Christine;Rozele.Christine@yopmail.com;1977-02-03
1075;Liana;Tound;Liana.Tound@yopmail.com;1943-04-12
1076;Tressa;Boycey;Tressa.Boycey@yopmail.com;1972-05-03
1077;Mara;Posner;Mara.Posner@yopmail.com;1964-10-05
1078;Caressa;Federica;Caressa.Federica@yopmail.com;1955-03-15
1079;Karly;Klotz;Karly.Klotz@yopmail.com;1987-04-19
1080;Cecile;Redmond;Cecile.Redmond@yopmail.com;1973-02-22
1081;Joeann;Donell;Joeann.Donell@yopmail.com;1970-09-26
1082;Katleen;Sekofski;Katleen.Sekofski@yopmail.com;2014-03-26
1083;Nariko;Charity;Nariko.Charity@yopmail.com;1909-09-24
1084;Binny;Vins;Binny.Vins@yopmail.com;1962-12-05
1085;Oona;Hazlett;Oona.Hazlett@yopmail.com;1974-04-14
1086;Bettine;Drus;Bettine.Drus@yopmail.com;1966-07-19
1087;Nickie;Lay;Nickie.Lay@yopmail.com;2004-05-02
1088;Ellette;Sidonius;Ellette.Sidonius@yopmail.com;1959-07-11
1089;Josephine;Thilda;Josephine.Thilda@yopmail.com;1936-03-09
1090;Jackie;Goth;Jackie.Goth@yopmail.com;1961-02-01
1091;Maridel;Dudley;Maridel.Dudley@yopmail.com;1902-04-01
1092;Wileen;Rheingold;Wileen.Rheingold@yopmail.com;1926-10-25
1093;Nonnah;Erskine;Nonnah.Erskine@yopmail.com;1931-12-02
1094;Dulce;Johnsson;Dulce.Johnsson@yopmail.com;1906-02-23
1095;Dulce;Plato;Dulce.Plato@yopmail.com;1991-10-09
1096;Ninnetta;Kaete;Ninnetta.Kaete@yopmail.com;1989-09-10
1097;Margette;Connelly;Margette.Connelly@yopmail.com;1977-07-30
1098;Anallese;Bendick;Anallese.Bendick@yopmail.com;1954-05-20
1099;Heida;Alice;Heida.Alice@yopmail.com;1993-03-15
1100;Melanie;Heisel;Melanie.Heisel@yopmail.com;1944-04-13
1101;Kittie;Posner;Kittie.Posner@yopmail.com;1917-11-11
1102;Agnese;Newell;Agnese.Newell@yopmail.com;1998-05-01
1103;Catrina;Johanna;Catrina.Johanna@yopmail.com;1944-02-08
1104;Vevay;Vilma;Vevay.Vilma@yopmail.com;1956-04-12
1105;Ketti;Behre;Ketti.Behre@yopmail.com;1985-07-21
1106;Augustine;Tarrant;Augustine.Tarrant@yopmail.com;1932-12-17
1107;Ronna;Gombach;Ronna.Gombach@yopmail.com;1912-01-10
1108;Wileen;Deegan;Wileen.Deegan@yopmail.com;1989-07-17
1109;Nollie;Dermott;Nollie.Dermott@yopmail.com;1948-06-21
1110;Carmela;Revkah;Carmela.Revkah@yopmail.com;1915-01-07
1111;Daphne;Belldas;Daphne.Belldas@yopmail.com;2008-05-22
1112;Brianna;Franza;Brianna.Franza@yopmail.com;1982-05-07
1113;Alyda;Fulmer;Alyda.Fulmer@yopmail.com;1992-01-15
1114;Lanae;Jarib;Lanae.Jarib@yopmail.com;1953-09-04
1115;Josephine;Doig;Josephine.Doig@yopmail.com;1977-07-12
1116;Bettine;Havens;Bettine.Havens@yopmail.com;2018-03-11
1117;Zsa Zsa;Timon;Zsa Zsa.Timon@yopmail.com;1924-03-15
1118;Carmela;Virgin;Carmela.Virgin@yopmail.com;1940-12-16
1119;Berta;Edison;Berta.Edison@yopmail.com;1947-11-14
1120;Nita;Syd;Nita.Syd@yopmail.com;1935-08-17
1121;Chastity;Mayeda;Chastity.Mayeda@yopmail.com;1962-04-18
1122;Kathi;Arne;Kathi.Arne@yopmail.com;1987-06-29
1123;Adele;Johnsson;Adele.Johnsson@yopmail.com;2010-05-05
1124;Agnese;Suanne;Agnese.Suanne@yopmail.com;2016-08-13
1125;Kaia;Dex;Kaia.Dex@yopmail.com;2002-09-11
1126;Jennica;Carey;Jennica.Carey@yopmail.com;2015-11-11
1127;Caressa;Shama;Caressa.Shama@yopmail.com;1919-04-30
1128;Bee;Carbo;Bee.Carbo@yopmail.com;1998-11-26
1129;Jorry;Virgin;Jorry.Virgin@yopmail.com;1984-07-15
1130;Nikki;Mandler;Nikki.Mandler@yopmail.com;1941-03-25
1131;Christy;Cadmar;Christy.Cadmar@yopmail.com;1924-12-31
1132;Joceline;Ioab;Joceline.Ioab@yopmail.com;1985-11-18
1133;Flo;Dorine;Flo.Dorine@yopmail.com;1990-08-28
1134;Stacey;Kussell;Stacey.Kussell@yopmail.com;2010-07-09
1135;Dede;Lutero;Dede.Lutero@yopmail.com;1920-05-28
1136;Carol-Jean;Lareena;Carol-Jean.Lareena@yopmail.com;1941-11-10
1137;Susette;Baylor;Susette.Baylor@yopmail.com;1900-01-14
1138;Emelina;My;Emelina.My@yopmail.com;1900-01-08
1139;Iseabal;Garbe;Iseabal.Garbe@yopmail.com;2011-09-17
1140;Edith;Karylin;Edith.Karylin@yopmail.com;1943-11-18
1141;Jaime;Janith;Jaime.Janith@yopmail.com;1948-11-25
1142;Florie;Gladstone;Florie.Gladstone@yopmail.com;2010-10-11
1143;Marline;Douglass;Marline.Douglass@yopmail.com;1995-11-27
1144;Yvonne;Remmer;Yvonne.Remmer@yopmail.com;1950-11-22
1145;Danny;Janith;Danny.Janith@yopmail.com;1986-05-04
1146;Ebonee;Anselmi;Ebonee.Anselmi@yopmail.com;1982-04-19
1147;Aeriela;Weitman;Aeriela.Weitman@yopmail.com;2005-03-03
1148;Jerry;Crudden;Jerry.Crudden@yopmail.com;1999-04-19
1149;Blinni;Eno;Blinni.Eno@yopmail.com;1917-10-28
1150;Sindee;Aldric;Sindee.Aldric@yopmail.com;1941-01-01
1151;Eadie;Jethro;Eadie.Jethro@yopmail.com;1912-02-02
1152;Ardenia;Even;Ardenia.Even@yopmail.com;1949-10-11
1153;Emelina;Armanda;Emelina.Armanda@yopmail.com;1946-08-26
1154;Gusty;Gibbeon;Gusty.Gibbeon@yopmail.com;2006-08-26
1155;Brana;Corabella;Brana.Corabella@yopmail.com;1949-12-10
1156;Wileen;Charmine;Wileen.Charmine@yopmail.com;1945-12-25
1157;Abbie;Erb;Abbie.Erb@yopmail.com;1963-05-14
1158;Chrystel;Bury;Chrystel.Bury@yopmail.com;1938-06-27
1159;Bobbi;Screens;Bobbi.Screens@yopmail.com;1978-08-06
1160;Paule;Llovera;Paule.Llovera@yopmail.com;1976-05-06
1161;Mureil;Old;Mureil.Old@yopmail.com;1965-04-06
1162;Hannis;Delacourt;Hannis.Delacourt@yopmail.com;1960-07-27
1163;Maye;Oneida;Maye.Oneida@yopmail.com;2003-12-18
1164;Augustine;Suzetta;Augustine.Suzetta@yopmail.com;2012-08-15
1165;Orsola;Wittie;Orsola.Wittie@yopmail.com;2004-11-10
1166;Edyth;Silvan;Edyth.Silvan@yopmail.com;1965-12-01
1167;Suzette;Haerr;Suzette.Haerr@yopmail.com;1967-10-10
1168;Michaelina;Bonucci;Michaelina.Bonucci@yopmail.com;1912-02-12
1169;Briney;Old;Briney.Old@yopmail.com;1978-05-01
1170;Xylina;Fax;Xylina.Fax@yopmail.com;1944-05-28
1171;Anestassia;Pattin;Anestassia.Pattin@yopmail.com;1978-11-12
1172;Roslyn;Kazimir;Roslyn.Kazimir@yopmail.com;2002-05-25
1173;Neila;Ingra;Neila.Ingra@yopmail.com;1929-10-13
1174;Benita;Frendel;Benita.Frendel@yopmail.com;2015-10-08
1175;Brianna;Schroth;Brianna.Schroth@yopmail.com;1962-12-20
1176;Darlleen;Candy;Darlleen.Candy@yopmail.com;1959-06-16
1177;Lorne;Durante;Lorne.Durante@yopmail.com;1936-12-03
1178;Marjie;Wildermuth;Marjie.Wildermuth@yopmail.com;1900-08-10
1179;Jaime;Norvol;Jaime.Norvol@yopmail.com;1928-09-11
1180;Meghann;Maples;Meghann.Maples@yopmail.com;1977-03-20
1181;Tabbatha;Thad;Tabbatha.Thad@yopmail.com;1993-02-16
1182;Catharine;Decato;Catharine.Decato@yopmail.com;1961-09-07
1183;Jackie;Sawtelle;Jackie.Sawtelle@yopmail.com;1974-12-06
1184;Dari;Rad;Dari.Rad@yopmail.com;1961-01-18
1185;Correy;Salchunas;Correy.Salchunas@yopmail.com;2010-04-13
1186;Mary;Kevon;Mary.Kevon@yopmail.com;1905-12-23
1187;Teddie;Neils;Teddie.Neils@yopmail.com;1917-12-28
1188;Millie;Anyah;Millie.Anyah@yopmail.com;1948-03-06
1189;Meriel;Rossner;Meriel.Rossner@yopmail.com;1931-07-29
1190;Caryl;Toor;Caryl.Toor@yopmail.com;1986-05-11
1191;Ardys;Phyllis;Ardys.Phyllis@yopmail.com;1986-01-03
1192;Nadine;Emanuel;Nadine.Emanuel@yopmail.com;1963-12-05
1193;Riannon;Bahr;Riannon.Bahr@yopmail.com;1928-07-28
1194;Regina;Herrera;Regina.Herrera@yopmail.com;2009-10-26
1195;Vita;Rosette;Vita.Rosette@yopmail.com;1930-01-21
1196;Lusa;Westphal;Lusa.Westphal@yopmail.com;1903-02-04
1197;Ellette;Tiffa;Ellette.Tiffa@yopmail.com;1948-07-13
1198;Emylee;Aloise;Emylee.Aloise@yopmail.com;2008-06-29
1199;Agnese;Liebermann;Agnese.Liebermann@yopmail.com;1946-01-26
1200;Merrie;Brittani;Merrie.Brittani@yopmail.com;1948-08-23
1201;Paule;Hollingsworth;Paule.Hollingsworth@yopmail.com;1930-06-12
1202;Marjie;Stover;Marjie.Stover@yopmail.com;1966-06-09
1203;Christian;Audly;Christian.Audly@yopmail.com;1948-08-15
1204;Asia;Gregrory;Asia.Gregrory@yopmail.com;1942-03-07
1205;Sabina;Demitria;Sabina.Demitria@yopmail.com;1920-03-28
1206;Nadine;Trace;Nadine.Trace@yopmail.com;1919-08-23
1207;Goldie;Gilbertson;Goldie.Gilbertson@yopmail.com;1979-06-17
1208;Florie;Mata;Florie.Mata@yopmail.com;2013-09-01
1209;Constance;Bettine;Constance.Bettine@yopmail.com;2019-09-22
1210;Barbara;Drisko;Barbara.Drisko@yopmail.com;1942-02-14
1211;Louella;LaRue;Louella.LaRue@yopmail.com;1988-10-16
1212;Carlie;Brodench;Carlie.Brodench@yopmail.com;1956-09-03
1213;Cathie;Mallon;Cathie.Mallon@yopmail.com;1923-11-15
1214;Bibby;Llovera;Bibby.Llovera@yopmail.com;1996-03-22
1215;Allis;Ajay;Allis.Ajay@yopmail.com;1978-04-03
1216;Lily;Dash;Lily.Dash@yopmail.com;1950-10-12
1217;Mary;Kenney;Mary.Kenney@yopmail.com;1925-03-14
1218;Nelle;Fadiman;Nelle.Fadiman@yopmail.com;1908-04-16
1219;Chastity;Heidt;Chastity.Heidt@yopmail.com;1986-11-30
1220;Molli;Elvyn;Molli.Elvyn@yopmail.com;1961-03-17
1221;Lindie;Claudine;Lindie.Claudine@yopmail.com;1991-07-25
1222;Drucie;Hull;Drucie.Hull@yopmail.com;1964-10-07
1223;Peri;Carolin;Peri.Carolin@yopmail.com;1966-04-15
1224;Larine;Felecia;Larine.Felecia@yopmail.com;1910-12-22
1225;Sindee;Clie;Sindee.Clie@yopmail.com;1980-01-11
1226;Heida;Lemuela;Heida.Lemuela@yopmail.com;1959-07-16
1227;Cristine;Jess;Cristine.Jess@yopmail.com;1996-04-01
1228;Dede;Koziara;Dede.Koziara@yopmail.com;1965-05-26
1229;Ezmeralda;Dorine;Ezmeralda.Dorine@yopmail.com;1965-01-17
1230;Regina;Noman;Regina.Noman@yopmail.com;1917-01-29
1231;Gavrielle;Koziara;Gavrielle.Koziara@yopmail.com;1914-12-18
1232;Margalo;Joli;Margalo.Joli@yopmail.com;1943-03-20
1233;Evita;Jacobah;Evita.Jacobah@yopmail.com;1902-11-02
1234;Mellicent;Ezar;Mellicent.Ezar@yopmail.com;1912-09-02
1235;Kayla;Seligman;Kayla.Seligman@yopmail.com;1919-08-12
1236;Desirae;Elephus;Desirae.Elephus@yopmail.com;1948-02-20
1237;Fanny;Beebe;Fanny.Beebe@yopmail.com;2009-10-19
1238;Tiffie;Wooster;Tiffie.Wooster@yopmail.com;1967-08-13
1239;Tani;Brieta;Tani.Brieta@yopmail.com;1993-07-14
1240;Livvyy;Tannie;Livvyy.Tannie@yopmail.com;1920-03-26
1241;Nicoli;Cavan;Nicoli.Cavan@yopmail.com;2008-12-24
1242;Kassey;Euridice;Kassey.Euridice@yopmail.com;1963-12-22
1243;Clary;Lucienne;Clary.Lucienne@yopmail.com;1941-02-10
1244;Dennie;Lipson;Dennie.Lipson@yopmail.com;1905-04-20
1245;Dulce;Kaja;Dulce.Kaja@yopmail.com;1902-06-24
1246;Zsa Zsa;Jarib;Zsa Zsa.Jarib@yopmail.com;1909-12-31
1247;Viviene;Aida;Viviene.Aida@yopmail.com;1982-07-17
1248;Sam;Poppy;Sam.Poppy@yopmail.com;1913-04-27
1249;Shaine;Jethro;Shaine.Jethro@yopmail.com;1955-08-18
1250;Jaime;Rillings;Jaime.Rillings@yopmail.com;1930-11-14
1251;Kalina;Paton;Kalina.Paton@yopmail.com;2019-02-15
1252;Katuscha;Prober;Katuscha.Prober@yopmail.com;1985-06-25
1253;Teriann;Reidar;Teriann.Reidar@yopmail.com;1979-02-02
1254;Roseline;Infield;Roseline.Infield@yopmail.com;1969-02-23
1255;Marguerite;Buffum;Marguerite.Buffum@yopmail.com;1987-02-07
1256;Sara-Ann;Izaak;Sara-Ann.Izaak@yopmail.com;1973-06-01
1257;Allis;Hartnett;Allis.Hartnett@yopmail.com;1927-12-18
1258;Yvonne;Chauncey;Yvonne.Chauncey@yopmail.com;1997-12-05
1259;Edee;Gordon;Edee.Gordon@yopmail.com;1902-07-19
1260;Emilia;Leary;Emilia.Leary@yopmail.com;1984-07-02
1261;Leontine;Sholley;Leontine.Sholley@yopmail.com;2006-06-20
1262;Caryl;Stover;Caryl.Stover@yopmail.com;1961-07-30
1263;Gerrie;Suk;Gerrie.Suk@yopmail.com;1945-09-22
1264;Ivett;Croix;Ivett.Croix@yopmail.com;1976-05-18
1265;Jessy;Shama;Jessy.Shama@yopmail.com;1928-02-09
1266;Eadie;Riordan;Eadie.Riordan@yopmail.com;1957-11-13
1267;Shel;Dulciana;Shel.Dulciana@yopmail.com;1960-06-25
1268;Glynnis;Anton;Glynnis.Anton@yopmail.com;1928-07-09
1269;Ezmeralda;Means;Ezmeralda.Means@yopmail.com;1947-06-11
1270;Nyssa;Caitlin;Nyssa.Caitlin@yopmail.com;1915-03-04
1271;Fernande;Vary;Fernande.Vary@yopmail.com;1941-11-19
1272;Althea;Ioab;Althea.Ioab@yopmail.com;2009-09-11
1273;Letizia;Goerke;Letizia.Goerke@yopmail.com;1908-04-30
1274;Alex;Alisia;Alex.Alisia@yopmail.com;2019-01-09
1275;Judy;Fulmer;Judy.Fulmer@yopmail.com;1964-11-05
1276;Anica;Kress;Anica.Kress@yopmail.com;1996-02-17
1277;Kimberley;Harday;Kimberley.Harday@yopmail.com;1983-04-22
1278;Sheelagh;Mehalek;Sheelagh.Mehalek@yopmail.com;1994-02-27
1279;Kathi;Brieta;Kathi.Brieta@yopmail.com;1904-05-01
1280;Aurore;Alexandr;Aurore.Alexandr@yopmail.com;1900-01-06
1281;Cyb;Aurelio;Cyb.Aurelio@yopmail.com;1951-01-03
1282;Florencia;Ahab;Florencia.Ahab@yopmail.com;2018-09-11
1283;Amara;Astra;Amara.Astra@yopmail.com;2017-05-21
1284;Natka;Morgun;Natka.Morgun@yopmail.com;1920-08-15
1285;Ida;Lipson;Ida.Lipson@yopmail.com;1949-12-22
1286;Coral;Wattenberg;Coral.Wattenberg@yopmail.com;1989-08-18
1287;Lelah;Yorick;Lelah.Yorick@yopmail.com;1901-12-29
1288;Rochette;Faria;Rochette.Faria@yopmail.com;1958-12-17
1289;Lilith;Jacqui;Lilith.Jacqui@yopmail.com;1964-04-09
1290;Wanda;Baylor;Wanda.Baylor@yopmail.com;1965-01-31
1291;Harrietta;Vacuva;Harrietta.Vacuva@yopmail.com;1917-09-12
1292;Juliane;Chesna;Juliane.Chesna@yopmail.com;1926-11-03
1293;Kylynn;Kress;Kylynn.Kress@yopmail.com;1997-11-29
1294;Rubie;Moseley;Rubie.Moseley@yopmail.com;1960-01-13
1295;Joceline;Velick;Joceline.Velick@yopmail.com;1961-02-08
1296;Sean;Grayce;Sean.Grayce@yopmail.com;2002-12-23
1297;Melisent;Fax;Melisent.Fax@yopmail.com;1925-10-28
1298;Berta;Odysseus;Berta.Odysseus@yopmail.com;1960-02-10
1299;Jolyn;Adore;Jolyn.Adore@yopmail.com;1913-08-04
1300;Alisha;My;Alisha.My@yopmail.com;1952-08-21
1301;Agnese;Aurelio;Agnese.Aurelio@yopmail.com;1918-03-03
1302;Janey;Mozelle;Janey.Mozelle@yopmail.com;1976-08-19
1303;Millie;Barney;Millie.Barney@yopmail.com;1907-08-27
1304;Beverley;Rillings;Beverley.Rillings@yopmail.com;2012-08-11
1305;Laure;Karl;Laure.Karl@yopmail.com;1922-09-28
1306;Aubrie;Delp;Aubrie.Delp@yopmail.com;1950-02-16
1307;Fina;Corilla;Fina.Corilla@yopmail.com;1999-08-06
1308;Nessie;Ortrude;Nessie.Ortrude@yopmail.com;2017-07-02
1309;Sibella;Colbert;Sibella.Colbert@yopmail.com;1943-04-28
1310;Mary;Destinee;Mary.Destinee@yopmail.com;1977-08-16
1311;Elvira;Emanuel;Elvira.Emanuel@yopmail.com;2016-09-17
1312;Leontine;Ovid;Leontine.Ovid@yopmail.com;1981-12-08
1313;Emelina;Calhoun;Emelina.Calhoun@yopmail.com;1988-05-25
1314;Nollie;Blase;Nollie.Blase@yopmail.com;1917-02-22
1315;Agnese;Silvan;Agnese.Silvan@yopmail.com;1929-07-21
1316;Andeee;Fabiola;Andeee.Fabiola@yopmail.com;2015-03-25
1317;Goldie;Greyson;Goldie.Greyson@yopmail.com;1975-06-10
1318;Shauna;Malanie;Shauna.Malanie@yopmail.com;1954-10-01
1319;Deedee;Bethany;Deedee.Bethany@yopmail.com;1929-10-01
1320;Nerta;Clara;Nerta.Clara@yopmail.com;1904-05-23
1321;Gretal;Lattie;Gretal.Lattie@yopmail.com;2016-11-06
1322;Ann-Marie;Loeb;Ann-Marie.Loeb@yopmail.com;1950-08-26
1323;Cyb;Soneson;Cyb.Soneson@yopmail.com;1903-02-07
1324;Mahalia;Adlare;Mahalia.Adlare@yopmail.com;2017-08-15
1325;Lorie;Couture;Lorie.Couture@yopmail.com;1900-09-27
1326;Dione;Randene;Dione.Randene@yopmail.com;1956-05-21
1327;Joeann;Boycey;Joeann.Boycey@yopmail.com;1926-01-12
1328;Caressa;Pacorro;Caressa.Pacorro@yopmail.com;1948-05-02
1329;Hope;Faro;Hope.Faro@yopmail.com;1962-05-19
1330;Dione;Talia;Dione.Talia@yopmail.com;1918-01-10
1331;Gerianna;Sancho;Gerianna.Sancho@yopmail.com;1906-11-18
1332;Hollie;Friede;Hollie.Friede@yopmail.com;1978-02-07
1333;Lynde;Florina;Lynde.Florina@yopmail.com;1970-04-30
1334;Amalie;Shuler;Amalie.Shuler@yopmail.com;1950-06-20
1335;Caritta;Louanna;Caritta.Louanna@yopmail.com;2005-12-01
1336;Gusella;Imelida;Gusella.Imelida@yopmail.com;1999-09-29
1337;Adelle;Vivle;Adelle.Vivle@yopmail.com;1955-04-06
1338;Devina;Melleta;Devina.Melleta@yopmail.com;1935-02-07
1339;Rosanne;Shields;Rosanne.Shields@yopmail.com;2005-11-11
1340;Mignon;Konyn;Mignon.Konyn@yopmail.com;1981-09-25
1341;Tomasina;Fiester;Tomasina.Fiester@yopmail.com;2006-01-21
1342;Hannis;Syd;Hannis.Syd@yopmail.com;1961-04-13
1343;Lucille;Goldina;Lucille.Goldina@yopmail.com;1944-05-16
1344;Wynne;Olin;Wynne.Olin@yopmail.com;2004-07-23
1345;Brena;Donell;Brena.Donell@yopmail.com;2016-01-06
1346;Kellen;Stevy;Kellen.Stevy@yopmail.com;1954-06-28
1347;Janis;Lubin;Janis.Lubin@yopmail.com;2012-12-18
1348;Ginnie;Kravits;Ginnie.Kravits@yopmail.com;1926-06-29
1349;Kittie;Harriman;Kittie.Harriman@yopmail.com;1983-12-17
1350;Britni;Zina;Britni.Zina@yopmail.com;1927-04-18
1351;Tersina;Posner;Tersina.Posner@yopmail.com;1918-03-15
1352;Blondelle;Richers;Blondelle.Richers@yopmail.com;1966-02-08
1353;Tonia;Roscoe;Tonia.Roscoe@yopmail.com;1946-06-08
1354;Brana;Hedve;Brana.Hedve@yopmail.com;1924-05-10
1355;Flo;Parette;Flo.Parette@yopmail.com;1976-06-05
1356;Lorenza;Swanhildas;Lorenza.Swanhildas@yopmail.com;1942-11-15
1357;Sonni;Dichy;Sonni.Dichy@yopmail.com;2010-07-14
1358;Babita;Ade;Babita.Ade@yopmail.com;1985-01-01
1359;Verla;Bonucci;Verla.Bonucci@yopmail.com;1922-09-29
1360;Karina;Swanhildas;Karina.Swanhildas@yopmail.com;1967-06-28
1361;Malina;Brady;Malina.Brady@yopmail.com;1965-05-28
1362;Judy;Lowry;Judy.Lowry@yopmail.com;2013-04-07
1363;Donetta;Aaberg;Donetta.Aaberg@yopmail.com;1965-03-27
1364;Fayre;Urania;Fayre.Urania@yopmail.com;2012-05-11
1365;Melanie;Ricki;Melanie.Ricki@yopmail.com;1962-08-18
1366;Darlleen;Helve;Darlleen.Helve@yopmail.com;1901-03-14
1367;Dianemarie;Ventre;Dianemarie.Ventre@yopmail.com;1901-05-13
1368;Sarette;Hoban;Sarette.Hoban@yopmail.com;2015-07-03
1369;Candi;Corrine;Candi.Corrine@yopmail.com;2004-11-16
1370;Elena;Dorothy;Elena.Dorothy@yopmail.com;1909-08-08
1371;Alisha;Docilla;Alisha.Docilla@yopmail.com;1980-07-09
1372;Anthia;Sisile;Anthia.Sisile@yopmail.com;2006-02-24
1373;Cherrita;Wallis;Cherrita.Wallis@yopmail.com;1940-04-23
1374;Kerrin;Holtz;Kerrin.Holtz@yopmail.com;1912-01-24
1375;Wendi;Gaulin;Wendi.Gaulin@yopmail.com;1941-12-24
1376;Sandie;Shields;Sandie.Shields@yopmail.com;1907-10-01
1377;Mara;Israeli;Mara.Israeli@yopmail.com;1958-08-15
1378;Ayn;Ardra;Ayn.Ardra@yopmail.com;1908-04-30
1379;Linzy;Flita;Linzy.Flita@yopmail.com;1931-08-07
1380;Ginnie;Sheng;Ginnie.Sheng@yopmail.com;1973-10-12
1381;Rosanne;Elisha;Rosanne.Elisha@yopmail.com;1969-01-12
1382;Harmonia;Mike;Harmonia.Mike@yopmail.com;1954-10-23
1383;Betta;Briney;Betta.Briney@yopmail.com;1914-02-05
1384;Blinni;Xerxes;Blinni.Xerxes@yopmail.com;1941-10-31
1385;Wilma;Remmer;Wilma.Remmer@yopmail.com;2018-11-29
1386;Jordan;Mozelle;Jordan.Mozelle@yopmail.com;1972-11-14
1387;Joane;Florina;Joane.Florina@yopmail.com;1900-12-08
1388;Jorry;Rebecka;Jorry.Rebecka@yopmail.com;1944-06-13
1389;Berget;Vivle;Berget.Vivle@yopmail.com;2012-01-05
1390;Nonnah;Yorick;Nonnah.Yorick@yopmail.com;2016-06-04
1391;Lindie;Blase;Lindie.Blase@yopmail.com;1918-06-28
1392;Tina;Concha;Tina.Concha@yopmail.com;1967-10-02
1393;Steffane;Ehrman;Steffane.Ehrman@yopmail.com;1923-05-23
1394;Ricky;Bow;Ricky.Bow@yopmail.com;1994-08-13
1395;Cordi;Guthrie;Cordi.Guthrie@yopmail.com;1933-12-23
1396;Harmonia;Maribeth;Harmonia.Maribeth@yopmail.com;2013-09-11
1397;Blondelle;Toni;Blondelle.Toni@yopmail.com;1935-07-03
1398;Millie;Audly;Millie.Audly@yopmail.com;1920-09-17
1399;Brietta;Annice;Brietta.Annice@yopmail.com;1936-08-07
1400;Olwen;Pascia;Olwen.Pascia@yopmail.com;1980-09-02
1401;Chastity;Calhoun;Chastity.Calhoun@yopmail.com;1912-09-20
1402;Netty;Borrell;Netty.Borrell@yopmail.com;1920-04-21
1403;Misha;Cassius;Misha.Cassius@yopmail.com;1992-06-03
1404;Susan;Anderea;Susan.Anderea@yopmail.com;2018-12-10
1405;Josephine;Riva;Josephine.Riva@yopmail.com;1916-06-04
1406;Madalyn;Gilbertson;Madalyn.Gilbertson@yopmail.com;1907-11-08
1407;Leanna;Wadell;Leanna.Wadell@yopmail.com;1980-12-10
1408;June;Even;June.Even@yopmail.com;2010-06-09
1409;Myriam;Freddi;Myriam.Freddi@yopmail.com;1992-01-05
1410;Norine;Halla;Norine.Halla@yopmail.com;1939-01-11
1411;Quintina;Letsou;Quintina.Letsou@yopmail.com;1909-06-29
1412;Raf;Waldron;Raf.Waldron@yopmail.com;1990-09-10
1413;Alia;Liva;Alia.Liva@yopmail.com;1958-09-24
1414;Nickie;Alejoa;Nickie.Alejoa@yopmail.com;1915-06-11
1415;Aili;Lauraine;Aili.Lauraine@yopmail.com;1946-10-19
1416;Marleah;Nance;Marleah.Nance@yopmail.com;1930-09-13
1417;Romona;Hourigan;Romona.Hourigan@yopmail.com;1935-07-24
1418;Christian;Merna;Christian.Merna@yopmail.com;1946-03-23
1419;Annice;Rad;Annice.Rad@yopmail.com;1994-12-09
1420;Devina;Weitman;Devina.Weitman@yopmail.com;1905-01-26
1421;Gilligan;Graig;Gilligan.Graig@yopmail.com;1931-03-08
1422;Selia;Ricki;Selia.Ricki@yopmail.com;1940-02-11
1423;Charlena;Burch;Charlena.Burch@yopmail.com;1932-03-29
1424;Tomasina;Fax;Tomasina.Fax@yopmail.com;1979-09-15
1425;Ernesta;Secrest;Ernesta.Secrest@yopmail.com;1995-11-23
1426;Pamella;Uund;Pamella.Uund@yopmail.com;1915-06-13
1427;Ekaterina;Breed;Ekaterina.Breed@yopmail.com;1931-04-06
1428;Evaleen;Michella;Evaleen.Michella@yopmail.com;1936-10-10
1429;Emmey;Friede;Emmey.Friede@yopmail.com;1964-04-20
1430;Reeba;Ludewig;Reeba.Ludewig@yopmail.com;1950-02-19
1431;Alyssa;Christine;Alyssa.Christine@yopmail.com;1953-04-26
1432;Sam;Bluh;Sam.Bluh@yopmail.com;2015-09-02
1433;Kore;Vacuva;Kore.Vacuva@yopmail.com;1987-02-07
1434;Madeleine;Gibbeon;Madeleine.Gibbeon@yopmail.com;1944-04-25
1435;Annecorinne;Shanley;Annecorinne.Shanley@yopmail.com;1966-05-08
1436;Angela;Haerr;Angela.Haerr@yopmail.com;1917-08-02
1437;Cacilie;Herrera;Cacilie.Herrera@yopmail.com;1944-08-07
1438;Lusa;Behre;Lusa.Behre@yopmail.com;1921-01-23
1439;Alleen;Magdalen;Alleen.Magdalen@yopmail.com;1901-07-31
1440;Valli;Ursulette;Valli.Ursulette@yopmail.com;2013-01-17
1441;Valeda;Jacinda;Valeda.Jacinda@yopmail.com;1976-02-06
1442;Penelopa;McNully;Penelopa.McNully@yopmail.com;2000-08-16
1443;Madeleine;Klotz;Madeleine.Klotz@yopmail.com;2000-09-20
1444;Celene;Masao;Celene.Masao@yopmail.com;2017-03-28
1445;Suzette;Pelagias;Suzette.Pelagias@yopmail.com;1958-05-21
1446;Anestassia;Flyn;Anestassia.Flyn@yopmail.com;1943-05-17
1447;Georgina;Kare;Georgina.Kare@yopmail.com;2012-02-04
1448;Mariele;Vharat;Mariele.Vharat@yopmail.com;1949-06-21
1449;Leia;Docilla;Leia.Docilla@yopmail.com;1950-09-03
1450;Doralynne;Woodberry;Doralynne.Woodberry@yopmail.com;1952-12-27
1451;Alameda;Stav;Alameda.Stav@yopmail.com;1906-03-21
1452;Nanete;Ezar;Nanete.Ezar@yopmail.com;2004-07-02
1453;Jaclyn;McAdams;Jaclyn.McAdams@yopmail.com;1988-09-29
1454;Rani;Adalbert;Rani.Adalbert@yopmail.com;1922-01-15
1455;Elyssa;Sacken;Elyssa.Sacken@yopmail.com;1915-12-13
1456;Brynna;Tiffa;Brynna.Tiffa@yopmail.com;2014-12-04
1457;Rebeca;Grobe;Rebeca.Grobe@yopmail.com;1980-08-19
1458;Tiffie;Katrine;Tiffie.Katrine@yopmail.com;1937-08-23
1459;Ida;Shaddock;Ida.Shaddock@yopmail.com;2011-08-06
1460;Hope;Kannry;Hope.Kannry@yopmail.com;1962-06-10
1461;Krystle;Wilona;Krystle.Wilona@yopmail.com;2000-02-02
1462;Latisha;Xerxes;Latisha.Xerxes@yopmail.com;1916-10-28
1463;Eolanda;Winnick;Eolanda.Winnick@yopmail.com;2004-10-02
1464;Eolanda;Tippets;Eolanda.Tippets@yopmail.com;1988-10-17
1465;Flory;Hurley;Flory.Hurley@yopmail.com;2002-08-01
1466;Paulita;Pillsbury;Paulita.Pillsbury@yopmail.com;1935-08-11
1467;Odessa;Brotherson;Odessa.Brotherson@yopmail.com;1918-10-21
1468;Dulcinea;Glenden;Dulcinea.Glenden@yopmail.com;1962-01-03
1469;Linzy;Carri;Linzy.Carri@yopmail.com;1935-03-11
1470;Regina;Uund;Regina.Uund@yopmail.com;2016-04-29
1471;Yvonne;Magnolia;Yvonne.Magnolia@yopmail.com;1966-04-30
1472;Elvira;Albertine;Elvira.Albertine@yopmail.com;2003-09-06
1473;Jeanna;Juliet;Jeanna.Juliet@yopmail.com;1995-07-06
1474;Ernesta;Bord;Ernesta.Bord@yopmail.com;1908-03-18
1475;Lynea;Latini;Lynea.Latini@yopmail.com;1987-11-12
1476;Modestia;Jorgan;Modestia.Jorgan@yopmail.com;1947-04-20
1477;Margalo;Curren;Margalo.Curren@yopmail.com;1900-05-04
1478;Caryl;Bronk;Caryl.Bronk@yopmail.com;1966-03-05
1479;Marnia;Garrison;Marnia.Garrison@yopmail.com;1902-09-28
1480;Corene;Etom;Corene.Etom@yopmail.com;1924-08-26
1481;Jinny;Muriel;Jinny.Muriel@yopmail.com;1928-07-26
1482;Karly;Lissi;Karly.Lissi@yopmail.com;1998-12-15
1483;Ezmeralda;Gilbertson;Ezmeralda.Gilbertson@yopmail.com;1929-11-18
1484;Josephine;Hortensia;Josephine.Hortensia@yopmail.com;1943-03-11
1485;Tani;Odell;Tani.Odell@yopmail.com;1955-11-11
1486;Gilda;Nore;Gilda.Nore@yopmail.com;2012-05-13
1487;Leanna;Blisse;Leanna.Blisse@yopmail.com;1955-05-27
1488;Janeczka;Narton;Janeczka.Narton@yopmail.com;1964-03-11
1489;Marika;Seagraves;Marika.Seagraves@yopmail.com;1945-02-27
1490;Penelopa;Monk;Penelopa.Monk@yopmail.com;1940-06-19
1491;Nonnah;Tiffa;Nonnah.Tiffa@yopmail.com;2011-05-22
1492;Jemie;Roche;Jemie.Roche@yopmail.com;2003-04-13
1493;Corry;Pip;Corry.Pip@yopmail.com;2017-12-15
1494;Amalie;Vivle;Amalie.Vivle@yopmail.com;1904-03-01
1495;Clo;Weide;Clo.Weide@yopmail.com;1925-03-26
1496;Ermengarde;McAdams;Ermengarde.McAdams@yopmail.com;1984-11-21
1497;Krystle;Bury;Krystle.Bury@yopmail.com;1942-03-09
1498;Daryl;Gilbertson;Daryl.Gilbertson@yopmail.com;1982-11-06
1499;Susan;Rocray;Susan.Rocray@yopmail.com;1972-07-27
1500;Jerry;Sothena;Jerry.Sothena@yopmail.com;1908-11-03
1501;Jillayne;Gabrielli;Jillayne.Gabrielli@yopmail.com;1901-08-01
1502;Lonnie;Cadmar;Lonnie.Cadmar@yopmail.com;1999-09-18
1503;Consuela;Jefferey;Consuela.Jefferey@yopmail.com;1990-11-12
1504;Sissy;Louanna;Sissy.Louanna@yopmail.com;1968-09-22
1505;Barbara;Orpah;Barbara.Orpah@yopmail.com;1925-07-13
1506;Elena;Bronk;Elena.Bronk@yopmail.com;1966-09-14
1507;Josephine;Sprage;Josephine.Sprage@yopmail.com;1984-02-21
1508;Merle;Valerio;Merle.Valerio@yopmail.com;2019-02-25
1509;Marguerite;My;Marguerite.My@yopmail.com;1964-04-11
1510;Ekaterina;Emmaline;Ekaterina.Emmaline@yopmail.com;1949-10-30
1511;Bernardine;Michella;Bernardine.Michella@yopmail.com;1958-02-02
1512;Zsa Zsa;Khorma;Zsa Zsa.Khorma@yopmail.com;1915-10-19
1513;Leeanne;Jerold;Leeanne.Jerold@yopmail.com;1914-08-20
1514;Margarette;Mott;Margarette.Mott@yopmail.com;1971-07-13
1515;Barbi;Chandler;Barbi.Chandler@yopmail.com;1943-06-08
1516;Deedee;Luhe;Deedee.Luhe@yopmail.com;1940-06-23
1517;Estell;Vins;Estell.Vins@yopmail.com;1952-12-19
1518;Tracey;Waite;Tracey.Waite@yopmail.com;1991-08-26
1519;Lenna;Klemperer;Lenna.Klemperer@yopmail.com;1921-05-03
1520;Lanae;Lunsford;Lanae.Lunsford@yopmail.com;1904-02-29
1521;Althea;Tyson;Althea.Tyson@yopmail.com;1965-03-22
1522;Lanae;Mullane;Lanae.Mullane@yopmail.com;1908-03-28
1523;Karlee;Ovid;Karlee.Ovid@yopmail.com;2007-01-28
1524;Bee;Silvan;Bee.Silvan@yopmail.com;1944-11-22
1525;Cordi;Barney;Cordi.Barney@yopmail.com;1980-10-30
1526;Giustina;Longfellow;Giustina.Longfellow@yopmail.com;1939-04-22
1527;Ilse;Federica;Ilse.Federica@yopmail.com;1907-01-20
1528;Shannah;Justinn;Shannah.Justinn@yopmail.com;1955-07-02
1529;Olwen;Chobot;Olwen.Chobot@yopmail.com;1931-10-10
1530;Berta;Clywd;Berta.Clywd@yopmail.com;1943-03-31
1531;Rosaline;Dowski;Rosaline.Dowski@yopmail.com;1957-12-28
1532;Amara;Chick;Amara.Chick@yopmail.com;2003-03-07
1533;Catharine;Berard;Catharine.Berard@yopmail.com;2011-04-06
1534;Eadie;Ophelia;Eadie.Ophelia@yopmail.com;1913-09-20
1535;Fina;Avi;Fina.Avi@yopmail.com;1978-12-22
1536;Cissiee;Arne;Cissiee.Arne@yopmail.com;1933-09-20
1537;Dennie;Stuart;Dennie.Stuart@yopmail.com;1972-04-02
1538;Mignon;Pelagias;Mignon.Pelagias@yopmail.com;1982-12-11
1539;Kristan;Merat;Kristan.Merat@yopmail.com;1917-09-13
1540;Sean;Jess;Sean.Jess@yopmail.com;1981-03-02
1541;Dale;Lasley;Dale.Lasley@yopmail.com;1929-07-16
1542;Arlina;Breed;Arlina.Breed@yopmail.com;1905-06-27
1543;Fredericka;Carri;Fredericka.Carri@yopmail.com;2005-07-09
1544;Bobinette;Vittoria;Bobinette.Vittoria@yopmail.com;2003-05-26
1545;Flo;Georas;Flo.Georas@yopmail.com;2017-07-01
1546;Gui;Cookie;Gui.Cookie@yopmail.com;1974-11-17
1547;Goldie;Rheingold;Goldie.Rheingold@yopmail.com;2019-03-26
1548;Mahalia;Magnolia;Mahalia.Magnolia@yopmail.com;1911-05-19
1549;Asia;Suk;Asia.Suk@yopmail.com;1947-07-08
1550;Sonni;Argus;Sonni.Argus@yopmail.com;1971-07-06
1551;Sindee;Yorick;Sindee.Yorick@yopmail.com;1909-09-12
1552;Mary;Phyllis;Mary.Phyllis@yopmail.com;2008-12-17
1553;Kaia;Wiener;Kaia.Wiener@yopmail.com;1956-04-23
1554;Gretal;Millda;Gretal.Millda@yopmail.com;1900-03-19
1555;Fanny;Thunell;Fanny.Thunell@yopmail.com;1941-02-05
1556;Barbara;Chandler;Barbara.Chandler@yopmail.com;2003-11-13
1557;Christy;Baudin;Christy.Baudin@yopmail.com;2002-03-24
1558;Sashenka;Lacombe;Sashenka.Lacombe@yopmail.com;2003-12-14
1559;Ethel;Milde;Ethel.Milde@yopmail.com;2007-07-05
1560;Marinna;Loring;Marinna.Loring@yopmail.com;1916-01-16
1561;Ginnie;Lemuela;Ginnie.Lemuela@yopmail.com;1955-02-07
1562;Clementine;Celestine;Clementine.Celestine@yopmail.com;1936-03-05
1563;Libbie;Rosette;Libbie.Rosette@yopmail.com;1921-12-23
1564;Devina;Garbe;Devina.Garbe@yopmail.com;2012-11-11
1565;Gratia;Kravits;Gratia.Kravits@yopmail.com;1958-12-01
1566;Dagmar;Codding;Dagmar.Codding@yopmail.com;1928-05-10
1567;Nanete;Serilda;Nanete.Serilda@yopmail.com;1937-01-18
1568;Cherilyn;Denis;Cherilyn.Denis@yopmail.com;1941-11-08
1569;Trudie;Freddi;Trudie.Freddi@yopmail.com;1919-11-07
1570;Meghann;Tacye;Meghann.Tacye@yopmail.com;2010-09-30
1571;Ernesta;Brodench;Ernesta.Brodench@yopmail.com;1924-10-08
1572;Ketti;Geffner;Ketti.Geffner@yopmail.com;1904-10-16
1573;Pamella;Carbo;Pamella.Carbo@yopmail.com;1945-03-20
1574;Dacia;Phyllis;Dacia.Phyllis@yopmail.com;1984-03-10
1575;Allis;Wattenberg;Allis.Wattenberg@yopmail.com;2012-12-17
1576;Mureil;Shirberg;Mureil.Shirberg@yopmail.com;1962-01-12
1577;Hayley;Lasley;Hayley.Lasley@yopmail.com;1920-03-31
1578;Nollie;Hollingsworth;Nollie.Hollingsworth@yopmail.com;1983-07-11
1579;Madelle;Leonard;Madelle.Leonard@yopmail.com;1934-11-01
1580;Gusty;Carvey;Gusty.Carvey@yopmail.com;1977-08-28
1581;Tabbatha;Nerita;Tabbatha.Nerita@yopmail.com;1908-03-19
1582;Barbara;Eugenia;Barbara.Eugenia@yopmail.com;1909-10-12
1583;Evita;Gillan;Evita.Gillan@yopmail.com;1905-08-31
1584;Helsa;Delacourt;Helsa.Delacourt@yopmail.com;2017-12-04
1585;Linet;Brandice;Linet.Brandice@yopmail.com;2002-11-12
1586;Christy;Vorster;Christy.Vorster@yopmail.com;1937-04-17
1587;Yolane;Gualtiero;Yolane.Gualtiero@yopmail.com;1995-03-28
1588;Margarette;Irmine;Margarette.Irmine@yopmail.com;1932-10-23
1589;Ezmeralda;Pyle;Ezmeralda.Pyle@yopmail.com;1918-02-27
1590;Margarette;Lemuela;Margarette.Lemuela@yopmail.com;1962-06-06
1591;Yolane;Kosey;Yolane.Kosey@yopmail.com;1943-06-04
1592;Grier;Flyn;Grier.Flyn@yopmail.com;2019-02-12
1593;Kristan;Berard;Kristan.Berard@yopmail.com;1961-03-03
1594;Elyssa;Gaspard;Elyssa.Gaspard@yopmail.com;1902-12-01
1595;Kaia;Hurley;Kaia.Hurley@yopmail.com;1903-07-04
1596;Wilma;Aurelio;Wilma.Aurelio@yopmail.com;1975-12-25
1597;Britte;Pandolfi;Britte.Pandolfi@yopmail.com;1921-05-24
1598;Veda;Blake;Veda.Blake@yopmail.com;1982-05-13
1599;Alameda;Rudolph;Alameda.Rudolph@yopmail.com;1943-11-12
1600;Alleen;Nea;Alleen.Nea@yopmail.com;1911-04-02
1601;Britni;Beebe;Britni.Beebe@yopmail.com;1937-02-02
1602;Deirdre;Ochs;Deirdre.Ochs@yopmail.com;2012-11-10
1603;Roxane;Eachern;Roxane.Eachern@yopmail.com;1954-06-28
1604;Stacey;Cyrie;Stacey.Cyrie@yopmail.com;2003-01-27
1605;Ekaterina;Judye;Ekaterina.Judye@yopmail.com;2005-04-25
1606;Concettina;Deny;Concettina.Deny@yopmail.com;1908-03-26
1607;Camile;Pascia;Camile.Pascia@yopmail.com;1983-11-12
1608;Lynde;Leler;Lynde.Leler@yopmail.com;1928-06-16
1609;Ada;Greenwald;Ada.Greenwald@yopmail.com;1961-08-02
1610;Viviene;Old;Viviene.Old@yopmail.com;2012-03-30
1611;Kamilah;Bach;Kamilah.Bach@yopmail.com;1912-04-21
1612;Cecile;Paine;Cecile.Paine@yopmail.com;1961-02-16
1613;Tori;Kenney;Tori.Kenney@yopmail.com;1943-03-02
1614;Shaylyn;Medrek;Shaylyn.Medrek@yopmail.com;1961-10-25
1615;Lonnie;Fiann;Lonnie.Fiann@yopmail.com;1943-05-12
1616;Vanessa;Maisey;Vanessa.Maisey@yopmail.com;1995-02-09
1617;Edee;Moina;Edee.Moina@yopmail.com;1926-06-09
1618;Fayre;Tremayne;Fayre.Tremayne@yopmail.com;1935-03-13
1619;Minda;Hieronymus;Minda.Hieronymus@yopmail.com;1986-02-17
1620;Betta;Bonucci;Betta.Bonucci@yopmail.com;1971-09-12
1621;Coral;Cosenza;Coral.Cosenza@yopmail.com;1929-11-02
1622;Nannie;Nester;Nannie.Nester@yopmail.com;2010-07-29
1623;Rhoda;Jerald;Rhoda.Jerald@yopmail.com;1928-10-08
1624;Randa;Docilla;Randa.Docilla@yopmail.com;1955-04-16
1625;Renie;Haerr;Renie.Haerr@yopmail.com;1963-08-31
1626;Babita;Sacken;Babita.Sacken@yopmail.com;1986-10-19
1627;Caritta;Laurianne;Caritta.Laurianne@yopmail.com;1953-04-23
1628;Kittie;Elsinore;Kittie.Elsinore@yopmail.com;1903-03-15
1629;Marita;Engdahl;Marita.Engdahl@yopmail.com;1990-11-22
1630;Anallese;McGrody;Anallese.McGrody@yopmail.com;2013-10-25
1631;Orelia;Noam;Orelia.Noam@yopmail.com;2012-12-21
1632;Ulrike;Sinegold;Ulrike.Sinegold@yopmail.com;1909-12-06
1633;Tatiania;Hourigan;Tatiania.Hourigan@yopmail.com;1901-10-09
1634;Brena;Tamar;Brena.Tamar@yopmail.com;1945-03-08
1635;Goldie;Redmond;Goldie.Redmond@yopmail.com;1921-07-19
1636;Christian;Rolf;Christian.Rolf@yopmail.com;2013-10-28
1637;Jordan;Ferrell;Jordan.Ferrell@yopmail.com;1962-07-26
1638;Kaja;Douglass;Kaja.Douglass@yopmail.com;1991-01-12
1639;Rani;Evangelia;Rani.Evangelia@yopmail.com;2005-07-30
1640;Caritta;Juliet;Caritta.Juliet@yopmail.com;1978-02-24
1641;Sheree;Merell;Sheree.Merell@yopmail.com;1937-02-28
1642;Gerrie;Wandie;Gerrie.Wandie@yopmail.com;1976-07-07
1643;Georgina;Bow;Georgina.Bow@yopmail.com;1957-06-20
1644;Morganica;Timon;Morganica.Timon@yopmail.com;1991-05-19
1645;Romona;Brotherson;Romona.Brotherson@yopmail.com;1974-03-24
1646;Reeba;Capello;Reeba.Capello@yopmail.com;1947-07-12
1647;Nonnah;Ackerley;Nonnah.Ackerley@yopmail.com;1938-09-29
1648;Trixi;Remmer;Trixi.Remmer@yopmail.com;2011-05-18
1649;Cacilie;Urania;Cacilie.Urania@yopmail.com;1938-02-28
1650;Meriel;Lalitta;Meriel.Lalitta@yopmail.com;1902-12-07
1651;Jere;Stuart;Jere.Stuart@yopmail.com;1936-10-23
1652;Caritta;Vivle;Caritta.Vivle@yopmail.com;1904-04-01
1653;Harmonia;Lesley;Harmonia.Lesley@yopmail.com;1953-07-15
1654;Misha;Iaverne;Misha.Iaverne@yopmail.com;1935-10-06
1655;Kimberley;Merell;Kimberley.Merell@yopmail.com;1917-08-23
1656;Larine;Danby;Larine.Danby@yopmail.com;2006-07-20
1657;Reeba;Oriana;Reeba.Oriana@yopmail.com;1955-06-08
1658;Cassondra;Bonucci;Cassondra.Bonucci@yopmail.com;1950-05-23
1659;Dianemarie;Kat;Dianemarie.Kat@yopmail.com;2010-07-27
1660;Britte;Herrera;Britte.Herrera@yopmail.com;1987-01-25
1661;Roslyn;Sperling;Roslyn.Sperling@yopmail.com;1922-06-17
1662;Wynne;Ezar;Wynne.Ezar@yopmail.com;1951-05-04
1663;Ottilie;Morehouse;Ottilie.Morehouse@yopmail.com;1965-12-07
1664;Henriette;Harriman;Henriette.Harriman@yopmail.com;1995-12-06
1665;Brianna;Chabot;Brianna.Chabot@yopmail.com;1992-04-28
1666;Rubie;Rocray;Rubie.Rocray@yopmail.com;1925-06-02
1667;Jessamyn;Dielu;Jessamyn.Dielu@yopmail.com;1978-11-11
1668;Helsa;Dowski;Helsa.Dowski@yopmail.com;2000-12-21
1669;Gertrud;Brunell;Gertrud.Brunell@yopmail.com;1948-01-11
1670;Inga;McClimans;Inga.McClimans@yopmail.com;1998-03-10
1671;Annice;Herrera;Annice.Herrera@yopmail.com;1957-03-17
1672;Calla;Mayeda;Calla.Mayeda@yopmail.com;1916-11-18
1673;Caryl;Jerold;Caryl.Jerold@yopmail.com;1995-04-27
1674;Fanny;Center;Fanny.Center@yopmail.com;1956-11-03
1675;Dorthy;Bahr;Dorthy.Bahr@yopmail.com;1919-12-18
1676;Celestyna;Olnee;Celestyna.Olnee@yopmail.com;1927-02-09
1677;Robinia;Eldrid;Robinia.Eldrid@yopmail.com;1975-05-13
1678;Jean;Bergman;Jean.Bergman@yopmail.com;1992-04-27
1679;Charlena;Leffen;Charlena.Leffen@yopmail.com;1919-06-12
1680;Kamilah;Paton;Kamilah.Paton@yopmail.com;1950-02-08
1681;Kary;Loring;Kary.Loring@yopmail.com;1913-03-25
1682;Silvana;Pauly;Silvana.Pauly@yopmail.com;1946-07-25
1683;Raf;Vharat;Raf.Vharat@yopmail.com;1917-02-02
1684;Ann-Marie;Adrienne;Ann-Marie.Adrienne@yopmail.com;1911-09-27
1685;Molli;Tarrant;Molli.Tarrant@yopmail.com;1970-01-18
1686;Molli;Nahum;Molli.Nahum@yopmail.com;1974-12-02
1687;Jsandye;Rozanna;Jsandye.Rozanna@yopmail.com;1935-05-23
1688;Daune;Eiser;Daune.Eiser@yopmail.com;1997-03-29
1689;Wendi;Maiah;Wendi.Maiah@yopmail.com;2004-12-02
1690;Frances;Dearborn;Frances.Dearborn@yopmail.com;1919-03-18
1691;Joane;Trinetta;Joane.Trinetta@yopmail.com;1957-09-05
1692;Juliane;Lucienne;Juliane.Lucienne@yopmail.com;1976-09-20
1693;Vanessa;Wiener;Vanessa.Wiener@yopmail.com;1924-10-31
1694;Stacey;Chem;Stacey.Chem@yopmail.com;1960-10-24
1695;Lonnie;Gemini;Lonnie.Gemini@yopmail.com;1952-04-16
1696;Dulcinea;Wallis;Dulcinea.Wallis@yopmail.com;1963-12-26
1697;Mireielle;Blake;Mireielle.Blake@yopmail.com;1975-01-08
1698;Daryl;Garlinda;Daryl.Garlinda@yopmail.com;1922-08-12
1699;Kristina;Naashom;Kristina.Naashom@yopmail.com;1934-10-04
1700;Carmela;Junie;Carmela.Junie@yopmail.com;1984-05-26
1701;Aigneis;Zamora;Aigneis.Zamora@yopmail.com;2005-01-08
1702;Atlanta;Harriman;Atlanta.Harriman@yopmail.com;1982-09-29
1703;Dyann;Melony;Dyann.Melony@yopmail.com;1975-02-07
1704;Elmira;Sandye;Elmira.Sandye@yopmail.com;1901-07-14
1705;Lisette;Soneson;Lisette.Soneson@yopmail.com;2011-09-01
1706;Corina;Jehu;Corina.Jehu@yopmail.com;1969-12-03
1707;Ilse;Kannry;Ilse.Kannry@yopmail.com;2007-10-15
1708;Calla;Phaidra;Calla.Phaidra@yopmail.com;1916-05-25
1709;Alie;Roxanna;Alie.Roxanna@yopmail.com;1949-02-08
1710;Margette;Kellby;Margette.Kellby@yopmail.com;1952-04-19
1711;Shaylyn;Susannah;Shaylyn.Susannah@yopmail.com;1917-01-05
1712;Jsandye;Rebecka;Jsandye.Rebecka@yopmail.com;1921-02-08
1713;Nessie;Vorster;Nessie.Vorster@yopmail.com;1982-12-15
1714;Carlie;Revkah;Carlie.Revkah@yopmail.com;1920-08-26
1715;Kalina;Chabot;Kalina.Chabot@yopmail.com;1943-05-27
1716;Elena;Callista;Elena.Callista@yopmail.com;1914-12-05
1717;Paule;Jena;Paule.Jena@yopmail.com;1910-08-26
1718;Chickie;Ursulette;Chickie.Ursulette@yopmail.com;1952-01-23
1719;Gabi;Nicoline;Gabi.Nicoline@yopmail.com;1964-02-12
1720;Christal;Silvan;Christal.Silvan@yopmail.com;1974-03-14
1721;Jordan;Raama;Jordan.Raama@yopmail.com;1995-01-22
1722;Abbie;Wareing;Abbie.Wareing@yopmail.com;1951-11-06
1723;Dode;Weinreb;Dode.Weinreb@yopmail.com;1924-01-27
1724;Regina;Delila;Regina.Delila@yopmail.com;1955-07-04
1725;Donnie;Kermit;Donnie.Kermit@yopmail.com;1989-10-17
1726;Barbi;Faust;Barbi.Faust@yopmail.com;2002-10-15
1727;Rebeca;Billye;Rebeca.Billye@yopmail.com;1915-09-21
1728;Cassandra;Fry;Cassandra.Fry@yopmail.com;1963-07-06
1729;Jemie;Jarib;Jemie.Jarib@yopmail.com;1917-01-24
1730;Chere;Braun;Chere.Braun@yopmail.com;1900-09-13
1731;Candy;Oneida;Candy.Oneida@yopmail.com;1925-12-08
1732;Dulcinea;Jacinda;Dulcinea.Jacinda@yopmail.com;1965-03-06
1733;Cassandra;Newell;Cassandra.Newell@yopmail.com;2019-12-16
1734;Sherrie;Lattie;Sherrie.Lattie@yopmail.com;1935-10-08
1735;Elka;Alabaster;Elka.Alabaster@yopmail.com;1999-07-29
1736;Brynna;Emerson;Brynna.Emerson@yopmail.com;1979-03-11
1737;Deloria;Gabrielli;Deloria.Gabrielli@yopmail.com;1900-01-01
1738;Benita;Llovera;Benita.Llovera@yopmail.com;2000-06-17
1739;Talya;Forrer;Talya.Forrer@yopmail.com;1995-09-18
1740;Corly;Zaslow;Corly.Zaslow@yopmail.com;2014-12-07
1741;Corry;Fiester;Corry.Fiester@yopmail.com;1925-06-23
1742;Karina;Meli;Karina.Meli@yopmail.com;1987-08-05
1743;Kamilah;Atonsah;Kamilah.Atonsah@yopmail.com;1948-10-28
1744;Donetta;Donoghue;Donetta.Donoghue@yopmail.com;1988-10-02
1745;Cordi;Tristram;Cordi.Tristram@yopmail.com;1949-12-23
1746;Luci;Obed;Luci.Obed@yopmail.com;1951-11-27
1747;Anthia;Chinua;Anthia.Chinua@yopmail.com;1909-12-11
1748;Nonnah;Uund;Nonnah.Uund@yopmail.com;1993-08-09
1749;Shaylyn;LaRue;Shaylyn.LaRue@yopmail.com;1910-03-28
1750;Lanae;Olnee;Lanae.Olnee@yopmail.com;1955-07-09
1751;Karly;Pacorro;Karly.Pacorro@yopmail.com;1957-02-02
1752;Glynnis;Germann;Glynnis.Germann@yopmail.com;1937-09-08
1753;Cyndie;Bethany;Cyndie.Bethany@yopmail.com;1945-10-18
1754;Amalie;Maribeth;Amalie.Maribeth@yopmail.com;1984-07-11
1755;Barbi;Beebe;Barbi.Beebe@yopmail.com;1945-03-20
1756;Sonni;Mullane;Sonni.Mullane@yopmail.com;1930-08-16
1757;Christal;Pyle;Christal.Pyle@yopmail.com;1911-01-16
1758;Valera;Rosemary;Valera.Rosemary@yopmail.com;2001-02-15
1759;Jenda;Chandler;Jenda.Chandler@yopmail.com;2001-08-26
1760;Kara-Lynn;Salchunas;Kara-Lynn.Salchunas@yopmail.com;1980-09-21
1761;Bobinette;Marisa;Bobinette.Marisa@yopmail.com;1931-04-07
1762;Kimmy;Ellerey;Kimmy.Ellerey@yopmail.com;1990-10-16
1763;Flo;Urania;Flo.Urania@yopmail.com;1947-11-19
1764;Aeriela;Grosz;Aeriela.Grosz@yopmail.com;1924-06-03
1765;Leeanne;Tound;Leeanne.Tound@yopmail.com;1927-06-12
1766;Andree;Egbert;Andree.Egbert@yopmail.com;1953-11-05
1767;Elora;Wadell;Elora.Wadell@yopmail.com;1976-11-16
1768;Magdalena;Sikorski;Magdalena.Sikorski@yopmail.com;1964-06-11
1769;Judy;Tyson;Judy.Tyson@yopmail.com;1935-09-07
1770;Elsie;Narton;Elsie.Narton@yopmail.com;1952-07-19
1771;Lucy;Bebe;Lucy.Bebe@yopmail.com;2017-06-08
1772;Esmeralda;Gualtiero;Esmeralda.Gualtiero@yopmail.com;1997-08-20
1773;Myrtice;Ashely;Myrtice.Ashely@yopmail.com;1920-03-31
1774;Jaime;Couture;Jaime.Couture@yopmail.com;2001-10-23
1775;Leia;Fleeta;Leia.Fleeta@yopmail.com;1999-01-02
1776;Hallie;Bahr;Hallie.Bahr@yopmail.com;1923-08-19
1777;Ira;Luhe;Ira.Luhe@yopmail.com;1932-04-24
1778;Ada;Dominy;Ada.Dominy@yopmail.com;1908-10-15
1779;Gavrielle;McAdams;Gavrielle.McAdams@yopmail.com;1965-04-18
1780;Rosabelle;Fleeta;Rosabelle.Fleeta@yopmail.com;1968-02-06
1781;Catharine;Baptlsta;Catharine.Baptlsta@yopmail.com;1924-10-01
1782;Gilligan;Gaspard;Gilligan.Gaspard@yopmail.com;1900-09-12
1783;Jenilee;Melleta;Jenilee.Melleta@yopmail.com;1981-01-31
1784;Larine;Jalbert;Larine.Jalbert@yopmail.com;1946-08-27
1785;Cyb;Ophelia;Cyb.Ophelia@yopmail.com;1999-05-18
1786;Jolyn;Corilla;Jolyn.Corilla@yopmail.com;2018-03-15
1787;Alie;Lytton;Alie.Lytton@yopmail.com;1980-07-01
1788;Tonia;Merriott;Tonia.Merriott@yopmail.com;1978-11-02
1789;Lindie;Amasa;Lindie.Amasa@yopmail.com;1978-07-10
1790;Dyann;Riordan;Dyann.Riordan@yopmail.com;1989-01-17
1791;Lolita;Maxi;Lolita.Maxi@yopmail.com;1925-11-15
1792;Cassandra;Kermit;Cassandra.Kermit@yopmail.com;1948-03-04
1793;Elena;Breed;Elena.Breed@yopmail.com;1945-04-24
1794;Elise;Shirberg;Elise.Shirberg@yopmail.com;1926-05-10
1795;Damaris;Ariella;Damaris.Ariella@yopmail.com;1945-10-20
1796;Alyssa;Jalbert;Alyssa.Jalbert@yopmail.com;1926-12-27
1797;Sheelagh;Jefferey;Sheelagh.Jefferey@yopmail.com;1981-10-26
1798;Kaja;Hebner;Kaja.Hebner@yopmail.com;1966-04-10
1799;Shauna;Allina;Shauna.Allina@yopmail.com;1978-10-06
1800;Myriam;Olympium;Myriam.Olympium@yopmail.com;1992-05-07
1801;Elyssa;Cleavland;Elyssa.Cleavland@yopmail.com;2006-11-10
1802;Ekaterina;Faro;Ekaterina.Faro@yopmail.com;1946-02-10
1803;Kary;Skurnik;Kary.Skurnik@yopmail.com;2002-02-23
1804;Cyndie;Bari;Cyndie.Bari@yopmail.com;2017-09-27
1805;Cindelyn;Dermott;Cindelyn.Dermott@yopmail.com;1979-03-30
1806;Myriam;Himelman;Myriam.Himelman@yopmail.com;1962-02-23
1807;Melina;Ioab;Melina.Ioab@yopmail.com;1961-01-20
1808;Jordan;Berard;Jordan.Berard@yopmail.com;1905-09-21
1809;Sharlene;Demitria;Sharlene.Demitria@yopmail.com;1908-10-09
1810;Merci;Byrne;Merci.Byrne@yopmail.com;1921-09-29
1811;Dolli;Bluh;Dolli.Bluh@yopmail.com;1972-05-03
1812;Jolyn;Raseda;Jolyn.Raseda@yopmail.com;1988-01-12
1813;Sidoney;Zaslow;Sidoney.Zaslow@yopmail.com;2016-04-21
1814;Rubie;Justinn;Rubie.Justinn@yopmail.com;2012-10-11
1815;Jaime;Wadell;Jaime.Wadell@yopmail.com;1999-03-26
1816;Georgina;Bebe;Georgina.Bebe@yopmail.com;1975-05-05
1817;Teriann;Hebner;Teriann.Hebner@yopmail.com;1910-12-22
1818;Lanna;Nelsen;Lanna.Nelsen@yopmail.com;2015-07-01
1819;Dotty;Thornburg;Dotty.Thornburg@yopmail.com;1952-02-07
1820;Dorene;Birdella;Dorene.Birdella@yopmail.com;1904-10-23
1821;Carol-Jean;Leler;Carol-Jean.Leler@yopmail.com;1993-12-26
1822;Sarette;Auberbach;Sarette.Auberbach@yopmail.com;1907-06-09
1823;Zia;Modie;Zia.Modie@yopmail.com;1923-01-15
1824;Daryl;Joachim;Daryl.Joachim@yopmail.com;1919-01-10
1825;Ricky;Kiyoshi;Ricky.Kiyoshi@yopmail.com;1915-02-10
1826;Raina;Sinegold;Raina.Sinegold@yopmail.com;1974-12-01
1827;Mahalia;Halla;Mahalia.Halla@yopmail.com;1916-03-05
1828;Keelia;Sheng;Keelia.Sheng@yopmail.com;1932-06-20
1829;Belva;Creamer;Belva.Creamer@yopmail.com;2007-01-09
1830;Alia;Baptlsta;Alia.Baptlsta@yopmail.com;1989-12-05
1831;Maye;Evvie;Maye.Evvie@yopmail.com;1970-06-03
1832;Vevay;Tomasina;Vevay.Tomasina@yopmail.com;1961-02-13
1833;Gabriellia;Corilla;Gabriellia.Corilla@yopmail.com;1966-09-25
1834;Candi;Burkle;Candi.Burkle@yopmail.com;1930-07-10
1835;Nataline;Hartnett;Nataline.Hartnett@yopmail.com;1952-03-30
1836;Ilse;Johanna;Ilse.Johanna@yopmail.com;1918-08-15
1837;Willetta;Engdahl;Willetta.Engdahl@yopmail.com;1929-09-23
1838;Fredericka;Jarib;Fredericka.Jarib@yopmail.com;2006-01-14
1839;Karolina;Himelman;Karolina.Himelman@yopmail.com;1919-12-20
1840;Annabela;Ciapas;Annabela.Ciapas@yopmail.com;1908-12-07
1841;Nickie;Yate;Nickie.Yate@yopmail.com;1961-08-01
1842;Agathe;Percy;Agathe.Percy@yopmail.com;1968-11-01
1843;Ann-Marie;Mauer;Ann-Marie.Mauer@yopmail.com;1908-12-24
1844;Gretal;Lindemann;Gretal.Lindemann@yopmail.com;1913-04-07
1845;Willetta;Longfellow;Willetta.Longfellow@yopmail.com;1916-11-03
1846;Paulita;Blisse;Paulita.Blisse@yopmail.com;2008-07-23
1847;Phedra;Albertine;Phedra.Albertine@yopmail.com;1988-10-19
1848;Pollyanna;Juliet;Pollyanna.Juliet@yopmail.com;1934-01-02
1849;Lorie;Herrera;Lorie.Herrera@yopmail.com;1984-12-29
1850;Alie;Pillsbury;Alie.Pillsbury@yopmail.com;1960-03-29
1851;Taffy;Ajay;Taffy.Ajay@yopmail.com;1987-05-23
1852;Leona;Alwin;Leona.Alwin@yopmail.com;2000-11-08
1853;Orelia;Stevy;Orelia.Stevy@yopmail.com;1958-11-25
1854;Maurene;Noman;Maurene.Noman@yopmail.com;1968-03-15
1855;Nyssa;Fancie;Nyssa.Fancie@yopmail.com;1917-09-02
1856;Myrtice;Magdalen;Myrtice.Magdalen@yopmail.com;1964-05-29
1857;Hollie;Vivle;Hollie.Vivle@yopmail.com;1935-10-10
1858;Margette;Desai;Margette.Desai@yopmail.com;1970-03-26
1859;Tonia;Shama;Tonia.Shama@yopmail.com;1946-03-08
1860;Edith;Rheingold;Edith.Rheingold@yopmail.com;1987-02-10
1861;Hayley;Corilla;Hayley.Corilla@yopmail.com;1908-08-16
1862;Penelopa;Craggie;Penelopa.Craggie@yopmail.com;1946-12-06
1863;Glynnis;Dom;Glynnis.Dom@yopmail.com;1934-01-14
1864;Emilia;Lubin;Emilia.Lubin@yopmail.com;2019-06-20
1865;Cherilyn;McAdams;Cherilyn.McAdams@yopmail.com;1958-08-20
1866;Jorry;Crudden;Jorry.Crudden@yopmail.com;1934-05-16
1867;Dianemarie;Douglass;Dianemarie.Douglass@yopmail.com;2016-06-01
1868;Frances;Zeeba;Frances.Zeeba@yopmail.com;1905-01-08
1869;Nita;Deegan;Nita.Deegan@yopmail.com;1979-09-09
1870;Marguerite;Wind;Marguerite.Wind@yopmail.com;1949-01-12
1871;Eadie;Si;Eadie.Si@yopmail.com;1931-10-07
1872;Ofilia;Gillan;Ofilia.Gillan@yopmail.com;2004-08-22
1873;Thalia;Teryn;Thalia.Teryn@yopmail.com;1990-08-17
1874;Lorenza;Bach;Lorenza.Bach@yopmail.com;1952-06-07
1875;Joy;Fax;Joy.Fax@yopmail.com;1940-01-01
1876;Blondelle;Darrell;Blondelle.Darrell@yopmail.com;1911-08-09
1877;Lorie;Tillford;Lorie.Tillford@yopmail.com;1936-02-16
1878;Alie;Anton;Alie.Anton@yopmail.com;2018-03-22
1879;Emilia;Jacobah;Emilia.Jacobah@yopmail.com;1900-04-27
1880;Sam;Byrne;Sam.Byrne@yopmail.com;1992-12-26
1881;Kial;Durware;Kial.Durware@yopmail.com;1921-04-27
1882;Dorthy;Peti;Dorthy.Peti@yopmail.com;1960-11-04
1883;Willetta;Rudolph;Willetta.Rudolph@yopmail.com;1992-12-08
1884;Micheline;Nikaniki;Micheline.Nikaniki@yopmail.com;1912-11-18
1885;Grier;Hessler;Grier.Hessler@yopmail.com;1918-05-30
1886;Trixi;Seligman;Trixi.Seligman@yopmail.com;2014-04-18
1887;Petronia;Rugen;Petronia.Rugen@yopmail.com;1968-07-28
1888;Janenna;Bergman;Janenna.Bergman@yopmail.com;1934-03-23
1889;Joelly;Stevy;Joelly.Stevy@yopmail.com;2008-09-29
1890;Leia;Cutlerr;Leia.Cutlerr@yopmail.com;2005-01-23
1891;Raina;Jotham;Raina.Jotham@yopmail.com;1919-12-31
1892;Melanie;Taima;Melanie.Taima@yopmail.com;1931-02-12
1893;Jackie;Noman;Jackie.Noman@yopmail.com;1956-09-16
1894;Jacenta;Konyn;Jacenta.Konyn@yopmail.com;1900-03-17
1895;Agathe;Aurelio;Agathe.Aurelio@yopmail.com;1957-09-14
1896;Rori;Hollingsworth;Rori.Hollingsworth@yopmail.com;2006-06-18
1897;Heddie;Connelly;Heddie.Connelly@yopmail.com;1920-12-05
1898;Donnie;Grayce;Donnie.Grayce@yopmail.com;2017-01-25
1899;Binny;Waldron;Binny.Waldron@yopmail.com;1932-10-22
1900;Jany;Clie;Jany.Clie@yopmail.com;1967-10-10
1901;Maryellen;Hortensia;Maryellen.Hortensia@yopmail.com;1972-07-02
1902;Kathy;Kimmie;Kathy.Kimmie@yopmail.com;1971-01-02
1903;Tarra;Janene;Tarra.Janene@yopmail.com;1936-09-18
1904;Selia;Waite;Selia.Waite@yopmail.com;1986-11-10
1905;Micheline;Melony;Micheline.Melony@yopmail.com;1928-09-10
1906;Siana;Scammon;Siana.Scammon@yopmail.com;1957-04-20
1907;Rebeca;Naashom;Rebeca.Naashom@yopmail.com;1987-09-07
1908;Dulcinea;Ledah;Dulcinea.Ledah@yopmail.com;1925-04-26
1909;Gilligan;Estella;Gilligan.Estella@yopmail.com;1975-05-22
1910;Alyssa;Bahr;Alyssa.Bahr@yopmail.com;1906-07-05
1911;Brena;Kolnick;Brena.Kolnick@yopmail.com;1935-06-17
1912;Aili;Tice;Aili.Tice@yopmail.com;1946-03-10
1913;Selma;Kesley;Selma.Kesley@yopmail.com;1978-08-15
1914;Fred;MacIntosh;Fred.MacIntosh@yopmail.com;1909-03-14
1915;Ofilia;Mozelle;Ofilia.Mozelle@yopmail.com;1975-03-29
1916;Devina;Voletta;Devina.Voletta@yopmail.com;2013-02-01
1917;Madalyn;Lutero;Madalyn.Lutero@yopmail.com;1935-10-01
1918;Calla;Faria;Calla.Faria@yopmail.com;1948-12-15
1919;Ruthe;Delp;Ruthe.Delp@yopmail.com;1966-04-07
1920;Cassandra;Amethist;Cassandra.Amethist@yopmail.com;1923-07-30
1921;Ellette;Zrike;Ellette.Zrike@yopmail.com;1930-08-10
1922;Feliza;Berard;Feliza.Berard@yopmail.com;1961-02-21
1923;Hallie;Seagraves;Hallie.Seagraves@yopmail.com;1912-12-21
1924;Kirstin;Chandler;Kirstin.Chandler@yopmail.com;1963-03-24
1925;Wanda;Wiener;Wanda.Wiener@yopmail.com;1978-05-21
1926;Cathie;Kauppi;Cathie.Kauppi@yopmail.com;1933-12-01
1927;Marti;Truc;Marti.Truc@yopmail.com;2008-12-27
1928;Henriette;Chobot;Henriette.Chobot@yopmail.com;1989-08-20
1929;Aimil;Lubin;Aimil.Lubin@yopmail.com;1962-02-07
1930;Gui;Nerita;Gui.Nerita@yopmail.com;1913-10-19
1931;Nonnah;Naashom;Nonnah.Naashom@yopmail.com;1984-04-06
1932;Carly;Maurine;Carly.Maurine@yopmail.com;2014-10-18
1933;Alie;Eugenia;Alie.Eugenia@yopmail.com;1934-06-16
1934;Barbara;Torray;Barbara.Torray@yopmail.com;1962-03-20
1935;Miquela;Concha;Miquela.Concha@yopmail.com;1966-05-16
1936;Latisha;Raimondo;Latisha.Raimondo@yopmail.com;2007-06-25
1937;Tilly;Eno;Tilly.Eno@yopmail.com;1996-08-27
1938;Gusty;Cadmar;Gusty.Cadmar@yopmail.com;2000-08-22
1939;Jean;Alisia;Jean.Alisia@yopmail.com;1976-01-22
1940;Sissy;Dituri;Sissy.Dituri@yopmail.com;1914-05-08
1941;Tina;Stephie;Tina.Stephie@yopmail.com;2000-09-22
1942;Jeanna;Sprage;Jeanna.Sprage@yopmail.com;1934-02-16
1943;Max;Luhe;Max.Luhe@yopmail.com;1926-10-27
1944;Fernande;Artie;Fernande.Artie@yopmail.com;1961-09-19
1945;Melina;Wolfgram;Melina.Wolfgram@yopmail.com;2000-08-25
1946;Bill;Weitman;Bill.Weitman@yopmail.com;1969-05-03
1947;Madeleine;Thunell;Madeleine.Thunell@yopmail.com;1962-07-25
1948;Aurelie;Weinreb;Aurelie.Weinreb@yopmail.com;1996-01-11
1949;Doralynne;Weaks;Doralynne.Weaks@yopmail.com;1954-03-02
1950;Aryn;Roumell;Aryn.Roumell@yopmail.com;1972-01-01
1951;Cassandra;An;Cassandra.An@yopmail.com;1990-11-17
1952;Clementine;Remmer;Clementine.Remmer@yopmail.com;1995-11-11
1953;Helena;Bow;Helena.Bow@yopmail.com;1999-09-05
1954;Angela;Anyah;Angela.Anyah@yopmail.com;1971-05-10
1955;Ira;Remmer;Ira.Remmer@yopmail.com;1904-05-26
1956;Jordan;Carey;Jordan.Carey@yopmail.com;1988-08-29
1957;Codie;Olnee;Codie.Olnee@yopmail.com;1991-11-20
1958;Nollie;Holtz;Nollie.Holtz@yopmail.com;2012-09-17
1959;Gretal;Tryck;Gretal.Tryck@yopmail.com;1919-05-15
1960;Vevay;Ioab;Vevay.Ioab@yopmail.com;2004-10-10
1961;Micheline;Cecile;Micheline.Cecile@yopmail.com;1954-04-17
1962;Ariela;Natica;Ariela.Natica@yopmail.com;1941-07-26
1963;Nollie;Johnsson;Nollie.Johnsson@yopmail.com;1920-01-22
1964;Celestyna;Connelly;Celestyna.Connelly@yopmail.com;1938-03-28
1965;Rhea;Hanleigh;Rhea.Hanleigh@yopmail.com;2000-12-13
1966;Cyb;Tyson;Cyb.Tyson@yopmail.com;1929-11-08
1967;Beth;Katrine;Beth.Katrine@yopmail.com;1909-10-09
1968;Angela;Ailyn;Angela.Ailyn@yopmail.com;1940-11-30
1969;Sadie;Charity;Sadie.Charity@yopmail.com;1951-01-27
1970;Penelopa;Brunell;Penelopa.Brunell@yopmail.com;1999-04-10
1971;Mariann;Gavrila;Mariann.Gavrila@yopmail.com;1988-02-02
1972;Carolina;Solitta;Carolina.Solitta@yopmail.com;1949-11-07
1973;Dulce;Amethist;Dulce.Amethist@yopmail.com;1927-01-17
1974;Rhea;Saree;Rhea.Saree@yopmail.com;1937-04-23
1975;Maye;Jacobah;Maye.Jacobah@yopmail.com;2012-11-24
1976;Thalia;Leonard;Thalia.Leonard@yopmail.com;1990-11-05
1977;Aurelie;Cynar;Aurelie.Cynar@yopmail.com;1962-06-14
1978;Alejandra;Uund;Alejandra.Uund@yopmail.com;1901-06-06
1979;Shaine;Gualtiero;Shaine.Gualtiero@yopmail.com;1922-03-29
1980;Daune;Verger;Daune.Verger@yopmail.com;1943-12-14
1981;Beth;Llovera;Beth.Llovera@yopmail.com;2000-07-17
1982;Karolina;Billye;Karolina.Billye@yopmail.com;1977-11-07
1983;Karena;Malvino;Karena.Malvino@yopmail.com;1975-09-17
1984;Marti;Tarrant;Marti.Tarrant@yopmail.com;1997-07-04
1985;Harrietta;Afton;Harrietta.Afton@yopmail.com;1943-08-12
1986;Cristine;Bury;Cristine.Bury@yopmail.com;1974-06-05
1987;Collen;Roumell;Collen.Roumell@yopmail.com;1984-07-25
1988;Barbi;McGrody;Barbi.McGrody@yopmail.com;1958-09-29
1989;Elfreda;Wesle;Elfreda.Wesle@yopmail.com;1928-11-16
1990;Cassandra;Niles;Cassandra.Niles@yopmail.com;1993-06-27
1991;Madelle;Eiser;Madelle.Eiser@yopmail.com;1959-01-17
1992;Lucille;Lemuela;Lucille.Lemuela@yopmail.com;1905-05-12
1993;Jacenta;Gombach;Jacenta.Gombach@yopmail.com;2013-03-19
1994;Brianna;Delp;Brianna.Delp@yopmail.com;1961-11-12
1995;Cacilie;Colyer;Cacilie.Colyer@yopmail.com;1982-03-17
1996;Tybie;Ciapas;Tybie.Ciapas@yopmail.com;1940-10-18
1997;Mariann;Colbert;Mariann.Colbert@yopmail.com;1910-02-04
1998;Mady;Yuille;Mady.Yuille@yopmail.com;1963-11-06
1999;Ulrike;Wareing;Ulrike.Wareing@yopmail.com;1981-03-21