id;firstname;lastname;email;Field Name
1000;Annecorinne;Darian;Annecorinne.Darian@yopmail.com;1949-06-06
1001;Drucie;Ogren;Drucie.Ogren@yopmail.com;1928-04-02
1002;Thalia;Harl;Thalia.Harl@yopmail.com;2000-02-26
1003;Mady;Pozzy;Mady.Pozzy@yopmail.com;1964-07-24
1004;Yetty;Colp;Yetty.Colp@yopmail.com;1925-08-01
1005;Cam;Abram;Cam.Abram@yopmail.com;1911-05-17
1006;Noelle;Jerald;Noelle.Jerald@yopmail.com;2000-04-09
1007;Deane;Franza;Deane.Franza@yopmail.com;1920-01-15
1008;Oona;Sallyann;Oona.Sallyann@yopmail.com;1969-02-18
1009;Melanie;Elisha;Melanie.Elisha@yopmail.com;2011-12-21
1010;Beverley;Read;Beverley.Read@yopmail.com;1968-08-20
1011;Alameda;Suanne;Alameda.Suanne@yopmail.com;1990-07-27
1012;Kaia;Briney;Kaia.Briney@yopmail.com;1967-09-27
1013;Corene;Lamoree;Corene.Lamoree@yopmail.com;1992-11-15
1014;Calla;Regan;Calla.Regan@yopmail.com;1951-12-06
1015;Aili;Faria;Aili.Faria@yopmail.com;2012-12-02
1016;Kary;Colp;Kary.Colp@yopmail.com;1991-03-26
1017;Danny;Terencio;Danny.Terencio@yopmail.com;1952-03-22
1018;Maud;Glovsky;Maud.Glovsky@yopmail.com;1962-11-19
1019;Hope;Justinn;Hope.Justinn@yopmail.com;2017-09-10
1020;Marcy;Saunderson;Marcy.Saunderson@yopmail.com;1921-07-15
1021;Amalie;Graig;Amalie.Graig@yopmail.com;1993-11-09
1022;Hollie;Standing;Hollie.Standing@yopmail.com;1972-04-11
1023;Olivette;Stanwood;Olivette.Stanwood@yopmail.com;2009-05-03
1024;Therine;Wandie;Therine.Wandie@yopmail.com;1944-12-27
1025;Sarette;Raychel;Sarette.Raychel@yopmail.com;2014-06-01
1026;Mahalia;Remmer;Mahalia.Remmer@yopmail.com;1955-08-25
1027;Etta;Hylan;Etta.Hylan@yopmail.com;1964-01-08
1028;Collen;Ajay;Collen.Ajay@yopmail.com;2016-10-20
1029;Annaliese;Lubin;Annaliese.Lubin@yopmail.com;1922-03-03
1030;Raina;Adrienne;Raina.Adrienne@yopmail.com;1993-03-19
1031;Dianemarie;Helfand;Dianemarie.Helfand@yopmail.com;1972-02-21
1032;Joane;Denis;Joane.Denis@yopmail.com;1901-06-23
1033;Nelle;Melleta;Nelle.Melleta@yopmail.com;1977-04-08
1034;Betta;Sheedy;Betta.Sheedy@yopmail.com;1985-04-26
1035;Cherrita;Drus;Cherrita.Drus@yopmail.com;2019-06-26
1036;Ottilie;Ariella;Ottilie.Ariella@yopmail.com;1901-06-07
1037;Marleah;Evvie;Marleah.Evvie@yopmail.com;1980-11-15
1038;Verla;Armanda;Verla.Armanda@yopmail.com;2005-09-03
1039;Dennie;Whittaker;Dennie.Whittaker@yopmail.com;2007-07-27
1040;Tina;Niccolo;Tina.Niccolo@yopmail.com;1912-06-15
1041;Claudina;Dimitris;Claudina.Dimitris@yopmail.com;2005-11-18
1042;Tiffie;Wenda;Tiffie.Wenda@yopmail.com;1992-11-27
1043;Xylina;Gahl;Xylina.Gahl@yopmail.com;1951-04-04
1044;Tracey;Ethban;Tracey.Ethban@yopmail.com;1907-10-21
1045;Barbara;Yam;Barbara.Yam@yopmail.com;1948-08-24
1046;Sybille;Bohlin;Sybille.Bohlin@yopmail.com;1998-01-02
1047;Mara;Ricki;Mara.Ricki@yopmail.com;2012-01-15
1048;Rayna;Belldas;Rayna.Belldas@yopmail.com;1982-07-18
1049;Lita;Letsou;Lita.Letsou@yopmail.com;1982-05-01
1050;Lynea;Nickola;Lynea.Nickola@yopmail.com;1934-10-04
1051;Lorie;Sophronia;Lorie.Sophronia@yopmail.com;2015-02-08
1052;Shel;Lia;Shel.Lia@yopmail.com;1926-01-20
1053;Thalia;Henebry;Thalia.Henebry@yopmail.com;1917-03-25
1054;Adore;Artie;Adore.Artie@yopmail.com;1960-03-23
1055;Coral;Odysseus;Coral.Odysseus@yopmail.com;1980-01-03
1056;Wendi;Aldric;Wendi.Aldric@yopmail.com;1988-01-19
1057;Nerta;Leifeste;Nerta.Leifeste@yopmail.com;2007-03-02
1058;Keelia;Pattin;Keelia.Pattin@yopmail.com;1987-07-14
1059;Leia;Susannah;Leia.Susannah@yopmail.com;1993-09-01
1060;Jere;Poppy;Jere.Poppy@yopmail.com;1921-07-02
1061;Marti;Hylan;Marti.Hylan@yopmail.com;1977-10-25
1062;Gale;Paton;Gale.Paton@yopmail.com;1939-07-06
1063;Beatriz;Raul;Beatriz.Raul@yopmail.com;1924-03-20
1064;Sheelagh;Rheingold;Sheelagh.Rheingold@yopmail.com;2005-09-03
1065;Minne;Smitt;Minne.Smitt@yopmail.com;2015-05-26
1066;Linet;Erlandson;Linet.Erlandson@yopmail.com;1942-01-15
1067;Roberta;Elbertina;Roberta.Elbertina@yopmail.com;1968-01-11
1068;Arlina;Bartlett;Arlina.Bartlett@yopmail.com;1964-01-20
1069;Almeta;Delacourt;Almeta.Delacourt@yopmail.com;1919-07-19
1070;Livvyy;Carey;Livvyy.Carey@yopmail.com;1986-11-13
1071;Marylou;Zuzana;Marylou.Zuzana@yopmail.com;1950-05-01
1072;Karena;Kannry;Karena.Kannry@yopmail.com;1975-08-18
1073;Roz;Cutlerr;Roz.Cutlerr@yopmail.com;1913-02-21
1074;Felice;Woodberry;Felice.Woodberry@yopmail.com;1912-09-16
1075;Marcy;Georgy;Marcy.Georgy@yopmail.com;1973-02-27
1076;Bobinette;Ashok;Bobinette.Ashok@yopmail.com;1941-04-22
1077;Hermione;Celestine;Hermione.Celestine@yopmail.com;1919-02-20
1078;Selia;Durante;Selia.Durante@yopmail.com;1944-05-09
1079;Winny;Dominy;Winny.Dominy@yopmail.com;2013-07-29
1080;Jobi;Argus;Jobi.Argus@yopmail.com;1926-06-29
1081;Cordi;Elo;Cordi.Elo@yopmail.com;2001-09-19
1082;Jordan;Oscar;Jordan.Oscar@yopmail.com;2014-10-31
1083;Heida;Lanita;Heida.Lanita@yopmail.com;1983-07-30
1084;Queenie;Bandeen;Queenie.Bandeen@yopmail.com;1901-07-04
1085;Lolita;Iaverne;Lolita.Iaverne@yopmail.com;1963-09-25
1086;Adele;Michella;Adele.Michella@yopmail.com;1998-02-16
1087;Eve;Brenn;Eve.Brenn@yopmail.com;1942-04-17
1088;Jerry;Jillane;Jerry.Jillane@yopmail.com;1983-08-20
1089;Shauna;Andrel;Shauna.Andrel@yopmail.com;1917-09-25
1090;Theodora;Sperling;Theodora.Sperling@yopmail.com;1982-11-18
1091;Phylis;Even;Phylis.Even@yopmail.com;1992-05-29
1092;Sheree;Verger;Sheree.Verger@yopmail.com;1985-12-27
1093;Clo;Swigart;Clo.Swigart@yopmail.com;1990-04-17
1094;Tressa;Lewes;Tressa.Lewes@yopmail.com;2007-02-28
1095;Lory;Ingra;Lory.Ingra@yopmail.com;1943-06-23
1096;Briney;Amasa;Briney.Amasa@yopmail.com;1965-06-16
1097;Sharai;Terrence;Sharai.Terrence@yopmail.com;1944-04-24
1098;Pamella;Auberbach;Pamella.Auberbach@yopmail.com;1966-08-08
1099;Leeanne;Yusuk;Leeanne.Yusuk@yopmail.com;1980-11-28
1100;Elie;Ashely;Elie.Ashely@yopmail.com;1918-08-06
1101;Frances;Gillan;Frances.Gillan@yopmail.com;2013-03-25
1102;Frank;Fulmer;Frank.Fulmer@yopmail.com;1900-08-21
1103;Margalo;Jenness;Margalo.Jenness@yopmail.com;1989-12-01
1104;Elvira;Kiersten;Elvira.Kiersten@yopmail.com;1987-10-22
1105;Roslyn;Oneida;Roslyn.Oneida@yopmail.com;2009-05-23
1106;Florie;Goth;Florie.Goth@yopmail.com;1981-07-15
1107;Alameda;Magnolia;Alameda.Magnolia@yopmail.com;1961-06-02
1108;Rebeca;Geffner;Rebeca.Geffner@yopmail.com;1939-05-06
1109;Marleah;Tybald;Marleah.Tybald@yopmail.com;2010-01-12
1110;Christian;Elisha;Christian.Elisha@yopmail.com;1983-08-16
1111;Nelle;Karl;Nelle.Karl@yopmail.com;1987-03-15
1112;Zondra;Lubin;Zondra.Lubin@yopmail.com;1994-08-13
1113;Marnia;Marcellus;Marnia.Marcellus@yopmail.com;1959-05-25
1114;Sharlene;Kauppi;Sharlene.Kauppi@yopmail.com;1922-05-07
1115;Lolita;Eachern;Lolita.Eachern@yopmail.com;1923-03-30
1116;Micheline;Deny;Micheline.Deny@yopmail.com;1991-07-08
1117;Dale;Seumas;Dale.Seumas@yopmail.com;1953-07-09
1118;Elise;Astra;Elise.Astra@yopmail.com;1943-05-11
1119;Aeriela;Ambrosia;Aeriela.Ambrosia@yopmail.com;1962-08-15
1120;Meghann;Mallon;Meghann.Mallon@yopmail.com;1957-09-10
1121;Aili;Pip;Aili.Pip@yopmail.com;1978-07-07
1122;Berget;Screens;Berget.Screens@yopmail.com;2008-10-26
1123;Oona;Keily;Oona.Keily@yopmail.com;1905-05-08
1124;Trixi;Gusella;Trixi.Gusella@yopmail.com;1963-11-06
1125;Annecorinne;Schalles;Annecorinne.Schalles@yopmail.com;2004-08-06
1126;Roberta;Ranjiv;Roberta.Ranjiv@yopmail.com;1978-09-08
1127;Agathe;Celestine;Agathe.Celestine@yopmail.com;1949-07-14
1128;Marcy;Burnside;Marcy.Burnside@yopmail.com;1999-03-29
1129;Mady;Drus;Mady.Drus@yopmail.com;1927-11-28
1130;Amara;Brandice;Amara.Brandice@yopmail.com;1987-05-15
1131;Di;Hollingsworth;Di.Hollingsworth@yopmail.com;1930-02-18
1132;Goldie;Aloise;Goldie.Aloise@yopmail.com;1997-12-09
1133;Valera;Callista;Valera.Callista@yopmail.com;1903-02-12
1134;Dacia;Rheingold;Dacia.Rheingold@yopmail.com;1981-05-14
1135;Malina;Belanger;Malina.Belanger@yopmail.com;1986-11-24
1136;Fred;Etom;Fred.Etom@yopmail.com;2009-04-10
1137;Leanna;Croix;Leanna.Croix@yopmail.com;1938-05-13
1138;Correy;Roscoe;Correy.Roscoe@yopmail.com;1946-12-24
1139;Shel;Amasa;Shel.Amasa@yopmail.com;1982-03-11
1140;Merrie;Magnolia;Merrie.Magnolia@yopmail.com;1968-07-07
1141;Alia;Ammann;Alia.Ammann@yopmail.com;1929-08-19
1142;Karolina;Quent;Karolina.Quent@yopmail.com;1965-08-31
1143;Dania;Dudley;Dania.Dudley@yopmail.com;1953-11-23
1144;Mignon;Beebe;Mignon.Beebe@yopmail.com;1910-12-21
1145;Paola;Septima;Paola.Septima@yopmail.com;1935-04-12
1146;Nickie;Ackerley;Nickie.Ackerley@yopmail.com;1960-07-04
1147;Gwenneth;Lenny;Gwenneth.Lenny@yopmail.com;2007-08-21
1148;Dorice;Even;Dorice.Even@yopmail.com;1985-12-07
1149;Fred;Jerald;Fred.Jerald@yopmail.com;1910-09-20
1150;Marline;Merat;Marline.Merat@yopmail.com;1932-06-15
1151;Merry;Uird;Merry.Uird@yopmail.com;1946-05-26
1152;Aimil;Audly;Aimil.Audly@yopmail.com;1949-01-04
1153;Nataline;Neils;Nataline.Neils@yopmail.com;1955-10-01
1154;Melanie;Adrienne;Melanie.Adrienne@yopmail.com;1986-09-03
1155;Dawn;Briney;Dawn.Briney@yopmail.com;1971-04-21
1156;Eugine;Sheng;Eugine.Sheng@yopmail.com;2017-11-30
1157;Harrietta;Krystle;Harrietta.Krystle@yopmail.com;2006-03-18
1158;Jinny;Firmin;Jinny.Firmin@yopmail.com;1930-08-05
1159;Vivia;McLaughlin;Vivia.McLaughlin@yopmail.com;1946-11-25
1160;Frieda;Vorster;Frieda.Vorster@yopmail.com;1981-04-16
1161;Flo;Nance;Flo.Nance@yopmail.com;1954-04-21
1162;Susan;Stover;Susan.Stover@yopmail.com;1981-06-18
1163;Alex;Belanger;Alex.Belanger@yopmail.com;2019-08-15
1164;Adore;Lail;Adore.Lail@yopmail.com;1933-06-09
1165;Constance;Sheedy;Constance.Sheedy@yopmail.com;2012-03-01
1166;Adriana;Tamar;Adriana.Tamar@yopmail.com;1901-09-05
1167;Daphne;Delacourt;Daphne.Delacourt@yopmail.com;1977-12-23
1168;Dode;Gabrielli;Dode.Gabrielli@yopmail.com;1987-02-06
1169;Lynde;Albertine;Lynde.Albertine@yopmail.com;2003-08-27
1170;Claresta;Dituri;Claresta.Dituri@yopmail.com;1967-08-03
1171;Audrie;Sabella;Audrie.Sabella@yopmail.com;1969-06-23
1172;Melina;Israeli;Melina.Israeli@yopmail.com;1999-09-22
1173;Marti;Salchunas;Marti.Salchunas@yopmail.com;1944-11-11
1174;Britte;Virgin;Britte.Virgin@yopmail.com;1993-07-25
1175;Anestassia;Arquit;Anestassia.Arquit@yopmail.com;1991-06-25
1176;Clarice;Rosalba;Clarice.Rosalba@yopmail.com;1982-01-15
1177;Mady;Voletta;Mady.Voletta@yopmail.com;1974-09-07
1178;Fina;McLaughlin;Fina.McLaughlin@yopmail.com;2015-09-30
1179;Monika;Vary;Monika.Vary@yopmail.com;1971-05-15
1180;Antonietta;Seagraves;Antonietta.Seagraves@yopmail.com;1944-12-02
1181;Aimil;Lutero;Aimil.Lutero@yopmail.com;1999-06-30
1182;Rozele;Othilia;Rozele.Othilia@yopmail.com;1917-12-05
1183;Ingrid;Ellerey;Ingrid.Ellerey@yopmail.com;1943-12-12
1184;Joy;Syd;Joy.Syd@yopmail.com;1949-07-28
1185;Courtnay;Gladstone;Courtnay.Gladstone@yopmail.com;2015-09-16
1186;Sindee;Radu;Sindee.Radu@yopmail.com;2008-05-21
1187;Bibby;Chandler;Bibby.Chandler@yopmail.com;1969-09-23
1188;Evaleen;Horan;Evaleen.Horan@yopmail.com;1995-02-06
1189;Albertina;Arley;Albertina.Arley@yopmail.com;1938-06-23
1190;Fayre;Rossner;Fayre.Rossner@yopmail.com;2012-11-28
1191;June;Oriana;June.Oriana@yopmail.com;1923-06-02
1192;Kate;Toffic;Kate.Toffic@yopmail.com;1917-07-20
1193;Eugine;Nance;Eugine.Nance@yopmail.com;2010-03-02
1194;Jemie;Alisia;Jemie.Alisia@yopmail.com;2004-01-18
1195;Kate;Orelee;Kate.Orelee@yopmail.com;1915-03-30
1196;Goldie;Saunderson;Goldie.Saunderson@yopmail.com;1924-07-26
1197;Alie;McClimans;Alie.McClimans@yopmail.com;1950-02-09
1198;Sheelagh;Freddi;Sheelagh.Freddi@yopmail.com;1907-01-18
1199;Kary;Dreda;Kary.Dreda@yopmail.com;2018-02-25
1200;Britni;Mauer;Britni.Mauer@yopmail.com;1985-05-25
1201;Lynde;Chrystel;Lynde.Chrystel@yopmail.com;2010-10-01
1202;Lanna;Ivens;Lanna.Ivens@yopmail.com;1957-05-20
1203;Emmey;Cassius;Emmey.Cassius@yopmail.com;1948-03-02
1204;Mildrid;Loeb;Mildrid.Loeb@yopmail.com;1904-12-05
1205;Cathyleen;Jacinda;Cathyleen.Jacinda@yopmail.com;1930-04-10
1206;Rozele;Hazlett;Rozele.Hazlett@yopmail.com;1908-08-01
1207;Darlleen;Mich;Darlleen.Mich@yopmail.com;1904-08-14
1208;Caryl;Ingra;Caryl.Ingra@yopmail.com;1908-09-16
1209;Collen;Bord;Collen.Bord@yopmail.com;1948-03-20
1210;Emmey;Goerke;Emmey.Goerke@yopmail.com;1912-10-27
1211;Fina;Gregrory;Fina.Gregrory@yopmail.com;1941-10-13
1212;Kalina;Rolf;Kalina.Rolf@yopmail.com;1933-02-19
1213;Selma;Koehler;Selma.Koehler@yopmail.com;1913-03-11
1214;Brena;Carolin;Brena.Carolin@yopmail.com;1959-01-25
1215;Tani;Dorothy;Tani.Dorothy@yopmail.com;1987-08-03
1216;Rhoda;Braun;Rhoda.Braun@yopmail.com;1975-06-18
1217;Nickie;Ahab;Nickie.Ahab@yopmail.com;1945-06-02
1218;Bobinette;Junie;Bobinette.Junie@yopmail.com;2001-01-20
1219;Bettine;Bonucci;Bettine.Bonucci@yopmail.com;1999-04-24
1220;Chastity;Eno;Chastity.Eno@yopmail.com;1986-09-02
1221;Silvana;Jeanne;Silvana.Jeanne@yopmail.com;1922-04-26
1222;Max;Vale;Max.Vale@yopmail.com;1908-10-06
1223;Joane;Stelle;Joane.Stelle@yopmail.com;1928-07-24
1224;Annice;Loeb;Annice.Loeb@yopmail.com;1918-07-13
1225;Asia;Orlene;Asia.Orlene@yopmail.com;1913-09-05
1226;Cathyleen;Sherfield;Cathyleen.Sherfield@yopmail.com;1937-10-26
1227;Laure;Hermes;Laure.Hermes@yopmail.com;1952-08-26
1228;Odessa;Deny;Odessa.Deny@yopmail.com;1965-09-20
1229;Kamilah;Ietta;Kamilah.Ietta@yopmail.com;2014-12-13
1230;Antonietta;Tillford;Antonietta.Tillford@yopmail.com;1995-10-24
1231;Luci;Thad;Luci.Thad@yopmail.com;1991-03-06
1232;Annabela;Elisha;Annabela.Elisha@yopmail.com;1956-01-18
1233;Sophia;Sprage;Sophia.Sprage@yopmail.com;1999-03-15
1234;Celisse;Erminia;Celisse.Erminia@yopmail.com;2003-07-01
1235;Tressa;Girardo;Tressa.Girardo@yopmail.com;1925-08-06
1236;Dorene;Edee;Dorene.Edee@yopmail.com;1911-10-04
1237;Evita;Hutchison;Evita.Hutchison@yopmail.com;1919-10-22
1238;Hope;Magnolia;Hope.Magnolia@yopmail.com;1962-01-19
1239;Lusa;Docilla;Lusa.Docilla@yopmail.com;1938-05-26
1240;Dulce;Hourigan;Dulce.Hourigan@yopmail.com;1979-06-17
1241;Sonni;Denis;Sonni.Denis@yopmail.com;1913-06-03
1242;Laurene;Seumas;Laurene.Seumas@yopmail.com;1937-02-08
1243;Tracey;Greyson;Tracey.Greyson@yopmail.com;1974-10-25
1244;Georgetta;Bury;Georgetta.Bury@yopmail.com;1997-05-27
1245;Willetta;Garek;Willetta.Garek@yopmail.com;1979-08-15
1246;Christian;Stuart;Christian.Stuart@yopmail.com;1952-07-12
1247;Kellen;McClimans;Kellen.McClimans@yopmail.com;1931-05-29
1248;Bernie;Jary;Bernie.Jary@yopmail.com;1926-07-13
1249;Madalyn;Hazlett;Madalyn.Hazlett@yopmail.com;1960-11-01
1250;Elena;Loeb;Elena.Loeb@yopmail.com;1928-03-30
1251;Raf;Belanger;Raf.Belanger@yopmail.com;2012-03-20
1252;Mathilda;Weinreb;Mathilda.Weinreb@yopmail.com;1961-07-06
1253;Misha;Annice;Misha.Annice@yopmail.com;1937-07-02
1254;Robbi;Justinn;Robbi.Justinn@yopmail.com;2000-11-04
1255;Elise;Adamsen;Elise.Adamsen@yopmail.com;2006-11-02
1256;Vita;Israeli;Vita.Israeli@yopmail.com;1946-08-31
1257;Viviene;Oster;Viviene.Oster@yopmail.com;1916-12-31
1258;Orelia;Demitria;Orelia.Demitria@yopmail.com;1955-10-14
1259;Aurore;Morehouse;Aurore.Morehouse@yopmail.com;2012-06-09
1260;Beatriz;Santoro;Beatriz.Santoro@yopmail.com;1942-06-07
1261;Laurene;Reidar;Laurene.Reidar@yopmail.com;1998-01-09
1262;Jessy;Verger;Jessy.Verger@yopmail.com;1965-04-27
1263;Lily;Morrill;Lily.Morrill@yopmail.com;1961-08-20
1264;Karolina;Serilda;Karolina.Serilda@yopmail.com;1926-01-12
1265;Hildegaard;Greyson;Hildegaard.Greyson@yopmail.com;1974-05-09
1266;Janis;Sparhawk;Janis.Sparhawk@yopmail.com;2018-09-02
1267;Gaylene;Cleo;Gaylene.Cleo@yopmail.com;1933-10-22
1268;Trudie;Kathie;Trudie.Kathie@yopmail.com;1993-04-22
1269;Genovera;Elvyn;Genovera.Elvyn@yopmail.com;1930-08-15
1270;Lorenza;Maiah;Lorenza.Maiah@yopmail.com;1943-09-25
1271;Leanna;Vary;Leanna.Vary@yopmail.com;1984-06-15
1272;Tilly;Rosemary;Tilly.Rosemary@yopmail.com;1927-03-18
1273;Gale;Ingra;Gale.Ingra@yopmail.com;1991-11-01
1274;Natka;Sisile;Natka.Sisile@yopmail.com;1936-10-27
1275;Ulrike;Vale;Ulrike.Vale@yopmail.com;1904-10-02
1276;Cherilyn;Vary;Cherilyn.Vary@yopmail.com;1962-02-13
1277;Correy;Mintz;Correy.Mintz@yopmail.com;1929-09-05
1278;Emmey;Decato;Emmey.Decato@yopmail.com;2011-09-15
1279;Arabel;Mehalek;Arabel.Mehalek@yopmail.com;1974-10-14
1280;Brooks;Frendel;Brooks.Frendel@yopmail.com;1983-06-15
1281;Magdalena;Stevy;Magdalena.Stevy@yopmail.com;2012-11-25
1282;Anallese;Devlen;Anallese.Devlen@yopmail.com;1913-12-29
1283;Tamqrah;Audly;Tamqrah.Audly@yopmail.com;1977-11-04
1284;Annora;Regan;Annora.Regan@yopmail.com;1948-06-04
1285;Amara;Love;Amara.Love@yopmail.com;1926-02-16
1286;Ethel;Sabella;Ethel.Sabella@yopmail.com;2005-07-04
1287;Madeleine;Hamil;Madeleine.Hamil@yopmail.com;2009-11-08
1288;Wanda;Carey;Wanda.Carey@yopmail.com;2015-05-14
1289;Candi;Nahum;Candi.Nahum@yopmail.com;1931-06-07
1290;Bee;Bibi;Bee.Bibi@yopmail.com;1985-09-05
1291;Sam;Sholley;Sam.Sholley@yopmail.com;1949-11-24
1292;Averyl;Stoller;Averyl.Stoller@yopmail.com;2006-02-03
1293;Alexine;Anastatius;Alexine.Anastatius@yopmail.com;1988-04-03
1294;Angelique;Daegal;Angelique.Daegal@yopmail.com;1996-02-18
1295;Priscilla;Sadowski;Priscilla.Sadowski@yopmail.com;1942-05-23
1296;Myrtice;Eliathas;Myrtice.Eliathas@yopmail.com;2018-05-20
1297;Winny;Buttaro;Winny.Buttaro@yopmail.com;1910-01-30
1298;Nadine;Raimondo;Nadine.Raimondo@yopmail.com;1900-11-17
1299;Abbie;Lilybelle;Abbie.Lilybelle@yopmail.com;1983-11-08
1300;Jaime;Manolo;Jaime.Manolo@yopmail.com;1930-12-12
1301;Monika;Shelba;Monika.Shelba@yopmail.com;1938-06-05
1302;Corry;Brieta;Corry.Brieta@yopmail.com;1955-10-13
1303;Marinna;Macey;Marinna.Macey@yopmail.com;1931-10-02
1304;Kellen;Brodench;Kellen.Brodench@yopmail.com;1908-03-24
1305;Clementine;Ochs;Clementine.Ochs@yopmail.com;1941-10-31
1306;Melodie;McCutcheon;Melodie.McCutcheon@yopmail.com;1906-01-19
1307;Almeta;Standing;Almeta.Standing@yopmail.com;1966-12-23
1308;Teriann;Berl;Teriann.Berl@yopmail.com;1968-01-11
1309;Elfreda;Jalbert;Elfreda.Jalbert@yopmail.com;1908-01-29
1310;Laurene;Lasley;Laurene.Lasley@yopmail.com;1903-06-22
1311;Bernardine;Zina;Bernardine.Zina@yopmail.com;1911-05-30
1312;Myriam;Clara;Myriam.Clara@yopmail.com;1976-06-18
1313;Desirae;Phyllis;Desirae.Phyllis@yopmail.com;1927-05-09
1314;Alia;Buffum;Alia.Buffum@yopmail.com;1913-05-11
1315;Lexine;Selway;Lexine.Selway@yopmail.com;1901-09-05
1316;Helsa;Auberbach;Helsa.Auberbach@yopmail.com;1995-03-04
1317;Jacquetta;Diogenes;Jacquetta.Diogenes@yopmail.com;1934-05-29
1318;Philis;Reidar;Philis.Reidar@yopmail.com;1943-04-03
1319;Jeanna;Dulciana;Jeanna.Dulciana@yopmail.com;1902-04-30
1320;Gilda;Keily;Gilda.Keily@yopmail.com;1968-10-18
1321;Corly;Keily;Corly.Keily@yopmail.com;1907-11-05
1322;Tori;Posner;Tori.Posner@yopmail.com;1932-11-03
1323;Claudina;Longfellow;Claudina.Longfellow@yopmail.com;1981-02-01
1324;Lilith;Kiersten;Lilith.Kiersten@yopmail.com;1913-01-30
1325;Kimberley;Gavrila;Kimberley.Gavrila@yopmail.com;1901-04-07
1326;Elvira;An;Elvira.An@yopmail.com;1965-02-07
1327;Wendi;Gualtiero;Wendi.Gualtiero@yopmail.com;1976-04-21
1328;Beth;Nickola;Beth.Nickola@yopmail.com;1923-12-16
1329;Renie;Ries;Renie.Ries@yopmail.com;1949-09-18
1330;Minda;Michella;Minda.Michella@yopmail.com;1982-04-24
1331;Sophia;Cohdwell;Sophia.Cohdwell@yopmail.com;1932-09-28
1332;Kathy;Lumbard;Kathy.Lumbard@yopmail.com;1941-04-07
1333;Elora;Kalinda;Elora.Kalinda@yopmail.com;1908-04-10
1334;Cacilie;Brandice;Cacilie.Brandice@yopmail.com;1913-09-25
1335;Kathy;Martsen;Kathy.Martsen@yopmail.com;1993-07-20
1336;Selma;Ophelia;Selma.Ophelia@yopmail.com;1976-12-09
1337;Myriam;Peti;Myriam.Peti@yopmail.com;1983-07-01
1338;Cyb;Percy;Cyb.Percy@yopmail.com;1954-05-03
1339;Cassandra;Freddi;Cassandra.Freddi@yopmail.com;1908-10-28
1340;Nickie;Gale;Nickie.Gale@yopmail.com;1949-01-03
1341;Corina;Vastah;Corina.Vastah@yopmail.com;1925-07-24
1342;Joane;Ciapas;Joane.Ciapas@yopmail.com;1960-03-09
1343;Allis;Elvyn;Allis.Elvyn@yopmail.com;2019-08-15
1344;Hope;Hathaway;Hope.Hathaway@yopmail.com;1981-05-28
1345;Aryn;Ilka;Aryn.Ilka@yopmail.com;1949-11-19
1346;Leia;Gherardo;Leia.Gherardo@yopmail.com;1915-04-08
1347;Mathilda;Barbey;Mathilda.Barbey@yopmail.com;1930-02-12
1348;Rhoda;Sundin;Rhoda.Sundin@yopmail.com;1909-03-27
1349;Ardenia;Jethro;Ardenia.Jethro@yopmail.com;1912-08-27
1350;Rivalee;Eachern;Rivalee.Eachern@yopmail.com;1924-06-15
1351;Winifred;Kare;Winifred.Kare@yopmail.com;1933-10-26
1352;Brooks;Argus;Brooks.Argus@yopmail.com;1983-11-17
1353;Fidelia;Audly;Fidelia.Audly@yopmail.com;2000-06-09
1354;Merrie;Haerr;Merrie.Haerr@yopmail.com;1932-11-03
1355;Olwen;Vorster;Olwen.Vorster@yopmail.com;1993-09-25
1356;Lily;Zuzana;Lily.Zuzana@yopmail.com;1959-01-30
1357;Carlie;Tacye;Carlie.Tacye@yopmail.com;1963-08-04
1358;Kara-Lynn;Mitzi;Kara-Lynn.Mitzi@yopmail.com;1965-03-07
1359;Dorothy;Cleo;Dorothy.Cleo@yopmail.com;1951-08-29
1360;Kylynn;Roarke;Kylynn.Roarke@yopmail.com;1992-04-07
1361;Florie;Zola;Florie.Zola@yopmail.com;1978-03-22
1362;Kaja;Natalia;Kaja.Natalia@yopmail.com;1978-06-20
1363;Quintina;Serilda;Quintina.Serilda@yopmail.com;1961-10-13
1364;Gratia;Codding;Gratia.Codding@yopmail.com;1925-07-23
1365;Ginnie;Hessler;Ginnie.Hessler@yopmail.com;1940-05-27
1366;Reeba;Erskine;Reeba.Erskine@yopmail.com;1960-08-28
1367;Reeba;Cleo;Reeba.Cleo@yopmail.com;1987-12-09
1368;Kate;Kaete;Kate.Kaete@yopmail.com;1977-08-27
1369;Magdalena;Faria;Magdalena.Faria@yopmail.com;1967-01-27
1370;Kial;Howlyn;Kial.Howlyn@yopmail.com;1926-06-13
1371;Roslyn;Doig;Roslyn.Doig@yopmail.com;1916-06-03
1372;Isa;Sperling;Isa.Sperling@yopmail.com;1930-10-02
1373;Ardeen;Suanne;Ardeen.Suanne@yopmail.com;1968-09-10
1374;Shandie;Claudine;Shandie.Claudine@yopmail.com;1980-02-04
1375;Alexine;Fadiman;Alexine.Fadiman@yopmail.com;1977-01-03
1376;Sean;Teddman;Sean.Teddman@yopmail.com;1989-08-28
1377;Inga;Goldina;Inga.Goldina@yopmail.com;2016-04-27
1378;Aili;Craggie;Aili.Craggie@yopmail.com;2004-05-25
1379;Goldie;Noelyn;Goldie.Noelyn@yopmail.com;1962-04-04
1380;Glynnis;Graig;Glynnis.Graig@yopmail.com;2005-07-08
1381;Aubrie;Miru;Aubrie.Miru@yopmail.com;2013-12-18
1382;Cindelyn;Cecile;Cindelyn.Cecile@yopmail.com;2018-04-14
1383;Sidoney;Sheedy;Sidoney.Sheedy@yopmail.com;1979-05-27
1384;Justinn;Valoniah;Justinn.Valoniah@yopmail.com;1928-03-14
1385;Susan;Hathaway;Susan.Hathaway@yopmail.com;1941-03-22
1386;Kylynn;Kazimir;Kylynn.Kazimir@yopmail.com;1980-08-24
1387;Romona;Delila;Romona.Delila@yopmail.com;1940-10-01
1388;Lynde;Darrell;Lynde.Darrell@yopmail.com;1900-10-27
1389;Viki;Barney;Viki.Barney@yopmail.com;1991-07-27
1390;Adelle;Rosette;Adelle.Rosette@yopmail.com;1940-02-13
1391;Dyann;Braun;Dyann.Braun@yopmail.com;1985-04-19
1392;Lizzie;Drisko;Lizzie.Drisko@yopmail.com;2008-06-13
1393;Rochette;Gabrielli;Rochette.Gabrielli@yopmail.com;1901-09-14
1394;Sallie;Matthew;Sallie.Matthew@yopmail.com;2019-04-23
1395;Trixi;Land;Trixi.Land@yopmail.com;1945-10-31
1396;Ginnie;Jefferey;Ginnie.Jefferey@yopmail.com;1919-01-21
1397;Morganica;Margarete;Morganica.Margarete@yopmail.com;1980-01-16
1398;Marline;Mauer;Marline.Mauer@yopmail.com;1929-10-17
1399;Mahalia;Quinn;Mahalia.Quinn@yopmail.com;1941-05-21
1400;Eugine;Cookie;Eugine.Cookie@yopmail.com;1954-10-30
1401;Melanie;Dorcy;Melanie.Dorcy@yopmail.com;2001-07-13
1402;Annecorinne;Philipp;Annecorinne.Philipp@yopmail.com;1967-07-03
1403;Coral;Bonilla;Coral.Bonilla@yopmail.com;1908-01-02
1404;Aeriela;Sidonius;Aeriela.Sidonius@yopmail.com;1978-03-15
1405;Teriann;Loeb;Teriann.Loeb@yopmail.com;1977-01-26
1406;Stephanie;Scammon;Stephanie.Scammon@yopmail.com;1921-02-18
1407;Clementine;Flyn;Clementine.Flyn@yopmail.com;1953-11-19
1408;June;Bigner;June.Bigner@yopmail.com;1991-09-12
1409;Meriel;Vernier;Meriel.Vernier@yopmail.com;1910-12-28
1410;Jordan;Bates;Jordan.Bates@yopmail.com;2012-10-16
1411;Romona;Elbertina;Romona.Elbertina@yopmail.com;1955-07-12
1412;Audrie;Kinnard;Audrie.Kinnard@yopmail.com;2000-06-01
1413;Selia;Ashely;Selia.Ashely@yopmail.com;1982-11-14
1414;Valeda;Hubert;Valeda.Hubert@yopmail.com;2016-04-01
1415;Jolyn;Mozelle;Jolyn.Mozelle@yopmail.com;1962-11-19
1416;Wynne;Noman;Wynne.Noman@yopmail.com;1978-09-11
1417;Leanna;Duwalt;Leanna.Duwalt@yopmail.com;1988-05-30
1418;Orsola;Zaslow;Orsola.Zaslow@yopmail.com;1986-09-11
1419;Sandie;Braun;Sandie.Braun@yopmail.com;1963-06-30
1420;Willetta;Ashok;Willetta.Ashok@yopmail.com;1910-05-21
1421;Bettine;Letsou;Bettine.Letsou@yopmail.com;1991-03-30
1422;Tori;Hessler;Tori.Hessler@yopmail.com;1913-03-21
1423;Belva;Maples;Belva.Maples@yopmail.com;1988-02-22
1424;Kimmy;Maiah;Kimmy.Maiah@yopmail.com;1938-04-24
1425;Jaime;Faso;Jaime.Faso@yopmail.com;1914-10-23
1426;Lanae;Auberbach;Lanae.Auberbach@yopmail.com;1967-04-06
1427;Benita;Wiener;Benita.Wiener@yopmail.com;2003-12-16
1428;Sidoney;Norrie;Sidoney.Norrie@yopmail.com;1999-04-09
1429;Ginnie;Morgun;Ginnie.Morgun@yopmail.com;1984-12-18
1430;Elfreda;Chapland;Elfreda.Chapland@yopmail.com;1935-07-09
1431;Arabel;Tippets;Arabel.Tippets@yopmail.com;1963-08-07
1432;Nannie;Zitvaa;Nannie.Zitvaa@yopmail.com;2009-05-07
1433;Elmira;Cecile;Elmira.Cecile@yopmail.com;1957-11-26
1434;Letizia;Erich;Letizia.Erich@yopmail.com;1973-10-02
1435;Dulcinea;Kesley;Dulcinea.Kesley@yopmail.com;1940-12-03
1436;Quintina;Flita;Quintina.Flita@yopmail.com;1965-11-30
1437;Doralynne;Raul;Doralynne.Raul@yopmail.com;2016-10-24
1438;Fawne;Alice;Fawne.Alice@yopmail.com;1900-07-30
1439;Roberta;Honoria;Roberta.Honoria@yopmail.com;1941-06-16
1440;Amalie;Mendez;Amalie.Mendez@yopmail.com;1946-10-27
1441;Ethel;Septima;Ethel.Septima@yopmail.com;1937-05-07
1442;Dorice;Brotherson;Dorice.Brotherson@yopmail.com;1920-09-09
1443;Jean;Lacombe;Jean.Lacombe@yopmail.com;1916-09-10
1444;Brooks;Grobe;Brooks.Grobe@yopmail.com;1998-11-04
1445;Devina;Medrek;Devina.Medrek@yopmail.com;1933-11-02
1446;Adriana;Goldina;Adriana.Goldina@yopmail.com;1938-12-27
1447;Coral;Strephon;Coral.Strephon@yopmail.com;1936-04-07
1448;Max;Linehan;Max.Linehan@yopmail.com;2000-07-26
1449;Charlena;Peti;Charlena.Peti@yopmail.com;1986-07-27
1450;Sam;Peonir;Sam.Peonir@yopmail.com;1982-06-25
1451;Jordan;Wilona;Jordan.Wilona@yopmail.com;1934-01-12
1452;Cam;Merell;Cam.Merell@yopmail.com;1984-02-06
1453;Alex;Taima;Alex.Taima@yopmail.com;1964-06-28
1454;Berta;Zamora;Berta.Zamora@yopmail.com;1932-02-04
1455;Amara;Durante;Amara.Durante@yopmail.com;1982-12-27
1456;Odessa;Infield;Odessa.Infield@yopmail.com;1940-07-16
1457;Dorothy;Pernick;Dorothy.Pernick@yopmail.com;1965-09-28
1458;Christy;Pyle;Christy.Pyle@yopmail.com;1943-01-26
1459;Noelle;Cornelia;Noelle.Cornelia@yopmail.com;1995-05-15
1460;Ricky;Natalia;Ricky.Natalia@yopmail.com;2010-04-14
1461;Shannah;Niccolo;Shannah.Niccolo@yopmail.com;1973-01-23
1462;Berget;Yoko;Berget.Yoko@yopmail.com;1987-03-12
1463;Fina;Casimir;Fina.Casimir@yopmail.com;1959-12-12
1464;Abbie;Kare;Abbie.Kare@yopmail.com;1976-07-13
1465;Ira;Pelagias;Ira.Pelagias@yopmail.com;1946-01-15
1466;Dacia;Karl;Dacia.Karl@yopmail.com;1956-12-15
1467;Tera;Yuille;Tera.Yuille@yopmail.com;1937-01-15
1468;Riannon;Prober;Riannon.Prober@yopmail.com;1918-03-30
1469;Leanna;Kenwood;Leanna.Kenwood@yopmail.com;1936-12-15
1470;Mariann;Shaver;Mariann.Shaver@yopmail.com;1955-05-22
1471;Jasmina;Frodi;Jasmina.Frodi@yopmail.com;2002-02-14
1472;Philis;Ventre;Philis.Ventre@yopmail.com;1989-05-28
1473;Phylis;Othilia;Phylis.Othilia@yopmail.com;1915-08-30
1474;Gusty;Kussell;Gusty.Kussell@yopmail.com;1994-06-07
1475;Harmonia;Sophronia;Harmonia.Sophronia@yopmail.com;1920-04-15
1476;Letizia;Maroney;Letizia.Maroney@yopmail.com;2014-08-04
1477;Caritta;Urias;Caritta.Urias@yopmail.com;1984-01-20
1478;Janeczka;Eckblad;Janeczka.Eckblad@yopmail.com;2015-12-17
1479;Adore;Love;Adore.Love@yopmail.com;1964-04-18
1480;Molli;Saree;Molli.Saree@yopmail.com;1940-09-12
1481;Flory;Paton;Flory.Paton@yopmail.com;1969-06-11
1482;Thalia;Rossner;Thalia.Rossner@yopmail.com;1939-02-09
1483;Merrie;Gabrielli;Merrie.Gabrielli@yopmail.com;2004-04-12
1484;Jennica;Annabella;Jennica.Annabella@yopmail.com;1947-07-05
1485;Sharai;Zrike;Sharai.Zrike@yopmail.com;1910-07-12
1486;Fayre;Emmaline;Fayre.Emmaline@yopmail.com;1991-06-30
1487;Corina;Vharat;Corina.Vharat@yopmail.com;1973-06-27
1488;Minda;Helfand;Minda.Helfand@yopmail.com;1981-10-08
1489;Fernande;Raseda;Fernande.Raseda@yopmail.com;1908-11-01
1490;Blinni;Firmin;Blinni.Firmin@yopmail.com;1925-04-26
1491;Reeba;Esmaria;Reeba.Esmaria@yopmail.com;1912-05-19
1492;Aimil;Telfer;Aimil.Telfer@yopmail.com;1968-03-10
1493;Sandie;Faust;Sandie.Faust@yopmail.com;2014-05-14
1494;Brena;Lilas;Brena.Lilas@yopmail.com;2004-11-16
1495;Genovera;Lauraine;Genovera.Lauraine@yopmail.com;1985-09-28
1496;Jsandye;Deny;Jsandye.Deny@yopmail.com;1984-11-07
1497;Renae;Emmy;Renae.Emmy@yopmail.com;1975-07-31
1498;Ashlee;Darbie;Ashlee.Darbie@yopmail.com;1941-12-08
1499;Siana;Naor;Siana.Naor@yopmail.com;1946-02-22
1500;Bertine;Mike;Bertine.Mike@yopmail.com;1967-08-14
1501;Ulrike;Claudine;Ulrike.Claudine@yopmail.com;1930-03-14
1502;Rosaline;Astra;Rosaline.Astra@yopmail.com;1915-02-24
1503;Margette;Deegan;Margette.Deegan@yopmail.com;2013-08-14
1504;Wilma;Sheng;Wilma.Sheng@yopmail.com;1959-01-12
1505;Hildegaard;Emmaline;Hildegaard.Emmaline@yopmail.com;1955-11-07
1506;Roseline;Carey;Roseline.Carey@yopmail.com;1967-02-03
1507;Linet;Andrel;Linet.Andrel@yopmail.com;1946-11-13
1508;Claudina;Aprile;Claudina.Aprile@yopmail.com;2014-10-18
1509;Gabriellia;Hurley;Gabriellia.Hurley@yopmail.com;1930-02-23
1510;Lynea;Raul;Lynea.Raul@yopmail.com;1967-07-26
1511;Leia;Trinetta;Leia.Trinetta@yopmail.com;1922-06-11
1512;Darci;Syd;Darci.Syd@yopmail.com;1902-01-31
1513;Millie;Toffic;Millie.Toffic@yopmail.com;1975-09-25
1514;Chrystel;Skurnik;Chrystel.Skurnik@yopmail.com;2015-11-05
1515;Leanna;Kenney;Leanna.Kenney@yopmail.com;2015-10-31
1516;Kara-Lynn;Amasa;Kara-Lynn.Amasa@yopmail.com;1937-07-06
1517;Chrystel;Podvin;Chrystel.Podvin@yopmail.com;1931-04-02
1518;Orelia;Faso;Orelia.Faso@yopmail.com;1989-08-07
1519;Chastity;Gabrielli;Chastity.Gabrielli@yopmail.com;1934-06-03
1520;Teddie;Jarib;Teddie.Jarib@yopmail.com;1977-11-19
1521;Konstance;Gunn;Konstance.Gunn@yopmail.com;2002-08-25
1522;Jessy;Ball;Jessy.Ball@yopmail.com;1965-12-21
1523;Dulce;Elbertina;Dulce.Elbertina@yopmail.com;2017-08-17
1524;Rosabelle;Socha;Rosabelle.Socha@yopmail.com;2007-02-27
1525;Sissy;Simmonds;Sissy.Simmonds@yopmail.com;1938-12-28
1526;Leanna;Hamil;Leanna.Hamil@yopmail.com;2010-06-17
1527;Betta;Iaverne;Betta.Iaverne@yopmail.com;2005-12-10
1528;Madalyn;Tremayne;Madalyn.Tremayne@yopmail.com;2005-07-20
1529;Aimil;Sancho;Aimil.Sancho@yopmail.com;2017-08-31
1530;Fayre;Colyer;Fayre.Colyer@yopmail.com;1994-10-31
1531;Fina;Jeanne;Fina.Jeanne@yopmail.com;1976-11-25
1532;Ricky;Fadiman;Ricky.Fadiman@yopmail.com;1972-11-11
1533;Elie;Gerge;Elie.Gerge@yopmail.com;1995-10-15
1534;Ann-Marie;Tound;Ann-Marie.Tound@yopmail.com;1944-08-10
1535;Trudie;Goerke;Trudie.Goerke@yopmail.com;1951-08-01
1536;Shell;Han;Shell.Han@yopmail.com;1978-11-08
1537;Myriam;Chesna;Myriam.Chesna@yopmail.com;1969-02-18
1538;Janeczka;Uird;Janeczka.Uird@yopmail.com;1955-02-05
1539;Gavrielle;Briney;Gavrielle.Briney@yopmail.com;1936-01-31
1540;Bertine;Nickola;Bertine.Nickola@yopmail.com;2018-04-29
1541;Tobe;Borrell;Tobe.Borrell@yopmail.com;1951-12-04
1542;Kimmy;Naor;Kimmy.Naor@yopmail.com;1946-05-16
1543;Lory;Joachim;Lory.Joachim@yopmail.com;1915-06-26
1544;Konstance;Dorcy;Konstance.Dorcy@yopmail.com;1960-12-31
1545;Lanna;Wareing;Lanna.Wareing@yopmail.com;1918-05-11
1546;Julieta;Wooster;Julieta.Wooster@yopmail.com;2019-01-22
1547;Sarette;Cyrie;Sarette.Cyrie@yopmail.com;1965-04-24
1548;Aili;Leler;Aili.Leler@yopmail.com;2007-04-04
1549;Sadie;Raama;Sadie.Raama@yopmail.com;1959-11-11
1550;Lorie;Brunell;Lorie.Brunell@yopmail.com;1989-04-24
1551;Gratia;Wallis;Gratia.Wallis@yopmail.com;1952-08-15
1552;Madelle;Haerr;Madelle.Haerr@yopmail.com;1919-04-19
1553;Adelle;Bebe;Adelle.Bebe@yopmail.com;1987-05-26
1554;Winny;Gualtiero;Winny.Gualtiero@yopmail.com;1954-02-08
1555;Jeanna;Torray;Jeanna.Torray@yopmail.com;1937-11-02
1556;Brena;Dorine;Brena.Dorine@yopmail.com;1918-07-16
1557;Hyacinthe;Hartnett;Hyacinthe.Hartnett@yopmail.com;1909-05-30
1558;Cyndie;Nunci;Cyndie.Nunci@yopmail.com;1918-01-09
1559;Liana;Killigrew;Liana.Killigrew@yopmail.com;1993-04-25
1560;Roxane;Jaylene;Roxane.Jaylene@yopmail.com;1979-03-14
1561;Berget;Howlyn;Berget.Howlyn@yopmail.com;2001-03-01
1562;Silvana;Stilwell;Silvana.Stilwell@yopmail.com;1934-01-07
1563;Julieta;Matthew;Julieta.Matthew@yopmail.com;1901-12-18
1564;Amii;Poppy;Amii.Poppy@yopmail.com;2013-01-28
1565;Zia;Richers;Zia.Richers@yopmail.com;1999-01-20
1566;Cristabel;Izaak;Cristabel.Izaak@yopmail.com;1988-03-16
1567;Helena;Izaak;Helena.Izaak@yopmail.com;2003-06-28
1568;Layla;Milson;Layla.Milson@yopmail.com;1970-04-26
1569;Emilia;Letsou;Emilia.Letsou@yopmail.com;1915-02-22
1570;Shauna;Levey;Shauna.Levey@yopmail.com;1905-05-20
1571;Kittie;Lynn;Kittie.Lynn@yopmail.com;1962-08-31
1572;Sissy;Gavrila;Sissy.Gavrila@yopmail.com;2003-09-26
1573;Aaren;Munn;Aaren.Munn@yopmail.com;1926-09-20
1574;Deedee;Henebry;Deedee.Henebry@yopmail.com;1915-11-27
1575;Rosaline;Caitlin;Rosaline.Caitlin@yopmail.com;1999-02-26
1576;Valli;Cornelia;Valli.Cornelia@yopmail.com;1903-11-24
1577;Nollie;Bergman;Nollie.Bergman@yopmail.com;2012-03-26
1578;Libbie;Ezar;Libbie.Ezar@yopmail.com;1907-11-09
1579;Dolli;Yorick;Dolli.Yorick@yopmail.com;1973-03-29
1580;Morganica;Latini;Morganica.Latini@yopmail.com;2004-03-20
1581;Flo;Nahum;Flo.Nahum@yopmail.com;1938-01-19
1582;Drucie;Yuille;Drucie.Yuille@yopmail.com;1969-10-25
1583;Lesly;Annice;Lesly.Annice@yopmail.com;1985-06-21
1584;Cassondra;Merell;Cassondra.Merell@yopmail.com;1937-03-15
1585;Codie;Verger;Codie.Verger@yopmail.com;1985-12-15
1586;Konstance;Sasnett;Konstance.Sasnett@yopmail.com;1909-01-29
1587;Tani;Yate;Tani.Yate@yopmail.com;1943-03-28
1588;Johna;Ader;Johna.Ader@yopmail.com;1937-06-25
1589;Gertrud;Aloise;Gertrud.Aloise@yopmail.com;1991-06-30
1590;Valeda;Grayce;Valeda.Grayce@yopmail.com;1930-02-16
1591;Perry;Olnee;Perry.Olnee@yopmail.com;1952-10-01
1592;Verla;Lipson;Verla.Lipson@yopmail.com;1947-08-26
1593;Mariele;Mozelle;Mariele.Mozelle@yopmail.com;1943-11-13
1594;Rori;Randene;Rori.Randene@yopmail.com;1992-05-18
1595;Arabel;Douglass;Arabel.Douglass@yopmail.com;1990-12-22
1596;Roseline;Schwejda;Roseline.Schwejda@yopmail.com;1923-01-24
1597;Gwenneth;Koehler;Gwenneth.Koehler@yopmail.com;1972-02-01
1598;Ebonee;Burnside;Ebonee.Burnside@yopmail.com;1902-07-31
1599;Sadie;Radu;Sadie.Radu@yopmail.com;1983-12-18
1600;Arlena;Odysseus;Arlena.Odysseus@yopmail.com;1942-09-09
1601;Lanna;Hieronymus;Lanna.Hieronymus@yopmail.com;1980-04-30
1602;Ada;Vins;Ada.Vins@yopmail.com;1923-09-20
1603;Deedee;Leonard;Deedee.Leonard@yopmail.com;2007-05-20
1604;Lynea;Bertold;Lynea.Bertold@yopmail.com;2016-01-26
1605;Sharai;Lemuela;Sharai.Lemuela@yopmail.com;1983-08-04
1606;Rhoda;O'Carroll;Rhoda.O'Carroll@yopmail.com;1978-08-22
1607;Evita;Magdalen;Evita.Magdalen@yopmail.com;1920-09-24
1608;Layla;Raama;Layla.Raama@yopmail.com;1976-07-30
1609;Lita;Firmin;Lita.Firmin@yopmail.com;1914-07-23
1610;Aubrie;Kellby;Aubrie.Kellby@yopmail.com;1962-01-13
1611;Ginnie;Breed;Ginnie.Breed@yopmail.com;1972-08-30
1612;Jobi;Meli;Jobi.Meli@yopmail.com;1966-09-23
1613;Correy;Gordon;Correy.Gordon@yopmail.com;1972-09-20
1614;Winny;McGrody;Winny.McGrody@yopmail.com;2014-03-30
1615;Etta;Bahr;Etta.Bahr@yopmail.com;1964-06-23
1616;Gilligan;Leary;Gilligan.Leary@yopmail.com;1987-06-29
1617;Eve;Daegal;Eve.Daegal@yopmail.com;1990-12-22
1618;Clarice;Aida;Clarice.Aida@yopmail.com;1956-01-10
1619;Kara-Lynn;Bigner;Kara-Lynn.Bigner@yopmail.com;1914-10-05
1620;Kellen;Anastatius;Kellen.Anastatius@yopmail.com;2019-05-17
1621;Renae;Ochs;Renae.Ochs@yopmail.com;1900-09-15
1622;Calla;Juliet;Calla.Juliet@yopmail.com;1973-05-18
1623;Di;Flita;Di.Flita@yopmail.com;1901-07-25
1624;Estell;Mintz;Estell.Mintz@yopmail.com;1999-02-21
1625;Lita;Bevin;Lita.Bevin@yopmail.com;1902-04-28
1626;Dorthy;Tippets;Dorthy.Tippets@yopmail.com;1912-11-27
1627;Anallese;Scammon;Anallese.Scammon@yopmail.com;1907-12-22
1628;Phylis;Goldina;Phylis.Goldina@yopmail.com;2018-02-18
1629;Brena;Sothena;Brena.Sothena@yopmail.com;1958-06-02
1630;Jemie;Luhe;Jemie.Luhe@yopmail.com;1978-11-24
1631;Alex;Durware;Alex.Durware@yopmail.com;1911-06-29
1632;Gusella;Hieronymus;Gusella.Hieronymus@yopmail.com;1975-03-07
1633;Frank;Wenoa;Frank.Wenoa@yopmail.com;2005-04-26
1634;Barbi;Bohlin;Barbi.Bohlin@yopmail.com;1989-04-28
1635;Diena;Klotz;Diena.Klotz@yopmail.com;1977-03-02
1636;Emylee;Lasley;Emylee.Lasley@yopmail.com;1922-04-10
1637;Jennica;Solitta;Jennica.Solitta@yopmail.com;1938-11-11
1638;Magdalena;Stover;Magdalena.Stover@yopmail.com;1953-12-28
1639;Angela;Trey;Angela.Trey@yopmail.com;2011-03-09
1640;Juliane;Gemini;Juliane.Gemini@yopmail.com;1910-04-21
1641;Fredericka;Suzetta;Fredericka.Suzetta@yopmail.com;2013-05-14
1642;Winifred;Redmond;Winifred.Redmond@yopmail.com;1912-06-21
1643;Malina;Durante;Malina.Durante@yopmail.com;1980-01-09
1644;Fawne;Dex;Fawne.Dex@yopmail.com;1920-12-04
1645;Kelly;Gwenore;Kelly.Gwenore@yopmail.com;1926-03-25
1646;Miquela;Codding;Miquela.Codding@yopmail.com;1906-04-22
1647;Marika;Gaal;Marika.Gaal@yopmail.com;1962-10-05
1648;Cherilyn;Kaja;Cherilyn.Kaja@yopmail.com;1955-08-10
1649;Taffy;Michella;Taffy.Michella@yopmail.com;1939-02-05
1650;Caressa;Artie;Caressa.Artie@yopmail.com;1999-02-26
1651;Eugine;Carolin;Eugine.Carolin@yopmail.com;1944-02-10
1652;Cissiee;Bury;Cissiee.Bury@yopmail.com;1949-01-17
1653;Petronia;Bibi;Petronia.Bibi@yopmail.com;2016-11-22
1654;Gabriellia;Shaver;Gabriellia.Shaver@yopmail.com;1957-06-08
1655;Harmonia;Zenas;Harmonia.Zenas@yopmail.com;1916-08-09
1656;Edee;Krystle;Edee.Krystle@yopmail.com;1938-01-04
1657;Tatiania;O'Rourke;Tatiania.O'Rourke@yopmail.com;1935-10-06
1658;Jorry;Halsey;Jorry.Halsey@yopmail.com;2018-01-07
1659;Aurore;Alisia;Aurore.Alisia@yopmail.com;2010-03-26
1660;Marti;Lamoree;Marti.Lamoree@yopmail.com;1907-11-07
1661;Carlie;Rhu;Carlie.Rhu@yopmail.com;1956-05-30
1662;Rubie;Goddard;Rubie.Goddard@yopmail.com;1986-12-14
1663;Edyth;Loleta;Edyth.Loleta@yopmail.com;1995-08-13
1664;Melodie;Mullane;Melodie.Mullane@yopmail.com;1938-03-15
1665;Chickie;Alrich;Chickie.Alrich@yopmail.com;1965-09-05
1666;Ezmeralda;Regan;Ezmeralda.Regan@yopmail.com;1931-11-28
1667;Lila;Lia;Lila.Lia@yopmail.com;1931-06-06
1668;Linzy;An;Linzy.An@yopmail.com;2015-08-31
1669;Glenda;Juan;Glenda.Juan@yopmail.com;2008-01-15
1670;Jsandye;Gavrila;Jsandye.Gavrila@yopmail.com;2011-10-27
1671;Vere;Egbert;Vere.Egbert@yopmail.com;1979-08-07
1672;Paulita;Stelle;Paulita.Stelle@yopmail.com;2019-12-13
1673;Debee;Maryanne;Debee.Maryanne@yopmail.com;1938-05-15
1674;Albertina;Shaddock;Albertina.Shaddock@yopmail.com;1900-07-21
1675;Nyssa;Janene;Nyssa.Janene@yopmail.com;1948-10-22
1676;Averyl;Emmaline;Averyl.Emmaline@yopmail.com;1902-08-08
1677;Dari;Kenney;Dari.Kenney@yopmail.com;1915-12-16
1678;Janis;Fredi;Janis.Fredi@yopmail.com;1951-01-05
1679;Carmencita;Aldric;Carmencita.Aldric@yopmail.com;1907-08-07
1680;Malina;Pearse;Malina.Pearse@yopmail.com;1928-12-21
1681;Rosabelle;Joseph;Rosabelle.Joseph@yopmail.com;1913-06-06
1682;Belva;Wenoa;Belva.Wenoa@yopmail.com;1941-07-11
1683;Frank;Isacco;Frank.Isacco@yopmail.com;1928-06-28
1684;Tera;Suanne;Tera.Suanne@yopmail.com;1938-12-14
1685;Lily;Dorcy;Lily.Dorcy@yopmail.com;1902-07-05
1686;Janis;Corrine;Janis.Corrine@yopmail.com;2011-11-07
1687;Molli;Voletta;Molli.Voletta@yopmail.com;1972-06-03
1688;Janeczka;Iphlgenia;Janeczka.Iphlgenia@yopmail.com;1981-05-17
1689;Myriam;Leary;Myriam.Leary@yopmail.com;1957-03-20
1690;Nonnah;Pascia;Nonnah.Pascia@yopmail.com;1967-01-05
1691;Nickie;Wyn;Nickie.Wyn@yopmail.com;2017-01-20
1692;Dania;Stoller;Dania.Stoller@yopmail.com;1922-03-29
1693;Romona;Ricki;Romona.Ricki@yopmail.com;1961-10-21
1694;Nataline;Thornburg;Nataline.Thornburg@yopmail.com;1946-10-14
1695;Merle;Lemuela;Merle.Lemuela@yopmail.com;1966-11-03
1696;Elvira;Margarete;Elvira.Margarete@yopmail.com;1939-10-02
1697;Dania;Arathorn;Dania.Arathorn@yopmail.com;2019-03-15
1698;Suzette;Christal;Suzette.Christal@yopmail.com;1986-07-01
1699;Linzy;Haerr;Linzy.Haerr@yopmail.com;2015-05-10
1700;Fidelia;Engdahl;Fidelia.Engdahl@yopmail.com;2004-03-19
1701;Flory;Kauppi;Flory.Kauppi@yopmail.com;1923-12-17
1702;Alie;Cimbura;Alie.Cimbura@yopmail.com;1957-11-07
1703;Sabina;Alejoa;Sabina.Alejoa@yopmail.com;1994-09-04
1704;Jessy;Hartnett;Jessy.Hartnett@yopmail.com;1998-12-06
1705;Elyssa;Engdahl;Elyssa.Engdahl@yopmail.com;1916-03-20
1706;Sonni;Merriott;Sonni.Merriott@yopmail.com;1946-08-10
1707;Amalie;Revkah;Amalie.Revkah@yopmail.com;1919-11-13
1708;Dione;Chaing;Dione.Chaing@yopmail.com;2013-07-14
1709;Ginnie;Klemperer;Ginnie.Klemperer@yopmail.com;2019-12-05
1710;Wynne;Firmin;Wynne.Firmin@yopmail.com;1980-10-03
1711;Renae;Imelida;Renae.Imelida@yopmail.com;1927-02-03
1712;Dorothy;Celestine;Dorothy.Celestine@yopmail.com;1915-07-10
1713;Zondra;My;Zondra.My@yopmail.com;1935-11-06
1714;Marjie;Gahl;Marjie.Gahl@yopmail.com;1993-08-16
1715;Adore;Neils;Adore.Neils@yopmail.com;1928-11-01
1716;Diena;Gusella;Diena.Gusella@yopmail.com;1902-09-10
1717;Jan;Heisel;Jan.Heisel@yopmail.com;2004-04-05
1718;Allyce;LaRue;Allyce.LaRue@yopmail.com;2015-06-16
1719;Ernesta;Leopold;Ernesta.Leopold@yopmail.com;2014-08-27
1720;Lacie;Jethro;Lacie.Jethro@yopmail.com;2007-05-08
1721;Sibella;Adalbert;Sibella.Adalbert@yopmail.com;1920-11-07
1722;Phylis;Jethro;Phylis.Jethro@yopmail.com;1926-01-09
1723;Nicoli;Obed;Nicoli.Obed@yopmail.com;1996-10-15
1724;Randa;Graig;Randa.Graig@yopmail.com;1920-11-18
1725;Christal;Lay;Christal.Lay@yopmail.com;2017-12-16
1726;Gretal;Bendick;Gretal.Bendick@yopmail.com;1961-02-20
1727;Konstance;Halsey;Konstance.Halsey@yopmail.com;1963-12-13
1728;Arlina;Raimondo;Arlina.Raimondo@yopmail.com;2006-03-22
1729;Miquela;Zina;Miquela.Zina@yopmail.com;1931-12-22
1730;Beth;Tayib;Beth.Tayib@yopmail.com;1903-02-16
1731;Janey;Delila;Janey.Delila@yopmail.com;1931-10-30
1732;Chickie;Marijo;Chickie.Marijo@yopmail.com;2019-09-11
1733;Albertina;Wyn;Albertina.Wyn@yopmail.com;1973-10-17
1734;Flo;Quent;Flo.Quent@yopmail.com;1905-02-07
1735;Wynne;Malvino;Wynne.Malvino@yopmail.com;1966-03-30
1736;Lila;Remmer;Lila.Remmer@yopmail.com;1969-09-25
1737;Clarice;Plato;Clarice.Plato@yopmail.com;1988-05-27
1738;Jere;Sholley;Jere.Sholley@yopmail.com;1998-02-22
1739;Catrina;Jobi;Catrina.Jobi@yopmail.com;1909-03-11
1740;Ginnie;Annabella;Ginnie.Annabella@yopmail.com;1923-01-26
1741;Melodie;Zola;Melodie.Zola@yopmail.com;1964-07-22
1742;Jenilee;Henrie;Jenilee.Henrie@yopmail.com;2015-03-23
1743;Aubrie;Stilwell;Aubrie.Stilwell@yopmail.com;2019-05-21
1744;Jolyn;Reneta;Jolyn.Reneta@yopmail.com;1986-01-05
1745;Ricky;Schlosser;Ricky.Schlosser@yopmail.com;1952-06-17
1746;Fernande;Cleo;Fernande.Cleo@yopmail.com;1946-12-06
1747;Tatiania;Gwenore;Tatiania.Gwenore@yopmail.com;1905-05-16
1748;Frances;Dichy;Frances.Dichy@yopmail.com;1963-03-22
1749;Evita;Kaete;Evita.Kaete@yopmail.com;1911-01-02
1750;Dede;Belldas;Dede.Belldas@yopmail.com;1913-01-21
1751;Arabel;Skell;Arabel.Skell@yopmail.com;1986-05-27
1752;Dorice;Bohlin;Dorice.Bohlin@yopmail.com;1962-12-11
1753;Collen;Lucienne;Collen.Lucienne@yopmail.com;1994-06-06
1754;Janenna;Bakerman;Janenna.Bakerman@yopmail.com;1951-09-15
1755;Caryl;Baudin;Caryl.Baudin@yopmail.com;1988-05-31
1756;Shauna;Woodberry;Shauna.Woodberry@yopmail.com;2001-01-09
1757;Bernardine;Etom;Bernardine.Etom@yopmail.com;1918-02-14
1758;Clarice;Frendel;Clarice.Frendel@yopmail.com;2011-05-08
1759;Miquela;Konyn;Miquela.Konyn@yopmail.com;1977-08-24
1760;Sybille;Behre;Sybille.Behre@yopmail.com;1933-02-18
1761;Darci;Cornelia;Darci.Cornelia@yopmail.com;1914-04-15
1762;Vivia;Fillbert;Vivia.Fillbert@yopmail.com;1949-01-24
1763;Etta;Santoro;Etta.Santoro@yopmail.com;1904-07-22
1764;Theodora;Grobe;Theodora.Grobe@yopmail.com;2014-08-31
1765;Carilyn;Jethro;Carilyn.Jethro@yopmail.com;2017-07-30
1766;Ninnetta;Bach;Ninnetta.Bach@yopmail.com;1954-11-29
1767;Mamie;Ummersen;Mamie.Ummersen@yopmail.com;1918-04-12
1768;Fayre;Dunkin;Fayre.Dunkin@yopmail.com;1911-12-02
1769;Larine;Decato;Larine.Decato@yopmail.com;1915-10-03
1770;Janeczka;Norvol;Janeczka.Norvol@yopmail.com;1987-06-28
1771;Rhea;Daniele;Rhea.Daniele@yopmail.com;1950-08-28
1772;Gertrud;Camden;Gertrud.Camden@yopmail.com;1950-05-10
1773;Margarette;Craggie;Margarette.Craggie@yopmail.com;1906-03-23
1774;Hildegaard;Briney;Hildegaard.Briney@yopmail.com;1982-05-20
1775;Emylee;Nickola;Emylee.Nickola@yopmail.com;1916-03-31
1776;Lynea;Pyle;Lynea.Pyle@yopmail.com;1959-08-26
1777;Fred;Henrie;Fred.Henrie@yopmail.com;1992-08-12
1778;Kamilah;Capello;Kamilah.Capello@yopmail.com;1970-02-06
1779;Micheline;Connelly;Micheline.Connelly@yopmail.com;1966-04-27
1780;Nicoli;Margret;Nicoli.Margret@yopmail.com;2002-07-20
1781;Raf;Christal;Raf.Christal@yopmail.com;1980-02-28
1782;Misha;Joni;Misha.Joni@yopmail.com;1972-10-26
1783;Lesly;Hewitt;Lesly.Hewitt@yopmail.com;1978-02-22
1784;Carolina;Burch;Carolina.Burch@yopmail.com;1967-08-04
1785;Aryn;Parette;Aryn.Parette@yopmail.com;1984-07-22
1786;Heddie;Lorain;Heddie.Lorain@yopmail.com;1984-10-16
1787;Letizia;Wittie;Letizia.Wittie@yopmail.com;1972-08-12
1788;Suzette;Byrne;Suzette.Byrne@yopmail.com;2012-07-06
1789;Di;Ahab;Di.Ahab@yopmail.com;1928-05-22
1790;Roz;Cyrie;Roz.Cyrie@yopmail.com;1965-04-08
1791;Gerrie;Abbot;Gerrie.Abbot@yopmail.com;2016-05-09
1792;Gianina;Carmena;Gianina.Carmena@yopmail.com;1941-07-12
1793;Riannon;Wilona;Riannon.Wilona@yopmail.com;1969-11-14
1794;Tamqrah;Bobbee;Tamqrah.Bobbee@yopmail.com;1997-05-29
1795;Cherilyn;Romelda;Cherilyn.Romelda@yopmail.com;1920-09-02
1796;Giustina;Grobe;Giustina.Grobe@yopmail.com;1983-03-03
1797;Layla;Arvo;Layla.Arvo@yopmail.com;2012-12-16
1798;Felice;Kat;Felice.Kat@yopmail.com;1949-02-02
1799;Alameda;Papageno;Alameda.Papageno@yopmail.com;2000-05-10
1800;Vonny;Faso;Vonny.Faso@yopmail.com;1964-12-15
1801;Moyna;Delp;Moyna.Delp@yopmail.com;1930-07-26
1802;Lorenza;Weide;Lorenza.Weide@yopmail.com;1921-12-16
1803;Aryn;Autrey;Aryn.Autrey@yopmail.com;2011-12-25
1804;Lizzie;Cornelia;Lizzie.Cornelia@yopmail.com;2006-09-26
1805;Josephine;Jammal;Josephine.Jammal@yopmail.com;1915-11-27
1806;Cristine;Sharl;Cristine.Sharl@yopmail.com;1966-08-15
1807;Shel;Lorenz;Shel.Lorenz@yopmail.com;1936-10-29
1808;Daphne;Tjon;Daphne.Tjon@yopmail.com;1953-12-12
1809;Nonnah;Mauer;Nonnah.Mauer@yopmail.com;1982-08-20
1810;Julieta;Rozanna;Julieta.Rozanna@yopmail.com;1947-08-04
1811;Sindee;Adamsen;Sindee.Adamsen@yopmail.com;1935-10-29
1812;Rosene;Nea;Rosene.Nea@yopmail.com;1915-07-13
1813;Tressa;Nedrud;Tressa.Nedrud@yopmail.com;1943-10-17
1814;Renie;Anis;Renie.Anis@yopmail.com;1928-09-27
1815;Jemie;Kellby;Jemie.Kellby@yopmail.com;1934-03-31
1816;Renie;Cynar;Renie.Cynar@yopmail.com;1991-06-18
1817;Donnie;Plato;Donnie.Plato@yopmail.com;1922-10-25
1818;Linet;Skurnik;Linet.Skurnik@yopmail.com;1998-07-15
1819;Grier;Lynn;Grier.Lynn@yopmail.com;1996-10-07
1820;Etta;Japeth;Etta.Japeth@yopmail.com;1979-09-16
1821;Millie;Natica;Millie.Natica@yopmail.com;1985-09-08
1822;Dawn;Hanleigh;Dawn.Hanleigh@yopmail.com;1905-06-15
1823;Winny;Primalia;Winny.Primalia@yopmail.com;1992-12-17
1824;Arabel;Stevy;Arabel.Stevy@yopmail.com;1913-02-13
1825;Susette;Kenwood;Susette.Kenwood@yopmail.com;1957-08-14
1826;Sean;Adalbert;Sean.Adalbert@yopmail.com;1927-06-13
1827;Jackie;Hartnett;Jackie.Hartnett@yopmail.com;1948-02-02
1828;Nita;Sidonius;Nita.Sidonius@yopmail.com;1944-12-05
1829;Bettine;Sherfield;Bettine.Sherfield@yopmail.com;1989-01-20
1830;Eugine;Ramona;Eugine.Ramona@yopmail.com;1908-02-08
1831;Aubrie;Zitvaa;Aubrie.Zitvaa@yopmail.com;2014-09-25
1832;Marguerite;Wareing;Marguerite.Wareing@yopmail.com;1924-08-08
1833;Fred;Rese;Fred.Rese@yopmail.com;1973-10-16
1834;Mady;Delp;Mady.Delp@yopmail.com;1920-05-02
1835;Vere;Gilbertson;Vere.Gilbertson@yopmail.com;1998-04-03
1836;Raina;An;Raina.An@yopmail.com;1933-11-02
1837;Frieda;Elephus;Frieda.Elephus@yopmail.com;1921-10-16
1838;Leanna;Andrel;Leanna.Andrel@yopmail.com;1943-06-21
1839;Laure;Rodmann;Laure.Rodmann@yopmail.com;1922-01-09
1840;Shel;Frendel;Shel.Frendel@yopmail.com;1918-12-18
1841;Dyann;Bivins;Dyann.Bivins@yopmail.com;1971-12-12
1842;Ana;Phaidra;Ana.Phaidra@yopmail.com;1916-11-06
1843;Genevra;Erich;Genevra.Erich@yopmail.com;1997-04-24
1844;Orelia;Atonsah;Orelia.Atonsah@yopmail.com;1927-06-24
1845;Ulrike;Anselmi;Ulrike.Anselmi@yopmail.com;1961-01-31
1846;Deirdre;Oscar;Deirdre.Oscar@yopmail.com;1903-09-02
1847;Jacquetta;Iiette;Jacquetta.Iiette@yopmail.com;1909-09-18
1848;Jessamyn;Pip;Jessamyn.Pip@yopmail.com;1901-09-01
1849;Priscilla;Loleta;Priscilla.Loleta@yopmail.com;1941-02-21
1850;Myriam;Ephrem;Myriam.Ephrem@yopmail.com;1993-03-28
1851;Tani;Hewitt;Tani.Hewitt@yopmail.com;1903-09-13
1852;Hollie;Secrest;Hollie.Secrest@yopmail.com;1970-03-22
1853;Albertina;Merriott;Albertina.Merriott@yopmail.com;1967-05-20
1854;Pollyanna;Martguerita;Pollyanna.Martguerita@yopmail.com;2000-09-22
1855;Cyndie;Bluh;Cyndie.Bluh@yopmail.com;2006-01-09
1856;Andeee;McNully;Andeee.McNully@yopmail.com;1984-10-27
1857;Beth;Sadowski;Beth.Sadowski@yopmail.com;1908-10-04
1858;Jinny;Paine;Jinny.Paine@yopmail.com;1912-07-17
1859;Marti;Ailyn;Marti.Ailyn@yopmail.com;1988-08-19
1860;Carmela;Hepsibah;Carmela.Hepsibah@yopmail.com;1956-11-23
1861;Mellicent;Fabiola;Mellicent.Fabiola@yopmail.com;1916-03-26
1862;Glynnis;Baylor;Glynnis.Baylor@yopmail.com;1956-02-09
1863;Ardeen;Whiffen;Ardeen.Whiffen@yopmail.com;1967-07-02
1864;Ketti;Lory;Ketti.Lory@yopmail.com;1924-07-12
1865;Taffy;Morrill;Taffy.Morrill@yopmail.com;2011-12-27
1866;Quintina;Liva;Quintina.Liva@yopmail.com;1968-09-07
1867;Norine;Catie;Norine.Catie@yopmail.com;1989-09-03
1868;Anallese;Lorain;Anallese.Lorain@yopmail.com;1959-09-13
1869;Gwenneth;Anestassia;Gwenneth.Anestassia@yopmail.com;1989-02-14
1870;Catharine;Lory;Catharine.Lory@yopmail.com;1911-08-17
1871;Deirdre;Darbie;Deirdre.Darbie@yopmail.com;1951-02-12
1872;Patricia;Alarise;Patricia.Alarise@yopmail.com;1910-03-29
1873;Karly;Koehler;Karly.Koehler@yopmail.com;1907-09-28
1874;Winifred;Shanley;Winifred.Shanley@yopmail.com;1924-05-21
1875;Sam;Connelly;Sam.Connelly@yopmail.com;1935-05-26
1876;Phylis;Mich;Phylis.Mich@yopmail.com;1936-02-13
1877;Arlena;Devlen;Arlena.Devlen@yopmail.com;1905-11-19
1878;Roseline;Magdalen;Roseline.Magdalen@yopmail.com;1982-01-08
1879;Brooks;Katrine;Brooks.Katrine@yopmail.com;1967-07-01
1880;Marika;Halla;Marika.Halla@yopmail.com;1984-05-04
1881;Beatriz;Roumell;Beatriz.Roumell@yopmail.com;1947-08-12
1882;Clarice;Cleo;Clarice.Cleo@yopmail.com;1920-01-21
1883;Valli;Nadia;Valli.Nadia@yopmail.com;1905-01-27
1884;Arlena;Eugenia;Arlena.Eugenia@yopmail.com;1970-06-28
1885;Lisette;Bow;Lisette.Bow@yopmail.com;1955-03-15
1886;Hope;Annabella;Hope.Annabella@yopmail.com;1923-05-28
1887;Chloris;Abram;Chloris.Abram@yopmail.com;2012-04-25
1888;Minda;Alice;Minda.Alice@yopmail.com;1973-09-05
1889;Carmela;Tound;Carmela.Tound@yopmail.com;2001-12-11
1890;Ruthe;Bebe;Ruthe.Bebe@yopmail.com;1919-07-07
1891;Sabina;Faust;Sabina.Faust@yopmail.com;1913-07-25
1892;Bettine;Land;Bettine.Land@yopmail.com;1940-12-27
1893;Barbi;Orpah;Barbi.Orpah@yopmail.com;2013-03-28
1894;Abbie;Sikorski;Abbie.Sikorski@yopmail.com;1908-01-30
1895;Donnie;Maisey;Donnie.Maisey@yopmail.com;1992-09-29
1896;Donnie;Gunn;Donnie.Gunn@yopmail.com;1915-03-28
1897;Elsie;Maxi;Elsie.Maxi@yopmail.com;1955-07-20
1898;Dawn;Pond;Dawn.Pond@yopmail.com;1991-05-01
1899;Chere;Willie;Chere.Willie@yopmail.com;2009-11-09
1900;Hannis;Nickola;Hannis.Nickola@yopmail.com;1980-09-14
1901;Viki;Valerio;Viki.Valerio@yopmail.com;1917-12-28
1902;Myriam;Hanleigh;Myriam.Hanleigh@yopmail.com;1955-01-16
1903;Margalo;Alwin;Margalo.Alwin@yopmail.com;1916-06-22
1904;Dari;Nikaniki;Dari.Nikaniki@yopmail.com;2014-03-29
1905;Meghann;Soneson;Meghann.Soneson@yopmail.com;1971-05-06
1906;Elie;Shama;Elie.Shama@yopmail.com;1958-09-02
1907;Janis;Knowling;Janis.Knowling@yopmail.com;1997-08-13
1908;Camile;Kimmie;Camile.Kimmie@yopmail.com;1986-11-05
1909;Addia;Wildermuth;Addia.Wildermuth@yopmail.com;1907-04-22
1910;Stevana;Aldric;Stevana.Aldric@yopmail.com;2019-10-26
1911;Elfreda;Bennie;Elfreda.Bennie@yopmail.com;1919-09-05
1912;Clary;Calhoun;Clary.Calhoun@yopmail.com;1950-10-27
1913;Andeee;Reidar;Andeee.Reidar@yopmail.com;1907-03-31
1914;Devina;Isidore;Devina.Isidore@yopmail.com;1965-04-09
1915;Gui;Pierette;Gui.Pierette@yopmail.com;1986-08-16
1916;Wileen;Stephie;Wileen.Stephie@yopmail.com;2002-11-29
1917;Mallory;Guthrie;Mallory.Guthrie@yopmail.com;1990-10-30
1918;Madelle;Birdella;Madelle.Birdella@yopmail.com;1984-09-01
1919;Arlina;Dearborn;Arlina.Dearborn@yopmail.com;1962-05-12
1920;Leia;Markman;Leia.Markman@yopmail.com;1989-09-29
1921;Aaren;Merriott;Aaren.Merriott@yopmail.com;1952-06-09
1922;Margette;Persse;Margette.Persse@yopmail.com;2011-12-14
1923;Caritta;Blake;Caritta.Blake@yopmail.com;1968-11-03
1924;Marti;Old;Marti.Old@yopmail.com;1995-10-25
1925;Queenie;Redmond;Queenie.Redmond@yopmail.com;1971-11-18
1926;Jinny;Rheingold;Jinny.Rheingold@yopmail.com;1908-06-14
1927;Jessy;Lesley;Jessy.Lesley@yopmail.com;2007-09-23
1928;Mureil;Lubin;Mureil.Lubin@yopmail.com;2018-11-30
1929;Rochette;Blake;Rochette.Blake@yopmail.com;1940-04-22
1930;Oona;Liva;Oona.Liva@yopmail.com;1982-02-02
1931;Cathyleen;Clarissa;Cathyleen.Clarissa@yopmail.com;1917-02-06
1932;Mellicent;Hanleigh;Mellicent.Hanleigh@yopmail.com;1983-03-28
1933;Amalie;Lytton;Amalie.Lytton@yopmail.com;1988-07-09
1934;Caritta;Sammons;Caritta.Sammons@yopmail.com;2002-03-20
1935;Letizia;Norvol;Letizia.Norvol@yopmail.com;1911-09-22
1936;Karly;Virgin;Karly.Virgin@yopmail.com;1914-05-10
1937;Belva;Rhu;Belva.Rhu@yopmail.com;1997-09-30
1938;Beatriz;Syd;Beatriz.Syd@yopmail.com;1905-11-16
1939;Frieda;Koziara;Frieda.Koziara@yopmail.com;2001-04-05
1940;Olwen;Leopold;Olwen.Leopold@yopmail.com;1973-10-23
1941;Shaine;Anestassia;Shaine.Anestassia@yopmail.com;1988-05-15
1942;Monika;Teddman;Monika.Teddman@yopmail.com;1974-08-09
1943;Gerrie;Marijo;Gerrie.Marijo@yopmail.com;1966-09-13
1944;Kristan;Vilma;Kristan.Vilma@yopmail.com;1960-07-17
1945;Kary;Waldron;Kary.Waldron@yopmail.com;1913-05-03
1946;Cindelyn;Bobbee;Cindelyn.Bobbee@yopmail.com;1985-02-06
1947;Aimil;Wyn;Aimil.Wyn@yopmail.com;1997-03-09
1948;Brana;Zamora;Brana.Zamora@yopmail.com;2016-03-26
1949;Aurelie;Ephrem;Aurelie.Ephrem@yopmail.com;1996-06-10
1950;Merci;Rona;Merci.Rona@yopmail.com;1933-04-04
1951;Genevra;Seessel;Genevra.Seessel@yopmail.com;1994-05-16
1952;Danny;Koziara;Danny.Koziara@yopmail.com;1935-03-04
1953;Olwen;Kazimir;Olwen.Kazimir@yopmail.com;1915-08-18
1954;Consuela;Agle;Consuela.Agle@yopmail.com;1967-10-14
1955;Claudina;Annice;Claudina.Annice@yopmail.com;1985-01-27
1956;Laurene;Kylander;Laurene.Kylander@yopmail.com;1926-04-17
1957;Tori;Brodench;Tori.Brodench@yopmail.com;2009-08-14
1958;Karlee;Voletta;Karlee.Voletta@yopmail.com;1995-02-13
1959;Minne;My;Minne.My@yopmail.com;2017-12-07
1960;Queenie;Delacourt;Queenie.Delacourt@yopmail.com;1949-11-27
1961;Sandie;Jary;Sandie.Jary@yopmail.com;1911-02-25
1962;Tilly;Daniele;Tilly.Daniele@yopmail.com;1972-02-09
1963;Codie;Weinreb;Codie.Weinreb@yopmail.com;1984-04-12
1964;Yetty;Gillan;Yetty.Gillan@yopmail.com;1917-03-29
1965;Blinni;Ranjiv;Blinni.Ranjiv@yopmail.com;2005-07-05
1966;Melina;Erb;Melina.Erb@yopmail.com;1987-04-04
1967;Collen;Sabella;Collen.Sabella@yopmail.com;1981-12-22
1968;Jorry;Jaylene;Jorry.Jaylene@yopmail.com;2006-09-12
1969;Tersina;Viddah;Tersina.Viddah@yopmail.com;1936-01-15
1970;Roseline;Allys;Roseline.Allys@yopmail.com;1991-04-24
1971;Sherrie;Tyson;Sherrie.Tyson@yopmail.com;1977-01-11
1972;Elise;Toni;Elise.Toni@yopmail.com;1920-10-25
1973;Tamqrah;Clara;Tamqrah.Clara@yopmail.com;1933-08-30
1974;Annora;Tice;Annora.Tice@yopmail.com;1987-03-22
1975;Gilligan;Weide;Gilligan.Weide@yopmail.com;1919-10-14
1976;Orelia;Lemuela;Orelia.Lemuela@yopmail.com;2019-10-09
1977;Marika;Shelba;Marika.Shelba@yopmail.com;1971-02-26
1978;Latisha;Clywd;Latisha.Clywd@yopmail.com;2018-03-28
1979;Mireielle;Dituri;Mireielle.Dituri@yopmail.com;1946-09-21
1980;Kamilah;Brian;Kamilah.Brian@yopmail.com;1949-05-30
1981;Quintina;Nance;Quintina.Nance@yopmail.com;1928-12-13
1982;Hermione;Telfer;Hermione.Telfer@yopmail.com;1909-05-23
1983;Chandra;Valerio;Chandra.Valerio@yopmail.com;1984-02-22
1984;June;LaRue;June.LaRue@yopmail.com;1967-09-09
1985;Benita;Cloris;Benita.Cloris@yopmail.com;2019-07-13
1986;Shaine;Lindemann;Shaine.Lindemann@yopmail.com;1911-05-14
1987;Dulcinea;Zitvaa;Dulcinea.Zitvaa@yopmail.com;2013-01-31
1988;Kara-Lynn;Tryck;Kara-Lynn.Tryck@yopmail.com;1980-06-04
1989;Sharlene;Janith;Sharlene.Janith@yopmail.com;1986-10-14
1990;Oralee;Sawtelle;Oralee.Sawtelle@yopmail.com;1955-04-03
1991;Gusty;Carmena;Gusty.Carmena@yopmail.com;1970-02-09
1992;Joeann;Ciapas;Joeann.Ciapas@yopmail.com;1923-05-30
1993;Jaime;Love;Jaime.Love@yopmail.com;2016-02-28
1994;Malina;Calhoun;Malina.Calhoun@yopmail.com;1950-11-05
1995;Ninnetta;Rugen;Ninnetta.Rugen@yopmail.com;1927-10-05
1996;Vivia;Rosemary;Vivia.Rosemary@yopmail.com;2007-04-01
1997;Deirdre;Bashemeth;Deirdre.Bashemeth@yopmail.com;1920-12-20
1998;Magdalena;Ferrell;Magdalena.Ferrell@yopmail.com;1927-05-07
1999;Ebonee;Alexandr;Ebonee.Alexandr@yopmail.com;1932-09-03