id;firstname;lastname;email;Field Name
1000;Frances;Bonucci;Frances.Bonucci@yopmail.com;1944-04-04
1001;Neila;Berard;Neila.Berard@yopmail.com;1976-05-29
1002;Andree;Gahl;Andree.Gahl@yopmail.com;1940-09-27
1003;Sashenka;Haymes;Sashenka.Haymes@yopmail.com;1968-11-20
1004;Starla;Lipson;Starla.Lipson@yopmail.com;2005-09-07
1005;Harmonia;Elo;Harmonia.Elo@yopmail.com;1936-06-01
1006;Albertina;Olympium;Albertina.Olympium@yopmail.com;1930-03-23
1007;Winifred;Dosia;Winifred.Dosia@yopmail.com;1943-07-08
1008;Abbie;Winthorpe;Abbie.Winthorpe@yopmail.com;2014-01-29
1009;Genovera;Lacombe;Genovera.Lacombe@yopmail.com;1936-09-12
1010;Nannie;Sothena;Nannie.Sothena@yopmail.com;1971-01-13
1011;Gerianna;Pierette;Gerianna.Pierette@yopmail.com;2005-02-24
1012;Gloria;Jillane;Gloria.Jillane@yopmail.com;1923-02-20
1013;Celisse;Markman;Celisse.Markman@yopmail.com;1999-11-19
1014;Lelah;Annice;Lelah.Annice@yopmail.com;1935-05-18
1015;Brena;Palocz;Brena.Palocz@yopmail.com;1977-08-03
1016;Tersina;Emanuel;Tersina.Emanuel@yopmail.com;1936-07-11
1017;Cassondra;Lamoree;Cassondra.Lamoree@yopmail.com;1987-01-06
1018;Gale;Pulsifer;Gale.Pulsifer@yopmail.com;1989-08-20
1019;Zia;Yate;Zia.Yate@yopmail.com;1966-02-04
1020;Ida;Old;Ida.Old@yopmail.com;1961-04-02
1021;Marsiella;Clarissa;Marsiella.Clarissa@yopmail.com;1972-06-29
1022;Sibella;Jefferey;Sibella.Jefferey@yopmail.com;1972-07-26
1023;Monika;Alisia;Monika.Alisia@yopmail.com;1985-03-27
1024;Edith;Calhoun;Edith.Calhoun@yopmail.com;1947-06-03
1025;Stevana;Hubert;Stevana.Hubert@yopmail.com;1994-10-30
1026;Merci;Belanger;Merci.Belanger@yopmail.com;1927-11-06
1027;Petronia;Lalitta;Petronia.Lalitta@yopmail.com;1904-06-30
1028;Joceline;Gaspard;Joceline.Gaspard@yopmail.com;1924-01-17
1029;Yolane;Egbert;Yolane.Egbert@yopmail.com;1925-02-08
1030;Katuscha;O'Carroll;Katuscha.O'Carroll@yopmail.com;1935-05-28
1031;Lorenza;Odell;Lorenza.Odell@yopmail.com;1983-02-24
1032;Olwen;Delp;Olwen.Delp@yopmail.com;1957-04-05
1033;Grier;Havens;Grier.Havens@yopmail.com;1973-12-27
1034;Bobbi;Isacco;Bobbi.Isacco@yopmail.com;2011-07-06
1035;Nananne;Truc;Nananne.Truc@yopmail.com;1962-09-18
1036;Georgina;Burnside;Georgina.Burnside@yopmail.com;2007-04-18
1037;Vere;Hortensia;Vere.Hortensia@yopmail.com;1982-07-02
1038;Aimil;Jena;Aimil.Jena@yopmail.com;1909-08-17
1039;Joy;Dannye;Joy.Dannye@yopmail.com;1928-07-19
1040;Yolane;Blase;Yolane.Blase@yopmail.com;2001-11-24
1041;Hayley;Maryanne;Hayley.Maryanne@yopmail.com;1965-03-13
1042;Laurene;Parsaye;Laurene.Parsaye@yopmail.com;1925-12-28
1043;Arlina;Rillings;Arlina.Rillings@yopmail.com;2014-05-14
1044;Chandra;Stelle;Chandra.Stelle@yopmail.com;1955-09-05
1045;Christy;Hutchison;Christy.Hutchison@yopmail.com;1992-07-19
1046;Tamqrah;Simmonds;Tamqrah.Simmonds@yopmail.com;2006-08-08
1047;Kylynn;Curren;Kylynn.Curren@yopmail.com;1928-11-11
1048;Willetta;Madaih;Willetta.Madaih@yopmail.com;2015-09-28
1049;Leanna;Tarrant;Leanna.Tarrant@yopmail.com;1936-01-03
1050;Arlina;Hartnett;Arlina.Hartnett@yopmail.com;1930-10-04
1051;Beatriz;Nisbet;Beatriz.Nisbet@yopmail.com;1942-09-06
1052;Marcy;Pulsifer;Marcy.Pulsifer@yopmail.com;1951-01-10
1053;Aubrie;Vastah;Aubrie.Vastah@yopmail.com;1956-09-26
1054;Charlena;Atcliffe;Charlena.Atcliffe@yopmail.com;1911-12-29
1055;Fawne;Bobbee;Fawne.Bobbee@yopmail.com;1998-11-18
1056;Tina;Viddah;Tina.Viddah@yopmail.com;1982-03-27
1057;Anestassia;Bahr;Anestassia.Bahr@yopmail.com;1985-03-22
1058;Malina;Lunsford;Malina.Lunsford@yopmail.com;1966-06-26
1059;Emma;Leary;Emma.Leary@yopmail.com;1951-09-23
1060;Ernesta;Lumbard;Ernesta.Lumbard@yopmail.com;1990-01-17
1061;Adelle;Dash;Adelle.Dash@yopmail.com;2009-11-02
1062;Rayna;Hedve;Rayna.Hedve@yopmail.com;2017-04-23
1063;Valeda;Schalles;Valeda.Schalles@yopmail.com;1913-04-21
1064;Johna;Gaal;Johna.Gaal@yopmail.com;1992-09-05
1065;Dolli;Meter;Dolli.Meter@yopmail.com;2003-09-02
1066;Adele;Esmaria;Adele.Esmaria@yopmail.com;1900-10-12
1067;Oona;Judye;Oona.Judye@yopmail.com;1949-10-18
1068;Vanessa;Madox;Vanessa.Madox@yopmail.com;1920-08-03
1069;Margalo;Rooney;Margalo.Rooney@yopmail.com;1992-03-10
1070;Letizia;Kenney;Letizia.Kenney@yopmail.com;1988-09-08
1071;Trixi;Maroney;Trixi.Maroney@yopmail.com;2003-04-08
1072;Ursulina;Wiener;Ursulina.Wiener@yopmail.com;1985-11-29
1073;Goldie;Thunell;Goldie.Thunell@yopmail.com;1955-09-12
1074;Chrystel;Marlie;Chrystel.Marlie@yopmail.com;2009-01-27
1075;Tina;Scammon;Tina.Scammon@yopmail.com;1922-02-15
1076;Margalo;Haldas;Margalo.Haldas@yopmail.com;2008-10-03
1077;Emilia;Ezar;Emilia.Ezar@yopmail.com;1907-06-24
1078;Carmencita;MacIntosh;Carmencita.MacIntosh@yopmail.com;2002-03-13
1079;Sidoney;Wolfgram;Sidoney.Wolfgram@yopmail.com;1922-03-29
1080;Barbi;Garbe;Barbi.Garbe@yopmail.com;2004-11-27
1081;Raquela;Suk;Raquela.Suk@yopmail.com;1914-08-23
1082;Ileana;Jefferey;Ileana.Jefferey@yopmail.com;1905-02-14
1083;Kristina;Redmond;Kristina.Redmond@yopmail.com;1910-09-04
1084;Kimberley;Santoro;Kimberley.Santoro@yopmail.com;1900-03-30
1085;Laure;Sammons;Laure.Sammons@yopmail.com;1973-07-28
1086;Taffy;Vary;Taffy.Vary@yopmail.com;1930-09-29
1087;Arlina;Whittaker;Arlina.Whittaker@yopmail.com;1967-09-11
1088;Renae;Arathorn;Renae.Arathorn@yopmail.com;1940-08-09
1089;Dotty;Jacqui;Dotty.Jacqui@yopmail.com;1966-05-18
1090;Rhea;Liva;Rhea.Liva@yopmail.com;1939-04-18
1091;Karina;Alexandr;Karina.Alexandr@yopmail.com;1947-03-21
1092;Dorice;Billye;Dorice.Billye@yopmail.com;1992-03-09
1093;Leia;Wooster;Leia.Wooster@yopmail.com;1937-06-25
1094;Dorice;Dorcy;Dorice.Dorcy@yopmail.com;1984-07-12
1095;Danika;Naashom;Danika.Naashom@yopmail.com;1934-10-07
1096;Bee;Suzetta;Bee.Suzetta@yopmail.com;2002-03-29
1097;Dennie;Amasa;Dennie.Amasa@yopmail.com;1937-04-15
1098;Morganica;Felizio;Morganica.Felizio@yopmail.com;1919-10-24
1099;Margarette;Goerke;Margarette.Goerke@yopmail.com;1922-08-18
1100;Lucille;Nedrud;Lucille.Nedrud@yopmail.com;1986-02-08
1101;Britni;Wadell;Britni.Wadell@yopmail.com;1901-09-25
1102;Mathilda;Fontana;Mathilda.Fontana@yopmail.com;1946-11-06
1103;Joane;Hunfredo;Joane.Hunfredo@yopmail.com;1947-08-17
1104;Binny;McClimans;Binny.McClimans@yopmail.com;1929-03-15
1105;Maye;Tengdin;Maye.Tengdin@yopmail.com;1955-06-08
1106;Frank;Gusella;Frank.Gusella@yopmail.com;1968-07-26
1107;Emilia;Frendel;Emilia.Frendel@yopmail.com;1993-07-19
1108;Michaelina;Pulsifer;Michaelina.Pulsifer@yopmail.com;2002-03-21
1109;Natka;Keily;Natka.Keily@yopmail.com;1962-11-25
1110;Barbi;Auberbach;Barbi.Auberbach@yopmail.com;1974-05-11
1111;Priscilla;Callista;Priscilla.Callista@yopmail.com;1980-08-18
1112;Theodora;Pauly;Theodora.Pauly@yopmail.com;1919-03-07
1113;Ronna;Wenoa;Ronna.Wenoa@yopmail.com;1923-09-03
1114;Carolina;Zeeba;Carolina.Zeeba@yopmail.com;1996-10-21
1115;Molli;Whiffen;Molli.Whiffen@yopmail.com;1911-11-30
1116;Clarice;Chauncey;Clarice.Chauncey@yopmail.com;1903-03-03
1117;Caryl;Solitta;Caryl.Solitta@yopmail.com;2003-03-08
1118;Rozele;Juan;Rozele.Juan@yopmail.com;1966-11-10
1119;Louella;Rubie;Louella.Rubie@yopmail.com;1992-03-31
1120;Gerianna;Louanna;Gerianna.Louanna@yopmail.com;1973-10-04
1121;Donetta;Lory;Donetta.Lory@yopmail.com;1906-04-03
1122;Lily;Blake;Lily.Blake@yopmail.com;1907-11-06
1123;Paola;Jary;Paola.Jary@yopmail.com;1915-02-23
1124;Veda;Margret;Veda.Margret@yopmail.com;1913-10-16
1125;Hettie;Guthrie;Hettie.Guthrie@yopmail.com;1916-01-24
1126;Etta;Borrell;Etta.Borrell@yopmail.com;1997-10-12
1127;Andeee;Peti;Andeee.Peti@yopmail.com;1967-02-07
1128;Cristabel;Wilkinson;Cristabel.Wilkinson@yopmail.com;2006-11-19
1129;Miquela;Stephie;Miquela.Stephie@yopmail.com;1901-12-21
1130;Keelia;Dawkins;Keelia.Dawkins@yopmail.com;1930-12-14
1131;Brianna;Wu;Brianna.Wu@yopmail.com;1999-07-29
1132;Ardenia;Minetta;Ardenia.Minetta@yopmail.com;1917-11-23
1133;Bernardine;Garrison;Bernardine.Garrison@yopmail.com;1965-03-27
1134;Flo;Dorine;Flo.Dorine@yopmail.com;2000-04-14
1135;Letizia;Klemperer;Letizia.Klemperer@yopmail.com;1970-01-20
1136;Margette;Adrienne;Margette.Adrienne@yopmail.com;1938-07-15
1137;Florencia;Myrilla;Florencia.Myrilla@yopmail.com;1993-08-01
1138;Britni;Jalbert;Britni.Jalbert@yopmail.com;1996-03-08
1139;Tami;Firmin;Tami.Firmin@yopmail.com;1909-06-16
1140;Brana;Nikaniki;Brana.Nikaniki@yopmail.com;1959-04-30
1141;Dorice;Hanshaw;Dorice.Hanshaw@yopmail.com;1950-05-14
1142;Bill;Kamaria;Bill.Kamaria@yopmail.com;1942-05-04
1143;Lynnea;Bearnard;Lynnea.Bearnard@yopmail.com;1978-12-19
1144;Lisette;Germann;Lisette.Germann@yopmail.com;1904-02-17
1145;Tracey;Chapland;Tracey.Chapland@yopmail.com;2019-01-28
1146;Maye;Medrek;Maye.Medrek@yopmail.com;1964-06-01
1147;Belinda;Charmine;Belinda.Charmine@yopmail.com;1910-02-13
1148;Meg;Lasley;Meg.Lasley@yopmail.com;1935-03-14
1149;Kaia;Vins;Kaia.Vins@yopmail.com;2016-06-13
1150;Netty;Moina;Netty.Moina@yopmail.com;1956-03-31
1151;Kirbee;Rurik;Kirbee.Rurik@yopmail.com;2019-02-04
1152;Cindelyn;Ferrell;Cindelyn.Ferrell@yopmail.com;1988-11-23
1153;Augustine;Screens;Augustine.Screens@yopmail.com;1912-02-15
1154;Sara-Ann;Faso;Sara-Ann.Faso@yopmail.com;2012-05-13
1155;Camile;Rozanna;Camile.Rozanna@yopmail.com;1978-10-07
1156;Lisette;Silvan;Lisette.Silvan@yopmail.com;2015-09-10
1157;Merle;Andrel;Merle.Andrel@yopmail.com;1957-12-26
1158;Anallese;Blase;Anallese.Blase@yopmail.com;1906-03-15
1159;Aili;Sidonius;Aili.Sidonius@yopmail.com;2015-10-03
1160;Farrah;Gilbertson;Farrah.Gilbertson@yopmail.com;1952-05-04
1161;Amii;Rebecka;Amii.Rebecka@yopmail.com;1992-03-12
1162;Agathe;Uund;Agathe.Uund@yopmail.com;1992-10-24
1163;Alisha;Sasnett;Alisha.Sasnett@yopmail.com;1900-02-08
1164;Dulce;Bandeen;Dulce.Bandeen@yopmail.com;1932-03-20
1165;Addia;Levey;Addia.Levey@yopmail.com;1911-02-23
1166;Raf;Pitt;Raf.Pitt@yopmail.com;1975-09-23
1167;Karly;Garbe;Karly.Garbe@yopmail.com;2000-05-10
1168;Augustine;Peonir;Augustine.Peonir@yopmail.com;2002-01-22
1169;Maye;Sandye;Maye.Sandye@yopmail.com;1985-09-17
1170;Nananne;Tarrant;Nananne.Tarrant@yopmail.com;2006-06-24
1171;Lesly;Sancho;Lesly.Sancho@yopmail.com;1966-01-08
1172;Norine;Ramona;Norine.Ramona@yopmail.com;1951-03-09
1173;Ashlee;Honoria;Ashlee.Honoria@yopmail.com;2012-09-17
1174;Ottilie;Daniele;Ottilie.Daniele@yopmail.com;1994-10-15
1175;Xylina;Sikorski;Xylina.Sikorski@yopmail.com;1944-06-04
1176;Evita;Nea;Evita.Nea@yopmail.com;2000-09-23
1177;Allis;Tatianas;Allis.Tatianas@yopmail.com;1992-12-16
1178;Marline;Casimir;Marline.Casimir@yopmail.com;2014-12-16
1179;Edith;Nester;Edith.Nester@yopmail.com;2013-12-06
1180;Melodie;Casimir;Melodie.Casimir@yopmail.com;1970-05-23
1181;Romona;Zaslow;Romona.Zaslow@yopmail.com;1926-01-06
1182;Nyssa;Cullin;Nyssa.Cullin@yopmail.com;1965-10-01
1183;Renie;Gombach;Renie.Gombach@yopmail.com;1926-05-31
1184;Inga;Joni;Inga.Joni@yopmail.com;1948-11-22
1185;Jaime;Drus;Jaime.Drus@yopmail.com;1993-09-26
1186;Andeee;Fitzsimmons;Andeee.Fitzsimmons@yopmail.com;1928-07-06
1187;Maye;Silvan;Maye.Silvan@yopmail.com;1980-06-14
1188;Clary;Francyne;Clary.Francyne@yopmail.com;2019-02-02
1189;Tybie;O'Carroll;Tybie.O'Carroll@yopmail.com;2005-10-26
1190;Genovera;Stilwell;Genovera.Stilwell@yopmail.com;1931-11-16
1191;Arlena;Sadowski;Arlena.Sadowski@yopmail.com;2000-02-23
1192;Jordan;Melleta;Jordan.Melleta@yopmail.com;2009-05-08
1193;Lizzie;Gerge;Lizzie.Gerge@yopmail.com;1931-08-04
1194;Dotty;Zeeba;Dotty.Zeeba@yopmail.com;1905-12-18
1195;Misha;Campball;Misha.Campball@yopmail.com;2016-08-11
1196;Hyacinthe;Palocz;Hyacinthe.Palocz@yopmail.com;2017-06-08
1197;Emelina;Gaspard;Emelina.Gaspard@yopmail.com;1912-02-04
1198;Jsandye;Velick;Jsandye.Velick@yopmail.com;1915-03-23
1199;Courtnay;Teddman;Courtnay.Teddman@yopmail.com;1974-07-27
1200;Jerry;Hertzfeld;Jerry.Hertzfeld@yopmail.com;2019-04-02
1201;Moyna;Mozelle;Moyna.Mozelle@yopmail.com;2016-10-25
1202;Mara;Nahum;Mara.Nahum@yopmail.com;1966-07-24
1203;Tybie;Orpah;Tybie.Orpah@yopmail.com;1929-11-20
1204;Helsa;Malina;Helsa.Malina@yopmail.com;2018-12-14
1205;Fanchon;Emmaline;Fanchon.Emmaline@yopmail.com;1902-10-03
1206;Calla;Shaver;Calla.Shaver@yopmail.com;1945-06-23
1207;Jenda;Wenda;Jenda.Wenda@yopmail.com;2009-09-23
1208;Jacquetta;Prouty;Jacquetta.Prouty@yopmail.com;2002-07-09
1209;Joeann;Diann;Joeann.Diann@yopmail.com;2005-04-20
1210;Hyacinthe;Markman;Hyacinthe.Markman@yopmail.com;2004-12-07
1211;Letizia;Lorenz;Letizia.Lorenz@yopmail.com;1922-05-19
1212;Jemie;Carey;Jemie.Carey@yopmail.com;1923-01-16
1213;Candi;Chauncey;Candi.Chauncey@yopmail.com;1999-07-26
1214;Gretal;Stanwood;Gretal.Stanwood@yopmail.com;1956-08-11
1215;Fawne;Ralfston;Fawne.Ralfston@yopmail.com;2012-12-01
1216;Flo;Baudin;Flo.Baudin@yopmail.com;1914-03-02
1217;Gusella;Gabrielli;Gusella.Gabrielli@yopmail.com;2011-01-19
1218;Ulrike;Markman;Ulrike.Markman@yopmail.com;1973-06-11
1219;Lexine;Margret;Lexine.Margret@yopmail.com;1942-10-05
1220;Jsandye;Lemuela;Jsandye.Lemuela@yopmail.com;1986-03-19
1221;Oralee;Giule;Oralee.Giule@yopmail.com;1979-05-07
1222;Paule;Lubin;Paule.Lubin@yopmail.com;1993-03-28
1223;Starla;Allys;Starla.Allys@yopmail.com;1996-10-10
1224;Karena;Frodi;Karena.Frodi@yopmail.com;1929-06-26
1225;Caritta;Manolo;Caritta.Manolo@yopmail.com;1950-01-06
1226;Jerry;Vale;Jerry.Vale@yopmail.com;1952-06-17
1227;Cam;Jobi;Cam.Jobi@yopmail.com;1951-01-27
1228;Joane;Madaih;Joane.Madaih@yopmail.com;2012-01-03
1229;Valeda;Seligman;Valeda.Seligman@yopmail.com;1951-12-10
1230;Silvana;Wyn;Silvana.Wyn@yopmail.com;1921-09-29
1231;Zondra;Mike;Zondra.Mike@yopmail.com;1917-03-15
1232;Hallie;Magdalen;Hallie.Magdalen@yopmail.com;2001-02-23
1233;Allyce;Oriana;Allyce.Oriana@yopmail.com;1968-06-21
1234;Coral;Skurnik;Coral.Skurnik@yopmail.com;1979-03-06
1235;Amalie;Berl;Amalie.Berl@yopmail.com;1913-01-22
1236;Olwen;Codding;Olwen.Codding@yopmail.com;1986-07-28
1237;Zsa Zsa;Radu;Zsa Zsa.Radu@yopmail.com;1942-05-07
1238;Starla;Llovera;Starla.Llovera@yopmail.com;1953-02-10
1239;Frances;Creamer;Frances.Creamer@yopmail.com;1963-11-29
1240;Livvyy;Zamora;Livvyy.Zamora@yopmail.com;1967-03-07
1241;Petronia;Warthman;Petronia.Warthman@yopmail.com;2018-09-15
1242;Tilly;Yate;Tilly.Yate@yopmail.com;1971-08-01
1243;Elsie;Gordon;Elsie.Gordon@yopmail.com;2014-03-31
1244;Beth;Konyn;Beth.Konyn@yopmail.com;1966-09-05
1245;Chickie;Seessel;Chickie.Seessel@yopmail.com;1912-02-28
1246;Karena;Yusuk;Karena.Yusuk@yopmail.com;1982-01-11
1247;Fayre;Silvan;Fayre.Silvan@yopmail.com;1963-09-01
1248;Gratia;Gavrila;Gratia.Gavrila@yopmail.com;2007-08-29
1249;Cyb;Bronk;Cyb.Bronk@yopmail.com;1998-10-19
1250;Kimmy;Goode;Kimmy.Goode@yopmail.com;2002-10-14
1251;Nadine;Tufts;Nadine.Tufts@yopmail.com;1901-05-12
1252;Jolyn;Cookie;Jolyn.Cookie@yopmail.com;1916-08-25
1253;Corene;Brunell;Corene.Brunell@yopmail.com;1941-07-18
1254;Heddie;Burch;Heddie.Burch@yopmail.com;1935-07-12
1255;Paola;Medrek;Paola.Medrek@yopmail.com;1993-05-09
1256;Lucille;Marlie;Lucille.Marlie@yopmail.com;1911-01-07
1257;Miquela;Henebry;Miquela.Henebry@yopmail.com;1908-06-26
1258;Lynnea;Tybald;Lynnea.Tybald@yopmail.com;2013-10-09
1259;Tomasina;Janith;Tomasina.Janith@yopmail.com;1930-11-06
1260;Nikki;Jammal;Nikki.Jammal@yopmail.com;1980-01-27
1261;Randa;Lilybelle;Randa.Lilybelle@yopmail.com;2007-07-04
1262;Elka;Mandler;Elka.Mandler@yopmail.com;1903-07-01
1263;Merrie;Telfer;Merrie.Telfer@yopmail.com;1997-09-30
1264;Taffy;Baudin;Taffy.Baudin@yopmail.com;1916-06-23
1265;Allyce;Roche;Allyce.Roche@yopmail.com;1919-10-02
1266;Annora;Lipson;Annora.Lipson@yopmail.com;1920-01-23
1267;Raina;Nerita;Raina.Nerita@yopmail.com;1920-12-01
1268;Kassey;Idelia;Kassey.Idelia@yopmail.com;1905-08-30
1269;Agathe;Ilka;Agathe.Ilka@yopmail.com;2017-07-09
1270;Judy;Bobbee;Judy.Bobbee@yopmail.com;2011-09-04
1271;Mignon;Hepsibah;Mignon.Hepsibah@yopmail.com;1938-05-14
1272;Hollie;Faust;Hollie.Faust@yopmail.com;1902-08-08
1273;Priscilla;Rurik;Priscilla.Rurik@yopmail.com;1914-11-24
1274;Sarette;Carolin;Sarette.Carolin@yopmail.com;1965-02-26
1275;Maud;Dowski;Maud.Dowski@yopmail.com;1930-01-30
1276;Bibby;Nore;Bibby.Nore@yopmail.com;1993-11-01
1277;Melodie;Girardo;Melodie.Girardo@yopmail.com;1967-11-10
1278;Dolli;Irmine;Dolli.Irmine@yopmail.com;1999-08-11
1279;Sue;Grosz;Sue.Grosz@yopmail.com;1954-03-18
1280;Winny;Schenck;Winny.Schenck@yopmail.com;1942-02-01
1281;Lenna;Fiester;Lenna.Fiester@yopmail.com;1995-01-05
1282;Tamqrah;Norrie;Tamqrah.Norrie@yopmail.com;1918-08-21
1283;Julieta;Raffo;Julieta.Raffo@yopmail.com;1900-04-14
1284;Thalia;Rosalba;Thalia.Rosalba@yopmail.com;1971-09-22
1285;Penelopa;Couture;Penelopa.Couture@yopmail.com;2017-12-22
1286;Emmey;Ioab;Emmey.Ioab@yopmail.com;1913-05-22
1287;Florie;Merriott;Florie.Merriott@yopmail.com;1940-12-25
1288;Jean;Fennessy;Jean.Fennessy@yopmail.com;1922-07-01
1289;Jan;Borrell;Jan.Borrell@yopmail.com;1994-03-08
1290;Catharine;Tatianas;Catharine.Tatianas@yopmail.com;1912-10-19
1291;Correy;Pyle;Correy.Pyle@yopmail.com;1955-09-20
1292;Constance;Lewes;Constance.Lewes@yopmail.com;1959-08-14
1293;Minne;Woodberry;Minne.Woodberry@yopmail.com;1979-02-08
1294;Babita;Merna;Babita.Merna@yopmail.com;1927-10-10
1295;Annabela;Jacobah;Annabela.Jacobah@yopmail.com;1954-04-25
1296;Lusa;Croix;Lusa.Croix@yopmail.com;1941-06-05
1297;Mara;Hazlett;Mara.Hazlett@yopmail.com;1909-12-30
1298;Nadine;Iphlgenia;Nadine.Iphlgenia@yopmail.com;2006-05-16
1299;Corina;Koziara;Corina.Koziara@yopmail.com;1919-01-02
1300;Meg;Tengdin;Meg.Tengdin@yopmail.com;1929-10-20
1301;Pollyanna;Justinn;Pollyanna.Justinn@yopmail.com;1914-08-31
1302;Lucy;Candy;Lucy.Candy@yopmail.com;1976-02-06
1303;Dode;Boehike;Dode.Boehike@yopmail.com;1967-08-19
1304;Kenna;Hubert;Kenna.Hubert@yopmail.com;2009-11-09
1305;Danny;Publia;Danny.Publia@yopmail.com;1943-09-04
1306;Sadie;Oriana;Sadie.Oriana@yopmail.com;1946-01-06
1307;Raf;Abernon;Raf.Abernon@yopmail.com;2017-11-24
1308;Gertrud;Abbot;Gertrud.Abbot@yopmail.com;1991-07-13
1309;Etta;Kinnard;Etta.Kinnard@yopmail.com;1936-10-19
1310;Emmey;Zamora;Emmey.Zamora@yopmail.com;2014-05-29
1311;Eadie;Carvey;Eadie.Carvey@yopmail.com;1958-03-12
1312;Blake;Fadiman;Blake.Fadiman@yopmail.com;1903-08-11
1313;Sabina;Hubert;Sabina.Hubert@yopmail.com;1978-08-01
1314;Nicoli;Bennie;Nicoli.Bennie@yopmail.com;1912-03-19
1315;Hope;Lory;Hope.Lory@yopmail.com;1942-10-17
1316;Sallie;Borrell;Sallie.Borrell@yopmail.com;1989-01-02
1317;Lynde;Ingra;Lynde.Ingra@yopmail.com;1992-12-01
1318;Ayn;Iaverne;Ayn.Iaverne@yopmail.com;2006-10-01
1319;Gisela;Vanni;Gisela.Vanni@yopmail.com;2007-12-26
1320;Cathie;Tiffa;Cathie.Tiffa@yopmail.com;1953-07-20
1321;Angela;Hylan;Angela.Hylan@yopmail.com;2007-01-18
1322;Vanessa;Nisbet;Vanessa.Nisbet@yopmail.com;2016-10-22
1323;Teddie;Ardeha;Teddie.Ardeha@yopmail.com;1982-05-04
1324;Xylina;Tayib;Xylina.Tayib@yopmail.com;1950-07-25
1325;Merci;Zetta;Merci.Zetta@yopmail.com;1983-06-04
1326;Nanete;Ade;Nanete.Ade@yopmail.com;2003-11-17
1327;Jerry;Leifeste;Jerry.Leifeste@yopmail.com;1992-01-29
1328;Dolli;Ajay;Dolli.Ajay@yopmail.com;1944-06-18
1329;Minda;Sheng;Minda.Sheng@yopmail.com;1936-07-22
1330;Bertine;Mauer;Bertine.Mauer@yopmail.com;2018-11-07
1331;Christal;Milson;Christal.Milson@yopmail.com;1936-03-25
1332;Carolina;Cynar;Carolina.Cynar@yopmail.com;1945-09-18
1333;Madeleine;Dowski;Madeleine.Dowski@yopmail.com;1953-07-11
1334;Bibby;Danby;Bibby.Danby@yopmail.com;1981-02-21
1335;Esmeralda;Ries;Esmeralda.Ries@yopmail.com;2014-05-17
1336;Mara;Hylan;Mara.Hylan@yopmail.com;1998-02-02
1337;Viviene;Bultman;Viviene.Bultman@yopmail.com;1963-01-10
1338;Ellette;Hortensia;Ellette.Hortensia@yopmail.com;1971-02-14
1339;Briney;Sacken;Briney.Sacken@yopmail.com;1912-07-26
1340;Jobi;Stevy;Jobi.Stevy@yopmail.com;1955-06-15
1341;Raina;Lucienne;Raina.Lucienne@yopmail.com;1958-12-19
1342;Frieda;Francene;Frieda.Francene@yopmail.com;1919-04-05
1343;Magdalena;Cosenza;Magdalena.Cosenza@yopmail.com;2010-07-03
1344;Olwen;Jenness;Olwen.Jenness@yopmail.com;2018-11-15
1345;Lynnea;Friede;Lynnea.Friede@yopmail.com;2011-02-15
1346;Arlina;Pulsifer;Arlina.Pulsifer@yopmail.com;1992-11-23
1347;Elora;Louanna;Elora.Louanna@yopmail.com;1984-08-08
1348;Laure;Chapland;Laure.Chapland@yopmail.com;1921-08-03
1349;Lynde;Jerald;Lynde.Jerald@yopmail.com;1996-08-20
1350;Orsola;Noelyn;Orsola.Noelyn@yopmail.com;1941-04-18
1351;Di;Margret;Di.Margret@yopmail.com;1987-10-20
1352;Audrie;Gaal;Audrie.Gaal@yopmail.com;1988-11-24
1353;Sarette;Gaulin;Sarette.Gaulin@yopmail.com;1998-01-22
1354;Annabela;Adlare;Annabela.Adlare@yopmail.com;2005-02-02
1355;Rubie;Chapland;Rubie.Chapland@yopmail.com;1919-06-10
1356;Jeanna;Stefa;Jeanna.Stefa@yopmail.com;1950-11-08
1357;Deloria;Madox;Deloria.Madox@yopmail.com;1972-02-21
1358;Peri;Leopold;Peri.Leopold@yopmail.com;1924-11-09
1359;Rosene;Poppy;Rosene.Poppy@yopmail.com;1937-06-02
1360;Vere;Cullin;Vere.Cullin@yopmail.com;1913-04-08
1361;Sophia;Fabiola;Sophia.Fabiola@yopmail.com;1926-02-04
1362;Aurore;Sheng;Aurore.Sheng@yopmail.com;1912-04-09
1363;Dawn;Stav;Dawn.Stav@yopmail.com;1940-12-02
1364;Jessy;Whiffen;Jessy.Whiffen@yopmail.com;2002-12-10
1365;Nita;Hashim;Nita.Hashim@yopmail.com;1977-11-08
1366;Constance;Weinreb;Constance.Weinreb@yopmail.com;1905-10-15
1367;Evita;Lindemann;Evita.Lindemann@yopmail.com;2018-08-01
1368;Wileen;Oriana;Wileen.Oriana@yopmail.com;1991-10-15
1369;Kore;Carolin;Kore.Carolin@yopmail.com;1956-08-13
1370;Brena;Sprage;Brena.Sprage@yopmail.com;2007-02-18
1371;Jany;Evvie;Jany.Evvie@yopmail.com;1950-10-29
1372;Bernie;Vivle;Bernie.Vivle@yopmail.com;2005-11-02
1373;Modestia;Weitman;Modestia.Weitman@yopmail.com;1987-03-26
1374;Carol-Jean;Sancho;Carol-Jean.Sancho@yopmail.com;1946-07-20
1375;Fawne;Valerio;Fawne.Valerio@yopmail.com;1953-04-11
1376;Nerta;Even;Nerta.Even@yopmail.com;1959-06-30
1377;Tiffie;Stover;Tiffie.Stover@yopmail.com;1983-11-14
1378;Riannon;Grobe;Riannon.Grobe@yopmail.com;1949-08-14
1379;Maisey;Leler;Maisey.Leler@yopmail.com;1907-06-27
1380;Tybie;Lilas;Tybie.Lilas@yopmail.com;1996-10-25
1381;Bobbi;Connelly;Bobbi.Connelly@yopmail.com;1988-12-19
1382;Atlanta;Vernier;Atlanta.Vernier@yopmail.com;2017-11-14
1383;Janenna;Koziara;Janenna.Koziara@yopmail.com;1962-07-09
1384;Olwen;Behre;Olwen.Behre@yopmail.com;1980-03-19
1385;Johna;Eldrid;Johna.Eldrid@yopmail.com;2011-01-03
1386;Mathilda;Prober;Mathilda.Prober@yopmail.com;1935-07-12
1387;Nessie;Barbey;Nessie.Barbey@yopmail.com;1915-09-26
1388;Ana;Obed;Ana.Obed@yopmail.com;1946-10-08
1389;Kerrin;Arathorn;Kerrin.Arathorn@yopmail.com;1919-01-09
1390;Helsa;Urania;Helsa.Urania@yopmail.com;1920-04-20
1391;Theodora;Center;Theodora.Center@yopmail.com;1900-08-13
1392;Gabi;Jeanne;Gabi.Jeanne@yopmail.com;1906-08-22
1393;Chloris;Uund;Chloris.Uund@yopmail.com;1991-12-12
1394;Alie;Eckblad;Alie.Eckblad@yopmail.com;1936-04-15
1395;Judy;Smitt;Judy.Smitt@yopmail.com;1990-07-06
1396;Anestassia;Chobot;Anestassia.Chobot@yopmail.com;1964-04-21
1397;Annice;Larochelle;Annice.Larochelle@yopmail.com;1921-08-29
1398;Mallory;Ietta;Mallory.Ietta@yopmail.com;1964-04-24
1399;Robinia;Chapland;Robinia.Chapland@yopmail.com;2002-06-12
1400;Catrina;Gert;Catrina.Gert@yopmail.com;1965-03-06
1401;Jessamyn;Phi;Jessamyn.Phi@yopmail.com;1945-02-05
1402;Silvana;Kaete;Silvana.Kaete@yopmail.com;1995-08-05
1403;Ekaterina;Bronk;Ekaterina.Bronk@yopmail.com;1950-11-02
1404;Carol-Jean;Rebecka;Carol-Jean.Rebecka@yopmail.com;1983-11-23
1405;Therine;Fancie;Therine.Fancie@yopmail.com;1935-06-16
1406;Nariko;Clarissa;Nariko.Clarissa@yopmail.com;2001-08-16
1407;Florie;Olympium;Florie.Olympium@yopmail.com;2004-12-17
1408;Tamqrah;Dulciana;Tamqrah.Dulciana@yopmail.com;1956-07-02
1409;Helena;Martsen;Helena.Martsen@yopmail.com;1971-02-28
1410;Thalia;Albertine;Thalia.Albertine@yopmail.com;2016-06-17
1411;Marinna;Cornelia;Marinna.Cornelia@yopmail.com;1929-01-20
1412;Pollyanna;Vastah;Pollyanna.Vastah@yopmail.com;1916-10-27
1413;Pamella;Fleeta;Pamella.Fleeta@yopmail.com;1915-04-15
1414;Lanna;Zina;Lanna.Zina@yopmail.com;1914-10-17
1415;Lenna;Hieronymus;Lenna.Hieronymus@yopmail.com;2011-02-17
1416;Kore;Frendel;Kore.Frendel@yopmail.com;1928-09-22
1417;Emmey;Lasley;Emmey.Lasley@yopmail.com;2014-04-29
1418;Kylynn;Glovsky;Kylynn.Glovsky@yopmail.com;1925-07-19
1419;Priscilla;Zola;Priscilla.Zola@yopmail.com;1995-05-08
1420;Aurore;Peonir;Aurore.Peonir@yopmail.com;1956-03-31
1421;Caryl;Holtz;Caryl.Holtz@yopmail.com;1947-12-18
1422;Chandra;Carleen;Chandra.Carleen@yopmail.com;1903-06-08
1423;Sashenka;Wolfgram;Sashenka.Wolfgram@yopmail.com;1914-01-18
1424;Claudina;Bluh;Claudina.Bluh@yopmail.com;1962-07-01
1425;Frieda;Phyllis;Frieda.Phyllis@yopmail.com;1954-06-28
1426;Jackie;Phyllis;Jackie.Phyllis@yopmail.com;1985-04-22
1427;Maryellen;Engdahl;Maryellen.Engdahl@yopmail.com;1999-05-04
1428;Berta;Abbot;Berta.Abbot@yopmail.com;1977-03-04
1429;Demetris;Roscoe;Demetris.Roscoe@yopmail.com;2012-04-07
1430;Maye;Denis;Maye.Denis@yopmail.com;1999-09-28
1431;Correy;Tayib;Correy.Tayib@yopmail.com;1945-12-02
1432;Mathilda;Fancie;Mathilda.Fancie@yopmail.com;1952-06-13
1433;Carly;Letsou;Carly.Letsou@yopmail.com;1942-01-07
1434;Phedra;Iiette;Phedra.Iiette@yopmail.com;1911-05-04
1435;Shell;Buttaro;Shell.Buttaro@yopmail.com;1980-01-10
1436;Roseline;Cavan;Roseline.Cavan@yopmail.com;1933-07-21
1437;Hettie;Beniamino;Hettie.Beniamino@yopmail.com;2008-09-09
1438;Gilda;Stover;Gilda.Stover@yopmail.com;1915-12-16
1439;Odessa;Tiffa;Odessa.Tiffa@yopmail.com;1950-08-24
1440;Dyann;Tacye;Dyann.Tacye@yopmail.com;1913-02-22
1441;Priscilla;Jehu;Priscilla.Jehu@yopmail.com;1909-06-18
1442;Gretal;Mullane;Gretal.Mullane@yopmail.com;1953-08-01
1443;Selma;Ardra;Selma.Ardra@yopmail.com;1900-03-20
1444;Barbara;Rossner;Barbara.Rossner@yopmail.com;1985-03-25
1445;Feliza;Gordon;Feliza.Gordon@yopmail.com;2015-10-01
1446;Hollie;Thilda;Hollie.Thilda@yopmail.com;2019-05-22
1447;Edee;Guildroy;Edee.Guildroy@yopmail.com;1913-06-24
1448;Kristina;Ezar;Kristina.Ezar@yopmail.com;1929-06-04
1449;Nadine;Holbrook;Nadine.Holbrook@yopmail.com;1976-06-11
1450;Marti;Yusuk;Marti.Yusuk@yopmail.com;1983-09-21
1451;Carolina;Vins;Carolina.Vins@yopmail.com;1979-10-23
1452;Jaime;Kenwood;Jaime.Kenwood@yopmail.com;1972-02-13
1453;Hollie;Fancie;Hollie.Fancie@yopmail.com;1956-05-02
1454;Sissy;Erlandson;Sissy.Erlandson@yopmail.com;1922-11-16
1455;Charmaine;Ellord;Charmaine.Ellord@yopmail.com;1970-06-11
1456;Hollie;Loleta;Hollie.Loleta@yopmail.com;1983-07-14
1457;Debee;Amadas;Debee.Amadas@yopmail.com;1939-01-02
1458;Rani;Clie;Rani.Clie@yopmail.com;1903-08-11
1459;Nikki;Ioab;Nikki.Ioab@yopmail.com;1946-11-23
1460;Carlie;Ephrem;Carlie.Ephrem@yopmail.com;1962-12-20
1461;Jenilee;Bennie;Jenilee.Bennie@yopmail.com;1910-09-18
1462;Anthia;Reidar;Anthia.Reidar@yopmail.com;1961-02-19
1463;Maurene;Timon;Maurene.Timon@yopmail.com;1971-05-20
1464;Debee;Milde;Debee.Milde@yopmail.com;1919-04-17
1465;Charmaine;Clywd;Charmaine.Clywd@yopmail.com;1937-10-12
1466;Genevra;Heisel;Genevra.Heisel@yopmail.com;1985-12-06
1467;Krystle;Odell;Krystle.Odell@yopmail.com;1933-06-22
1468;Peri;Bonilla;Peri.Bonilla@yopmail.com;2016-05-30
1469;Myriam;Buckler;Myriam.Buckler@yopmail.com;2010-07-29
1470;Roslyn;Vharat;Roslyn.Vharat@yopmail.com;1963-07-24
1471;Ekaterina;Francene;Ekaterina.Francene@yopmail.com;1963-09-27
1472;Sue;Nester;Sue.Nester@yopmail.com;1906-11-15
1473;Ginnie;Pauly;Ginnie.Pauly@yopmail.com;1941-05-03
1474;Caressa;Cath;Caressa.Cath@yopmail.com;2012-12-02
1475;Farrah;Gregrory;Farrah.Gregrory@yopmail.com;1940-08-13
1476;Dianemarie;Macey;Dianemarie.Macey@yopmail.com;1929-12-08
1477;Britte;Sothena;Britte.Sothena@yopmail.com;2019-07-06
1478;Jemie;Katrine;Jemie.Katrine@yopmail.com;1963-09-05
1479;Angelique;Jacqui;Angelique.Jacqui@yopmail.com;2019-01-22
1480;Chloris;Ade;Chloris.Ade@yopmail.com;1994-10-17
1481;Melanie;Lutero;Melanie.Lutero@yopmail.com;2002-11-22
1482;Chere;Dowski;Chere.Dowski@yopmail.com;1980-12-05
1483;Elka;Liva;Elka.Liva@yopmail.com;1946-01-13
1484;Malina;Ranjiv;Malina.Ranjiv@yopmail.com;1902-02-28
1485;Roxane;Georas;Roxane.Georas@yopmail.com;1993-10-09
1486;Shirlee;Burnside;Shirlee.Burnside@yopmail.com;1912-08-11
1487;Ketti;Rudolph;Ketti.Rudolph@yopmail.com;1966-12-22
1488;Danny;Pearse;Danny.Pearse@yopmail.com;1982-10-30
1489;Jsandye;Raul;Jsandye.Raul@yopmail.com;1922-07-29
1490;Fidelia;Hertzfeld;Fidelia.Hertzfeld@yopmail.com;1934-12-17
1491;Rebeca;Thornburg;Rebeca.Thornburg@yopmail.com;1993-06-02
1492;Rosene;Raseda;Rosene.Raseda@yopmail.com;1916-06-13
1493;Belva;Francene;Belva.Francene@yopmail.com;1954-10-16
1494;Estell;Simmonds;Estell.Simmonds@yopmail.com;1985-05-10
1495;Elka;Jerald;Elka.Jerald@yopmail.com;1948-07-13
1496;Fidelia;Mich;Fidelia.Mich@yopmail.com;2002-05-18
1497;Lauryn;Aida;Lauryn.Aida@yopmail.com;1906-03-22
1498;Marnia;Durware;Marnia.Durware@yopmail.com;2001-03-13
1499;Lucille;Sparhawk;Lucille.Sparhawk@yopmail.com;2001-03-23
1500;Celisse;Schenck;Celisse.Schenck@yopmail.com;1995-01-27
1501;Anallese;Colp;Anallese.Colp@yopmail.com;1924-04-06
1502;Tina;Parette;Tina.Parette@yopmail.com;1965-07-02
1503;Gabi;Salchunas;Gabi.Salchunas@yopmail.com;2016-10-01
1504;Angela;Brittani;Angela.Brittani@yopmail.com;1914-10-19
1505;Kirstin;Tristram;Kirstin.Tristram@yopmail.com;1985-03-12
1506;Shaylyn;Blake;Shaylyn.Blake@yopmail.com;2018-06-20
1507;Natka;Friede;Natka.Friede@yopmail.com;1949-12-12
1508;Britte;Marsden;Britte.Marsden@yopmail.com;1983-09-07
1509;Drucie;Yoko;Drucie.Yoko@yopmail.com;1999-12-16
1510;Katuscha;Amadas;Katuscha.Amadas@yopmail.com;1922-11-18
1511;Paola;Aaberg;Paola.Aaberg@yopmail.com;1929-06-08
1512;Lauryn;Aurelio;Lauryn.Aurelio@yopmail.com;2019-09-02
1513;Katharina;Pernick;Katharina.Pernick@yopmail.com;1990-01-31
1514;Sindee;Bethany;Sindee.Bethany@yopmail.com;1924-07-02
1515;Annabela;Roxanna;Annabela.Roxanna@yopmail.com;2015-04-21
1516;Nyssa;Lane;Nyssa.Lane@yopmail.com;1916-09-13
1517;Aigneis;Haldas;Aigneis.Haldas@yopmail.com;1982-03-02
1518;Kalina;Rozanna;Kalina.Rozanna@yopmail.com;1915-11-26
1519;Beth;Ailyn;Beth.Ailyn@yopmail.com;1944-12-08
1520;Dari;Cynar;Dari.Cynar@yopmail.com;2012-06-04
1521;Kristina;Yoko;Kristina.Yoko@yopmail.com;1993-11-01
1522;Selma;Sholley;Selma.Sholley@yopmail.com;2015-10-11
1523;Gwenneth;Tristram;Gwenneth.Tristram@yopmail.com;1901-04-16
1524;Silvana;Libna;Silvana.Libna@yopmail.com;1922-01-08
1525;Lily;Tengdin;Lily.Tengdin@yopmail.com;1979-04-22
1526;Latisha;Jarib;Latisha.Jarib@yopmail.com;2005-10-11
1527;Adelle;Nester;Adelle.Nester@yopmail.com;2001-03-26
1528;Gaylene;Meter;Gaylene.Meter@yopmail.com;2004-03-21
1529;Rosabelle;Barbey;Rosabelle.Barbey@yopmail.com;1929-03-07
1530;Anestassia;Pozzy;Anestassia.Pozzy@yopmail.com;2015-03-30
1531;Tierney;Dichy;Tierney.Dichy@yopmail.com;1918-04-09
1532;Devina;Rodmann;Devina.Rodmann@yopmail.com;2018-09-18
1533;Meg;Mehalek;Meg.Mehalek@yopmail.com;1994-04-22
1534;Claudina;Travax;Claudina.Travax@yopmail.com;1998-04-05
1535;Nariko;Jacqui;Nariko.Jacqui@yopmail.com;1901-03-01
1536;Deedee;Ailyn;Deedee.Ailyn@yopmail.com;2003-10-24
1537;Asia;Raseda;Asia.Raseda@yopmail.com;1930-02-24
1538;Caritta;Juliet;Caritta.Juliet@yopmail.com;2019-10-24
1539;Emmey;Mitzi;Emmey.Mitzi@yopmail.com;1997-12-11
1540;Sue;Sawtelle;Sue.Sawtelle@yopmail.com;1923-01-10
1541;Calla;Zaslow;Calla.Zaslow@yopmail.com;1939-11-18
1542;Christian;Georgy;Christian.Georgy@yopmail.com;1973-12-14
1543;Daryl;Sisile;Daryl.Sisile@yopmail.com;1915-08-22
1544;Roz;Narton;Roz.Narton@yopmail.com;1946-11-20
1545;Lauryn;Rosette;Lauryn.Rosette@yopmail.com;1901-09-06
1546;Margalo;Hazlett;Margalo.Hazlett@yopmail.com;1952-01-22
1547;Nonnah;Dituri;Nonnah.Dituri@yopmail.com;1974-12-13
1548;Elyssa;Keelia;Elyssa.Keelia@yopmail.com;1982-02-21
1549;Kassey;Dorcy;Kassey.Dorcy@yopmail.com;1967-09-16
1550;Zia;Rudolph;Zia.Rudolph@yopmail.com;1986-09-28
1551;Ellette;Ezar;Ellette.Ezar@yopmail.com;2009-02-26
1552;Rosanne;Sprage;Rosanne.Sprage@yopmail.com;1979-07-14
1553;Sara-Ann;Thornburg;Sara-Ann.Thornburg@yopmail.com;2008-07-07
1554;Pearline;Bebe;Pearline.Bebe@yopmail.com;1999-09-27
1555;Tami;Raul;Tami.Raul@yopmail.com;1948-01-05
1556;Selia;Lareena;Selia.Lareena@yopmail.com;1940-06-10
1557;Marcy;Hilbert;Marcy.Hilbert@yopmail.com;1924-06-19
1558;Gianina;Estella;Gianina.Estella@yopmail.com;1944-06-06
1559;Mignon;Chauncey;Mignon.Chauncey@yopmail.com;1949-10-18
1560;Corly;Lymann;Corly.Lymann@yopmail.com;1901-10-16
1561;Catrina;Shanley;Catrina.Shanley@yopmail.com;1913-08-08
1562;Brandise;Dawkins;Brandise.Dawkins@yopmail.com;1984-07-05
1563;Jerry;Christal;Jerry.Christal@yopmail.com;1931-07-05
1564;Ayn;Mich;Ayn.Mich@yopmail.com;1993-04-08
1565;Jacenta;Bibi;Jacenta.Bibi@yopmail.com;1964-01-09
1566;Elvira;Gilbertson;Elvira.Gilbertson@yopmail.com;1943-02-13
1567;Sandie;Adamsen;Sandie.Adamsen@yopmail.com;2014-08-21
1568;Candy;Aprile;Candy.Aprile@yopmail.com;1947-10-15
1569;Kristan;Dawkins;Kristan.Dawkins@yopmail.com;1921-01-27
1570;Libbie;Loeb;Libbie.Loeb@yopmail.com;1974-11-14
1571;Roslyn;Letsou;Roslyn.Letsou@yopmail.com;2003-01-05
1572;Demetris;Erich;Demetris.Erich@yopmail.com;1944-07-04
1573;Damaris;Lucienne;Damaris.Lucienne@yopmail.com;2012-03-07
1574;Vita;Cohdwell;Vita.Cohdwell@yopmail.com;1990-05-23
1575;Kenna;Kirbee;Kenna.Kirbee@yopmail.com;2003-02-13
1576;Kaia;Burkle;Kaia.Burkle@yopmail.com;1923-12-26
1577;Shell;Atcliffe;Shell.Atcliffe@yopmail.com;1955-11-03
1578;Annice;Bethany;Annice.Bethany@yopmail.com;1963-11-02
1579;Damaris;Bonilla;Damaris.Bonilla@yopmail.com;1942-02-15
1580;Concettina;Erminia;Concettina.Erminia@yopmail.com;1981-06-25
1581;Karina;Federica;Karina.Federica@yopmail.com;1965-11-14
1582;Kara-Lynn;Kauppi;Kara-Lynn.Kauppi@yopmail.com;1923-03-29
1583;Georgina;Harday;Georgina.Harday@yopmail.com;2018-07-14
1584;Keelia;Gunn;Keelia.Gunn@yopmail.com;1950-12-17
1585;Celene;Septima;Celene.Septima@yopmail.com;1981-02-04
1586;Catharine;Nance;Catharine.Nance@yopmail.com;2009-10-31
1587;Deirdre;Elephus;Deirdre.Elephus@yopmail.com;2004-11-21
1588;Briney;Braun;Briney.Braun@yopmail.com;1916-08-15
1589;Willetta;Zetta;Willetta.Zetta@yopmail.com;2006-03-05
1590;Carilyn;Xerxes;Carilyn.Xerxes@yopmail.com;1926-02-10
1591;Catharine;Scammon;Catharine.Scammon@yopmail.com;1901-04-19
1592;Laurene;Alwin;Laurene.Alwin@yopmail.com;2014-02-04
1593;Cam;Bertold;Cam.Bertold@yopmail.com;1981-12-22
1594;Cissiee;Stilwell;Cissiee.Stilwell@yopmail.com;1992-06-09
1595;Jany;Brittani;Jany.Brittani@yopmail.com;1987-07-08
1596;Tarra;Zitvaa;Tarra.Zitvaa@yopmail.com;2013-07-12
1597;Paola;Kevon;Paola.Kevon@yopmail.com;1938-07-08
1598;Marylou;Cynar;Marylou.Cynar@yopmail.com;1965-02-05
1599;Amelia;Bashemeth;Amelia.Bashemeth@yopmail.com;1917-02-18
1600;Katharina;Auberbach;Katharina.Auberbach@yopmail.com;1919-02-08
1601;Alia;Dyche;Alia.Dyche@yopmail.com;1939-03-17
1602;Hyacinthe;Gaulin;Hyacinthe.Gaulin@yopmail.com;1936-08-19
1603;Damaris;Wiener;Damaris.Wiener@yopmail.com;2009-04-19
1604;Meriel;Maroney;Meriel.Maroney@yopmail.com;1919-04-27
1605;Harmonia;Grosz;Harmonia.Grosz@yopmail.com;1932-05-03
1606;Bobbi;Gilmour;Bobbi.Gilmour@yopmail.com;1928-05-02
1607;Dominga;Juan;Dominga.Juan@yopmail.com;1920-09-20
1608;Delilah;Harned;Delilah.Harned@yopmail.com;1950-12-26
1609;Sabina;Hoban;Sabina.Hoban@yopmail.com;1956-05-17
1610;Mallory;Odell;Mallory.Odell@yopmail.com;1940-10-23
1611;Chrystel;Redmond;Chrystel.Redmond@yopmail.com;1933-07-24
1612;Lila;Leary;Lila.Leary@yopmail.com;1940-02-08
1613;Celene;Bord;Celene.Bord@yopmail.com;1935-04-06
1614;Carlie;Ranjiv;Carlie.Ranjiv@yopmail.com;1995-05-22
1615;Averyl;Dreda;Averyl.Dreda@yopmail.com;1918-01-22
1616;Linet;Elsinore;Linet.Elsinore@yopmail.com;1943-03-18
1617;Sue;Manolo;Sue.Manolo@yopmail.com;1950-04-06
1618;Dorene;Yusuk;Dorene.Yusuk@yopmail.com;1938-11-28
1619;Linet;Naor;Linet.Naor@yopmail.com;1946-11-25
1620;Paulita;Korey;Paulita.Korey@yopmail.com;1998-12-30
1621;Lexine;Bivins;Lexine.Bivins@yopmail.com;2013-01-10
1622;Frieda;Sperling;Frieda.Sperling@yopmail.com;1946-05-23
1623;Cathyleen;Danby;Cathyleen.Danby@yopmail.com;2009-12-05
1624;Ketti;Celestine;Ketti.Celestine@yopmail.com;1991-11-05
1625;Minne;O'Neill;Minne.O'Neill@yopmail.com;1994-04-15
1626;Suzette;Persse;Suzette.Persse@yopmail.com;2018-10-30
1627;Madalyn;Sekofski;Madalyn.Sekofski@yopmail.com;2003-12-26
1628;Jaclyn;Waldron;Jaclyn.Waldron@yopmail.com;1952-12-15
1629;Caritta;Masao;Caritta.Masao@yopmail.com;1959-07-07
1630;Sandie;Sawtelle;Sandie.Sawtelle@yopmail.com;1954-10-25
1631;Correy;Cleavland;Correy.Cleavland@yopmail.com;1986-01-04
1632;Hildegaard;Lynn;Hildegaard.Lynn@yopmail.com;2010-07-22
1633;Olwen;Thomasina;Olwen.Thomasina@yopmail.com;1958-10-27
1634;Glynnis;Goode;Glynnis.Goode@yopmail.com;1942-03-10
1635;Misha;Hashim;Misha.Hashim@yopmail.com;1984-10-13
1636;Jolyn;Solitta;Jolyn.Solitta@yopmail.com;1972-11-05
1637;Laure;Sasnett;Laure.Sasnett@yopmail.com;1958-01-17
1638;Bernardine;Atonsah;Bernardine.Atonsah@yopmail.com;1962-04-26
1639;Allyce;Niles;Allyce.Niles@yopmail.com;2008-11-24
1640;Donnie;Riordan;Donnie.Riordan@yopmail.com;1966-11-22
1641;Elvira;Allina;Elvira.Allina@yopmail.com;2012-09-21
1642;Bettine;Eugenia;Bettine.Eugenia@yopmail.com;1984-12-29
1643;Allyce;Tristram;Allyce.Tristram@yopmail.com;2000-07-29
1644;Chloris;Therine;Chloris.Therine@yopmail.com;1988-11-16
1645;Clary;Arathorn;Clary.Arathorn@yopmail.com;1903-07-09
1646;Aryn;Deegan;Aryn.Deegan@yopmail.com;2011-12-24
1647;Elise;Stuart;Elise.Stuart@yopmail.com;1932-05-09
1648;Correy;Cookie;Correy.Cookie@yopmail.com;2011-10-23
1649;Kaia;Burch;Kaia.Burch@yopmail.com;1963-09-01
1650;Amara;Liva;Amara.Liva@yopmail.com;2008-06-23
1651;Cathyleen;Cynar;Cathyleen.Cynar@yopmail.com;1981-04-14
1652;Karolina;Greenwald;Karolina.Greenwald@yopmail.com;1991-09-27
1653;Marcy;Chauncey;Marcy.Chauncey@yopmail.com;1916-04-03
1654;Shannah;Carbo;Shannah.Carbo@yopmail.com;1928-02-23
1655;Sashenka;Daniele;Sashenka.Daniele@yopmail.com;1997-05-12
1656;Moyna;Leary;Moyna.Leary@yopmail.com;1967-06-15
1657;Gianina;Jobi;Gianina.Jobi@yopmail.com;1901-10-01
1658;Ezmeralda;Ledah;Ezmeralda.Ledah@yopmail.com;1910-03-26
1659;Annecorinne;Brenn;Annecorinne.Brenn@yopmail.com;1914-06-19
1660;Lanna;Chesna;Lanna.Chesna@yopmail.com;1942-12-31
1661;Nerta;Alarise;Nerta.Alarise@yopmail.com;1978-03-12
1662;Amelia;Erb;Amelia.Erb@yopmail.com;1927-03-28
1663;Dulce;Creamer;Dulce.Creamer@yopmail.com;1957-10-11
1664;Hildegaard;Colbert;Hildegaard.Colbert@yopmail.com;1905-10-09
1665;Albertina;Luhe;Albertina.Luhe@yopmail.com;1975-02-26
1666;Katleen;Gilbertson;Katleen.Gilbertson@yopmail.com;1984-08-26
1667;Hollie;Stav;Hollie.Stav@yopmail.com;2011-01-09
1668;Clary;Gaynor;Clary.Gaynor@yopmail.com;1938-04-22
1669;Babita;Giule;Babita.Giule@yopmail.com;1990-05-10
1670;Elena;Gaal;Elena.Gaal@yopmail.com;1900-09-22
1671;Fidelia;Alice;Fidelia.Alice@yopmail.com;2016-11-29
1672;Millie;Laurianne;Millie.Laurianne@yopmail.com;1963-10-25
1673;Shaine;Clie;Shaine.Clie@yopmail.com;2000-12-25
1674;Ida;Kirstin;Ida.Kirstin@yopmail.com;1900-04-15
1675;Eolanda;Euridice;Eolanda.Euridice@yopmail.com;1900-08-23
1676;Peri;Roxanna;Peri.Roxanna@yopmail.com;1928-02-29
1677;Dianemarie;Gilmour;Dianemarie.Gilmour@yopmail.com;2019-05-06
1678;Clarice;Bryna;Clarice.Bryna@yopmail.com;1925-03-08
1679;Diena;August;Diena.August@yopmail.com;2009-05-24
1680;Ofilia;Prober;Ofilia.Prober@yopmail.com;1963-03-24
1681;Vivia;Neva;Vivia.Neva@yopmail.com;1971-04-28
1682;Elsie;Damarra;Elsie.Damarra@yopmail.com;1988-09-29
1683;Almeta;Andrel;Almeta.Andrel@yopmail.com;1986-08-25
1684;Althea;Lilybelle;Althea.Lilybelle@yopmail.com;1988-03-07
1685;Randa;Arathorn;Randa.Arathorn@yopmail.com;2000-03-15
1686;Monika;Standing;Monika.Standing@yopmail.com;1911-04-03
1687;Iseabal;Nedrud;Iseabal.Nedrud@yopmail.com;1929-08-09
1688;Violet;Sherfield;Violet.Sherfield@yopmail.com;1978-04-09
1689;Brianna;Phyllis;Brianna.Phyllis@yopmail.com;2007-06-06
1690;Viviene;Bobbee;Viviene.Bobbee@yopmail.com;1988-12-28
1691;Demetris;Ricarda;Demetris.Ricarda@yopmail.com;1921-03-17
1692;Bettine;Shaver;Bettine.Shaver@yopmail.com;1995-11-04
1693;Rozele;Gamaliel;Rozele.Gamaliel@yopmail.com;1973-08-20
1694;Alyssa;Gualtiero;Alyssa.Gualtiero@yopmail.com;1906-12-21
1695;Pollyanna;Gunn;Pollyanna.Gunn@yopmail.com;1904-12-26
1696;Ruthe;Revkah;Ruthe.Revkah@yopmail.com;1902-04-02
1697;Karina;Tomasina;Karina.Tomasina@yopmail.com;1967-01-02
1698;Olivette;Tillford;Olivette.Tillford@yopmail.com;1930-12-02
1699;Marika;Hieronymus;Marika.Hieronymus@yopmail.com;1965-03-20
1700;Harrietta;Wenoa;Harrietta.Wenoa@yopmail.com;1929-07-25
1701;Rori;Madox;Rori.Madox@yopmail.com;1987-09-10
1702;Perry;Jorgan;Perry.Jorgan@yopmail.com;1910-04-03
1703;Peri;Daegal;Peri.Daegal@yopmail.com;1961-02-13
1704;Brana;Sacken;Brana.Sacken@yopmail.com;1956-02-16
1705;Lexine;Karl;Lexine.Karl@yopmail.com;1903-10-12
1706;Margette;Chabot;Margette.Chabot@yopmail.com;1965-09-24
1707;Brana;Pascia;Brana.Pascia@yopmail.com;1959-05-02
1708;Pamella;Arvo;Pamella.Arvo@yopmail.com;1996-06-27
1709;Tarra;Annice;Tarra.Annice@yopmail.com;1993-03-05
1710;Angelique;Valoniah;Angelique.Valoniah@yopmail.com;1991-09-04
1711;Rani;Chapland;Rani.Chapland@yopmail.com;1989-09-08
1712;Marcy;Skurnik;Marcy.Skurnik@yopmail.com;1981-08-26
1713;Joeann;Hachmin;Joeann.Hachmin@yopmail.com;1935-05-26
1714;Harmonia;Strephon;Harmonia.Strephon@yopmail.com;1987-05-25
1715;Willetta;Maryanne;Willetta.Maryanne@yopmail.com;1976-05-02
1716;Almeta;Tomasina;Almeta.Tomasina@yopmail.com;1929-10-23
1717;Charissa;Laurianne;Charissa.Laurianne@yopmail.com;1963-10-15
1718;Ira;Darian;Ira.Darian@yopmail.com;1909-01-18
1719;Chandra;Screens;Chandra.Screens@yopmail.com;1987-02-18
1720;Micheline;Anis;Micheline.Anis@yopmail.com;1901-11-28
1721;Gwenneth;Berl;Gwenneth.Berl@yopmail.com;2006-12-25
1722;Molli;Federica;Molli.Federica@yopmail.com;2006-03-04
1723;Ricky;Corrine;Ricky.Corrine@yopmail.com;1996-07-15
1724;Katharina;Armanda;Katharina.Armanda@yopmail.com;1983-03-10
1725;Aeriela;Oriana;Aeriela.Oriana@yopmail.com;1958-12-18
1726;Anica;Chesna;Anica.Chesna@yopmail.com;2019-08-24
1727;Gertrud;Sophronia;Gertrud.Sophronia@yopmail.com;1907-11-24
1728;Lorenza;Gualtiero;Lorenza.Gualtiero@yopmail.com;1925-07-31
1729;Ira;Brian;Ira.Brian@yopmail.com;1930-10-31
1730;Eve;Heisel;Eve.Heisel@yopmail.com;2008-12-17
1731;Ileana;Howlyn;Ileana.Howlyn@yopmail.com;1901-12-14
1732;Fina;Vorster;Fina.Vorster@yopmail.com;1947-04-16
1733;Marguerite;Niles;Marguerite.Niles@yopmail.com;1992-01-06
1734;Wanda;Ephrem;Wanda.Ephrem@yopmail.com;2007-04-07
1735;Gloria;Erskine;Gloria.Erskine@yopmail.com;1901-10-28
1736;Minda;Bartlett;Minda.Bartlett@yopmail.com;1998-07-27
1737;Aurelie;Birdella;Aurelie.Birdella@yopmail.com;1942-06-02
1738;Collen;Gabrielli;Collen.Gabrielli@yopmail.com;1985-08-26
1739;Priscilla;Neva;Priscilla.Neva@yopmail.com;1961-06-30
1740;Phylis;Paine;Phylis.Paine@yopmail.com;1972-01-17
1741;Dede;Montgomery;Dede.Montgomery@yopmail.com;1902-11-08
1742;Sashenka;Nester;Sashenka.Nester@yopmail.com;1950-06-21
1743;Kara-Lynn;Darian;Kara-Lynn.Darian@yopmail.com;1923-08-27
1744;Marti;Egbert;Marti.Egbert@yopmail.com;2003-05-01
1745;Heddie;Lytton;Heddie.Lytton@yopmail.com;1929-04-16
1746;Olivette;Ochs;Olivette.Ochs@yopmail.com;1934-04-19
1747;Gusty;Agle;Gusty.Agle@yopmail.com;1933-01-30
1748;Ivett;Letsou;Ivett.Letsou@yopmail.com;1983-01-18
1749;Blinni;Frendel;Blinni.Frendel@yopmail.com;1954-05-04
1750;Bernardine;Sophronia;Bernardine.Sophronia@yopmail.com;1961-07-14
1751;Mady;Stover;Mady.Stover@yopmail.com;1978-06-12
1752;Mary;Ashok;Mary.Ashok@yopmail.com;1933-12-14
1753;Allis;Hubert;Allis.Hubert@yopmail.com;1913-11-28
1754;Shaylyn;Marsden;Shaylyn.Marsden@yopmail.com;1973-07-20
1755;Robinia;Fiester;Robinia.Fiester@yopmail.com;1993-07-31
1756;Andeee;Brian;Andeee.Brian@yopmail.com;2002-08-10
1757;Shandie;Belanger;Shandie.Belanger@yopmail.com;1949-07-07
1758;Romona;Morgun;Romona.Morgun@yopmail.com;1946-04-15
1759;Sandie;Salvidor;Sandie.Salvidor@yopmail.com;1954-07-24
1760;Odessa;Morehouse;Odessa.Morehouse@yopmail.com;1920-01-15
1761;Ekaterina;Old;Ekaterina.Old@yopmail.com;1976-05-08
1762;Asia;Melan;Asia.Melan@yopmail.com;1903-07-27
1763;Hildegaard;Vharat;Hildegaard.Vharat@yopmail.com;1975-08-20
1764;Vanessa;Ade;Vanessa.Ade@yopmail.com;2018-01-04
1765;Tobe;Bashemeth;Tobe.Bashemeth@yopmail.com;2001-06-15
1766;Rhoda;Chabot;Rhoda.Chabot@yopmail.com;1981-03-18
1767;Maye;Tryck;Maye.Tryck@yopmail.com;1938-11-13
1768;Ann-Marie;Saree;Ann-Marie.Saree@yopmail.com;1909-08-14
1769;Ofilia;Bronk;Ofilia.Bronk@yopmail.com;2009-01-18
1770;Corina;Johanna;Corina.Johanna@yopmail.com;2011-03-03
1771;Thalia;Maiah;Thalia.Maiah@yopmail.com;1992-04-23
1772;Kara-Lynn;Marden;Kara-Lynn.Marden@yopmail.com;1971-08-01
1773;Lily;Velick;Lily.Velick@yopmail.com;1906-08-02
1774;Marika;Dorcy;Marika.Dorcy@yopmail.com;2000-06-06
1775;Regina;Rebecka;Regina.Rebecka@yopmail.com;1987-11-14
1776;Florencia;Sekofski;Florencia.Sekofski@yopmail.com;1924-04-20
1777;Elfreda;Weaks;Elfreda.Weaks@yopmail.com;1988-03-24
1778;Lorie;Morehouse;Lorie.Morehouse@yopmail.com;1966-01-07
1779;Lusa;Gamaliel;Lusa.Gamaliel@yopmail.com;1947-08-08
1780;Amii;Dorothy;Amii.Dorothy@yopmail.com;2006-10-05
1781;Laurene;Valoniah;Laurene.Valoniah@yopmail.com;1970-07-13
1782;Suzette;Dorcy;Suzette.Dorcy@yopmail.com;2000-12-07
1783;Maud;Franza;Maud.Franza@yopmail.com;1908-01-15
1784;Ivett;Trace;Ivett.Trace@yopmail.com;1913-07-18
1785;Starla;Pacorro;Starla.Pacorro@yopmail.com;1943-10-10
1786;Josephine;Girardo;Josephine.Girardo@yopmail.com;1905-06-20
1787;Debee;Norvol;Debee.Norvol@yopmail.com;1998-05-18
1788;Yetty;Teddman;Yetty.Teddman@yopmail.com;1974-06-10
1789;Nanete;Macey;Nanete.Macey@yopmail.com;2013-04-05
1790;Sam;Campball;Sam.Campball@yopmail.com;1925-12-10
1791;Ginnie;Thema;Ginnie.Thema@yopmail.com;1993-05-02
1792;Gabi;Carvey;Gabi.Carvey@yopmail.com;1970-09-16
1793;Bernardine;Norvol;Bernardine.Norvol@yopmail.com;1966-01-10
1794;Lexine;Afton;Lexine.Afton@yopmail.com;2001-11-14
1795;Carmencita;Kathie;Carmencita.Kathie@yopmail.com;1909-01-28
1796;Ariela;Pattin;Ariela.Pattin@yopmail.com;2012-07-24
1797;Modestia;Chandler;Modestia.Chandler@yopmail.com;1971-09-26
1798;Winifred;Oneida;Winifred.Oneida@yopmail.com;2016-11-19
1799;Rori;Uund;Rori.Uund@yopmail.com;1930-11-24
1800;Ardenia;Meter;Ardenia.Meter@yopmail.com;1979-03-20
1801;Doralynne;Aldric;Doralynne.Aldric@yopmail.com;1935-03-02
1802;Miquela;Jess;Miquela.Jess@yopmail.com;1913-03-28
1803;Meg;Goddard;Meg.Goddard@yopmail.com;1956-02-27
1804;Deedee;Lauraine;Deedee.Lauraine@yopmail.com;1916-12-15
1805;Lilith;Argus;Lilith.Argus@yopmail.com;1981-11-17
1806;Madelle;Jary;Madelle.Jary@yopmail.com;1906-02-15
1807;Edee;Kunin;Edee.Kunin@yopmail.com;1964-09-30
1808;Marnia;Gilmour;Marnia.Gilmour@yopmail.com;1915-01-21
1809;Corina;Hashim;Corina.Hashim@yopmail.com;1913-07-07
1810;Romona;Seumas;Romona.Seumas@yopmail.com;1903-07-18
1811;Joleen;Douglass;Joleen.Douglass@yopmail.com;1923-01-25
1812;Candy;Chabot;Candy.Chabot@yopmail.com;1951-01-13
1813;Pierette;Tippets;Pierette.Tippets@yopmail.com;1940-11-08
1814;Kittie;Ralfston;Kittie.Ralfston@yopmail.com;1903-01-29
1815;Gianina;Justinn;Gianina.Justinn@yopmail.com;1952-02-01
1816;Chickie;Anderea;Chickie.Anderea@yopmail.com;1957-10-27
1817;Beatriz;Gale;Beatriz.Gale@yopmail.com;1946-08-25
1818;Sharlene;Cordi;Sharlene.Cordi@yopmail.com;1921-03-03
1819;Anica;Linehan;Anica.Linehan@yopmail.com;1968-07-02
1820;Bernardine;Bohlin;Bernardine.Bohlin@yopmail.com;2001-10-05
1821;Selma;Cullin;Selma.Cullin@yopmail.com;1951-01-08
1822;Lorenza;Suanne;Lorenza.Suanne@yopmail.com;1950-10-29
1823;Ruthe;Percy;Ruthe.Percy@yopmail.com;2006-11-10
1824;Sherrie;Calhoun;Sherrie.Calhoun@yopmail.com;1918-11-09
1825;Maridel;Ciro;Maridel.Ciro@yopmail.com;1980-12-02
1826;Amara;Pitt;Amara.Pitt@yopmail.com;1969-09-21
1827;Beth;Madox;Beth.Madox@yopmail.com;1996-01-07
1828;Babita;Alejoa;Babita.Alejoa@yopmail.com;1945-05-10
1829;Tamqrah;Kellby;Tamqrah.Kellby@yopmail.com;1927-09-12
1830;Tilly;Radu;Tilly.Radu@yopmail.com;1962-01-14
1831;Phylis;Odell;Phylis.Odell@yopmail.com;2006-08-01
1832;Genovera;Heidt;Genovera.Heidt@yopmail.com;1995-09-25
1833;Clary;Lane;Clary.Lane@yopmail.com;1963-12-11
1834;Konstance;Armanda;Konstance.Armanda@yopmail.com;1953-10-13
1835;Karena;Kirbee;Karena.Kirbee@yopmail.com;1923-12-25
1836;Sara-Ann;Shaver;Sara-Ann.Shaver@yopmail.com;1998-02-09
1837;Feliza;Kosey;Feliza.Kosey@yopmail.com;2012-01-05
1838;Lesly;Artie;Lesly.Artie@yopmail.com;2004-01-05
1839;Merci;Berriman;Merci.Berriman@yopmail.com;2000-01-18
1840;Lolita;Flita;Lolita.Flita@yopmail.com;2008-01-11
1841;Fayre;Pulsifer;Fayre.Pulsifer@yopmail.com;1935-09-16
1842;Lorenza;Bobbee;Lorenza.Bobbee@yopmail.com;1945-04-05
1843;Christy;Hedve;Christy.Hedve@yopmail.com;1993-04-13
1844;Zondra;Greyson;Zondra.Greyson@yopmail.com;1921-10-07
1845;Iseabal;Milson;Iseabal.Milson@yopmail.com;1932-12-30
1846;Jean;Chrystel;Jean.Chrystel@yopmail.com;2000-09-11
1847;Morganica;Madox;Morganica.Madox@yopmail.com;1987-02-19
1848;Doro;Joachim;Doro.Joachim@yopmail.com;2001-03-20
1849;Maisey;Cordi;Maisey.Cordi@yopmail.com;1953-12-23
1850;Lita;Jethro;Lita.Jethro@yopmail.com;2015-10-24
1851;Jenilee;Emerson;Jenilee.Emerson@yopmail.com;1956-11-27
1852;Lelah;Berriman;Lelah.Berriman@yopmail.com;1932-04-13
1853;Cordi;Nikaniki;Cordi.Nikaniki@yopmail.com;1958-11-12
1854;Sallie;Yusuk;Sallie.Yusuk@yopmail.com;2019-06-17
1855;Rhea;Cath;Rhea.Cath@yopmail.com;1990-08-27
1856;Philis;Barney;Philis.Barney@yopmail.com;1997-05-08
1857;Susan;Pettiford;Susan.Pettiford@yopmail.com;1978-11-04
1858;Veda;Holtz;Veda.Holtz@yopmail.com;1924-09-20
1859;Ingrid;Westphal;Ingrid.Westphal@yopmail.com;1976-06-19
1860;Zondra;Rheingold;Zondra.Rheingold@yopmail.com;1986-06-25
1861;Sibella;Israeli;Sibella.Israeli@yopmail.com;2010-09-21
1862;Zondra;Virgin;Zondra.Virgin@yopmail.com;1917-08-06
1863;Frank;Adore;Frank.Adore@yopmail.com;1949-01-30
1864;Hollie;Cottle;Hollie.Cottle@yopmail.com;1931-10-30
1865;Calla;Shirberg;Calla.Shirberg@yopmail.com;1925-03-19
1866;Meriel;Tippets;Meriel.Tippets@yopmail.com;1922-04-03
1867;Iseabal;Desai;Iseabal.Desai@yopmail.com;1911-11-16
1868;Mathilda;Argus;Mathilda.Argus@yopmail.com;1927-04-03
1869;Joeann;Zenas;Joeann.Zenas@yopmail.com;2006-03-10
1870;Emelina;Laverne;Emelina.Laverne@yopmail.com;2007-12-31
1871;Ezmeralda;Anastatius;Ezmeralda.Anastatius@yopmail.com;1932-09-20
1872;Paola;Wyn;Paola.Wyn@yopmail.com;1929-11-09
1873;Vinita;Cutlerr;Vinita.Cutlerr@yopmail.com;2013-04-02
1874;Asia;Grayce;Asia.Grayce@yopmail.com;1917-05-14
1875;Aubrie;Manolo;Aubrie.Manolo@yopmail.com;1918-01-20
1876;Madelle;Moina;Madelle.Moina@yopmail.com;1942-10-04
1877;Suzette;Fitzsimmons;Suzette.Fitzsimmons@yopmail.com;1936-07-24
1878;Trixi;Karna;Trixi.Karna@yopmail.com;1958-12-13
1879;Ethel;Dorcy;Ethel.Dorcy@yopmail.com;2013-07-21
1880;Tani;Garbe;Tani.Garbe@yopmail.com;1952-03-22
1881;Teddie;Jethro;Teddie.Jethro@yopmail.com;1966-09-05
1882;Lindie;Ioab;Lindie.Ioab@yopmail.com;1938-10-18
1883;Lesly;Dermott;Lesly.Dermott@yopmail.com;1918-07-03
1884;Catrina;Edvard;Catrina.Edvard@yopmail.com;1978-12-11
1885;Stephanie;Bollay;Stephanie.Bollay@yopmail.com;1942-10-16
1886;Inga;Pillsbury;Inga.Pillsbury@yopmail.com;1983-05-27
1887;Kathy;Valoniah;Kathy.Valoniah@yopmail.com;1968-12-13
1888;Dolli;Seligman;Dolli.Seligman@yopmail.com;1986-01-11
1889;Mellicent;Nahum;Mellicent.Nahum@yopmail.com;2002-05-14
1890;Allyce;Center;Allyce.Center@yopmail.com;1938-09-08
1891;Althea;Papageno;Althea.Papageno@yopmail.com;1981-07-27
1892;Evita;Pearse;Evita.Pearse@yopmail.com;1900-02-02
1893;Valli;Loring;Valli.Loring@yopmail.com;1926-06-20
1894;Odessa;Frodi;Odessa.Frodi@yopmail.com;1950-02-05
1895;Antonietta;Pandolfi;Antonietta.Pandolfi@yopmail.com;1948-10-12
1896;Patricia;Celestine;Patricia.Celestine@yopmail.com;2004-10-12
1897;Brooks;Lumbard;Brooks.Lumbard@yopmail.com;1917-07-07
1898;Marguerite;Woodberry;Marguerite.Woodberry@yopmail.com;1910-02-04
1899;Karena;Giff;Karena.Giff@yopmail.com;1965-01-11
1900;Zsa Zsa;Tengdin;Zsa Zsa.Tengdin@yopmail.com;1956-11-28
1901;Emma;Penelopa;Emma.Penelopa@yopmail.com;1977-12-30
1902;Aigneis;Pandolfi;Aigneis.Pandolfi@yopmail.com;1928-01-04
1903;Michaelina;Shama;Michaelina.Shama@yopmail.com;1956-03-15
1904;Linet;Selway;Linet.Selway@yopmail.com;1930-03-02
1905;Mamie;Niccolo;Mamie.Niccolo@yopmail.com;2000-05-09
1906;Sonni;Bakerman;Sonni.Bakerman@yopmail.com;1988-01-18
1907;Rebeca;Wenoa;Rebeca.Wenoa@yopmail.com;1935-04-14
1908;Annabela;Fax;Annabela.Fax@yopmail.com;2016-04-22
1909;Joeann;Merell;Joeann.Merell@yopmail.com;1946-01-18
1910;Sadie;Modie;Sadie.Modie@yopmail.com;1901-12-19
1911;Donetta;Brady;Donetta.Brady@yopmail.com;1916-05-06
1912;Sissy;Neils;Sissy.Neils@yopmail.com;1906-09-02
1913;Nerta;Lanita;Nerta.Lanita@yopmail.com;1970-01-13
1914;Gavrielle;Lumbard;Gavrielle.Lumbard@yopmail.com;1961-01-21
1915;Babita;Wittie;Babita.Wittie@yopmail.com;2013-12-11
1916;Lorie;Lay;Lorie.Lay@yopmail.com;1940-07-15
1917;Zsa Zsa;Fink;Zsa Zsa.Fink@yopmail.com;1906-06-11
1918;Flory;Lory;Flory.Lory@yopmail.com;1950-02-22
1919;Cathie;Clywd;Cathie.Clywd@yopmail.com;2007-09-21
1920;Bill;Edvard;Bill.Edvard@yopmail.com;1902-12-14
1921;Elka;Adore;Elka.Adore@yopmail.com;1998-11-06
1922;Merrie;Emerson;Merrie.Emerson@yopmail.com;1988-06-10
1923;Rosene;O'Carroll;Rosene.O'Carroll@yopmail.com;1935-09-08
1924;Starla;Melleta;Starla.Melleta@yopmail.com;1902-12-27
1925;Ilse;Garlinda;Ilse.Garlinda@yopmail.com;1966-12-20
1926;Trixi;Read;Trixi.Read@yopmail.com;1950-06-30
1927;Zaria;Talia;Zaria.Talia@yopmail.com;1947-03-05
1928;Teriann;Barney;Teriann.Barney@yopmail.com;1974-12-15
1929;Kayla;Ardra;Kayla.Ardra@yopmail.com;1986-05-04
1930;Lory;Yuille;Lory.Yuille@yopmail.com;1951-12-01
1931;Tamqrah;Turne;Tamqrah.Turne@yopmail.com;2004-03-06
1932;Belinda;Kaja;Belinda.Kaja@yopmail.com;1954-10-08
1933;Jennica;Albertine;Jennica.Albertine@yopmail.com;2014-06-12
1934;Fernande;Ivens;Fernande.Ivens@yopmail.com;1988-02-23
1935;Loree;Jammal;Loree.Jammal@yopmail.com;2016-09-18
1936;Elmira;Roarke;Elmira.Roarke@yopmail.com;1958-08-22
1937;Millie;Dalli;Millie.Dalli@yopmail.com;1935-01-05
1938;Annabela;Malvino;Annabela.Malvino@yopmail.com;1968-09-28
1939;Fred;Wiener;Fred.Wiener@yopmail.com;1968-04-14
1940;Sherrie;Edmund;Sherrie.Edmund@yopmail.com;1940-04-12
1941;Christy;Hanleigh;Christy.Hanleigh@yopmail.com;1956-04-07
1942;Stacey;Maurine;Stacey.Maurine@yopmail.com;1962-03-10
1943;Brooks;Kesley;Brooks.Kesley@yopmail.com;1952-12-10
1944;Tressa;Bakerman;Tressa.Bakerman@yopmail.com;2012-06-20
1945;Regina;Gherardo;Regina.Gherardo@yopmail.com;1961-12-27
1946;Wynne;Skell;Wynne.Skell@yopmail.com;2015-05-08
1947;Odessa;Niles;Odessa.Niles@yopmail.com;1918-08-19
1948;Nariko;Fredi;Nariko.Fredi@yopmail.com;1911-01-04
1949;Coral;Dyche;Coral.Dyche@yopmail.com;1942-11-08
1950;Betta;Lowry;Betta.Lowry@yopmail.com;1925-02-15
1951;Sallie;Cecile;Sallie.Cecile@yopmail.com;1919-10-13
1952;Elora;Weaks;Elora.Weaks@yopmail.com;1905-03-08
1953;Brandise;Mallon;Brandise.Mallon@yopmail.com;1983-09-23
1954;Rori;Rheingold;Rori.Rheingold@yopmail.com;1922-07-03
1955;Allis;Milson;Allis.Milson@yopmail.com;1904-08-14
1956;Courtnay;Lay;Courtnay.Lay@yopmail.com;1990-02-21
1957;Adriana;Madaih;Adriana.Madaih@yopmail.com;1982-01-28
1958;Bettine;Cottle;Bettine.Cottle@yopmail.com;1955-10-01
1959;Genevra;Bach;Genevra.Bach@yopmail.com;1910-02-11
1960;Zaria;Garrison;Zaria.Garrison@yopmail.com;1953-10-12
1961;Emma;Gabrielli;Emma.Gabrielli@yopmail.com;1911-05-24
1962;Dominga;McClimans;Dominga.McClimans@yopmail.com;1950-05-17
1963;Debee;Burch;Debee.Burch@yopmail.com;1973-12-20
1964;Orelia;Desai;Orelia.Desai@yopmail.com;1979-09-07
1965;Ursulina;Ahab;Ursulina.Ahab@yopmail.com;1968-03-27
1966;Elyssa;Poppy;Elyssa.Poppy@yopmail.com;1932-01-18
1967;Britte;Havens;Britte.Havens@yopmail.com;1908-11-15
1968;Kirbee;Huggins;Kirbee.Huggins@yopmail.com;2013-04-25
1969;Andeee;Remmer;Andeee.Remmer@yopmail.com;1959-07-20
1970;Ermengarde;Dudley;Ermengarde.Dudley@yopmail.com;1949-03-14
1971;Courtnay;Florina;Courtnay.Florina@yopmail.com;1908-12-04
1972;Debee;Korey;Debee.Korey@yopmail.com;1932-11-11
1973;Margalo;Pillsbury;Margalo.Pillsbury@yopmail.com;2014-05-15
1974;Stevana;Harday;Stevana.Harday@yopmail.com;1911-08-23
1975;Isa;Dalli;Isa.Dalli@yopmail.com;1963-06-14
1976;Liana;Cath;Liana.Cath@yopmail.com;1987-11-04
1977;Pierette;Syd;Pierette.Syd@yopmail.com;1993-06-27
1978;Wanda;Whiffen;Wanda.Whiffen@yopmail.com;1945-02-11
1979;Lanna;Hewitt;Lanna.Hewitt@yopmail.com;2015-10-28
1980;Jemie;Joni;Jemie.Joni@yopmail.com;1901-12-21
1981;Lynea;Gino;Lynea.Gino@yopmail.com;1996-03-16
1982;Jaclyn;Tyson;Jaclyn.Tyson@yopmail.com;1963-10-30
1983;Doralynne;Raul;Doralynne.Raul@yopmail.com;1934-09-18
1984;Tybie;Minetta;Tybie.Minetta@yopmail.com;1989-07-04
1985;Cyndie;Teryn;Cyndie.Teryn@yopmail.com;1997-12-01
1986;Deedee;Nisbet;Deedee.Nisbet@yopmail.com;1978-05-26
1987;Silvana;Cressida;Silvana.Cressida@yopmail.com;1958-07-30
1988;Aigneis;Raimondo;Aigneis.Raimondo@yopmail.com;1966-08-25
1989;Lyssa;Hylan;Lyssa.Hylan@yopmail.com;2012-09-19
1990;Rani;Alva;Rani.Alva@yopmail.com;2000-12-11
1991;Karena;Keelia;Karena.Keelia@yopmail.com;1986-09-25
1992;Lolita;Jeanne;Lolita.Jeanne@yopmail.com;1918-06-26
1993;Debee;Esmaria;Debee.Esmaria@yopmail.com;1937-02-02
1994;Korrie;Ranjiv;Korrie.Ranjiv@yopmail.com;1927-10-28
1995;Johna;Yusuk;Johna.Yusuk@yopmail.com;2011-05-18
1996;Lila;Rubie;Lila.Rubie@yopmail.com;1990-04-21
1997;Alia;Alabaster;Alia.Alabaster@yopmail.com;1983-04-02
1998;Rosene;Penelopa;Rosene.Penelopa@yopmail.com;1962-01-26
1999;Madeleine;Tippets;Madeleine.Tippets@yopmail.com;1934-04-12