id;firstname;lastname;email;Field Name
1000;Nananne;Flyn;Nananne.Flyn@yopmail.com;1919-11-07
1001;Yolane;Irmine;Yolane.Irmine@yopmail.com;1940-02-29
1002;Hallie;Martguerita;Hallie.Martguerita@yopmail.com;1930-03-05
1003;Mildrid;Longfellow;Mildrid.Longfellow@yopmail.com;1907-10-06
1004;Darlleen;Ochs;Darlleen.Ochs@yopmail.com;1983-02-14
1005;Paulita;Malina;Paulita.Malina@yopmail.com;1958-07-25
1006;Ruthe;Milson;Ruthe.Milson@yopmail.com;1965-07-14
1007;Ariela;Lenny;Ariela.Lenny@yopmail.com;1950-12-26
1008;Aili;Dorine;Aili.Dorine@yopmail.com;1911-08-22
1009;Elfreda;Ivens;Elfreda.Ivens@yopmail.com;1989-02-02
1010;Margalo;Auberbach;Margalo.Auberbach@yopmail.com;1934-11-29
1011;Andree;Lamoree;Andree.Lamoree@yopmail.com;1976-02-24
1012;Sonni;Screens;Sonni.Screens@yopmail.com;2002-12-13
1013;Ursulina;Malanie;Ursulina.Malanie@yopmail.com;2003-02-27
1014;Sidoney;Ammann;Sidoney.Ammann@yopmail.com;1918-06-18
1015;Teddie;Girardo;Teddie.Girardo@yopmail.com;1926-10-14
1016;Romona;Kalinda;Romona.Kalinda@yopmail.com;1938-11-06
1017;Joleen;Riordan;Joleen.Riordan@yopmail.com;1914-10-09
1018;Maud;Giff;Maud.Giff@yopmail.com;2015-04-29
1019;Elena;Ethban;Elena.Ethban@yopmail.com;1969-06-01
1020;Winny;Berriman;Winny.Berriman@yopmail.com;1973-09-06
1021;Marline;Liebermann;Marline.Liebermann@yopmail.com;1909-06-01
1022;Emylee;Rhu;Emylee.Rhu@yopmail.com;1988-05-30
1023;Luci;Granoff;Luci.Granoff@yopmail.com;2000-04-07
1024;Jessamyn;Gavrila;Jessamyn.Gavrila@yopmail.com;1983-09-07
1025;Jacenta;Schroth;Jacenta.Schroth@yopmail.com;1946-11-24
1026;Di;Sprage;Di.Sprage@yopmail.com;1926-03-13
1027;Adriana;Leopold;Adriana.Leopold@yopmail.com;1953-02-13
1028;Joceline;Cottle;Joceline.Cottle@yopmail.com;1970-09-27
1029;Sabina;Winthorpe;Sabina.Winthorpe@yopmail.com;2003-05-24
1030;Courtnay;Vittoria;Courtnay.Vittoria@yopmail.com;1953-10-24
1031;Claresta;Neils;Claresta.Neils@yopmail.com;1972-11-22
1032;Barbara;Willie;Barbara.Willie@yopmail.com;1972-12-06
1033;Carilyn;Fitzsimmons;Carilyn.Fitzsimmons@yopmail.com;2018-07-10
1034;Anthia;Garrison;Anthia.Garrison@yopmail.com;1927-02-02
1035;Lanae;Croix;Lanae.Croix@yopmail.com;2018-01-30
1036;Latisha;Bury;Latisha.Bury@yopmail.com;2007-03-20
1037;Kary;Bigner;Kary.Bigner@yopmail.com;2014-11-02
1038;Belva;Ehrman;Belva.Ehrman@yopmail.com;1982-11-12
1039;Aurore;Raimondo;Aurore.Raimondo@yopmail.com;1915-10-04
1040;Codie;Karl;Codie.Karl@yopmail.com;1911-10-12
1041;Glenda;Wiener;Glenda.Wiener@yopmail.com;1921-01-04
1042;Oralee;Hunfredo;Oralee.Hunfredo@yopmail.com;1972-07-03
1043;Sibella;Bates;Sibella.Bates@yopmail.com;1906-06-19
1044;Christal;Noman;Christal.Noman@yopmail.com;1932-10-13
1045;Gilda;Colbert;Gilda.Colbert@yopmail.com;1904-03-15
1046;Constance;Johnsson;Constance.Johnsson@yopmail.com;1915-08-21
1047;Kirbee;Yoko;Kirbee.Yoko@yopmail.com;1932-11-09
1048;Pamella;Nisbet;Pamella.Nisbet@yopmail.com;1974-03-04
1049;Frank;Neils;Frank.Neils@yopmail.com;2016-07-15
1050;Ricky;Sasnett;Ricky.Sasnett@yopmail.com;1939-05-28
1051;Rhoda;Leonard;Rhoda.Leonard@yopmail.com;1909-09-09
1052;Gaylene;Brandice;Gaylene.Brandice@yopmail.com;2016-03-28
1053;Dorothy;Sandye;Dorothy.Sandye@yopmail.com;1991-09-10
1054;Claudina;Tayib;Claudina.Tayib@yopmail.com;1999-05-27
1055;Shannah;Gino;Shannah.Gino@yopmail.com;1926-08-14
1056;Nariko;Hull;Nariko.Hull@yopmail.com;2015-12-28
1057;Dulce;Lunsford;Dulce.Lunsford@yopmail.com;1932-12-13
1058;Mathilda;Wilona;Mathilda.Wilona@yopmail.com;2005-03-16
1059;Mellicent;Ammann;Mellicent.Ammann@yopmail.com;1976-08-08
1060;Melisent;Friede;Melisent.Friede@yopmail.com;1978-12-27
1061;Cathie;Penelopa;Cathie.Penelopa@yopmail.com;1976-03-08
1062;Tonia;Sadowski;Tonia.Sadowski@yopmail.com;2004-09-13
1063;Teddie;Wildermuth;Teddie.Wildermuth@yopmail.com;1932-01-15
1064;Valli;Bury;Valli.Bury@yopmail.com;1958-12-29
1065;Kenna;Ioab;Kenna.Ioab@yopmail.com;1998-05-17
1066;Riannon;Guildroy;Riannon.Guildroy@yopmail.com;1972-07-17
1067;Ezmeralda;Elephus;Ezmeralda.Elephus@yopmail.com;1914-09-25
1068;Gale;Andrel;Gale.Andrel@yopmail.com;1999-05-25
1069;Judy;Carvey;Judy.Carvey@yopmail.com;2013-05-26
1070;Carol-Jean;Dannye;Carol-Jean.Dannye@yopmail.com;1993-01-09
1071;Eugine;Helve;Eugine.Helve@yopmail.com;1932-10-21
1072;Olwen;Kirstin;Olwen.Kirstin@yopmail.com;2018-01-13
1073;Elbertina;Wooster;Elbertina.Wooster@yopmail.com;1922-06-26
1074;Jenda;Nunci;Jenda.Nunci@yopmail.com;1967-06-12
1075;Berget;Meter;Berget.Meter@yopmail.com;1973-12-22
1076;Tani;Raffo;Tani.Raffo@yopmail.com;1942-08-02
1077;Valeda;Cath;Valeda.Cath@yopmail.com;1916-11-08
1078;Leona;Stoller;Leona.Stoller@yopmail.com;1946-04-06
1079;Dagmar;Pond;Dagmar.Pond@yopmail.com;1978-07-06
1080;Millie;Lissi;Millie.Lissi@yopmail.com;1977-06-10
1081;Alameda;Hewitt;Alameda.Hewitt@yopmail.com;1989-05-27
1082;Kimberley;Lia;Kimberley.Lia@yopmail.com;1925-05-12
1083;Iseabal;Pearse;Iseabal.Pearse@yopmail.com;1976-04-10
1084;Sue;LaRue;Sue.LaRue@yopmail.com;1974-05-25
1085;Calla;Posner;Calla.Posner@yopmail.com;1983-03-08
1086;Desirae;Gregrory;Desirae.Gregrory@yopmail.com;1912-09-15
1087;Linet;Orpah;Linet.Orpah@yopmail.com;1958-01-25
1088;Elise;Zamora;Elise.Zamora@yopmail.com;1901-05-04
1089;Linet;Felecia;Linet.Felecia@yopmail.com;2014-06-27
1090;Trixi;Eckblad;Trixi.Eckblad@yopmail.com;2010-10-07
1091;Susan;Nicoline;Susan.Nicoline@yopmail.com;1973-04-07
1092;Brandise;Morrill;Brandise.Morrill@yopmail.com;1922-12-20
1093;Joane;Bettine;Joane.Bettine@yopmail.com;1938-02-22
1094;Pollyanna;Iaverne;Pollyanna.Iaverne@yopmail.com;1936-06-09
1095;Katharina;Wilkinson;Katharina.Wilkinson@yopmail.com;1938-09-22
1096;Konstance;Campball;Konstance.Campball@yopmail.com;1948-07-13
1097;Neila;Bakerman;Neila.Bakerman@yopmail.com;2013-10-28
1098;Lynde;Alva;Lynde.Alva@yopmail.com;2007-02-12
1099;Phedra;Hoban;Phedra.Hoban@yopmail.com;1970-09-02
1100;Britte;Garbe;Britte.Garbe@yopmail.com;2008-11-15
1101;Roslyn;Skurnik;Roslyn.Skurnik@yopmail.com;1946-08-05
1102;Gertrud;Riordan;Gertrud.Riordan@yopmail.com;1943-12-19
1103;Gui;Longfellow;Gui.Longfellow@yopmail.com;1975-02-02
1104;Chloris;Horan;Chloris.Horan@yopmail.com;2004-12-06
1105;Kelly;Sancho;Kelly.Sancho@yopmail.com;2012-04-08
1106;Stevana;Grayce;Stevana.Grayce@yopmail.com;1940-10-11
1107;Romona;Hebner;Romona.Hebner@yopmail.com;1916-06-21
1108;Vinita;Hailee;Vinita.Hailee@yopmail.com;1904-03-13
1109;Valera;Chesna;Valera.Chesna@yopmail.com;2001-03-09
1110;Fidelia;Koziara;Fidelia.Koziara@yopmail.com;1920-06-21
1111;Marinna;Bivins;Marinna.Bivins@yopmail.com;1994-02-06
1112;Courtnay;Cloris;Courtnay.Cloris@yopmail.com;1901-07-23
1113;Antonietta;Rugen;Antonietta.Rugen@yopmail.com;1982-07-20
1114;Dari;Prober;Dari.Prober@yopmail.com;2002-06-10
1115;Rebeca;Stilwell;Rebeca.Stilwell@yopmail.com;1924-08-18
1116;Shandie;Astra;Shandie.Astra@yopmail.com;2007-02-24
1117;Cacilie;Berriman;Cacilie.Berriman@yopmail.com;2015-06-10
1118;Tarra;Morehouse;Tarra.Morehouse@yopmail.com;1923-11-11
1119;Ebonee;Adrienne;Ebonee.Adrienne@yopmail.com;1912-07-16
1120;Florencia;Carri;Florencia.Carri@yopmail.com;1953-07-27
1121;Melanie;Louanna;Melanie.Louanna@yopmail.com;1930-04-29
1122;Sophia;Melan;Sophia.Melan@yopmail.com;2003-04-10
1123;Oralee;Gower;Oralee.Gower@yopmail.com;2005-04-16
1124;Merry;Reinke;Merry.Reinke@yopmail.com;1923-01-28
1125;Marika;Sprage;Marika.Sprage@yopmail.com;1948-04-29
1126;Harrietta;Edmund;Harrietta.Edmund@yopmail.com;1968-03-07
1127;Ethel;Paton;Ethel.Paton@yopmail.com;1936-04-15
1128;Kara-Lynn;Tillford;Kara-Lynn.Tillford@yopmail.com;1909-05-09
1129;Alisha;Tillford;Alisha.Tillford@yopmail.com;1906-11-17
1130;Sara-Ann;Friede;Sara-Ann.Friede@yopmail.com;1946-03-07
1131;Shel;Morehouse;Shel.Morehouse@yopmail.com;1931-06-06
1132;Belinda;Evangelia;Belinda.Evangelia@yopmail.com;1965-06-16
1133;Sibella;Alexandr;Sibella.Alexandr@yopmail.com;1903-04-10
1134;Krystle;Moina;Krystle.Moina@yopmail.com;1947-05-08
1135;Flory;Zola;Flory.Zola@yopmail.com;1975-06-16
1136;Madeleine;Ovid;Madeleine.Ovid@yopmail.com;1953-06-12
1137;Stacey;Orlene;Stacey.Orlene@yopmail.com;1948-11-13
1138;Olwen;Decato;Olwen.Decato@yopmail.com;1928-05-19
1139;Belinda;Lucienne;Belinda.Lucienne@yopmail.com;1993-08-14
1140;Gisela;Atcliffe;Gisela.Atcliffe@yopmail.com;1913-08-02
1141;Trixi;Wolfgram;Trixi.Wolfgram@yopmail.com;1922-02-14
1142;Bertine;Gaal;Bertine.Gaal@yopmail.com;1982-05-16
1143;Henriette;Brackely;Henriette.Brackely@yopmail.com;1984-01-24
1144;Halette;Firmin;Halette.Firmin@yopmail.com;1964-02-12
1145;Drucie;Lail;Drucie.Lail@yopmail.com;2015-08-12
1146;Cyb;Emanuel;Cyb.Emanuel@yopmail.com;1992-07-15
1147;Sheree;Kiyoshi;Sheree.Kiyoshi@yopmail.com;1997-12-23
1148;Petronia;Bury;Petronia.Bury@yopmail.com;1975-07-04
1149;Gusty;Jacqui;Gusty.Jacqui@yopmail.com;2012-07-08
1150;Constance;Creamer;Constance.Creamer@yopmail.com;1979-03-06
1151;Eugine;Brotherson;Eugine.Brotherson@yopmail.com;1908-02-18
1152;Rochette;Terrence;Rochette.Terrence@yopmail.com;1913-06-25
1153;Janenna;Wildermuth;Janenna.Wildermuth@yopmail.com;1948-06-06
1154;Marline;Celestine;Marline.Celestine@yopmail.com;1956-10-01
1155;Violet;Jammal;Violet.Jammal@yopmail.com;1963-12-29
1156;Hermione;Old;Hermione.Old@yopmail.com;1922-01-18
1157;Cathie;Roarke;Cathie.Roarke@yopmail.com;1951-03-22
1158;Ayn;Sasnett;Ayn.Sasnett@yopmail.com;1906-03-22
1159;Bobinette;Rona;Bobinette.Rona@yopmail.com;1906-07-21
1160;Florie;Colyer;Florie.Colyer@yopmail.com;1926-01-21
1161;Teddie;Israeli;Teddie.Israeli@yopmail.com;1985-05-15
1162;Myrtice;Taam;Myrtice.Taam@yopmail.com;1983-06-26
1163;Tori;Dorcy;Tori.Dorcy@yopmail.com;1963-09-09
1164;Mireielle;Cressida;Mireielle.Cressida@yopmail.com;2002-05-14
1165;Florencia;Sigfrid;Florencia.Sigfrid@yopmail.com;1943-08-18
1166;Jenilee;Schwejda;Jenilee.Schwejda@yopmail.com;1939-12-31
1167;Aeriela;Infield;Aeriela.Infield@yopmail.com;1958-12-26
1168;Carilyn;Bettine;Carilyn.Bettine@yopmail.com;2007-12-03
1169;Shel;Felecia;Shel.Felecia@yopmail.com;1957-01-04
1170;Clarice;Rocray;Clarice.Rocray@yopmail.com;1998-11-13
1171;Stacey;Justinn;Stacey.Justinn@yopmail.com;1966-07-07
1172;Shirlee;Rossner;Shirlee.Rossner@yopmail.com;1988-08-05
1173;Kayla;Donoghue;Kayla.Donoghue@yopmail.com;2009-01-07
1174;Maryellen;Ioab;Maryellen.Ioab@yopmail.com;1917-09-18
1175;Anthia;Eugenia;Anthia.Eugenia@yopmail.com;1989-01-27
1176;Tina;Marden;Tina.Marden@yopmail.com;1989-01-27
1177;Trixi;Velick;Trixi.Velick@yopmail.com;1953-12-01
1178;Xylina;Velick;Xylina.Velick@yopmail.com;1908-06-29
1179;Tarra;Leonard;Tarra.Leonard@yopmail.com;1934-03-26
1180;Dorene;Hazlett;Dorene.Hazlett@yopmail.com;1998-02-26
1181;Charlena;Bartlett;Charlena.Bartlett@yopmail.com;1972-09-09
1182;Starla;Cadmar;Starla.Cadmar@yopmail.com;1912-07-23
1183;Brietta;Aloise;Brietta.Aloise@yopmail.com;1916-12-20
1184;Mallory;Mathilde;Mallory.Mathilde@yopmail.com;1953-10-08
1185;Jorry;Cullin;Jorry.Cullin@yopmail.com;1958-04-27
1186;Karina;Devlen;Karina.Devlen@yopmail.com;1945-04-30
1187;Maye;Cookie;Maye.Cookie@yopmail.com;1906-12-30
1188;Adelle;Malvino;Adelle.Malvino@yopmail.com;1928-03-14
1189;Millie;Pyle;Millie.Pyle@yopmail.com;2013-12-22
1190;Brietta;Thema;Brietta.Thema@yopmail.com;1998-05-28
1191;Halette;Franza;Halette.Franza@yopmail.com;1998-02-28
1192;Paule;Haerr;Paule.Haerr@yopmail.com;1989-01-13
1193;Mariele;Cimbura;Mariele.Cimbura@yopmail.com;1910-06-09
1194;Paule;Euridice;Paule.Euridice@yopmail.com;1986-02-23
1195;Marika;Gerge;Marika.Gerge@yopmail.com;2010-12-27
1196;Tabbatha;Atonsah;Tabbatha.Atonsah@yopmail.com;1970-01-06
1197;Bertine;Cynar;Bertine.Cynar@yopmail.com;1983-11-09
1198;Fina;Clie;Fina.Clie@yopmail.com;1983-07-24
1199;Roberta;Suanne;Roberta.Suanne@yopmail.com;1930-05-18
1200;Keelia;Moina;Keelia.Moina@yopmail.com;1910-03-08
1201;Donnie;Morgun;Donnie.Morgun@yopmail.com;1979-01-16
1202;Christy;Schalles;Christy.Schalles@yopmail.com;1905-10-16
1203;Allis;Bobbee;Allis.Bobbee@yopmail.com;1912-06-24
1204;Drucie;Carbo;Drucie.Carbo@yopmail.com;1960-03-24
1205;Abbie;Madaih;Abbie.Madaih@yopmail.com;1934-05-06
1206;Genevra;Latini;Genevra.Latini@yopmail.com;1994-01-27
1207;Tami;Malanie;Tami.Malanie@yopmail.com;1927-02-27
1208;Isa;Winnick;Isa.Winnick@yopmail.com;1954-03-30
1209;Dione;Henebry;Dione.Henebry@yopmail.com;2006-12-05
1210;Clementine;Madox;Clementine.Madox@yopmail.com;1972-12-01
1211;Ninnetta;Schwejda;Ninnetta.Schwejda@yopmail.com;1919-11-04
1212;Abbie;Medrek;Abbie.Medrek@yopmail.com;1919-10-28
1213;Lilith;Odysseus;Lilith.Odysseus@yopmail.com;1986-06-12
1214;Inga;Allina;Inga.Allina@yopmail.com;1907-04-02
1215;Jasmina;Gabrielli;Jasmina.Gabrielli@yopmail.com;1969-06-20
1216;Bertine;Berriman;Bertine.Berriman@yopmail.com;1948-10-07
1217;Janey;Ashely;Janey.Ashely@yopmail.com;1988-06-09
1218;Mignon;Sheng;Mignon.Sheng@yopmail.com;2016-05-01
1219;Heida;Florina;Heida.Florina@yopmail.com;1944-11-17
1220;Ana;Florina;Ana.Florina@yopmail.com;1977-04-18
1221;Myriam;Gahl;Myriam.Gahl@yopmail.com;1925-10-03
1222;Shauna;Gaspard;Shauna.Gaspard@yopmail.com;1901-12-30
1223;Cristabel;Thilda;Cristabel.Thilda@yopmail.com;1951-04-16
1224;Penelopa;Papageno;Penelopa.Papageno@yopmail.com;1952-09-27
1225;Kaia;Hedve;Kaia.Hedve@yopmail.com;1955-03-26
1226;Roxane;Carlson;Roxane.Carlson@yopmail.com;1952-08-04
1227;Mariele;Freddi;Mariele.Freddi@yopmail.com;1996-02-26
1228;Cindelyn;Cherianne;Cindelyn.Cherianne@yopmail.com;1905-03-04
1229;Tomasina;Korey;Tomasina.Korey@yopmail.com;2001-10-11
1230;Mariann;Love;Mariann.Love@yopmail.com;1919-12-05
1231;Candi;Latini;Candi.Latini@yopmail.com;1957-07-27
1232;Alyssa;Jorgan;Alyssa.Jorgan@yopmail.com;1996-04-16
1233;Dede;Oster;Dede.Oster@yopmail.com;1929-07-19
1234;Myrtice;Bettine;Myrtice.Bettine@yopmail.com;1947-06-07
1235;Nonnah;Eliathas;Nonnah.Eliathas@yopmail.com;1953-03-08
1236;Rebeca;Dash;Rebeca.Dash@yopmail.com;1953-05-14
1237;Bertine;Fleeta;Bertine.Fleeta@yopmail.com;1914-11-11
1238;Mellicent;Skurnik;Mellicent.Skurnik@yopmail.com;1966-10-18
1239;Robinia;Havens;Robinia.Havens@yopmail.com;1934-04-23
1240;Christal;Gahl;Christal.Gahl@yopmail.com;1938-04-27
1241;Tamqrah;Ortrude;Tamqrah.Ortrude@yopmail.com;2002-11-17
1242;Livvyy;Edmund;Livvyy.Edmund@yopmail.com;2010-11-28
1243;Annice;Prober;Annice.Prober@yopmail.com;1908-05-17
1244;Bee;Roumell;Bee.Roumell@yopmail.com;1955-09-26
1245;Clary;Mullane;Clary.Mullane@yopmail.com;1902-06-15
1246;Carol-Jean;Hoban;Carol-Jean.Hoban@yopmail.com;1931-04-15
1247;Kayla;Lenny;Kayla.Lenny@yopmail.com;1916-03-26
1248;Jan;Sandye;Jan.Sandye@yopmail.com;1996-10-07
1249;Joleen;Dudley;Joleen.Dudley@yopmail.com;2010-03-26
1250;Britni;Gaulin;Britni.Gaulin@yopmail.com;1947-03-16
1251;Kial;Roumell;Kial.Roumell@yopmail.com;1949-09-29
1252;Judy;Sawtelle;Judy.Sawtelle@yopmail.com;1941-05-26
1253;Carmela;Bethany;Carmela.Bethany@yopmail.com;1936-02-12
1254;Almeta;Lamoree;Almeta.Lamoree@yopmail.com;1924-04-08
1255;Nananne;Boycey;Nananne.Boycey@yopmail.com;1964-04-22
1256;Fidelia;Pearse;Fidelia.Pearse@yopmail.com;1963-06-02
1257;Frank;Jacobah;Frank.Jacobah@yopmail.com;1977-10-28
1258;Peri;Niccolo;Peri.Niccolo@yopmail.com;1977-03-09
1259;Augustine;Earlie;Augustine.Earlie@yopmail.com;1922-07-23
1260;Rosene;Sheedy;Rosene.Sheedy@yopmail.com;1911-10-10
1261;Angelique;Eachern;Angelique.Eachern@yopmail.com;1991-11-20
1262;Nickie;Juliet;Nickie.Juliet@yopmail.com;1963-06-13
1263;Benita;Naashom;Benita.Naashom@yopmail.com;2007-04-28
1264;Alisha;Sherrie;Alisha.Sherrie@yopmail.com;1967-03-20
1265;Estell;Lenny;Estell.Lenny@yopmail.com;1946-03-16
1266;Jessy;Eugenia;Jessy.Eugenia@yopmail.com;2000-06-11
1267;Chloris;Carmena;Chloris.Carmena@yopmail.com;1981-09-15
1268;Jasmina;Eliathas;Jasmina.Eliathas@yopmail.com;1989-10-31
1269;Mureil;Elisha;Mureil.Elisha@yopmail.com;1992-08-19
1270;Elsie;Toor;Elsie.Toor@yopmail.com;1924-04-23
1271;Kore;Danby;Kore.Danby@yopmail.com;2013-03-07
1272;Marcy;Harl;Marcy.Harl@yopmail.com;1945-09-19
1273;Maridel;Joseph;Maridel.Joseph@yopmail.com;1988-06-12
1274;Shirlee;Cecile;Shirlee.Cecile@yopmail.com;1934-09-25
1275;Lelah;Paton;Lelah.Paton@yopmail.com;2004-01-14
1276;Perry;Toor;Perry.Toor@yopmail.com;1996-07-17
1277;Di;Narton;Di.Narton@yopmail.com;1986-02-01
1278;Marinna;Ellerey;Marinna.Ellerey@yopmail.com;1975-07-21
1279;Leia;O'Rourke;Leia.O'Rourke@yopmail.com;1906-03-12
1280;Jenda;Terrence;Jenda.Terrence@yopmail.com;1979-06-04
1281;Stacey;Liebermann;Stacey.Liebermann@yopmail.com;1927-11-10
1282;Brietta;Elvyn;Brietta.Elvyn@yopmail.com;1991-01-18
1283;Marsiella;Ciapas;Marsiella.Ciapas@yopmail.com;1959-08-09
1284;Sharlene;Federica;Sharlene.Federica@yopmail.com;2017-04-15
1285;Lucy;Trinetta;Lucy.Trinetta@yopmail.com;2004-06-22
1286;Meriel;Hylan;Meriel.Hylan@yopmail.com;1984-01-09
1287;Andeee;Smitt;Andeee.Smitt@yopmail.com;1960-05-30
1288;Renae;Vale;Renae.Vale@yopmail.com;1923-09-08
1289;Iseabal;Noam;Iseabal.Noam@yopmail.com;1948-01-06
1290;Priscilla;Birdella;Priscilla.Birdella@yopmail.com;1953-07-11
1291;Nariko;Frodi;Nariko.Frodi@yopmail.com;1978-07-08
1292;Marleah;Ammann;Marleah.Ammann@yopmail.com;1985-09-14
1293;Winny;Clarissa;Winny.Clarissa@yopmail.com;1917-07-29
1294;Ketti;Colleen;Ketti.Colleen@yopmail.com;1953-09-04
1295;Demetris;Byrne;Demetris.Byrne@yopmail.com;1990-02-10
1296;Sindee;Wiener;Sindee.Wiener@yopmail.com;1901-11-03
1297;Chickie;Linehan;Chickie.Linehan@yopmail.com;1936-09-24
1298;Lynnea;Mintz;Lynnea.Mintz@yopmail.com;1924-04-10
1299;Annabela;Sadowski;Annabela.Sadowski@yopmail.com;1971-01-03
1300;Kalina;Chesna;Kalina.Chesna@yopmail.com;2007-08-04
1301;Robbi;Ramona;Robbi.Ramona@yopmail.com;1982-11-08
1302;Paulita;Tice;Paulita.Tice@yopmail.com;1952-03-16
1303;Jaclyn;Emmy;Jaclyn.Emmy@yopmail.com;1945-03-29
1304;Vere;Bonucci;Vere.Bonucci@yopmail.com;1957-08-24
1305;Theodora;Palocz;Theodora.Palocz@yopmail.com;1977-09-23
1306;Carolina;Suk;Carolina.Suk@yopmail.com;1932-08-04
1307;Marika;Urias;Marika.Urias@yopmail.com;1928-06-08
1308;Misha;Leffen;Misha.Leffen@yopmail.com;1946-12-05
1309;Alisha;Loleta;Alisha.Loleta@yopmail.com;1902-03-05
1310;Karly;Fitzsimmons;Karly.Fitzsimmons@yopmail.com;1939-05-30
1311;Codie;Brieta;Codie.Brieta@yopmail.com;1981-07-18
1312;Tori;Ade;Tori.Ade@yopmail.com;1922-01-02
1313;Randa;Maxi;Randa.Maxi@yopmail.com;1929-02-14
1314;Lexine;Bollay;Lexine.Bollay@yopmail.com;1987-08-08
1315;Carmela;Khorma;Carmela.Khorma@yopmail.com;1978-12-13
1316;Minne;Richers;Minne.Richers@yopmail.com;2002-11-17
1317;Tani;Cherianne;Tani.Cherianne@yopmail.com;1970-01-30
1318;Lacie;Pillsbury;Lacie.Pillsbury@yopmail.com;1907-08-25
1319;Noelle;Kelula;Noelle.Kelula@yopmail.com;2008-04-11
1320;Vita;Kristi;Vita.Kristi@yopmail.com;1914-03-04
1321;Pierette;Miru;Pierette.Miru@yopmail.com;1903-10-08
1322;Winifred;Ochs;Winifred.Ochs@yopmail.com;1958-05-07
1323;Netty;Mott;Netty.Mott@yopmail.com;1999-07-23
1324;Hayley;Cyrie;Hayley.Cyrie@yopmail.com;1912-10-17
1325;Carly;Emmaline;Carly.Emmaline@yopmail.com;1927-04-25
1326;Renie;Alrich;Renie.Alrich@yopmail.com;1986-03-08
1327;Katharina;Noelyn;Katharina.Noelyn@yopmail.com;1980-09-28
1328;Marti;Jacobah;Marti.Jacobah@yopmail.com;1997-01-31
1329;Ruthe;Pozzy;Ruthe.Pozzy@yopmail.com;2008-06-28
1330;Linzy;Scammon;Linzy.Scammon@yopmail.com;1969-09-11
1331;Roslyn;Ailyn;Roslyn.Ailyn@yopmail.com;1970-03-25
1332;Rayna;Bohlin;Rayna.Bohlin@yopmail.com;1997-07-09
1333;Ninnetta;Rudolph;Ninnetta.Rudolph@yopmail.com;1925-08-01
1334;Julieta;Pattin;Julieta.Pattin@yopmail.com;1963-12-14
1335;Babita;Henebry;Babita.Henebry@yopmail.com;1976-06-23
1336;Dolli;Yam;Dolli.Yam@yopmail.com;1980-11-28
1337;Chastity;Couture;Chastity.Couture@yopmail.com;1968-05-16
1338;Brandise;Rozanna;Brandise.Rozanna@yopmail.com;1974-12-26
1339;Binny;Romelda;Binny.Romelda@yopmail.com;1951-10-07
1340;Ketti;Quinn;Ketti.Quinn@yopmail.com;1942-10-11
1341;Roseline;Jethro;Roseline.Jethro@yopmail.com;2001-11-06
1342;Tani;Durware;Tani.Durware@yopmail.com;1989-06-05
1343;Lanae;Brittani;Lanae.Brittani@yopmail.com;1948-06-05
1344;Karlee;Ball;Karlee.Ball@yopmail.com;1975-10-02
1345;Aurelie;Lunsford;Aurelie.Lunsford@yopmail.com;1911-03-16
1346;Gavrielle;Xerxes;Gavrielle.Xerxes@yopmail.com;1912-06-07
1347;Max;Turne;Max.Turne@yopmail.com;1924-04-15
1348;Sara-Ann;Faria;Sara-Ann.Faria@yopmail.com;1937-06-16
1349;Claudina;Susannah;Claudina.Susannah@yopmail.com;1998-11-28
1350;Rosanne;Kelula;Rosanne.Kelula@yopmail.com;1998-07-09
1351;Dyann;Ephrem;Dyann.Ephrem@yopmail.com;1939-12-13
1352;Marleah;Vivle;Marleah.Vivle@yopmail.com;1949-02-10
1353;Dale;Rossner;Dale.Rossner@yopmail.com;1937-07-30
1354;Flo;Nadia;Flo.Nadia@yopmail.com;2014-01-10
1355;Rivalee;Tarrant;Rivalee.Tarrant@yopmail.com;1964-09-28
1356;Neila;Hanleigh;Neila.Hanleigh@yopmail.com;1943-07-14
1357;Thalia;Edison;Thalia.Edison@yopmail.com;1959-06-02
1358;Beth;Jobi;Beth.Jobi@yopmail.com;1962-09-29
1359;Hildegaard;Schenck;Hildegaard.Schenck@yopmail.com;1985-03-20
1360;Sara-Ann;Toni;Sara-Ann.Toni@yopmail.com;1980-09-12
1361;Allis;Mata;Allis.Mata@yopmail.com;1944-10-29
1362;Berget;Israeli;Berget.Israeli@yopmail.com;2012-06-13
1363;Gerianna;Fry;Gerianna.Fry@yopmail.com;1900-01-13
1364;Gale;Izaak;Gale.Izaak@yopmail.com;2019-01-27
1365;Dacia;Means;Dacia.Means@yopmail.com;1922-06-18
1366;Althea;Luhe;Althea.Luhe@yopmail.com;1936-02-06
1367;Babita;Obed;Babita.Obed@yopmail.com;1914-03-21
1368;Hildegaard;Alejoa;Hildegaard.Alejoa@yopmail.com;1900-12-18
1369;Dulcinea;Cherianne;Dulcinea.Cherianne@yopmail.com;1931-08-12
1370;Concettina;Granoff;Concettina.Granoff@yopmail.com;1985-08-10
1371;Leanna;Tacye;Leanna.Tacye@yopmail.com;1962-12-17
1372;Ninnetta;Noam;Ninnetta.Noam@yopmail.com;1967-07-05
1373;Maridel;Brittani;Maridel.Brittani@yopmail.com;1927-11-03
1374;Leona;Margarete;Leona.Margarete@yopmail.com;2015-07-14
1375;Margarette;Whiffen;Margarette.Whiffen@yopmail.com;1990-01-22
1376;Selma;Wilona;Selma.Wilona@yopmail.com;2015-08-17
1377;Riannon;Marsden;Riannon.Marsden@yopmail.com;1904-01-06
1378;Rochette;Primalia;Rochette.Primalia@yopmail.com;1997-09-23
1379;Clarice;Manolo;Clarice.Manolo@yopmail.com;1950-05-04
1380;Minda;Gamaliel;Minda.Gamaliel@yopmail.com;1903-08-31
1381;Tonia;Fax;Tonia.Fax@yopmail.com;1901-03-07
1382;Helsa;Poppy;Helsa.Poppy@yopmail.com;1929-03-12
1383;Gavrielle;Faro;Gavrielle.Faro@yopmail.com;1948-11-20
1384;Kittie;Lucienne;Kittie.Lucienne@yopmail.com;1987-05-23
1385;Kaja;Lory;Kaja.Lory@yopmail.com;1962-06-27
1386;Frances;Roche;Frances.Roche@yopmail.com;1937-02-19
1387;Liana;Schwejda;Liana.Schwejda@yopmail.com;2019-01-22
1388;Vanessa;Ventre;Vanessa.Ventre@yopmail.com;2016-10-11
1389;Cacilie;Clarissa;Cacilie.Clarissa@yopmail.com;2007-03-16
1390;Juliane;Primalia;Juliane.Primalia@yopmail.com;1956-12-04
1391;Keelia;Haldas;Keelia.Haldas@yopmail.com;1964-12-02
1392;Tobe;Wooster;Tobe.Wooster@yopmail.com;1905-11-29
1393;Peri;Natalia;Peri.Natalia@yopmail.com;1999-08-31
1394;Heddie;Frodi;Heddie.Frodi@yopmail.com;1939-12-25
1395;Elvira;Faust;Elvira.Faust@yopmail.com;1930-03-17
1396;Chickie;Autrey;Chickie.Autrey@yopmail.com;1917-03-10
1397;Gertrud;Cadmar;Gertrud.Cadmar@yopmail.com;1903-09-15
1398;Max;Aurelio;Max.Aurelio@yopmail.com;1926-11-22
1399;Cacilie;Niccolo;Cacilie.Niccolo@yopmail.com;1902-08-05
1400;Orelia;Craggie;Orelia.Craggie@yopmail.com;1905-01-01
1401;Lorie;Westphal;Lorie.Westphal@yopmail.com;2003-12-08
1402;Jennica;Munn;Jennica.Munn@yopmail.com;1996-03-31
1403;Nadine;Iiette;Nadine.Iiette@yopmail.com;1932-10-29
1404;Roseline;Clara;Roseline.Clara@yopmail.com;1991-06-04
1405;Courtnay;Jalbert;Courtnay.Jalbert@yopmail.com;1951-05-22
1406;Althea;Nunci;Althea.Nunci@yopmail.com;1930-02-03
1407;Brena;Rossner;Brena.Rossner@yopmail.com;1965-01-31
1408;Caritta;Tiffa;Caritta.Tiffa@yopmail.com;1910-04-23
1409;Candy;Wenda;Candy.Wenda@yopmail.com;1916-12-22
1410;Renie;Philipp;Renie.Philipp@yopmail.com;1919-08-21
1411;Valera;Suzetta;Valera.Suzetta@yopmail.com;1941-07-14
1412;Brooks;Kendrick;Brooks.Kendrick@yopmail.com;1928-04-16
1413;Alameda;Dorothy;Alameda.Dorothy@yopmail.com;1923-06-27
1414;Althea;Himelman;Althea.Himelman@yopmail.com;1908-11-15
1415;Korrie;Nisbet;Korrie.Nisbet@yopmail.com;1903-06-07
1416;Leona;Lowry;Leona.Lowry@yopmail.com;2012-07-28
1417;Willetta;Rosalba;Willetta.Rosalba@yopmail.com;1954-09-18
1418;Margalo;Esmaria;Margalo.Esmaria@yopmail.com;1992-09-25
1419;Elka;Sammons;Elka.Sammons@yopmail.com;1992-04-23
1420;Reeba;Olin;Reeba.Olin@yopmail.com;1992-01-11
1421;Chickie;Hurley;Chickie.Hurley@yopmail.com;1934-01-21
1422;Lory;Yerkovich;Lory.Yerkovich@yopmail.com;1916-12-22
1423;Audrie;Sasnett;Audrie.Sasnett@yopmail.com;1968-05-15
1424;Sharlene;Elisha;Sharlene.Elisha@yopmail.com;1953-11-13
1425;Gavrielle;Rad;Gavrielle.Rad@yopmail.com;1941-10-30
1426;Karena;Penelopa;Karena.Penelopa@yopmail.com;1904-09-18
1427;Etta;Peti;Etta.Peti@yopmail.com;1921-05-17
1428;Gertrud;Dorine;Gertrud.Dorine@yopmail.com;2010-04-11
1429;Helsa;Tacye;Helsa.Tacye@yopmail.com;1975-10-19
1430;Angelique;Thornburg;Angelique.Thornburg@yopmail.com;1911-11-30
1431;Brana;Bertold;Brana.Bertold@yopmail.com;1920-01-07
1432;Consuela;Love;Consuela.Love@yopmail.com;1920-03-19
1433;Helsa;Sheng;Helsa.Sheng@yopmail.com;1959-04-19
1434;Lorenza;Bobbee;Lorenza.Bobbee@yopmail.com;1994-04-08
1435;Althea;Wadell;Althea.Wadell@yopmail.com;1903-07-23
1436;Sherrie;Halla;Sherrie.Halla@yopmail.com;1988-03-16
1437;Tiffie;Barney;Tiffie.Barney@yopmail.com;1940-07-15
1438;Sarette;Kinnard;Sarette.Kinnard@yopmail.com;1910-04-04
1439;Fina;Anton;Fina.Anton@yopmail.com;1908-03-03
1440;Robinia;Wenoa;Robinia.Wenoa@yopmail.com;1976-04-10
1441;Nelle;Gahl;Nelle.Gahl@yopmail.com;2014-10-28
1442;Catharine;Lay;Catharine.Lay@yopmail.com;1961-12-31
1443;Noelle;Hailee;Noelle.Hailee@yopmail.com;1904-07-20
1444;Tina;Oneida;Tina.Oneida@yopmail.com;2014-09-29
1445;Christal;Mayeda;Christal.Mayeda@yopmail.com;1976-07-05
1446;Candi;Ailyn;Candi.Ailyn@yopmail.com;1929-07-16
1447;Sallie;Ade;Sallie.Ade@yopmail.com;1977-06-10
1448;Isa;Sperling;Isa.Sperling@yopmail.com;1952-11-09
1449;Daphne;Melan;Daphne.Melan@yopmail.com;2012-10-03
1450;Ada;Henebry;Ada.Henebry@yopmail.com;1930-12-03
1451;Dacia;Brian;Dacia.Brian@yopmail.com;1979-06-23
1452;Ginnie;Oscar;Ginnie.Oscar@yopmail.com;1912-01-15
1453;Cristine;Tybald;Cristine.Tybald@yopmail.com;2001-05-03
1454;Damaris;Urania;Damaris.Urania@yopmail.com;2007-09-03
1455;Catharine;Gilmour;Catharine.Gilmour@yopmail.com;1964-12-19
1456;Shaine;Hertzfeld;Shaine.Hertzfeld@yopmail.com;2000-03-11
1457;Estell;Viddah;Estell.Viddah@yopmail.com;2009-10-23
1458;Corene;Tengdin;Corene.Tengdin@yopmail.com;1929-01-31
1459;Elsie;Melan;Elsie.Melan@yopmail.com;1994-05-11
1460;Miquela;Posner;Miquela.Posner@yopmail.com;1959-09-25
1461;Annora;Karylin;Annora.Karylin@yopmail.com;1944-03-24
1462;Melodie;Ball;Melodie.Ball@yopmail.com;1928-11-20
1463;Meghann;Susannah;Meghann.Susannah@yopmail.com;1997-12-05
1464;Karolina;Podvin;Karolina.Podvin@yopmail.com;1922-09-08
1465;Gabi;Flita;Gabi.Flita@yopmail.com;1940-07-24
1466;Anthia;Ioab;Anthia.Ioab@yopmail.com;2000-07-11
1467;Jackie;Reinke;Jackie.Reinke@yopmail.com;1972-11-17
1468;Korrie;Alcott;Korrie.Alcott@yopmail.com;1958-04-22
1469;Alameda;Tice;Alameda.Tice@yopmail.com;1928-10-08
1470;Rosaline;Kesley;Rosaline.Kesley@yopmail.com;1907-05-07
1471;Karina;Giule;Karina.Giule@yopmail.com;1934-11-03
1472;Thalia;Raychel;Thalia.Raychel@yopmail.com;1923-12-13
1473;Audrie;Arquit;Audrie.Arquit@yopmail.com;1984-04-29
1474;Karina;Lesley;Karina.Lesley@yopmail.com;1953-04-15
1475;Shandie;Jerold;Shandie.Jerold@yopmail.com;1983-11-14
1476;Ericka;Pip;Ericka.Pip@yopmail.com;1969-03-13
1477;Charissa;Nedrud;Charissa.Nedrud@yopmail.com;1956-11-01
1478;Ekaterina;Margarete;Ekaterina.Margarete@yopmail.com;1925-06-02
1479;Jorry;Nadia;Jorry.Nadia@yopmail.com;1987-04-06
1480;Brietta;Brunell;Brietta.Brunell@yopmail.com;1926-09-13
1481;Briney;Laurianne;Briney.Laurianne@yopmail.com;1901-08-04
1482;Loree;Egbert;Loree.Egbert@yopmail.com;2001-09-16
1483;Gaylene;Annabella;Gaylene.Annabella@yopmail.com;2009-10-24
1484;Yvonne;Bigner;Yvonne.Bigner@yopmail.com;1903-09-23
1485;Rivalee;Huggins;Rivalee.Huggins@yopmail.com;2015-09-03
1486;Sam;Ahab;Sam.Ahab@yopmail.com;1978-01-04
1487;Renie;Olin;Renie.Olin@yopmail.com;1927-06-13
1488;Dorothy;Iiette;Dorothy.Iiette@yopmail.com;2006-12-29
1489;Evita;Herrera;Evita.Herrera@yopmail.com;1969-05-30
1490;Mallory;Emerson;Mallory.Emerson@yopmail.com;1912-11-07
1491;Grier;Lamoree;Grier.Lamoree@yopmail.com;1953-09-08
1492;Zsa Zsa;Montgomery;Zsa Zsa.Montgomery@yopmail.com;1977-08-14
1493;Elise;Arley;Elise.Arley@yopmail.com;1940-12-10
1494;Lanae;Tybald;Lanae.Tybald@yopmail.com;1933-08-08
1495;Gaylene;Hutchison;Gaylene.Hutchison@yopmail.com;1960-08-31
1496;Cam;Corrine;Cam.Corrine@yopmail.com;1961-03-16
1497;Jessamyn;Henrie;Jessamyn.Henrie@yopmail.com;1918-05-08
1498;Bill;Stelle;Bill.Stelle@yopmail.com;1919-08-21
1499;Kirstin;Olnee;Kirstin.Olnee@yopmail.com;1984-04-24
1500;Minne;Robertson;Minne.Robertson@yopmail.com;1968-03-18
1501;Natka;Haldas;Natka.Haldas@yopmail.com;1955-07-05
1502;Karly;Liebermann;Karly.Liebermann@yopmail.com;2014-12-28
1503;Gui;Mike;Gui.Mike@yopmail.com;1961-03-12
1504;Tomasina;Cleavland;Tomasina.Cleavland@yopmail.com;1933-06-11
1505;Cherilyn;Killigrew;Cherilyn.Killigrew@yopmail.com;1990-02-27
1506;Felice;Raul;Felice.Raul@yopmail.com;2012-06-05
1507;Clarice;Chinua;Clarice.Chinua@yopmail.com;2013-02-09
1508;Janenna;Anestassia;Janenna.Anestassia@yopmail.com;2008-02-02
1509;Micheline;Presber;Micheline.Presber@yopmail.com;2009-10-09
1510;Hannis;Merriott;Hannis.Merriott@yopmail.com;1978-01-24
1511;Marcelline;Stav;Marcelline.Stav@yopmail.com;1979-04-30
1512;Teriann;Liebermann;Teriann.Liebermann@yopmail.com;1942-01-15
1513;Nananne;Rooney;Nananne.Rooney@yopmail.com;1988-12-24
1514;Brandise;Fiann;Brandise.Fiann@yopmail.com;1934-03-17
1515;Nataline;Allare;Nataline.Allare@yopmail.com;1922-10-28
1516;Ketti;August;Ketti.August@yopmail.com;1933-11-27
1517;Cherrita;Barney;Cherrita.Barney@yopmail.com;2019-11-01
1518;Mathilda;Rubie;Mathilda.Rubie@yopmail.com;1911-08-06
1519;Ketti;Mallon;Ketti.Mallon@yopmail.com;1968-01-18
1520;Marnia;Aaberg;Marnia.Aaberg@yopmail.com;1988-02-11
1521;Zsa Zsa;Waldron;Zsa Zsa.Waldron@yopmail.com;1971-07-30
1522;Arlina;Jobi;Arlina.Jobi@yopmail.com;1913-02-27
1523;Theodora;Allys;Theodora.Allys@yopmail.com;1955-11-11
1524;Adelle;Henrie;Adelle.Henrie@yopmail.com;1976-06-22
1525;Yolane;Kalinda;Yolane.Kalinda@yopmail.com;1965-06-11
1526;Sam;Adrienne;Sam.Adrienne@yopmail.com;1972-12-08
1527;Zia;Dunkin;Zia.Dunkin@yopmail.com;1909-03-11
1528;Ilse;Hubert;Ilse.Hubert@yopmail.com;2010-12-03
1529;Catharine;Magdalen;Catharine.Magdalen@yopmail.com;1942-04-28
1530;Nananne;Baylor;Nananne.Baylor@yopmail.com;1962-01-23
1531;Collen;Carri;Collen.Carri@yopmail.com;1982-08-30
1532;Ketti;Engdahl;Ketti.Engdahl@yopmail.com;1916-06-12
1533;Bertine;Serilda;Bertine.Serilda@yopmail.com;1927-01-01
1534;Jorry;Mayeda;Jorry.Mayeda@yopmail.com;1943-01-18
1535;Emylee;Even;Emylee.Even@yopmail.com;1930-10-07
1536;Carolina;Leopold;Carolina.Leopold@yopmail.com;2007-02-10
1537;Carol-Jean;Ackerley;Carol-Jean.Ackerley@yopmail.com;1990-04-28
1538;Sindee;Woodberry;Sindee.Woodberry@yopmail.com;1912-06-18
1539;Elmira;Jerald;Elmira.Jerald@yopmail.com;1974-12-27
1540;Frieda;Tybald;Frieda.Tybald@yopmail.com;1927-06-17
1541;Cecile;Blisse;Cecile.Blisse@yopmail.com;1975-09-05
1542;Yolane;Joni;Yolane.Joni@yopmail.com;1984-10-11
1543;Mara;Haerr;Mara.Haerr@yopmail.com;1992-12-02
1544;Edee;Harday;Edee.Harday@yopmail.com;1989-04-18
1545;Robinia;Adamsen;Robinia.Adamsen@yopmail.com;1914-08-31
1546;Rochette;Klemperer;Rochette.Klemperer@yopmail.com;1973-12-08
1547;Tina;Beebe;Tina.Beebe@yopmail.com;1956-03-14
1548;Brana;Campball;Brana.Campball@yopmail.com;1915-04-30
1549;Latisha;Stoller;Latisha.Stoller@yopmail.com;1940-04-25
1550;Ada;Jerald;Ada.Jerald@yopmail.com;1966-09-22
1551;Nessie;Letsou;Nessie.Letsou@yopmail.com;1925-05-27
1552;Jenda;Kaja;Jenda.Kaja@yopmail.com;1965-09-01
1553;Annora;Alrich;Annora.Alrich@yopmail.com;1927-02-06
1554;Sibella;Dominy;Sibella.Dominy@yopmail.com;1963-08-11
1555;Liana;Sallyann;Liana.Sallyann@yopmail.com;1963-10-23
1556;Alleen;Judye;Alleen.Judye@yopmail.com;1956-08-01
1557;Vita;Clara;Vita.Clara@yopmail.com;1904-08-22
1558;Thalia;Gusella;Thalia.Gusella@yopmail.com;1936-04-03
1559;Jaime;Dyche;Jaime.Dyche@yopmail.com;1972-06-10
1560;Sheree;Barbey;Sheree.Barbey@yopmail.com;1940-09-14
1561;Emelina;Neva;Emelina.Neva@yopmail.com;1975-08-11
1562;Evaleen;Taima;Evaleen.Taima@yopmail.com;2004-03-29
1563;Gloria;Ammann;Gloria.Ammann@yopmail.com;1986-10-15
1564;Aeriela;Vharat;Aeriela.Vharat@yopmail.com;2006-10-24
1565;Jemie;Bendick;Jemie.Bendick@yopmail.com;1920-11-23
1566;Sharlene;Brian;Sharlene.Brian@yopmail.com;1931-11-27
1567;Sean;Taam;Sean.Taam@yopmail.com;1983-08-11
1568;Hollie;Kenney;Hollie.Kenney@yopmail.com;1933-04-23
1569;Lynea;Berne;Lynea.Berne@yopmail.com;1924-03-10
1570;Barbara;Alcott;Barbara.Alcott@yopmail.com;1964-11-16
1571;Gilda;Hylan;Gilda.Hylan@yopmail.com;1958-12-27
1572;Trudie;Haldas;Trudie.Haldas@yopmail.com;1978-05-14
1573;Winny;Faria;Winny.Faria@yopmail.com;1959-07-24
1574;Sonni;Santoro;Sonni.Santoro@yopmail.com;1957-07-04
1575;Melodie;Bury;Melodie.Bury@yopmail.com;1918-09-27
1576;Estell;Bendick;Estell.Bendick@yopmail.com;1963-02-18
1577;Rochette;Reidar;Rochette.Reidar@yopmail.com;1984-03-25
1578;Candy;Gahl;Candy.Gahl@yopmail.com;1989-11-11
1579;Alyssa;Smitt;Alyssa.Smitt@yopmail.com;1901-11-22
1580;Vevay;Matthew;Vevay.Matthew@yopmail.com;1935-09-01
1581;Tina;Ferrell;Tina.Ferrell@yopmail.com;1981-12-04
1582;Mireielle;Bluh;Mireielle.Bluh@yopmail.com;1930-06-30
1583;Cherilyn;Chinua;Cherilyn.Chinua@yopmail.com;1973-09-22
1584;Georgetta;Gunn;Georgetta.Gunn@yopmail.com;1916-06-07
1585;Di;Keily;Di.Keily@yopmail.com;1954-09-18
1586;Amalie;Mintz;Amalie.Mintz@yopmail.com;1958-05-27
1587;Odessa;Hourigan;Odessa.Hourigan@yopmail.com;1949-01-15
1588;Sheree;Susannah;Sheree.Susannah@yopmail.com;1988-04-22
1589;Cathyleen;Markman;Cathyleen.Markman@yopmail.com;1984-06-17
1590;Mariann;Holbrook;Mariann.Holbrook@yopmail.com;1971-05-30
1591;Susette;Vorster;Susette.Vorster@yopmail.com;1966-09-14
1592;Aeriela;Vivle;Aeriela.Vivle@yopmail.com;1907-07-18
1593;Raina;Hillel;Raina.Hillel@yopmail.com;1948-07-04
1594;Yetty;Mitzi;Yetty.Mitzi@yopmail.com;2019-12-27
1595;Charissa;Donell;Charissa.Donell@yopmail.com;1939-07-27
1596;Oralee;Romelda;Oralee.Romelda@yopmail.com;1904-01-08
1597;Lexine;Mayeda;Lexine.Mayeda@yopmail.com;2017-01-18
1598;Heida;Ardeha;Heida.Ardeha@yopmail.com;1932-02-07
1599;Andree;Hourigan;Andree.Hourigan@yopmail.com;1925-09-10
1600;Tamqrah;Philoo;Tamqrah.Philoo@yopmail.com;1988-05-12
1601;Janis;Alejoa;Janis.Alejoa@yopmail.com;1921-10-05
1602;Desirae;Callista;Desirae.Callista@yopmail.com;2017-12-24
1603;Gilligan;Roxanna;Gilligan.Roxanna@yopmail.com;1930-04-30
1604;Candi;Yate;Candi.Yate@yopmail.com;1912-04-25
1605;Jinny;Ursulette;Jinny.Ursulette@yopmail.com;1908-03-09
1606;Ardeen;Yoko;Ardeen.Yoko@yopmail.com;1917-07-17
1607;Alisha;Haldas;Alisha.Haldas@yopmail.com;1959-01-20
1608;Dorice;Forrer;Dorice.Forrer@yopmail.com;1946-11-24
1609;Concettina;Taam;Concettina.Taam@yopmail.com;1940-05-30
1610;Dorthy;Bashemeth;Dorthy.Bashemeth@yopmail.com;1954-07-15
1611;Rochette;Crudden;Rochette.Crudden@yopmail.com;1964-08-14
1612;Allyce;Ramona;Allyce.Ramona@yopmail.com;1951-04-01
1613;Angelique;Erich;Angelique.Erich@yopmail.com;1903-07-26
1614;Krystle;Dunkin;Krystle.Dunkin@yopmail.com;1967-08-15
1615;Ileana;Cassius;Ileana.Cassius@yopmail.com;1989-07-01
1616;Roz;Billye;Roz.Billye@yopmail.com;1978-07-26
1617;Briney;Sadowski;Briney.Sadowski@yopmail.com;1915-09-23
1618;Thalia;Dichy;Thalia.Dichy@yopmail.com;1981-11-25
1619;Lizzie;Hailee;Lizzie.Hailee@yopmail.com;2019-10-05
1620;Kary;Danby;Kary.Danby@yopmail.com;1983-03-16
1621;Dale;Ethban;Dale.Ethban@yopmail.com;2007-09-07
1622;Lolita;Ranjiv;Lolita.Ranjiv@yopmail.com;1939-06-18
1623;Ardenia;Frodi;Ardenia.Frodi@yopmail.com;1939-03-05
1624;Berget;Corabella;Berget.Corabella@yopmail.com;1908-05-13
1625;Emelina;Zola;Emelina.Zola@yopmail.com;1951-09-20
1626;Bill;Joli;Bill.Joli@yopmail.com;1980-06-14
1627;Elfreda;Sherfield;Elfreda.Sherfield@yopmail.com;1907-06-10
1628;Annecorinne;Sallyann;Annecorinne.Sallyann@yopmail.com;1969-05-24
1629;Fawne;Helfand;Fawne.Helfand@yopmail.com;1915-10-22
1630;Glynnis;Garek;Glynnis.Garek@yopmail.com;1920-04-13
1631;Aurore;Elbertina;Aurore.Elbertina@yopmail.com;1989-10-24
1632;Basia;Wattenberg;Basia.Wattenberg@yopmail.com;1954-12-03
1633;Nicoli;Lutero;Nicoli.Lutero@yopmail.com;2005-06-04
1634;Celene;Shirberg;Celene.Shirberg@yopmail.com;1955-12-16
1635;Zondra;Vilma;Zondra.Vilma@yopmail.com;1931-04-08
1636;Farrah;Tacye;Farrah.Tacye@yopmail.com;1991-03-07
1637;Ermengarde;Myrilla;Ermengarde.Myrilla@yopmail.com;1954-11-30
1638;Debee;Raffo;Debee.Raffo@yopmail.com;1945-06-14
1639;Tressa;Ader;Tressa.Ader@yopmail.com;1908-05-23
1640;Joelly;Marcellus;Joelly.Marcellus@yopmail.com;1913-11-18
1641;Marika;Johanna;Marika.Johanna@yopmail.com;1967-10-12
1642;Kimmy;Zola;Kimmy.Zola@yopmail.com;1998-10-28
1643;Clarice;Gavrila;Clarice.Gavrila@yopmail.com;1934-09-20
1644;Dede;Ledah;Dede.Ledah@yopmail.com;1919-07-13
1645;Celestyna;Zina;Celestyna.Zina@yopmail.com;1916-03-16
1646;Wilma;Montgomery;Wilma.Montgomery@yopmail.com;1985-03-11
1647;Nerta;Yate;Nerta.Yate@yopmail.com;1919-07-24
1648;Celestyna;Denis;Celestyna.Denis@yopmail.com;1913-08-21
1649;Beth;Yuille;Beth.Yuille@yopmail.com;1964-01-02
1650;Perry;Kravits;Perry.Kravits@yopmail.com;1965-01-02
1651;Adriana;Andrel;Adriana.Andrel@yopmail.com;1925-07-06
1652;Annabela;Wesle;Annabela.Wesle@yopmail.com;1979-07-24
1653;Kylynn;Talia;Kylynn.Talia@yopmail.com;1936-06-26
1654;Jenilee;Hepsibah;Jenilee.Hepsibah@yopmail.com;1998-05-18
1655;Stevana;Holbrook;Stevana.Holbrook@yopmail.com;2019-03-19
1656;Nanete;Verger;Nanete.Verger@yopmail.com;1907-05-29
1657;Dale;Peg;Dale.Peg@yopmail.com;1910-03-30
1658;Kimberley;Dominy;Kimberley.Dominy@yopmail.com;2012-07-13
1659;Joane;Lory;Joane.Lory@yopmail.com;1915-02-01
1660;Catrina;Elbertina;Catrina.Elbertina@yopmail.com;2012-05-28
1661;Leeanne;Rossner;Leeanne.Rossner@yopmail.com;1959-02-23
1662;Lesly;Mallon;Lesly.Mallon@yopmail.com;1954-04-24
1663;Flo;Roarke;Flo.Roarke@yopmail.com;1992-05-07
1664;Daryl;Leary;Daryl.Leary@yopmail.com;1926-04-25
1665;Jorry;Odysseus;Jorry.Odysseus@yopmail.com;1943-07-03
1666;Dale;Reinke;Dale.Reinke@yopmail.com;1902-02-20
1667;Melina;Kenney;Melina.Kenney@yopmail.com;1948-08-27
1668;Joy;Raimondo;Joy.Raimondo@yopmail.com;1954-02-25
1669;Charlena;Monaco;Charlena.Monaco@yopmail.com;1954-10-23
1670;Myrtice;Lowry;Myrtice.Lowry@yopmail.com;1990-04-05
1671;Helena;Lewes;Helena.Lewes@yopmail.com;1907-12-27
1672;Ashlee;Martsen;Ashlee.Martsen@yopmail.com;1942-10-17
1673;Blondelle;Fancie;Blondelle.Fancie@yopmail.com;1992-12-26
1674;Janeczka;Bashemeth;Janeczka.Bashemeth@yopmail.com;1978-06-19
1675;Atlanta;Olnee;Atlanta.Olnee@yopmail.com;1973-02-27
1676;Shaylyn;Carbo;Shaylyn.Carbo@yopmail.com;1952-03-22
1677;Therine;Kolnick;Therine.Kolnick@yopmail.com;2014-06-10
1678;Tressa;Teryn;Tressa.Teryn@yopmail.com;2019-05-30
1679;Rayna;Podvin;Rayna.Podvin@yopmail.com;1945-02-10
1680;Ivett;Regan;Ivett.Regan@yopmail.com;1974-11-30
1681;Dari;Ezar;Dari.Ezar@yopmail.com;2007-03-27
1682;Gaylene;Minetta;Gaylene.Minetta@yopmail.com;1959-10-16
1683;Millie;Ethban;Millie.Ethban@yopmail.com;2016-12-26
1684;Gui;Sharl;Gui.Sharl@yopmail.com;1919-03-11
1685;Lisette;Muriel;Lisette.Muriel@yopmail.com;1999-03-29
1686;Gabriellia;Gilmour;Gabriellia.Gilmour@yopmail.com;1995-05-28
1687;Fanny;Felecia;Fanny.Felecia@yopmail.com;1993-04-29
1688;Estell;Keelia;Estell.Keelia@yopmail.com;1900-04-20
1689;Daryl;Georas;Daryl.Georas@yopmail.com;1963-08-17
1690;Mary;Monk;Mary.Monk@yopmail.com;1924-01-30
1691;Mamie;Jammal;Mamie.Jammal@yopmail.com;1900-07-14
1692;Lulita;Robertson;Lulita.Robertson@yopmail.com;1973-10-15
1693;Elfreda;Reneta;Elfreda.Reneta@yopmail.com;1954-12-11
1694;Odessa;Malina;Odessa.Malina@yopmail.com;1903-11-24
1695;Fredericka;Sekofski;Fredericka.Sekofski@yopmail.com;1944-10-23
1696;Clary;Alfons;Clary.Alfons@yopmail.com;1935-10-07
1697;Bibby;Anton;Bibby.Anton@yopmail.com;2005-01-03
1698;Bill;Mathilde;Bill.Mathilde@yopmail.com;1971-03-27
1699;Ayn;Belanger;Ayn.Belanger@yopmail.com;1931-05-24
1700;Florencia;Chinua;Florencia.Chinua@yopmail.com;2012-01-16
1701;Yetty;Elo;Yetty.Elo@yopmail.com;1956-12-08
1702;Ofilia;Haymes;Ofilia.Haymes@yopmail.com;1999-07-26
1703;Doralynne;Hortensia;Doralynne.Hortensia@yopmail.com;1957-05-13
1704;Dagmar;Schalles;Dagmar.Schalles@yopmail.com;1977-02-09
1705;Roz;My;Roz.My@yopmail.com;1974-06-06
1706;Kore;Eben;Kore.Eben@yopmail.com;1916-08-05
1707;Andeee;Quinn;Andeee.Quinn@yopmail.com;1919-09-11
1708;Jessamyn;Heisel;Jessamyn.Heisel@yopmail.com;1947-02-11
1709;Tilly;Means;Tilly.Means@yopmail.com;1965-11-10
1710;Yvonne;Dash;Yvonne.Dash@yopmail.com;1973-07-08
1711;Di;Gilbertson;Di.Gilbertson@yopmail.com;2004-02-19
1712;Ernesta;Marcellus;Ernesta.Marcellus@yopmail.com;1979-02-15
1713;Augustine;Harriman;Augustine.Harriman@yopmail.com;2004-10-23
1714;Maurene;Sabella;Maurene.Sabella@yopmail.com;1916-07-24
1715;Beatriz;Michella;Beatriz.Michella@yopmail.com;1991-06-21
1716;Lelah;Richers;Lelah.Richers@yopmail.com;1993-06-13
1717;Miquela;Henebry;Miquela.Henebry@yopmail.com;1953-09-23
1718;Loree;Lissi;Loree.Lissi@yopmail.com;2010-08-09
1719;Nikki;Kathie;Nikki.Kathie@yopmail.com;1906-09-04
1720;Charlena;Douglass;Charlena.Douglass@yopmail.com;1968-10-24
1721;Odessa;Halla;Odessa.Halla@yopmail.com;1956-05-23
1722;Gusella;Riva;Gusella.Riva@yopmail.com;1965-01-16
1723;Doralynne;Maryanne;Doralynne.Maryanne@yopmail.com;1944-10-21
1724;Addia;Dituri;Addia.Dituri@yopmail.com;1934-03-20
1725;Paulita;Odell;Paulita.Odell@yopmail.com;1969-10-05
1726;Quintina;Mathilde;Quintina.Mathilde@yopmail.com;1905-12-19
1727;Gabriellia;Helve;Gabriellia.Helve@yopmail.com;1958-12-18
1728;Bernardine;Bahr;Bernardine.Bahr@yopmail.com;1998-03-15
1729;Trixi;Raul;Trixi.Raul@yopmail.com;1900-06-02
1730;Clementine;Himelman;Clementine.Himelman@yopmail.com;2016-04-30
1731;Ida;Leonard;Ida.Leonard@yopmail.com;1971-03-22
1732;Carlie;Yuille;Carlie.Yuille@yopmail.com;1908-09-19
1733;Sidoney;Evangelia;Sidoney.Evangelia@yopmail.com;1991-08-15
1734;Ilse;Forrer;Ilse.Forrer@yopmail.com;1995-06-14
1735;Mellicent;Aldric;Mellicent.Aldric@yopmail.com;1928-08-11
1736;Dede;Graig;Dede.Graig@yopmail.com;1908-06-23
1737;Aryn;Henrie;Aryn.Henrie@yopmail.com;1950-06-16
1738;Leia;Bearnard;Leia.Bearnard@yopmail.com;1957-11-24
1739;Aaren;Chrystel;Aaren.Chrystel@yopmail.com;1995-05-10
1740;Patricia;Marlie;Patricia.Marlie@yopmail.com;1900-07-19
1741;Johna;Hortensia;Johna.Hortensia@yopmail.com;1992-10-14
1742;Beatriz;Ulphia;Beatriz.Ulphia@yopmail.com;2014-06-16
1743;Brietta;Ramona;Brietta.Ramona@yopmail.com;1920-01-21
1744;Betta;Hathaway;Betta.Hathaway@yopmail.com;1946-07-19
1745;Selma;Montgomery;Selma.Montgomery@yopmail.com;1986-11-13
1746;Norine;Hepsibah;Norine.Hepsibah@yopmail.com;2004-03-11
1747;Ivett;Raseda;Ivett.Raseda@yopmail.com;1949-07-16
1748;Etta;Ariella;Etta.Ariella@yopmail.com;1916-01-16
1749;Asia;Federica;Asia.Federica@yopmail.com;1942-01-18
1750;Miquela;Gilbertson;Miquela.Gilbertson@yopmail.com;1907-07-24
1751;Farrah;Zachary;Farrah.Zachary@yopmail.com;1985-11-06
1752;Lory;Gemini;Lory.Gemini@yopmail.com;2008-08-29
1753;Adore;Tomasina;Adore.Tomasina@yopmail.com;1936-01-03
1754;Laure;Azeria;Laure.Azeria@yopmail.com;1937-01-19
1755;Monika;Aaberg;Monika.Aaberg@yopmail.com;1984-06-28
1756;Cassondra;Kat;Cassondra.Kat@yopmail.com;1924-12-23
1757;Jackie;Roarke;Jackie.Roarke@yopmail.com;1937-04-08
1758;Elbertina;Judye;Elbertina.Judye@yopmail.com;2004-09-04
1759;Barbara;Kare;Barbara.Kare@yopmail.com;1907-10-15
1760;Kamilah;Krystle;Kamilah.Krystle@yopmail.com;1934-07-27
1761;Annice;Wooster;Annice.Wooster@yopmail.com;1952-06-14
1762;Sonni;Henrie;Sonni.Henrie@yopmail.com;2000-10-25
1763;Leanna;Brady;Leanna.Brady@yopmail.com;1978-10-21
1764;Cristine;Harday;Cristine.Harday@yopmail.com;2007-03-18
1765;Britte;Merat;Britte.Merat@yopmail.com;1999-09-09
1766;Marika;Garbe;Marika.Garbe@yopmail.com;1913-10-22
1767;Carolina;Minetta;Carolina.Minetta@yopmail.com;1938-01-03
1768;Catrina;Heisel;Catrina.Heisel@yopmail.com;2003-06-16
1769;Morganica;Toor;Morganica.Toor@yopmail.com;1952-12-04
1770;Dione;Shaver;Dione.Shaver@yopmail.com;1930-05-10
1771;Nanete;Ortrude;Nanete.Ortrude@yopmail.com;1907-01-17
1772;Rori;MacIntosh;Rori.MacIntosh@yopmail.com;1910-01-02
1773;Hollie;Magnolia;Hollie.Magnolia@yopmail.com;1981-08-13
1774;Lily;Wiener;Lily.Wiener@yopmail.com;2018-11-19
1775;Anica;Japeth;Anica.Japeth@yopmail.com;2003-05-01
1776;Monika;Podvin;Monika.Podvin@yopmail.com;1942-03-30
1777;Joleen;Halla;Joleen.Halla@yopmail.com;1968-09-29
1778;Kalina;Janith;Kalina.Janith@yopmail.com;1974-06-08
1779;Coral;Luhe;Coral.Luhe@yopmail.com;1993-09-30
1780;Doro;Kenwood;Doro.Kenwood@yopmail.com;1910-10-20
1781;Chickie;Laverne;Chickie.Laverne@yopmail.com;1983-06-28
1782;Eve;Leifeste;Eve.Leifeste@yopmail.com;1957-05-02
1783;Malina;Terrence;Malina.Terrence@yopmail.com;1960-08-31
1784;Charissa;Jobi;Charissa.Jobi@yopmail.com;1925-02-01
1785;Beth;Orlene;Beth.Orlene@yopmail.com;1977-11-27
1786;Jsandye;Granoff;Jsandye.Granoff@yopmail.com;1996-03-18
1787;Allyce;Merna;Allyce.Merna@yopmail.com;1911-03-31
1788;Jany;Stanwood;Jany.Stanwood@yopmail.com;1999-09-08
1789;Kayla;Buttaro;Kayla.Buttaro@yopmail.com;1968-04-10
1790;Shell;Sandye;Shell.Sandye@yopmail.com;1935-01-14
1791;Sheelagh;Garlinda;Sheelagh.Garlinda@yopmail.com;1927-01-12
1792;Deedee;Capello;Deedee.Capello@yopmail.com;1954-07-03
1793;Lelah;Birdella;Lelah.Birdella@yopmail.com;1946-12-04
1794;Karina;Yate;Karina.Yate@yopmail.com;1936-08-02
1795;Cassondra;Danby;Cassondra.Danby@yopmail.com;1946-10-15
1796;Peri;Geffner;Peri.Geffner@yopmail.com;1992-03-21
1797;Kaia;Rurik;Kaia.Rurik@yopmail.com;1990-04-27
1798;Lory;Daniele;Lory.Daniele@yopmail.com;1907-03-16
1799;Frances;Jena;Frances.Jena@yopmail.com;1959-12-26
1800;Nita;Lymann;Nita.Lymann@yopmail.com;1998-04-30
1801;Mady;Lamoree;Mady.Lamoree@yopmail.com;1991-02-26
1802;Meriel;Pulsifer;Meriel.Pulsifer@yopmail.com;1971-11-17
1803;Katleen;Anestassia;Katleen.Anestassia@yopmail.com;2005-06-01
1804;Gwyneth;Newell;Gwyneth.Newell@yopmail.com;1942-11-13
1805;Kerrin;Nicoline;Kerrin.Nicoline@yopmail.com;1952-12-24
1806;Alyda;Magdalen;Alyda.Magdalen@yopmail.com;2007-04-11
1807;Dode;Florina;Dode.Florina@yopmail.com;1986-09-05
1808;Zaria;Raychel;Zaria.Raychel@yopmail.com;1905-05-15
1809;Daune;Mathilde;Daune.Mathilde@yopmail.com;1947-02-06
1810;Lynea;Colleen;Lynea.Colleen@yopmail.com;2003-08-31
1811;Emylee;Taima;Emylee.Taima@yopmail.com;2015-05-16
1812;Kaia;Raseda;Kaia.Raseda@yopmail.com;1977-06-27
1813;Annice;Brodench;Annice.Brodench@yopmail.com;1932-11-06
1814;Roslyn;Yerkovich;Roslyn.Yerkovich@yopmail.com;1925-08-29
1815;Leia;Pyle;Leia.Pyle@yopmail.com;1913-10-28
1816;Marika;Ammann;Marika.Ammann@yopmail.com;2011-12-12
1817;Quintina;Grimbly;Quintina.Grimbly@yopmail.com;1959-11-03
1818;Gaylene;Moina;Gaylene.Moina@yopmail.com;1911-10-23
1819;Dania;Poppy;Dania.Poppy@yopmail.com;1973-07-31
1820;Valeda;Llovera;Valeda.Llovera@yopmail.com;1924-05-19
1821;Merrie;Palocz;Merrie.Palocz@yopmail.com;1982-05-27
1822;Jackie;Peg;Jackie.Peg@yopmail.com;1900-06-06
1823;Liana;Posner;Liana.Posner@yopmail.com;1944-02-16
1824;Vita;Swanhildas;Vita.Swanhildas@yopmail.com;1983-03-05
1825;Consuela;Erb;Consuela.Erb@yopmail.com;1906-09-28
1826;Ariela;Stacy;Ariela.Stacy@yopmail.com;1921-06-07
1827;Chloris;Penelopa;Chloris.Penelopa@yopmail.com;1935-08-25
1828;Aeriela;Morrill;Aeriela.Morrill@yopmail.com;2012-08-19
1829;Emma;Kirstin;Emma.Kirstin@yopmail.com;1960-09-04
1830;Ariela;Silvan;Ariela.Silvan@yopmail.com;1906-08-16
1831;Viviene;Eben;Viviene.Eben@yopmail.com;1984-08-17
1832;Ardeen;Malvino;Ardeen.Malvino@yopmail.com;1988-06-20
1833;Letizia;Sholley;Letizia.Sholley@yopmail.com;1915-11-03
1834;Augustine;Randene;Augustine.Randene@yopmail.com;1934-04-07
1835;Bernie;Bevin;Bernie.Bevin@yopmail.com;1938-04-02
1836;Allyce;Greyson;Allyce.Greyson@yopmail.com;1955-10-10
1837;Taffy;Beebe;Taffy.Beebe@yopmail.com;2008-12-08
1838;Aili;Miru;Aili.Miru@yopmail.com;1955-11-09
1839;Addia;Goode;Addia.Goode@yopmail.com;1938-10-27
1840;Ruthe;Evvie;Ruthe.Evvie@yopmail.com;1976-05-10
1841;Asia;Claudine;Asia.Claudine@yopmail.com;2005-03-01
1842;Nessie;Burkle;Nessie.Burkle@yopmail.com;1914-04-18
1843;Karena;Naashom;Karena.Naashom@yopmail.com;1934-09-11
1844;Romona;Casimir;Romona.Casimir@yopmail.com;1985-05-15
1845;Kaja;Wu;Kaja.Wu@yopmail.com;1956-11-08
1846;Pollyanna;Milde;Pollyanna.Milde@yopmail.com;2011-06-06
1847;Maisey;Lubin;Maisey.Lubin@yopmail.com;1967-07-12
1848;Libbie;Weide;Libbie.Weide@yopmail.com;1909-07-16
1849;Dode;Carmena;Dode.Carmena@yopmail.com;1999-01-30
1850;Donnie;Ries;Donnie.Ries@yopmail.com;1941-03-14
1851;Bettine;Girardo;Bettine.Girardo@yopmail.com;1922-09-08
1852;Halette;Ophelia;Halette.Ophelia@yopmail.com;1979-08-20
1853;Nonnah;Pillsbury;Nonnah.Pillsbury@yopmail.com;2016-10-21
1854;Maisey;Bryna;Maisey.Bryna@yopmail.com;2016-02-05
1855;Ingrid;Salchunas;Ingrid.Salchunas@yopmail.com;1957-02-20
1856;Elsie;Schlosser;Elsie.Schlosser@yopmail.com;1959-12-18
1857;Pamella;Chauncey;Pamella.Chauncey@yopmail.com;2008-04-22
1858;Natka;Quinn;Natka.Quinn@yopmail.com;1977-07-22
1859;Ardenia;Honoria;Ardenia.Honoria@yopmail.com;1995-02-14
1860;Bobinette;Kamaria;Bobinette.Kamaria@yopmail.com;2000-05-14
1861;Concettina;Hortensia;Concettina.Hortensia@yopmail.com;2002-12-19
1862;Inga;Oriana;Inga.Oriana@yopmail.com;1910-06-01
1863;Ileana;Corabella;Ileana.Corabella@yopmail.com;1962-07-05
1864;Cathie;Fairweather;Cathie.Fairweather@yopmail.com;1912-12-20
1865;Di;Engdahl;Di.Engdahl@yopmail.com;1971-10-15
1866;Arabel;Blisse;Arabel.Blisse@yopmail.com;1953-09-12
1867;Merry;Gunn;Merry.Gunn@yopmail.com;1903-08-28
1868;Merci;Michella;Merci.Michella@yopmail.com;1907-07-27
1869;Fina;Hewitt;Fina.Hewitt@yopmail.com;1909-04-23
1870;Shell;Sacken;Shell.Sacken@yopmail.com;1929-09-27
1871;Ginnie;Natica;Ginnie.Natica@yopmail.com;1969-10-31
1872;Yvonne;Dannye;Yvonne.Dannye@yopmail.com;1919-04-30
1873;Wynne;Mendez;Wynne.Mendez@yopmail.com;1964-06-26
1874;Genevra;Anyah;Genevra.Anyah@yopmail.com;1989-05-01
1875;Emmey;Rozanna;Emmey.Rozanna@yopmail.com;1912-07-03
1876;Hope;Arne;Hope.Arne@yopmail.com;2006-01-26
1877;Kathy;Helfand;Kathy.Helfand@yopmail.com;1934-07-07
1878;Madeleine;Fax;Madeleine.Fax@yopmail.com;1966-04-04
1879;Chrystel;Gregrory;Chrystel.Gregrory@yopmail.com;1980-10-03
1880;Carilyn;Shirberg;Carilyn.Shirberg@yopmail.com;1976-12-31
1881;Celisse;Moseley;Celisse.Moseley@yopmail.com;1993-08-17
1882;Renae;Genna;Renae.Genna@yopmail.com;1904-06-04
1883;Annecorinne;Honoria;Annecorinne.Honoria@yopmail.com;1993-04-25
1884;Berget;Philoo;Berget.Philoo@yopmail.com;1923-02-06
1885;Farrah;Marden;Farrah.Marden@yopmail.com;1951-11-29
1886;Jasmina;Bevin;Jasmina.Bevin@yopmail.com;1900-03-15
1887;Concettina;Haldas;Concettina.Haldas@yopmail.com;1946-05-10
1888;Tina;Destinee;Tina.Destinee@yopmail.com;1905-04-16
1889;Cacilie;Sheng;Cacilie.Sheng@yopmail.com;2006-07-11
1890;Bibby;Sothena;Bibby.Sothena@yopmail.com;2007-04-30
1891;Arlena;Ethban;Arlena.Ethban@yopmail.com;1938-07-22
1892;Sybille;Agle;Sybille.Agle@yopmail.com;1932-08-20
1893;Mureil;Mehalek;Mureil.Mehalek@yopmail.com;1996-02-18
1894;Melina;Alejoa;Melina.Alejoa@yopmail.com;1914-04-23
1895;Morganica;Nerita;Morganica.Nerita@yopmail.com;2017-01-28
1896;Madalyn;Reinke;Madalyn.Reinke@yopmail.com;1949-08-14
1897;Basia;Germann;Basia.Germann@yopmail.com;2007-09-16
1898;Lucy;Goode;Lucy.Goode@yopmail.com;1957-01-20
1899;Joleen;Bigner;Joleen.Bigner@yopmail.com;2015-06-29
1900;Raf;Willie;Raf.Willie@yopmail.com;1958-03-25
1901;Mady;Roarke;Mady.Roarke@yopmail.com;1968-09-15
1902;Trudie;Morgun;Trudie.Morgun@yopmail.com;1907-05-09
1903;Clo;Silvan;Clo.Silvan@yopmail.com;1914-10-19
1904;Wilma;Edvard;Wilma.Edvard@yopmail.com;1982-12-09
1905;Dorice;Eugenia;Dorice.Eugenia@yopmail.com;1930-09-26
1906;Stephanie;Norvol;Stephanie.Norvol@yopmail.com;2016-04-06
1907;Penelopa;Breed;Penelopa.Breed@yopmail.com;1906-11-30
1908;Hettie;Olin;Hettie.Olin@yopmail.com;1932-11-13
1909;Jessy;Ummersen;Jessy.Ummersen@yopmail.com;1938-11-02
1910;Wendi;Ranjiv;Wendi.Ranjiv@yopmail.com;2001-08-31
1911;Philis;Sparhawk;Philis.Sparhawk@yopmail.com;1951-04-24
1912;Blinni;Schroth;Blinni.Schroth@yopmail.com;1939-08-08
1913;Berget;Egbert;Berget.Egbert@yopmail.com;1987-07-08
1914;Teriann;Concha;Teriann.Concha@yopmail.com;1929-11-06
1915;Teddie;Kaete;Teddie.Kaete@yopmail.com;2016-03-03
1916;Keelia;Gaulin;Keelia.Gaulin@yopmail.com;1913-02-17
1917;Ernesta;Bennie;Ernesta.Bennie@yopmail.com;2003-03-08
1918;Shannah;Kesley;Shannah.Kesley@yopmail.com;1936-03-30
1919;Allyce;Barbey;Allyce.Barbey@yopmail.com;1910-08-07
1920;Marinna;Tippets;Marinna.Tippets@yopmail.com;1996-11-04
1921;Krystle;Gerge;Krystle.Gerge@yopmail.com;1918-04-19
1922;Joane;Liva;Joane.Liva@yopmail.com;1920-07-26
1923;Brooks;Kaja;Brooks.Kaja@yopmail.com;1932-01-13
1924;Kayla;Ledah;Kayla.Ledah@yopmail.com;1961-08-13
1925;Gwyneth;Goode;Gwyneth.Goode@yopmail.com;2002-04-05
1926;Phedra;Haerr;Phedra.Haerr@yopmail.com;1915-11-06
1927;Dotty;Pascia;Dotty.Pascia@yopmail.com;1972-12-01
1928;Dorothy;Hylan;Dorothy.Hylan@yopmail.com;1988-04-07
1929;Gratia;Frendel;Gratia.Frendel@yopmail.com;1918-03-01
1930;Feliza;Waldron;Feliza.Waldron@yopmail.com;1966-05-21
1931;Marleah;Fabiola;Marleah.Fabiola@yopmail.com;1954-07-28
1932;Raina;Carmena;Raina.Carmena@yopmail.com;2004-07-05
1933;Di;Japeth;Di.Japeth@yopmail.com;2017-04-20
1934;Jaime;Sabella;Jaime.Sabella@yopmail.com;1914-04-13
1935;Karina;Tannie;Karina.Tannie@yopmail.com;2005-03-05
1936;Genevra;Fiann;Genevra.Fiann@yopmail.com;1974-12-29
1937;Tiffie;Levey;Tiffie.Levey@yopmail.com;1938-07-20
1938;Melisent;Leifeste;Melisent.Leifeste@yopmail.com;1905-02-02
1939;Di;Joachim;Di.Joachim@yopmail.com;1955-11-13
1940;Misha;Weaks;Misha.Weaks@yopmail.com;1948-01-14
1941;Jemie;Strephon;Jemie.Strephon@yopmail.com;2004-08-12
1942;Henriette;Bryna;Henriette.Bryna@yopmail.com;1991-09-04
1943;Meg;Alarise;Meg.Alarise@yopmail.com;1919-07-24
1944;Alejandra;Slifka;Alejandra.Slifka@yopmail.com;2002-07-06
1945;Carly;Giule;Carly.Giule@yopmail.com;2013-09-20
1946;Misha;Rosalba;Misha.Rosalba@yopmail.com;1981-08-05
1947;Aigneis;Hoenack;Aigneis.Hoenack@yopmail.com;1916-06-07
1948;Britte;Billye;Britte.Billye@yopmail.com;1931-04-01
1949;Nananne;Astra;Nananne.Astra@yopmail.com;1980-04-01
1950;Millie;Brady;Millie.Brady@yopmail.com;2005-03-16
1951;Max;Shuler;Max.Shuler@yopmail.com;1971-07-21
1952;Sallie;Bobbee;Sallie.Bobbee@yopmail.com;2013-02-27
1953;Ardenia;Kravits;Ardenia.Kravits@yopmail.com;1952-06-22
1954;Loree;Corabella;Loree.Corabella@yopmail.com;1956-11-19
1955;Devina;Durware;Devina.Durware@yopmail.com;1998-04-03
1956;Mariann;Martsen;Mariann.Martsen@yopmail.com;1963-09-05
1957;Priscilla;Denis;Priscilla.Denis@yopmail.com;1979-11-11
1958;Blinni;Kiersten;Blinni.Kiersten@yopmail.com;1973-03-23
1959;Leeanne;Rosemary;Leeanne.Rosemary@yopmail.com;2017-08-12
1960;Julieta;Darian;Julieta.Darian@yopmail.com;1958-03-04
1961;Charissa;Hylan;Charissa.Hylan@yopmail.com;2008-07-22
1962;Hope;Sherfield;Hope.Sherfield@yopmail.com;1962-04-28
1963;Lorie;Ilka;Lorie.Ilka@yopmail.com;1990-11-07
1964;Flo;Corabella;Flo.Corabella@yopmail.com;1912-06-28
1965;Therine;Uund;Therine.Uund@yopmail.com;1913-03-15
1966;Cordi;Tound;Cordi.Tound@yopmail.com;2005-05-16
1967;Tami;Seagraves;Tami.Seagraves@yopmail.com;1986-07-27
1968;Tybie;Fontana;Tybie.Fontana@yopmail.com;1974-11-04
1969;Janeczka;Morgun;Janeczka.Morgun@yopmail.com;1949-02-19
1970;Celestyna;Wilona;Celestyna.Wilona@yopmail.com;1998-02-26
1971;Penelopa;Rebecka;Penelopa.Rebecka@yopmail.com;1975-09-25
1972;Ileana;Fairweather;Ileana.Fairweather@yopmail.com;1985-03-10
1973;Noelle;Brady;Noelle.Brady@yopmail.com;2011-07-10
1974;Leontine;Berard;Leontine.Berard@yopmail.com;1932-05-11
1975;Karly;Magnolia;Karly.Magnolia@yopmail.com;2013-02-19
1976;Raf;Helve;Raf.Helve@yopmail.com;1927-05-22
1977;Judy;Atonsah;Judy.Atonsah@yopmail.com;1909-12-18
1978;Sashenka;Posner;Sashenka.Posner@yopmail.com;1921-04-19
1979;Aubrie;Mauer;Aubrie.Mauer@yopmail.com;1988-07-14
1980;Cecile;Wattenberg;Cecile.Wattenberg@yopmail.com;1953-08-17
1981;Rosanne;Havens;Rosanne.Havens@yopmail.com;1961-06-12
1982;Shandie;Yuille;Shandie.Yuille@yopmail.com;1989-08-04
1983;Tomasina;Aurelio;Tomasina.Aurelio@yopmail.com;1930-03-05
1984;Ronna;Noelyn;Ronna.Noelyn@yopmail.com;1927-07-09
1985;Kenna;Jobi;Kenna.Jobi@yopmail.com;1964-01-26
1986;Orelia;Melan;Orelia.Melan@yopmail.com;1951-09-25
1987;Valeda;Shelba;Valeda.Shelba@yopmail.com;1966-12-22
1988;Arlina;Stoller;Arlina.Stoller@yopmail.com;1922-05-17
1989;Goldie;Naor;Goldie.Naor@yopmail.com;1970-01-03
1990;Elsie;Koehler;Elsie.Koehler@yopmail.com;1988-09-10
1991;Ayn;Hortensia;Ayn.Hortensia@yopmail.com;1925-04-30
1992;Mariann;Stover;Mariann.Stover@yopmail.com;1934-11-14
1993;Kathi;Reinke;Kathi.Reinke@yopmail.com;2001-02-25
1994;Oona;McNully;Oona.McNully@yopmail.com;1904-06-15
1995;Gabi;Tamar;Gabi.Tamar@yopmail.com;1900-03-04
1996;Alia;Connelly;Alia.Connelly@yopmail.com;2002-11-03
1997;Joceline;Rogerio;Joceline.Rogerio@yopmail.com;1941-08-05
1998;Sharai;Joni;Sharai.Joni@yopmail.com;1986-09-24
1999;Paulita;Leffen;Paulita.Leffen@yopmail.com;1924-05-10