id;firstname;lastname;email;Field Name
1000;Valeda;Burch;Valeda.Burch@yopmail.com;1991-02-08
1001;Jaclyn;Germann;Jaclyn.Germann@yopmail.com;1917-09-28
1002;Jenilee;Hachmin;Jenilee.Hachmin@yopmail.com;1922-07-12
1003;Bibby;Shirberg;Bibby.Shirberg@yopmail.com;1915-06-13
1004;Beth;Therine;Beth.Therine@yopmail.com;1940-08-30
1005;Bee;Sabella;Bee.Sabella@yopmail.com;2012-06-20
1006;Beth;Guildroy;Beth.Guildroy@yopmail.com;1981-11-30
1007;Farrah;Esmaria;Farrah.Esmaria@yopmail.com;1956-05-16
1008;Nariko;Arvo;Nariko.Arvo@yopmail.com;1963-03-14
1009;Catrina;Janith;Catrina.Janith@yopmail.com;2012-12-09
1010;Evita;Alarise;Evita.Alarise@yopmail.com;1936-09-02
1011;Elsie;Engdahl;Elsie.Engdahl@yopmail.com;1912-08-24
1012;Lorie;Gahl;Lorie.Gahl@yopmail.com;1944-01-06
1013;Maud;Mintz;Maud.Mintz@yopmail.com;1942-08-11
1014;Mignon;Berl;Mignon.Berl@yopmail.com;1955-05-23
1015;Rhea;Karylin;Rhea.Karylin@yopmail.com;1903-12-02
1016;Deane;Kiyoshi;Deane.Kiyoshi@yopmail.com;1920-08-16
1017;Feliza;Jary;Feliza.Jary@yopmail.com;2014-08-12
1018;Agathe;Richers;Agathe.Richers@yopmail.com;1927-04-05
1019;Madeleine;Roscoe;Madeleine.Roscoe@yopmail.com;2009-03-01
1020;Coral;Rodmann;Coral.Rodmann@yopmail.com;1980-01-24
1021;Lilith;Hathaway;Lilith.Hathaway@yopmail.com;1950-09-23
1022;Chloris;Herrera;Chloris.Herrera@yopmail.com;1988-07-16
1023;Ann-Marie;Ariella;Ann-Marie.Ariella@yopmail.com;1935-09-15
1024;Maud;Parsaye;Maud.Parsaye@yopmail.com;1942-06-26
1025;Nyssa;Joli;Nyssa.Joli@yopmail.com;1938-07-20
1026;Doralynne;Dyche;Doralynne.Dyche@yopmail.com;1969-07-12
1027;Kenna;Tiffa;Kenna.Tiffa@yopmail.com;1934-10-19
1028;Ivett;Ferino;Ivett.Ferino@yopmail.com;2007-07-13
1029;Fred;Suk;Fred.Suk@yopmail.com;1912-08-20
1030;Susette;MacIntosh;Susette.MacIntosh@yopmail.com;1939-07-24
1031;Briney;Wenoa;Briney.Wenoa@yopmail.com;2007-10-06
1032;Cherilyn;Raama;Cherilyn.Raama@yopmail.com;2001-09-13
1033;Dulce;Gerge;Dulce.Gerge@yopmail.com;1938-10-25
1034;Jany;Lorenz;Jany.Lorenz@yopmail.com;1991-11-17
1035;Aubrie;Lay;Aubrie.Lay@yopmail.com;2003-06-02
1036;Katuscha;Marijo;Katuscha.Marijo@yopmail.com;1998-01-05
1037;Inga;Merna;Inga.Merna@yopmail.com;2013-10-08
1038;Mildrid;Azeria;Mildrid.Azeria@yopmail.com;1996-03-25
1039;Ericka;Dalli;Ericka.Dalli@yopmail.com;1922-10-28
1040;Lanna;Gavrila;Lanna.Gavrila@yopmail.com;1943-05-27
1041;Larine;Manolo;Larine.Manolo@yopmail.com;1965-12-15
1042;Louella;Tjon;Louella.Tjon@yopmail.com;1990-05-07
1043;Jolyn;Dorothy;Jolyn.Dorothy@yopmail.com;2009-01-09
1044;Christian;Japeth;Christian.Japeth@yopmail.com;2002-11-10
1045;Jenda;McClimans;Jenda.McClimans@yopmail.com;1936-02-14
1046;Fredericka;Ethban;Fredericka.Ethban@yopmail.com;2013-07-21
1047;Shannah;Billye;Shannah.Billye@yopmail.com;1969-03-28
1048;Reeba;Marisa;Reeba.Marisa@yopmail.com;1941-12-03
1049;Adore;Cavan;Adore.Cavan@yopmail.com;1938-11-06
1050;Tarra;Nance;Tarra.Nance@yopmail.com;1972-08-30
1051;Carmela;Fosque;Carmela.Fosque@yopmail.com;1921-10-10
1052;Kimmy;Gilmour;Kimmy.Gilmour@yopmail.com;2016-06-07
1053;Ada;Plato;Ada.Plato@yopmail.com;1987-03-06
1054;Sean;Kaete;Sean.Kaete@yopmail.com;1993-02-18
1055;Maisey;Capello;Maisey.Capello@yopmail.com;1972-07-13
1056;Arlina;Voletta;Arlina.Voletta@yopmail.com;1985-01-16
1057;Inga;Morehouse;Inga.Morehouse@yopmail.com;2000-01-07
1058;Aurelie;Delp;Aurelie.Delp@yopmail.com;1929-04-30
1059;Elie;Corabella;Elie.Corabella@yopmail.com;2003-06-30
1060;Angelique;Han;Angelique.Han@yopmail.com;2005-02-27
1061;Ebonee;Natalia;Ebonee.Natalia@yopmail.com;1935-07-06
1062;Jobi;Matthew;Jobi.Matthew@yopmail.com;1977-08-31
1063;Sophia;Gaspard;Sophia.Gaspard@yopmail.com;1918-08-29
1064;Reeba;Gaspard;Reeba.Gaspard@yopmail.com;1907-07-23
1065;Paule;Mott;Paule.Mott@yopmail.com;1947-06-02
1066;Lonnie;Fabiola;Lonnie.Fabiola@yopmail.com;1968-11-09
1067;Libbie;Naashom;Libbie.Naashom@yopmail.com;1987-03-31
1068;Rori;Gavrila;Rori.Gavrila@yopmail.com;1985-10-06
1069;Carree;Read;Carree.Read@yopmail.com;1963-09-11
1070;Paulita;Friede;Paulita.Friede@yopmail.com;1971-08-26
1071;Elbertina;Revkah;Elbertina.Revkah@yopmail.com;1946-10-22
1072;Ekaterina;Nicoline;Ekaterina.Nicoline@yopmail.com;1929-09-26
1073;Libbie;Fadiman;Libbie.Fadiman@yopmail.com;2010-03-26
1074;Cecile;Kristi;Cecile.Kristi@yopmail.com;1927-08-09
1075;Elsie;Delp;Elsie.Delp@yopmail.com;1915-02-24
1076;Shandie;Nikaniki;Shandie.Nikaniki@yopmail.com;1929-04-02
1077;Shauna;Cecile;Shauna.Cecile@yopmail.com;1987-04-12
1078;Millie;Raffo;Millie.Raffo@yopmail.com;2003-02-14
1079;Hettie;Couture;Hettie.Couture@yopmail.com;1944-07-19
1080;Sonni;Bivins;Sonni.Bivins@yopmail.com;1969-11-19
1081;Tiffie;Natalia;Tiffie.Natalia@yopmail.com;1904-11-23
1082;Robbi;Hylan;Robbi.Hylan@yopmail.com;1968-12-18
1083;Pearline;Primalia;Pearline.Primalia@yopmail.com;2002-12-29
1084;Alisha;Turne;Alisha.Turne@yopmail.com;1915-06-11
1085;Emylee;Beniamino;Emylee.Beniamino@yopmail.com;2018-12-05
1086;Ottilie;Mitzi;Ottilie.Mitzi@yopmail.com;2001-08-14
1087;Petronia;Mallon;Petronia.Mallon@yopmail.com;1989-07-11
1088;Leanna;Rosemary;Leanna.Rosemary@yopmail.com;1964-02-02
1089;Blondelle;Raychel;Blondelle.Raychel@yopmail.com;1918-12-20
1090;Kate;Lamoree;Kate.Lamoree@yopmail.com;2016-01-30
1091;Dione;Ax;Dione.Ax@yopmail.com;1942-07-02
1092;Ginnie;Felecia;Ginnie.Felecia@yopmail.com;2017-08-26
1093;Jerry;Gamaliel;Jerry.Gamaliel@yopmail.com;1960-03-09
1094;Mara;Yate;Mara.Yate@yopmail.com;2011-06-13
1095;Sidoney;Mike;Sidoney.Mike@yopmail.com;1905-09-19
1096;Augustine;Kravits;Augustine.Kravits@yopmail.com;1928-11-24
1097;Belinda;Chauncey;Belinda.Chauncey@yopmail.com;1943-09-30
1098;Althea;Chesna;Althea.Chesna@yopmail.com;1911-11-24
1099;Fredericka;Himelman;Fredericka.Himelman@yopmail.com;1919-11-30
1100;Gertrud;Tound;Gertrud.Tound@yopmail.com;1961-01-09
1101;Felice;Ioab;Felice.Ioab@yopmail.com;1924-01-13
1102;Minne;Plato;Minne.Plato@yopmail.com;1929-03-30
1103;Emmey;Myrilla;Emmey.Myrilla@yopmail.com;1945-06-30
1104;Mamie;Cassius;Mamie.Cassius@yopmail.com;1987-05-09
1105;Linzy;Kevon;Linzy.Kevon@yopmail.com;2012-05-10
1106;Annora;Bow;Annora.Bow@yopmail.com;2016-10-08
1107;Hope;Amasa;Hope.Amasa@yopmail.com;1993-02-05
1108;Valera;Ajay;Valera.Ajay@yopmail.com;1907-08-17
1109;Darci;Bivins;Darci.Bivins@yopmail.com;1944-09-25
1110;Shandie;Katrine;Shandie.Katrine@yopmail.com;1949-07-03
1111;Hildegaard;Leonard;Hildegaard.Leonard@yopmail.com;1960-06-04
1112;Perry;Hessler;Perry.Hessler@yopmail.com;1980-02-02
1113;Misha;Klotz;Misha.Klotz@yopmail.com;1909-08-27
1114;Feliza;Jefferey;Feliza.Jefferey@yopmail.com;1984-07-26
1115;Lanae;Leonard;Lanae.Leonard@yopmail.com;2007-07-05
1116;Averyl;Waldron;Averyl.Waldron@yopmail.com;1922-01-14
1117;Olivette;Sherfield;Olivette.Sherfield@yopmail.com;2004-08-21
1118;Joelly;Peti;Joelly.Peti@yopmail.com;2018-05-23
1119;Christal;Iphlgenia;Christal.Iphlgenia@yopmail.com;1951-06-11
1120;Brena;Byrne;Brena.Byrne@yopmail.com;1911-06-22
1121;Kary;Peti;Kary.Peti@yopmail.com;1900-04-24
1122;Kellen;Magnolia;Kellen.Magnolia@yopmail.com;1926-07-14
1123;Thalia;Shields;Thalia.Shields@yopmail.com;1978-12-29
1124;Kate;Connelly;Kate.Connelly@yopmail.com;1946-03-28
1125;Sherrie;Ricki;Sherrie.Ricki@yopmail.com;1985-07-20
1126;Zia;Zaslow;Zia.Zaslow@yopmail.com;1908-07-14
1127;Pearline;Diann;Pearline.Diann@yopmail.com;1902-12-17
1128;Elise;Trey;Elise.Trey@yopmail.com;1980-05-05
1129;Doro;Alrich;Doro.Alrich@yopmail.com;1979-11-09
1130;Nikki;Kravits;Nikki.Kravits@yopmail.com;1961-10-04
1131;Debee;Berriman;Debee.Berriman@yopmail.com;1900-06-15
1132;June;Meter;June.Meter@yopmail.com;1943-02-24
1133;Vevay;Lilas;Vevay.Lilas@yopmail.com;1903-11-09
1134;Henriette;Argus;Henriette.Argus@yopmail.com;1914-05-18
1135;Doro;Helfand;Doro.Helfand@yopmail.com;1990-05-25
1136;Cristabel;Janene;Cristabel.Janene@yopmail.com;1992-09-22
1137;Dale;Mandler;Dale.Mandler@yopmail.com;1905-01-16
1138;Camile;Medrek;Camile.Medrek@yopmail.com;1958-03-26
1139;Harmonia;Eben;Harmonia.Eben@yopmail.com;1910-09-03
1140;Jordan;Sprage;Jordan.Sprage@yopmail.com;1907-12-02
1141;Nonnah;Madaih;Nonnah.Madaih@yopmail.com;1982-11-03
1142;Rani;Munn;Rani.Munn@yopmail.com;1962-09-29
1143;Fawne;Kendrick;Fawne.Kendrick@yopmail.com;1953-03-08
1144;Gianina;Chesna;Gianina.Chesna@yopmail.com;1962-04-25
1145;Jinny;Natica;Jinny.Natica@yopmail.com;2005-11-17
1146;Mallory;Noman;Mallory.Noman@yopmail.com;1955-05-06
1147;Pollyanna;Berl;Pollyanna.Berl@yopmail.com;1924-05-25
1148;Emma;Markman;Emma.Markman@yopmail.com;1974-02-24
1149;Yolane;Konyn;Yolane.Konyn@yopmail.com;1964-04-11
1150;Charissa;Tatianas;Charissa.Tatianas@yopmail.com;1998-05-26
1151;Taffy;Anyah;Taffy.Anyah@yopmail.com;1942-07-17
1152;Mathilda;Faro;Mathilda.Faro@yopmail.com;1919-09-16
1153;Ernesta;Markman;Ernesta.Markman@yopmail.com;1931-07-03
1154;Melisent;Dosia;Melisent.Dosia@yopmail.com;1947-08-08
1155;Bee;Lorenz;Bee.Lorenz@yopmail.com;2017-01-19
1156;Phylis;Ardra;Phylis.Ardra@yopmail.com;2010-09-28
1157;Reeba;Riva;Reeba.Riva@yopmail.com;1924-01-13
1158;Lacie;Gladstone;Lacie.Gladstone@yopmail.com;2017-09-18
1159;Fred;Gerge;Fred.Gerge@yopmail.com;1946-09-21
1160;Fernande;Brotherson;Fernande.Brotherson@yopmail.com;1981-11-01
1161;Sonni;Behre;Sonni.Behre@yopmail.com;1906-01-26
1162;Albertina;Johnsson;Albertina.Johnsson@yopmail.com;1934-02-13
1163;Darci;Margret;Darci.Margret@yopmail.com;1951-05-26
1164;Regina;Lanita;Regina.Lanita@yopmail.com;1914-05-06
1165;Charmaine;Dunkin;Charmaine.Dunkin@yopmail.com;1968-01-19
1166;Lorie;Bettine;Lorie.Bettine@yopmail.com;1944-03-29
1167;Kathi;Azeria;Kathi.Azeria@yopmail.com;1975-11-01
1168;Trixi;Buckler;Trixi.Buckler@yopmail.com;1938-04-06
1169;Daphne;Waite;Daphne.Waite@yopmail.com;1941-08-28
1170;Lorenza;Fillbert;Lorenza.Fillbert@yopmail.com;1951-11-23
1171;Kylynn;Roche;Kylynn.Roche@yopmail.com;1906-03-11
1172;Mahalia;Klemperer;Mahalia.Klemperer@yopmail.com;1997-06-16
1173;Beatriz;Carvey;Beatriz.Carvey@yopmail.com;2011-01-19
1174;Ernesta;Gwenore;Ernesta.Gwenore@yopmail.com;1986-09-22
1175;Cristabel;Dominy;Cristabel.Dominy@yopmail.com;1902-09-16
1176;Tressa;Buttaro;Tressa.Buttaro@yopmail.com;1919-03-03
1177;Gratia;Donell;Gratia.Donell@yopmail.com;1917-12-08
1178;Krystle;Gerge;Krystle.Gerge@yopmail.com;2005-04-11
1179;Wileen;Braun;Wileen.Braun@yopmail.com;1944-01-15
1180;Lyssa;Gaal;Lyssa.Gaal@yopmail.com;1990-02-28
1181;Deane;Haerr;Deane.Haerr@yopmail.com;1927-03-17
1182;Ann-Marie;Land;Ann-Marie.Land@yopmail.com;2017-01-25
1183;Joleen;Helfand;Joleen.Helfand@yopmail.com;2016-09-11
1184;Giustina;Riordan;Giustina.Riordan@yopmail.com;1942-01-01
1185;Rosabelle;Leonard;Rosabelle.Leonard@yopmail.com;1913-06-23
1186;Arlina;Infield;Arlina.Infield@yopmail.com;1959-12-21
1187;Viki;Bettine;Viki.Bettine@yopmail.com;1925-12-28
1188;Brena;Elisha;Brena.Elisha@yopmail.com;1995-09-09
1189;Althea;Rona;Althea.Rona@yopmail.com;1980-08-06
1190;Emmey;Susannah;Emmey.Susannah@yopmail.com;1991-11-14
1191;Roberta;Azeria;Roberta.Azeria@yopmail.com;1959-12-04
1192;Marline;Kirstin;Marline.Kirstin@yopmail.com;1981-09-10
1193;Jessy;Tryck;Jessy.Tryck@yopmail.com;2001-09-23
1194;Lynea;Marcellus;Lynea.Marcellus@yopmail.com;1996-03-30
1195;Wilma;Chaing;Wilma.Chaing@yopmail.com;1913-09-01
1196;Tori;Saree;Tori.Saree@yopmail.com;1914-05-12
1197;Tersina;Melleta;Tersina.Melleta@yopmail.com;1942-08-16
1198;Jorry;Infield;Jorry.Infield@yopmail.com;1985-08-06
1199;Marjie;An;Marjie.An@yopmail.com;1934-12-29
1200;Mathilda;Jary;Mathilda.Jary@yopmail.com;1946-09-29
1201;Bettine;Lauraine;Bettine.Lauraine@yopmail.com;1979-01-15
1202;Riannon;Havens;Riannon.Havens@yopmail.com;1934-08-05
1203;Helsa;Dalli;Helsa.Dalli@yopmail.com;1956-05-08
1204;Elbertina;Nester;Elbertina.Nester@yopmail.com;1968-10-21
1205;Annora;Dorothy;Annora.Dorothy@yopmail.com;1908-03-10
1206;Sindee;Ricki;Sindee.Ricki@yopmail.com;2010-09-29
1207;Tersina;Jerold;Tersina.Jerold@yopmail.com;1914-09-12
1208;Nananne;Berard;Nananne.Berard@yopmail.com;2013-08-09
1209;Alleen;Cressida;Alleen.Cressida@yopmail.com;1933-10-07
1210;Jessamyn;Hailee;Jessamyn.Hailee@yopmail.com;1959-06-01
1211;Margette;Roarke;Margette.Roarke@yopmail.com;1920-10-11
1212;Fayre;Kelula;Fayre.Kelula@yopmail.com;1927-12-15
1213;Henriette;Linehan;Henriette.Linehan@yopmail.com;1979-01-05
1214;Margarette;Paine;Margarette.Paine@yopmail.com;1944-11-26
1215;Aubrie;Tippets;Aubrie.Tippets@yopmail.com;1907-10-14
1216;Flo;Karylin;Flo.Karylin@yopmail.com;1918-05-23
1217;Jan;Terencio;Jan.Terencio@yopmail.com;1992-09-07
1218;Neila;Loleta;Neila.Loleta@yopmail.com;2009-10-30
1219;Corene;Hylan;Corene.Hylan@yopmail.com;1964-08-29
1220;Bobinette;Cath;Bobinette.Cath@yopmail.com;1987-05-22
1221;Camile;Jotham;Camile.Jotham@yopmail.com;1957-05-31
1222;Wilma;Uund;Wilma.Uund@yopmail.com;1944-06-13
1223;Cecile;Stoller;Cecile.Stoller@yopmail.com;1964-03-23
1224;Rozele;Diogenes;Rozele.Diogenes@yopmail.com;1935-05-06
1225;Ronna;Land;Ronna.Land@yopmail.com;1920-07-08
1226;Rosene;Rese;Rosene.Rese@yopmail.com;1969-09-27
1227;Rosene;Radu;Rosene.Radu@yopmail.com;1914-10-04
1228;Susette;Gower;Susette.Gower@yopmail.com;1981-11-05
1229;Ottilie;Engdahl;Ottilie.Engdahl@yopmail.com;1935-12-24
1230;Rori;Ephrem;Rori.Ephrem@yopmail.com;1903-03-29
1231;Melodie;Bevin;Melodie.Bevin@yopmail.com;1966-12-12
1232;Linet;Cavan;Linet.Cavan@yopmail.com;1959-05-13
1233;Mariann;Emanuel;Mariann.Emanuel@yopmail.com;1938-12-15
1234;Flo;Valoniah;Flo.Valoniah@yopmail.com;2001-02-11
1235;Olivette;Xerxes;Olivette.Xerxes@yopmail.com;2012-04-22
1236;Inga;Chapland;Inga.Chapland@yopmail.com;1986-04-08
1237;Valeda;Hailee;Valeda.Hailee@yopmail.com;1973-12-10
1238;Judy;Schonfeld;Judy.Schonfeld@yopmail.com;1963-12-24
1239;Wilma;Celestine;Wilma.Celestine@yopmail.com;2000-10-27
1240;Emylee;Ehrman;Emylee.Ehrman@yopmail.com;2009-05-03
1241;Jerry;Atonsah;Jerry.Atonsah@yopmail.com;1916-06-25
1242;Lynde;Valerio;Lynde.Valerio@yopmail.com;1972-02-02
1243;Christal;Berriman;Christal.Berriman@yopmail.com;1975-12-06
1244;Mahalia;Leifeste;Mahalia.Leifeste@yopmail.com;1944-03-01
1245;Dania;Ophelia;Dania.Ophelia@yopmail.com;1961-08-07
1246;Romona;Gabrielli;Romona.Gabrielli@yopmail.com;2018-09-03
1247;Carolina;Jacobah;Carolina.Jacobah@yopmail.com;1936-03-20
1248;Brietta;Egbert;Brietta.Egbert@yopmail.com;1965-09-15
1249;Reeba;Heisel;Reeba.Heisel@yopmail.com;1936-04-30
1250;Demetris;Jena;Demetris.Jena@yopmail.com;1963-07-20
1251;Rori;Tyson;Rori.Tyson@yopmail.com;1973-05-11
1252;Felice;Lalitta;Felice.Lalitta@yopmail.com;1931-03-27
1253;Tiffie;Niccolo;Tiffie.Niccolo@yopmail.com;1929-04-25
1254;Taffy;Bow;Taffy.Bow@yopmail.com;1938-10-17
1255;Marleah;Yerkovich;Marleah.Yerkovich@yopmail.com;1938-09-03
1256;Evaleen;Jary;Evaleen.Jary@yopmail.com;1964-11-10
1257;Shauna;Noman;Shauna.Noman@yopmail.com;1939-03-20
1258;Hollie;Grayce;Hollie.Grayce@yopmail.com;1976-10-25
1259;Sidoney;Swanhildas;Sidoney.Swanhildas@yopmail.com;1921-10-22
1260;Blinni;LaRue;Blinni.LaRue@yopmail.com;1953-08-06
1261;Cassondra;Rolf;Cassondra.Rolf@yopmail.com;1928-04-04
1262;Olwen;Joachim;Olwen.Joachim@yopmail.com;1993-05-10
1263;Alex;Velick;Alex.Velick@yopmail.com;1936-12-09
1264;Ulrike;Corilla;Ulrike.Corilla@yopmail.com;1907-09-10
1265;Carmencita;Bettine;Carmencita.Bettine@yopmail.com;1901-02-19
1266;Magdalena;Caitlin;Magdalena.Caitlin@yopmail.com;1980-07-24
1267;Rubie;Federica;Rubie.Federica@yopmail.com;2002-12-18
1268;Merrie;Lauraine;Merrie.Lauraine@yopmail.com;1934-01-25
1269;Andeee;Dearborn;Andeee.Dearborn@yopmail.com;1940-02-18
1270;Paola;Sperling;Paola.Sperling@yopmail.com;1940-09-27
1271;Mariann;Ashely;Mariann.Ashely@yopmail.com;1964-02-29
1272;Marti;Devlen;Marti.Devlen@yopmail.com;1927-12-06
1273;Ilse;Naor;Ilse.Naor@yopmail.com;1947-05-20
1274;Harmonia;Mott;Harmonia.Mott@yopmail.com;1985-06-18
1275;Joceline;Frendel;Joceline.Frendel@yopmail.com;2008-10-13
1276;Albertina;Karna;Albertina.Karna@yopmail.com;1973-08-05
1277;Lesly;Wiener;Lesly.Wiener@yopmail.com;1907-09-07
1278;Cristine;Claudine;Cristine.Claudine@yopmail.com;2001-01-29
1279;Beverley;Erb;Beverley.Erb@yopmail.com;1942-01-14
1280;Robinia;Suzetta;Robinia.Suzetta@yopmail.com;1938-12-19
1281;Henriette;Randene;Henriette.Randene@yopmail.com;1942-07-21
1282;Jacenta;Bari;Jacenta.Bari@yopmail.com;2018-06-29
1283;Gianina;Jarib;Gianina.Jarib@yopmail.com;2000-07-07
1284;Larine;Read;Larine.Read@yopmail.com;2016-03-21
1285;Jere;Atcliffe;Jere.Atcliffe@yopmail.com;1926-05-10
1286;Livvyy;Noelyn;Livvyy.Noelyn@yopmail.com;1965-08-15
1287;Bernie;Douglass;Bernie.Douglass@yopmail.com;1917-01-19
1288;Viviene;Paton;Viviene.Paton@yopmail.com;1911-03-26
1289;Karlee;Maurine;Karlee.Maurine@yopmail.com;1916-02-06
1290;Katharina;Teddman;Katharina.Teddman@yopmail.com;1982-06-19
1291;Micheline;Lipson;Micheline.Lipson@yopmail.com;1985-05-15
1292;Clementine;Ashely;Clementine.Ashely@yopmail.com;1958-04-24
1293;Ana;Mich;Ana.Mich@yopmail.com;1973-06-12
1294;Lucille;Holbrook;Lucille.Holbrook@yopmail.com;2008-08-27
1295;Bertine;Gregrory;Bertine.Gregrory@yopmail.com;1927-12-25
1296;Lorenza;Othilia;Lorenza.Othilia@yopmail.com;1969-06-09
1297;Ida;Karylin;Ida.Karylin@yopmail.com;1974-06-02
1298;Beverley;Goldina;Beverley.Goldina@yopmail.com;2001-05-29
1299;Coral;Bonucci;Coral.Bonucci@yopmail.com;2007-10-15
1300;Antonietta;Alwin;Antonietta.Alwin@yopmail.com;1972-06-29
1301;Blake;Screens;Blake.Screens@yopmail.com;1952-05-14
1302;Clary;Verger;Clary.Verger@yopmail.com;1931-10-13
1303;Cassandra;Kylander;Cassandra.Kylander@yopmail.com;1941-12-02
1304;Carree;Girardo;Carree.Girardo@yopmail.com;1943-09-28
1305;Maurene;Zenas;Maurene.Zenas@yopmail.com;1988-01-02
1306;Janenna;Sherfield;Janenna.Sherfield@yopmail.com;1971-05-13
1307;Kristan;Ashely;Kristan.Ashely@yopmail.com;1918-10-16
1308;Kate;Clara;Kate.Clara@yopmail.com;1971-12-31
1309;Quintina;Honoria;Quintina.Honoria@yopmail.com;1931-07-05
1310;Ruthe;Pettiford;Ruthe.Pettiford@yopmail.com;1945-05-16
1311;Cecile;Stoller;Cecile.Stoller@yopmail.com;1923-12-30
1312;Aurelie;Grayce;Aurelie.Grayce@yopmail.com;1928-02-18
1313;Allyce;Maisey;Allyce.Maisey@yopmail.com;1983-05-16
1314;Georgetta;Rhu;Georgetta.Rhu@yopmail.com;2019-07-14
1315;Livvyy;Dorothy;Livvyy.Dorothy@yopmail.com;1911-11-12
1316;Ashlee;Halsey;Ashlee.Halsey@yopmail.com;1963-01-03
1317;Verla;Stover;Verla.Stover@yopmail.com;1957-11-29
1318;Dolli;Ammann;Dolli.Ammann@yopmail.com;1935-06-04
1319;Lanna;Rurik;Lanna.Rurik@yopmail.com;2010-07-05
1320;Britte;Telfer;Britte.Telfer@yopmail.com;1966-10-24
1321;Valera;Pierette;Valera.Pierette@yopmail.com;1901-01-30
1322;Berget;Lindemann;Berget.Lindemann@yopmail.com;1937-12-05
1323;Marguerite;Hunfredo;Marguerite.Hunfredo@yopmail.com;1958-04-06
1324;Pearline;Tarrant;Pearline.Tarrant@yopmail.com;1971-07-03
1325;Orsola;Rozanna;Orsola.Rozanna@yopmail.com;1965-01-22
1326;Nannie;Tayib;Nannie.Tayib@yopmail.com;1938-02-19
1327;Farrah;Wyn;Farrah.Wyn@yopmail.com;1920-04-14
1328;Stevana;Mandler;Stevana.Mandler@yopmail.com;2005-04-15
1329;Kelly;Emanuel;Kelly.Emanuel@yopmail.com;1964-01-24
1330;Alex;Etom;Alex.Etom@yopmail.com;1961-06-08
1331;Ardys;Joseph;Ardys.Joseph@yopmail.com;1937-09-28
1332;Ivett;O'Carroll;Ivett.O'Carroll@yopmail.com;1956-05-25
1333;Pollyanna;Eliathas;Pollyanna.Eliathas@yopmail.com;1931-12-24
1334;Sharai;Robertson;Sharai.Robertson@yopmail.com;1994-08-07
1335;Danny;Hubert;Danny.Hubert@yopmail.com;2016-12-29
1336;Beatriz;Rillings;Beatriz.Rillings@yopmail.com;1944-11-18
1337;Mignon;Jehu;Mignon.Jehu@yopmail.com;1949-09-16
1338;Rosene;Bibi;Rosene.Bibi@yopmail.com;1926-04-05
1339;Althea;Myrilla;Althea.Myrilla@yopmail.com;1926-03-01
1340;June;Gino;June.Gino@yopmail.com;1948-12-24
1341;Isa;Madelene;Isa.Madelene@yopmail.com;1958-01-31
1342;Moyna;Keily;Moyna.Keily@yopmail.com;1925-08-21
1343;Carmela;Orlene;Carmela.Orlene@yopmail.com;1969-04-05
1344;Vanessa;Halla;Vanessa.Halla@yopmail.com;1980-10-04
1345;Rivalee;O'Rourke;Rivalee.O'Rourke@yopmail.com;1986-04-06
1346;Janenna;Gherardo;Janenna.Gherardo@yopmail.com;1986-02-06
1347;Tori;Raama;Tori.Raama@yopmail.com;2016-12-04
1348;Nerta;Schalles;Nerta.Schalles@yopmail.com;2008-12-29
1349;Donetta;Skurnik;Donetta.Skurnik@yopmail.com;2017-01-14
1350;Elvira;Grobe;Elvira.Grobe@yopmail.com;1981-11-21
1351;Katharina;Astra;Katharina.Astra@yopmail.com;1978-10-19
1352;Vivia;Constancy;Vivia.Constancy@yopmail.com;1967-06-12
1353;Gisela;Shaver;Gisela.Shaver@yopmail.com;1954-04-26
1354;Maud;Gaspard;Maud.Gaspard@yopmail.com;1992-06-04
1355;Bettine;Wolfgram;Bettine.Wolfgram@yopmail.com;1983-05-30
1356;Teddie;Delp;Teddie.Delp@yopmail.com;1958-02-25
1357;Melina;Cyrie;Melina.Cyrie@yopmail.com;1921-04-13
1358;Krystle;Chobot;Krystle.Chobot@yopmail.com;1922-10-05
1359;Molli;Persse;Molli.Persse@yopmail.com;2009-12-19
1360;Janey;Baudin;Janey.Baudin@yopmail.com;1923-04-30
1361;Lucille;Arley;Lucille.Arley@yopmail.com;1926-07-14
1362;Agnese;Joseph;Agnese.Joseph@yopmail.com;1970-06-16
1363;Fanny;Bahr;Fanny.Bahr@yopmail.com;1901-10-14
1364;Chastity;Margret;Chastity.Margret@yopmail.com;1946-05-21
1365;Shauna;Urania;Shauna.Urania@yopmail.com;1909-02-06
1366;Latisha;Federica;Latisha.Federica@yopmail.com;1970-11-26
1367;Leeanne;Jammal;Leeanne.Jammal@yopmail.com;1907-10-14
1368;Selma;Felizio;Selma.Felizio@yopmail.com;1930-06-08
1369;Hallie;Ackerley;Hallie.Ackerley@yopmail.com;1999-03-15
1370;Lanna;Saree;Lanna.Saree@yopmail.com;1914-11-16
1371;Glynnis;Georas;Glynnis.Georas@yopmail.com;1988-12-23
1372;Ronna;Ammann;Ronna.Ammann@yopmail.com;1998-07-08
1373;Shandie;Sisile;Shandie.Sisile@yopmail.com;1963-04-01
1374;Anica;Estella;Anica.Estella@yopmail.com;1931-01-05
1375;Brietta;Eachern;Brietta.Eachern@yopmail.com;1909-07-18
1376;Wanda;Ax;Wanda.Ax@yopmail.com;1998-10-11
1377;Helena;Nelsen;Helena.Nelsen@yopmail.com;1912-01-26
1378;Nikki;Himelman;Nikki.Himelman@yopmail.com;1909-11-08
1379;Andeee;Fillbert;Andeee.Fillbert@yopmail.com;1984-06-09
1380;Belinda;Jerold;Belinda.Jerold@yopmail.com;1955-02-21
1381;Drucie;Harned;Drucie.Harned@yopmail.com;2000-01-27
1382;Mildrid;Karylin;Mildrid.Karylin@yopmail.com;1959-03-13
1383;Tilly;Clie;Tilly.Clie@yopmail.com;1974-01-30
1384;Ardeen;Fancie;Ardeen.Fancie@yopmail.com;1930-08-21
1385;Gui;Jethro;Gui.Jethro@yopmail.com;1924-12-25
1386;Marika;Tomasina;Marika.Tomasina@yopmail.com;1909-05-21
1387;Cherilyn;Sasnett;Cherilyn.Sasnett@yopmail.com;1961-06-27
1388;Maryellen;Wallis;Maryellen.Wallis@yopmail.com;1969-07-21
1389;Alexine;Cynar;Alexine.Cynar@yopmail.com;2000-01-20
1390;Judy;Rogerio;Judy.Rogerio@yopmail.com;1920-04-11
1391;Kerrin;Wesle;Kerrin.Wesle@yopmail.com;1964-10-04
1392;Elise;Howlyn;Elise.Howlyn@yopmail.com;1945-10-21
1393;Lulita;Dichy;Lulita.Dichy@yopmail.com;1927-11-10
1394;Merle;Grosz;Merle.Grosz@yopmail.com;1978-10-09
1395;Larine;Travax;Larine.Travax@yopmail.com;1901-02-15
1396;Kylynn;Bivins;Kylynn.Bivins@yopmail.com;1916-03-19
1397;Dorene;Gaspard;Dorene.Gaspard@yopmail.com;1936-10-11
1398;Joceline;Briney;Joceline.Briney@yopmail.com;2005-11-26
1399;Mamie;Chrystel;Mamie.Chrystel@yopmail.com;1955-11-15
1400;Elora;Jobi;Elora.Jobi@yopmail.com;1976-09-17
1401;Aubrie;Linskey;Aubrie.Linskey@yopmail.com;1963-07-17
1402;Dacia;Chandler;Dacia.Chandler@yopmail.com;1986-07-26
1403;Katuscha;Olympium;Katuscha.Olympium@yopmail.com;1909-06-25
1404;Michaelina;Ashely;Michaelina.Ashely@yopmail.com;1947-11-24
1405;Donnie;Rossner;Donnie.Rossner@yopmail.com;1971-12-22
1406;Queenie;Marisa;Queenie.Marisa@yopmail.com;2016-02-03
1407;Heddie;Linehan;Heddie.Linehan@yopmail.com;2011-04-01
1408;Fanny;Thornburg;Fanny.Thornburg@yopmail.com;1947-06-20
1409;Mallory;Desai;Mallory.Desai@yopmail.com;1968-10-13
1410;Darlleen;Eno;Darlleen.Eno@yopmail.com;2007-12-08
1411;Agnese;Wind;Agnese.Wind@yopmail.com;1923-12-09
1412;Drucie;Nester;Drucie.Nester@yopmail.com;1919-12-22
1413;Gerrie;Granoff;Gerrie.Granoff@yopmail.com;1984-11-04
1414;Maridel;Junie;Maridel.Junie@yopmail.com;1960-09-27
1415;Dulce;Greenwald;Dulce.Greenwald@yopmail.com;1958-01-02
1416;Shell;Charmine;Shell.Charmine@yopmail.com;2004-01-12
1417;Johna;Remmer;Johna.Remmer@yopmail.com;1964-11-05
1418;Heddie;Woodberry;Heddie.Woodberry@yopmail.com;1993-03-25
1419;Phedra;Mandler;Phedra.Mandler@yopmail.com;1951-11-05
1420;Raf;Pelagias;Raf.Pelagias@yopmail.com;1961-10-20
1421;Bernie;Sharl;Bernie.Sharl@yopmail.com;2003-07-16
1422;Bobinette;Cullin;Bobinette.Cullin@yopmail.com;1925-06-01
1423;Lindie;Corrine;Lindie.Corrine@yopmail.com;1927-03-14
1424;Blake;Othilia;Blake.Othilia@yopmail.com;1945-01-16
1425;Jenilee;Shuler;Jenilee.Shuler@yopmail.com;2007-12-03
1426;Kaia;Carmena;Kaia.Carmena@yopmail.com;1963-05-07
1427;Therine;Oriana;Therine.Oriana@yopmail.com;1933-07-08
1428;Charissa;Cath;Charissa.Cath@yopmail.com;2006-04-22
1429;Selma;Bethany;Selma.Bethany@yopmail.com;1909-10-26
1430;Kristan;Bahr;Kristan.Bahr@yopmail.com;2005-09-05
1431;Cathyleen;Rad;Cathyleen.Rad@yopmail.com;1974-11-16
1432;Sibella;Juliet;Sibella.Juliet@yopmail.com;1946-01-21
1433;Joeann;Brittani;Joeann.Brittani@yopmail.com;1950-09-12
1434;Madeleine;Jacqui;Madeleine.Jacqui@yopmail.com;1900-11-15
1435;Lindie;Peonir;Lindie.Peonir@yopmail.com;1936-06-03
1436;Lisette;Smitt;Lisette.Smitt@yopmail.com;1905-03-09
1437;Berta;Serilda;Berta.Serilda@yopmail.com;2013-08-09
1438;Rhea;Poll;Rhea.Poll@yopmail.com;1907-08-07
1439;Eve;Shaver;Eve.Shaver@yopmail.com;2003-05-03
1440;Patricia;Kamaria;Patricia.Kamaria@yopmail.com;2007-01-06
1441;Joane;Latini;Joane.Latini@yopmail.com;1948-09-01
1442;Cherilyn;Edison;Cherilyn.Edison@yopmail.com;1976-05-14
1443;Mureil;Brittani;Mureil.Brittani@yopmail.com;2019-07-03
1444;Elbertina;Ader;Elbertina.Ader@yopmail.com;1936-05-25
1445;Orsola;Hoban;Orsola.Hoban@yopmail.com;1983-12-23
1446;Cathie;Howlyn;Cathie.Howlyn@yopmail.com;1930-05-10
1447;Agathe;Stacy;Agathe.Stacy@yopmail.com;2004-05-23
1448;Kellen;Janith;Kellen.Janith@yopmail.com;1907-03-15
1449;Mary;Gabrielli;Mary.Gabrielli@yopmail.com;1923-10-04
1450;Babita;Kunin;Babita.Kunin@yopmail.com;1901-11-25
1451;Josephine;Naashom;Josephine.Naashom@yopmail.com;2000-08-21
1452;Kathi;Aaberg;Kathi.Aaberg@yopmail.com;1978-01-23
1453;Ekaterina;Ricarda;Ekaterina.Ricarda@yopmail.com;1983-03-31
1454;Amelia;Amand;Amelia.Amand@yopmail.com;1938-04-03
1455;Edee;Ciapas;Edee.Ciapas@yopmail.com;1956-01-23
1456;Paola;Nunci;Paola.Nunci@yopmail.com;2003-05-16
1457;Selia;Anyah;Selia.Anyah@yopmail.com;1933-08-21
1458;Jessy;Jethro;Jessy.Jethro@yopmail.com;1982-12-06
1459;Marcelline;Jerold;Marcelline.Jerold@yopmail.com;1900-02-09
1460;Emma;Clie;Emma.Clie@yopmail.com;1927-10-07
1461;Aurelie;Himelman;Aurelie.Himelman@yopmail.com;1935-05-09
1462;Olwen;Creamer;Olwen.Creamer@yopmail.com;2014-01-09
1463;Lonnie;Sammons;Lonnie.Sammons@yopmail.com;2010-08-26
1464;Noelle;Lunsford;Noelle.Lunsford@yopmail.com;2003-07-26
1465;Rhoda;Elo;Rhoda.Elo@yopmail.com;1913-10-02
1466;Mariele;Marisa;Mariele.Marisa@yopmail.com;2009-03-19
1467;Rivalee;Llovera;Rivalee.Llovera@yopmail.com;1964-11-05
1468;Helena;Toffic;Helena.Toffic@yopmail.com;1986-08-18
1469;Deirdre;Euridice;Deirdre.Euridice@yopmail.com;1978-12-26
1470;Wileen;Tomasina;Wileen.Tomasina@yopmail.com;1951-12-09
1471;Nollie;Socha;Nollie.Socha@yopmail.com;1914-09-24
1472;Rhea;Izaak;Rhea.Izaak@yopmail.com;2008-03-15
1473;Madalyn;Colleen;Madalyn.Colleen@yopmail.com;1959-05-27
1474;Gabriellia;Monaco;Gabriellia.Monaco@yopmail.com;1910-04-15
1475;Caritta;Melan;Caritta.Melan@yopmail.com;1908-04-29
1476;Tressa;Kathie;Tressa.Kathie@yopmail.com;1907-02-19
1477;Halette;Barrus;Halette.Barrus@yopmail.com;1939-07-23
1478;Fanchon;Genna;Fanchon.Genna@yopmail.com;1919-05-03
1479;Paulita;Clara;Paulita.Clara@yopmail.com;2005-12-28
1480;Jenda;Hewitt;Jenda.Hewitt@yopmail.com;2005-03-06
1481;Joleen;Burnside;Joleen.Burnside@yopmail.com;1963-02-06
1482;Sharai;Giff;Sharai.Giff@yopmail.com;1917-03-08
1483;Etta;Madaih;Etta.Madaih@yopmail.com;1913-10-19
1484;Clary;Hoenack;Clary.Hoenack@yopmail.com;1994-07-04
1485;Sharai;Modie;Sharai.Modie@yopmail.com;1917-11-08
1486;Jenilee;Hathaway;Jenilee.Hathaway@yopmail.com;1943-07-05
1487;Dyann;Reinke;Dyann.Reinke@yopmail.com;1989-10-22
1488;Yolane;Kenney;Yolane.Kenney@yopmail.com;1922-12-23
1489;Betta;Dahlia;Betta.Dahlia@yopmail.com;1945-05-08
1490;Bobinette;Vilma;Bobinette.Vilma@yopmail.com;1905-06-12
1491;Daune;Francyne;Daune.Francyne@yopmail.com;1907-08-19
1492;Sam;Aurelio;Sam.Aurelio@yopmail.com;1919-05-24
1493;Renie;Sabella;Renie.Sabella@yopmail.com;2011-12-14
1494;Emylee;Nance;Emylee.Nance@yopmail.com;1944-06-02
1495;Elena;Vivle;Elena.Vivle@yopmail.com;1911-12-16
1496;Gratia;Emerson;Gratia.Emerson@yopmail.com;1955-12-24
1497;Susan;Dom;Susan.Dom@yopmail.com;1986-11-27
1498;Maryellen;Annabella;Maryellen.Annabella@yopmail.com;2018-10-25
1499;Rani;Eno;Rani.Eno@yopmail.com;1913-08-27
1500;Siana;Hanshaw;Siana.Hanshaw@yopmail.com;1916-04-14
1501;Brooks;Linehan;Brooks.Linehan@yopmail.com;1923-09-02
1502;Tracey;Ursulette;Tracey.Ursulette@yopmail.com;1969-06-08
1503;Averyl;Darrell;Averyl.Darrell@yopmail.com;1969-08-31
1504;Joleen;Fry;Joleen.Fry@yopmail.com;1937-02-15
1505;Cathie;Margarete;Cathie.Margarete@yopmail.com;1933-12-18
1506;Sindee;Pozzy;Sindee.Pozzy@yopmail.com;1931-05-28
1507;Marcy;Alrich;Marcy.Alrich@yopmail.com;2010-02-26
1508;Bee;Harned;Bee.Harned@yopmail.com;1911-02-01
1509;Sean;Gaynor;Sean.Gaynor@yopmail.com;1981-01-07
1510;Rani;Estella;Rani.Estella@yopmail.com;1928-11-28
1511;Chastity;Ilka;Chastity.Ilka@yopmail.com;1939-10-01
1512;Krystle;Mauer;Krystle.Mauer@yopmail.com;2000-07-27
1513;Shel;Cynar;Shel.Cynar@yopmail.com;2008-05-25
1514;Pollyanna;Leary;Pollyanna.Leary@yopmail.com;1912-12-16
1515;Mignon;Lutero;Mignon.Lutero@yopmail.com;1905-09-26
1516;Beverley;Cloris;Beverley.Cloris@yopmail.com;1994-08-19
1517;Kary;Ehrman;Kary.Ehrman@yopmail.com;1990-04-28
1518;Ulrike;Tristram;Ulrike.Tristram@yopmail.com;1995-04-07
1519;Lynnea;Dulciana;Lynnea.Dulciana@yopmail.com;1958-04-24
1520;Ada;Hailee;Ada.Hailee@yopmail.com;1907-09-08
1521;Kimmy;Colyer;Kimmy.Colyer@yopmail.com;1921-07-02
1522;Ileana;Wallis;Ileana.Wallis@yopmail.com;1965-05-31
1523;Jaclyn;Rheingold;Jaclyn.Rheingold@yopmail.com;1900-07-23
1524;Stevana;Ursulette;Stevana.Ursulette@yopmail.com;1906-03-18
1525;Kial;Cornelia;Kial.Cornelia@yopmail.com;1986-06-27
1526;Florencia;Halsey;Florencia.Halsey@yopmail.com;1961-05-17
1527;Ira;Beniamino;Ira.Beniamino@yopmail.com;1979-05-16
1528;Charissa;Septima;Charissa.Septima@yopmail.com;2010-01-27
1529;Raquela;Alwin;Raquela.Alwin@yopmail.com;1930-08-07
1530;Fawne;Nickola;Fawne.Nickola@yopmail.com;1936-11-26
1531;Lacie;Lucienne;Lacie.Lucienne@yopmail.com;1987-03-28
1532;Tonia;Laurianne;Tonia.Laurianne@yopmail.com;1981-09-28
1533;Nananne;Charmine;Nananne.Charmine@yopmail.com;1955-08-22
1534;Elbertina;Albertine;Elbertina.Albertine@yopmail.com;1977-12-07
1535;Blondelle;Berne;Blondelle.Berne@yopmail.com;1971-09-15
1536;Evaleen;Llovera;Evaleen.Llovera@yopmail.com;1995-08-17
1537;Winny;Merat;Winny.Merat@yopmail.com;1980-04-09
1538;Angela;Christine;Angela.Christine@yopmail.com;1922-11-27
1539;Kara-Lynn;Sperling;Kara-Lynn.Sperling@yopmail.com;1925-07-13
1540;Corina;Francyne;Corina.Francyne@yopmail.com;1983-12-17
1541;Edee;Persse;Edee.Persse@yopmail.com;1935-07-25
1542;Fawne;Baptlsta;Fawne.Baptlsta@yopmail.com;1969-09-25
1543;Merci;Havens;Merci.Havens@yopmail.com;1909-02-06
1544;Brandise;Aprile;Brandise.Aprile@yopmail.com;1971-05-23
1545;Sybille;Israeli;Sybille.Israeli@yopmail.com;1985-10-28
1546;Juliane;Buckler;Juliane.Buckler@yopmail.com;2003-04-05
1547;Desirae;Rossner;Desirae.Rossner@yopmail.com;2017-07-12
1548;Juliane;Willie;Juliane.Willie@yopmail.com;1962-11-12
1549;Demetris;Sophronia;Demetris.Sophronia@yopmail.com;1993-12-06
1550;Madeleine;Girardo;Madeleine.Girardo@yopmail.com;1972-12-29
1551;Emilia;Swanhildas;Emilia.Swanhildas@yopmail.com;1922-08-19
1552;Leia;Seessel;Leia.Seessel@yopmail.com;1943-03-07
1553;Ebonee;Myrilla;Ebonee.Myrilla@yopmail.com;1926-01-20
1554;Codie;Stoller;Codie.Stoller@yopmail.com;1925-03-17
1555;Imojean;Peg;Imojean.Peg@yopmail.com;1974-07-17
1556;Brynna;Goode;Brynna.Goode@yopmail.com;1945-05-30
1557;Yolane;Haymes;Yolane.Haymes@yopmail.com;1990-06-13
1558;Clementine;Rodmann;Clementine.Rodmann@yopmail.com;1997-07-30
1559;Marleah;Bashemeth;Marleah.Bashemeth@yopmail.com;1942-09-21
1560;Randa;Amand;Randa.Amand@yopmail.com;1988-04-13
1561;Kirbee;Maurine;Kirbee.Maurine@yopmail.com;1975-11-15
1562;Cherilyn;Vilma;Cherilyn.Vilma@yopmail.com;1963-06-28
1563;Hyacinthe;Neva;Hyacinthe.Neva@yopmail.com;1934-02-02
1564;Kirstin;Olnee;Kirstin.Olnee@yopmail.com;1919-09-26
1565;Gretal;Cavan;Gretal.Cavan@yopmail.com;1966-02-22
1566;Yolane;Vilma;Yolane.Vilma@yopmail.com;1900-04-07
1567;Hollie;Rosette;Hollie.Rosette@yopmail.com;1914-09-27
1568;Asia;My;Asia.My@yopmail.com;1926-11-17
1569;Dorice;Prouty;Dorice.Prouty@yopmail.com;1979-12-27
1570;Sabina;Turne;Sabina.Turne@yopmail.com;2017-12-11
1571;Lexine;Lowry;Lexine.Lowry@yopmail.com;1997-03-14
1572;Roseline;Trey;Roseline.Trey@yopmail.com;1976-08-09
1573;Genovera;Fredi;Genovera.Fredi@yopmail.com;1995-06-25
1574;Brana;Olin;Brana.Olin@yopmail.com;1933-12-25
1575;Doralynne;Peti;Doralynne.Peti@yopmail.com;2006-11-14
1576;Britni;Ammann;Britni.Ammann@yopmail.com;1989-02-23
1577;Larine;Ramona;Larine.Ramona@yopmail.com;1969-01-17
1578;Frieda;Joli;Frieda.Joli@yopmail.com;1934-06-07
1579;Marcelline;Jillane;Marcelline.Jillane@yopmail.com;1908-08-25
1580;Adore;Konyn;Adore.Konyn@yopmail.com;1960-08-10
1581;Leona;Daegal;Leona.Daegal@yopmail.com;1984-02-06
1582;Lily;Gilbertson;Lily.Gilbertson@yopmail.com;1962-07-23
1583;Angelique;Gibbeon;Angelique.Gibbeon@yopmail.com;1981-12-21
1584;Gerrie;Yerkovich;Gerrie.Yerkovich@yopmail.com;1966-06-26
1585;Lynde;Blisse;Lynde.Blisse@yopmail.com;1962-08-06
1586;Jolyn;Bord;Jolyn.Bord@yopmail.com;2009-09-25
1587;Maisey;Abernon;Maisey.Abernon@yopmail.com;1948-03-04
1588;Violet;Belanger;Violet.Belanger@yopmail.com;2013-03-31
1589;Flory;Anderea;Flory.Anderea@yopmail.com;1960-07-19
1590;Sindee;Anderea;Sindee.Anderea@yopmail.com;1918-12-23
1591;Molli;Lareena;Molli.Lareena@yopmail.com;1978-12-17
1592;Ebonee;Alarise;Ebonee.Alarise@yopmail.com;1989-01-15
1593;Beth;Simmonds;Beth.Simmonds@yopmail.com;1999-12-23
1594;Laure;Papageno;Laure.Papageno@yopmail.com;1972-11-19
1595;Trixi;Chrystel;Trixi.Chrystel@yopmail.com;1966-04-29
1596;Claudina;Autrey;Claudina.Autrey@yopmail.com;1944-01-21
1597;Dianemarie;Fax;Dianemarie.Fax@yopmail.com;1948-02-05
1598;Corly;Bryna;Corly.Bryna@yopmail.com;1933-10-10
1599;Frieda;Pattin;Frieda.Pattin@yopmail.com;1945-01-25
1600;Lexine;Carleen;Lexine.Carleen@yopmail.com;1962-11-08
1601;Kylynn;Socha;Kylynn.Socha@yopmail.com;2005-07-15
1602;Ariela;Pulsifer;Ariela.Pulsifer@yopmail.com;2010-11-30
1603;Leia;Luhe;Leia.Luhe@yopmail.com;1930-07-03
1604;Juliane;Linehan;Juliane.Linehan@yopmail.com;1973-04-14
1605;Dari;Bronk;Dari.Bronk@yopmail.com;1988-07-09
1606;Mireielle;Maples;Mireielle.Maples@yopmail.com;1939-04-04
1607;Charmaine;Meli;Charmaine.Meli@yopmail.com;1942-09-05
1608;Eadie;Hailee;Eadie.Hailee@yopmail.com;1983-04-27
1609;Steffane;Even;Steffane.Even@yopmail.com;1933-06-07
1610;Stacey;Kinnard;Stacey.Kinnard@yopmail.com;1945-08-27
1611;Hildegaard;Aloise;Hildegaard.Aloise@yopmail.com;1989-03-03
1612;Tierney;Rustice;Tierney.Rustice@yopmail.com;1979-01-21
1613;Paule;Zeeba;Paule.Zeeba@yopmail.com;2001-10-04
1614;Jaclyn;Gaulin;Jaclyn.Gaulin@yopmail.com;1996-10-16
1615;Chastity;Rurik;Chastity.Rurik@yopmail.com;1923-11-04
1616;Dianemarie;Kronfeld;Dianemarie.Kronfeld@yopmail.com;2008-04-20
1617;Dale;Corabella;Dale.Corabella@yopmail.com;1949-05-21
1618;Sharlene;Boycey;Sharlene.Boycey@yopmail.com;1980-07-20
1619;Maurene;Sinegold;Maurene.Sinegold@yopmail.com;1949-06-25
1620;Arabel;Diogenes;Arabel.Diogenes@yopmail.com;2001-07-19
1621;Wileen;Kravits;Wileen.Kravits@yopmail.com;1968-08-19
1622;Calla;Aida;Calla.Aida@yopmail.com;1964-04-23
1623;Ardeen;Destinee;Ardeen.Destinee@yopmail.com;1918-08-13
1624;Jenilee;Holbrook;Jenilee.Holbrook@yopmail.com;2003-04-29
1625;Demetris;Thomasina;Demetris.Thomasina@yopmail.com;1909-06-30
1626;Celene;Gower;Celene.Gower@yopmail.com;1946-03-14
1627;Deloria;Tarrant;Deloria.Tarrant@yopmail.com;1919-01-16
1628;Joy;Urania;Joy.Urania@yopmail.com;1975-08-07
1629;Coral;Si;Coral.Si@yopmail.com;1912-04-30
1630;Alie;Barbey;Alie.Barbey@yopmail.com;1918-10-25
1631;Kara-Lynn;Wandie;Kara-Lynn.Wandie@yopmail.com;1902-10-16
1632;Penelopa;Vittoria;Penelopa.Vittoria@yopmail.com;1948-07-16
1633;Doralynne;Alarise;Doralynne.Alarise@yopmail.com;1914-06-28
1634;Raf;Buffum;Raf.Buffum@yopmail.com;1946-04-24
1635;Clo;Sholley;Clo.Sholley@yopmail.com;1972-07-12
1636;Edyth;Schroth;Edyth.Schroth@yopmail.com;1900-01-24
1637;Lacie;Ovid;Lacie.Ovid@yopmail.com;1929-02-02
1638;Beatriz;Evangelia;Beatriz.Evangelia@yopmail.com;2006-09-20
1639;Harmonia;Vernier;Harmonia.Vernier@yopmail.com;1976-07-29
1640;Darci;Thad;Darci.Thad@yopmail.com;1929-11-14
1641;Elena;Durware;Elena.Durware@yopmail.com;1903-02-18
1642;Janey;Trace;Janey.Trace@yopmail.com;1925-09-19
1643;Amalie;Jarib;Amalie.Jarib@yopmail.com;1930-01-28
1644;Merle;Hermes;Merle.Hermes@yopmail.com;1926-03-31
1645;Katleen;Reneta;Katleen.Reneta@yopmail.com;1918-04-21
1646;Ardys;Ciro;Ardys.Ciro@yopmail.com;1982-04-09
1647;Adore;Kazimir;Adore.Kazimir@yopmail.com;1916-07-09
1648;Melodie;Mullane;Melodie.Mullane@yopmail.com;2003-08-26
1649;Miquela;Aloise;Miquela.Aloise@yopmail.com;1938-01-11
1650;Anica;Burnside;Anica.Burnside@yopmail.com;2004-03-01
1651;Gabriellia;Tippets;Gabriellia.Tippets@yopmail.com;1932-05-12
1652;Miquela;Brieta;Miquela.Brieta@yopmail.com;1905-01-12
1653;Hermione;Rona;Hermione.Rona@yopmail.com;1909-06-17
1654;Melina;Norrie;Melina.Norrie@yopmail.com;1974-08-20
1655;Albertina;Bach;Albertina.Bach@yopmail.com;1962-10-07
1656;Netty;Presber;Netty.Presber@yopmail.com;1931-07-22
1657;Anthia;Bennie;Anthia.Bennie@yopmail.com;1973-01-09
1658;Konstance;Olin;Konstance.Olin@yopmail.com;1974-08-21
1659;Jenda;Martsen;Jenda.Martsen@yopmail.com;1906-05-23
1660;Sheelagh;Genna;Sheelagh.Genna@yopmail.com;1945-08-30
1661;Celene;Olin;Celene.Olin@yopmail.com;1955-02-15
1662;Priscilla;Lasley;Priscilla.Lasley@yopmail.com;1993-08-23
1663;Renae;Papageno;Renae.Papageno@yopmail.com;2011-03-15
1664;Ivett;Cherianne;Ivett.Cherianne@yopmail.com;1966-03-29
1665;Dianemarie;Ramona;Dianemarie.Ramona@yopmail.com;2014-05-24
1666;Neila;Blake;Neila.Blake@yopmail.com;1900-06-15
1667;Mariele;Dom;Mariele.Dom@yopmail.com;1984-09-15
1668;Renie;Romelda;Renie.Romelda@yopmail.com;1914-08-28
1669;Sue;Neva;Sue.Neva@yopmail.com;1934-02-28
1670;Queenie;Edison;Queenie.Edison@yopmail.com;2019-08-13
1671;Keelia;Wiener;Keelia.Wiener@yopmail.com;1990-11-26
1672;Tonia;Gordon;Tonia.Gordon@yopmail.com;1927-11-11
1673;Kaja;Durware;Kaja.Durware@yopmail.com;1936-08-14
1674;Doro;Stav;Doro.Stav@yopmail.com;1916-11-12
1675;Benita;Sancho;Benita.Sancho@yopmail.com;1981-08-05
1676;Marti;Whiffen;Marti.Whiffen@yopmail.com;1924-08-15
1677;Laurene;Chauncey;Laurene.Chauncey@yopmail.com;1948-03-20
1678;Teriann;Bertold;Teriann.Bertold@yopmail.com;1939-05-01
1679;Jobi;Zachary;Jobi.Zachary@yopmail.com;1904-05-07
1680;Merrie;Rocray;Merrie.Rocray@yopmail.com;1957-07-27
1681;Basia;Garek;Basia.Garek@yopmail.com;1900-08-15
1682;Florie;Lucienne;Florie.Lucienne@yopmail.com;1971-03-08
1683;Phedra;Oriana;Phedra.Oriana@yopmail.com;1934-10-13
1684;Kristan;Adlare;Kristan.Adlare@yopmail.com;1937-05-30
1685;Viviene;Dahlia;Viviene.Dahlia@yopmail.com;1920-04-18
1686;Candy;Sholley;Candy.Sholley@yopmail.com;1943-12-07
1687;Shaylyn;Candy;Shaylyn.Candy@yopmail.com;1983-11-01
1688;Ninnetta;Melony;Ninnetta.Melony@yopmail.com;2010-08-25
1689;Julieta;Glovsky;Julieta.Glovsky@yopmail.com;1947-03-26
1690;Etta;Munn;Etta.Munn@yopmail.com;1996-01-13
1691;Jessy;Lipson;Jessy.Lipson@yopmail.com;1916-12-08
1692;Florie;Raychel;Florie.Raychel@yopmail.com;2010-06-05
1693;Amalie;Faust;Amalie.Faust@yopmail.com;1943-10-16
1694;Lulita;Zachary;Lulita.Zachary@yopmail.com;1995-10-09
1695;Gertrud;Merriott;Gertrud.Merriott@yopmail.com;2007-08-26
1696;Cam;Cutlerr;Cam.Cutlerr@yopmail.com;1902-12-01
1697;Fina;Wenda;Fina.Wenda@yopmail.com;1955-10-14
1698;Katuscha;Kenney;Katuscha.Kenney@yopmail.com;1946-03-01
1699;Gwenneth;Halsey;Gwenneth.Halsey@yopmail.com;1990-01-05
1700;Winny;Justinn;Winny.Justinn@yopmail.com;1958-04-23
1701;Rosaline;Glenden;Rosaline.Glenden@yopmail.com;1920-06-06
1702;Bernardine;Barney;Bernardine.Barney@yopmail.com;1990-04-15
1703;Annecorinne;Morehouse;Annecorinne.Morehouse@yopmail.com;1911-11-22
1704;Dolli;Dreda;Dolli.Dreda@yopmail.com;1929-07-03
1705;Janeczka;Ackerley;Janeczka.Ackerley@yopmail.com;1974-12-08
1706;Lizzie;Eiser;Lizzie.Eiser@yopmail.com;1938-01-25
1707;Netty;Munn;Netty.Munn@yopmail.com;1918-12-29
1708;Gilda;Charmine;Gilda.Charmine@yopmail.com;1922-08-31
1709;Dede;Warthman;Dede.Warthman@yopmail.com;1906-11-06
1710;Hermione;Arne;Hermione.Arne@yopmail.com;1917-08-13
1711;Ariela;Ledah;Ariela.Ledah@yopmail.com;1931-09-30
1712;Viviene;Hazlett;Viviene.Hazlett@yopmail.com;1984-08-10
1713;Rochette;Kolnick;Rochette.Kolnick@yopmail.com;1964-04-03
1714;Ericka;Sophronia;Ericka.Sophronia@yopmail.com;1966-05-20
1715;Livvyy;Rurik;Livvyy.Rurik@yopmail.com;1942-05-07
1716;Ardenia;Edvard;Ardenia.Edvard@yopmail.com;1904-01-26
1717;Cathie;Kauppi;Cathie.Kauppi@yopmail.com;2006-01-17
1718;Wilma;Corilla;Wilma.Corilla@yopmail.com;1944-04-27
1719;Teriann;Duwalt;Teriann.Duwalt@yopmail.com;1976-08-22
1720;Karlee;Stelle;Karlee.Stelle@yopmail.com;2019-09-08
1721;Tarra;Revkah;Tarra.Revkah@yopmail.com;1948-01-09
1722;Chickie;Terencio;Chickie.Terencio@yopmail.com;1918-03-16
1723;Christy;Latini;Christy.Latini@yopmail.com;1966-02-01
1724;Ulrike;Sammons;Ulrike.Sammons@yopmail.com;1927-04-30
1725;Edee;Hurley;Edee.Hurley@yopmail.com;1975-10-25
1726;Susan;Yoko;Susan.Yoko@yopmail.com;1923-01-31
1727;Mary;Carvey;Mary.Carvey@yopmail.com;1972-06-20
1728;Albertina;Pond;Albertina.Pond@yopmail.com;1912-06-23
1729;Clarice;Abram;Clarice.Abram@yopmail.com;1915-01-30
1730;Halette;Linskey;Halette.Linskey@yopmail.com;1924-03-21
1731;Sabina;Cullin;Sabina.Cullin@yopmail.com;1906-09-13
1732;Collen;Daniele;Collen.Daniele@yopmail.com;1935-10-03
1733;Monika;Esmaria;Monika.Esmaria@yopmail.com;1992-04-12
1734;Justinn;Joeann;Justinn.Joeann@yopmail.com;1901-06-11
1735;Tabbatha;Cecile;Tabbatha.Cecile@yopmail.com;1998-07-31
1736;Ardeen;Ailyn;Ardeen.Ailyn@yopmail.com;1947-07-05
1737;Aili;Vins;Aili.Vins@yopmail.com;1991-12-07
1738;Brynna;Kat;Brynna.Kat@yopmail.com;1944-10-30
1739;Alisha;Sothena;Alisha.Sothena@yopmail.com;1966-06-20
1740;Clary;Telfer;Clary.Telfer@yopmail.com;1919-09-28
1741;Zondra;Valerio;Zondra.Valerio@yopmail.com;1933-01-05
1742;Myrtice;Soneson;Myrtice.Soneson@yopmail.com;1964-04-16
1743;Renie;Fax;Renie.Fax@yopmail.com;1929-09-15
1744;Quintina;Edmund;Quintina.Edmund@yopmail.com;1935-03-18
1745;Cyb;Hanshaw;Cyb.Hanshaw@yopmail.com;1934-04-22
1746;Chandra;Trinetta;Chandra.Trinetta@yopmail.com;2003-04-20
1747;Kathi;Tatianas;Kathi.Tatianas@yopmail.com;1936-11-01
1748;Georgetta;Diogenes;Georgetta.Diogenes@yopmail.com;1931-01-05
1749;Kalina;Elbertina;Kalina.Elbertina@yopmail.com;1985-12-19
1750;Janey;Talia;Janey.Talia@yopmail.com;1992-07-05
1751;Wanda;Pulsifer;Wanda.Pulsifer@yopmail.com;1935-12-12
1752;Rebeca;Madox;Rebeca.Madox@yopmail.com;1935-03-20
1753;Korrie;Liebermann;Korrie.Liebermann@yopmail.com;1932-08-16
1754;Brana;Regan;Brana.Regan@yopmail.com;1978-10-11
1755;Modestia;Armanda;Modestia.Armanda@yopmail.com;1988-10-06
1756;Mallory;Sinegold;Mallory.Sinegold@yopmail.com;1974-01-19
1757;Perry;Alva;Perry.Alva@yopmail.com;1900-08-13
1758;Rozele;Pitt;Rozele.Pitt@yopmail.com;1913-09-16
1759;Laurene;Bohlin;Laurene.Bohlin@yopmail.com;1912-10-20
1760;Konstance;Fancie;Konstance.Fancie@yopmail.com;1929-03-04
1761;Shel;Dosia;Shel.Dosia@yopmail.com;1942-12-10
1762;Merry;Elbertina;Merry.Elbertina@yopmail.com;2015-12-19
1763;Paola;Brodench;Paola.Brodench@yopmail.com;1994-07-31
1764;Cristabel;Milson;Cristabel.Milson@yopmail.com;1986-02-04
1765;Eve;Yusuk;Eve.Yusuk@yopmail.com;1904-05-16
1766;Mahalia;Chem;Mahalia.Chem@yopmail.com;1968-02-11
1767;Paule;Beniamino;Paule.Beniamino@yopmail.com;1934-11-18
1768;Tatiania;Rillings;Tatiania.Rillings@yopmail.com;1947-05-16
1769;Xylina;Kauppi;Xylina.Kauppi@yopmail.com;1956-01-09
1770;Clo;Olnee;Clo.Olnee@yopmail.com;2012-01-08
1771;Blondelle;Leary;Blondelle.Leary@yopmail.com;1972-06-15
1772;Melina;Sancho;Melina.Sancho@yopmail.com;1932-04-12
1773;Mallory;Hylan;Mallory.Hylan@yopmail.com;1929-02-24
1774;Dorice;Casimir;Dorice.Casimir@yopmail.com;1958-03-20
1775;Lexine;Lissi;Lexine.Lissi@yopmail.com;1940-10-16
1776;Millie;Doig;Millie.Doig@yopmail.com;1906-11-27
1777;Genovera;Juliet;Genovera.Juliet@yopmail.com;1928-09-18
1778;Corry;Diogenes;Corry.Diogenes@yopmail.com;1958-04-25
1779;Glenda;Sundin;Glenda.Sundin@yopmail.com;2019-10-03
1780;Alexine;Lail;Alexine.Lail@yopmail.com;1952-04-06
1781;Emelina;Howlyn;Emelina.Howlyn@yopmail.com;2003-12-28
1782;Winifred;Sperling;Winifred.Sperling@yopmail.com;1911-12-18
1783;Frank;Franza;Frank.Franza@yopmail.com;1943-08-13
1784;Alameda;Simmonds;Alameda.Simmonds@yopmail.com;2016-08-31
1785;Shell;Tryck;Shell.Tryck@yopmail.com;1918-09-04
1786;Winny;Concha;Winny.Concha@yopmail.com;1984-08-29
1787;Kate;Thar;Kate.Thar@yopmail.com;1901-03-01
1788;Selia;Raseda;Selia.Raseda@yopmail.com;1984-11-06
1789;Elvira;Sherfield;Elvira.Sherfield@yopmail.com;1928-08-26
1790;Courtnay;Kosey;Courtnay.Kosey@yopmail.com;2014-04-23
1791;Clary;Payson;Clary.Payson@yopmail.com;1937-03-07
1792;Libbie;Dulciana;Libbie.Dulciana@yopmail.com;1992-09-11
1793;Corina;Greenwald;Corina.Greenwald@yopmail.com;1952-05-11
1794;Lusa;Posner;Lusa.Posner@yopmail.com;1936-09-30
1795;Lila;Bach;Lila.Bach@yopmail.com;1925-03-14
1796;Katharina;Stevy;Katharina.Stevy@yopmail.com;1991-09-11
1797;Leeanne;Edee;Leeanne.Edee@yopmail.com;1994-06-11
1798;Margarette;Sperling;Margarette.Sperling@yopmail.com;1934-07-08
1799;Veda;Marcellus;Veda.Marcellus@yopmail.com;1981-11-14
1800;Ida;Infield;Ida.Infield@yopmail.com;1925-09-18
1801;Regina;Lacombe;Regina.Lacombe@yopmail.com;1938-01-15
1802;Eve;Henebry;Eve.Henebry@yopmail.com;1947-05-06
1803;Wanda;Weinreb;Wanda.Weinreb@yopmail.com;1961-04-12
1804;Helsa;Kannry;Helsa.Kannry@yopmail.com;1980-08-22
1805;Bobbi;Henrie;Bobbi.Henrie@yopmail.com;1970-06-15
1806;Joane;Cloris;Joane.Cloris@yopmail.com;1917-01-07
1807;Jolyn;Tufts;Jolyn.Tufts@yopmail.com;1953-03-10
1808;Kylynn;Luhe;Kylynn.Luhe@yopmail.com;1993-05-23
1809;Corene;Christal;Corene.Christal@yopmail.com;1905-11-08
1810;Lindie;Wenda;Lindie.Wenda@yopmail.com;1900-10-12
1811;Louella;Sheng;Louella.Sheng@yopmail.com;1948-10-03
1812;Ulrike;Lymann;Ulrike.Lymann@yopmail.com;1918-07-14
1813;Lizzie;Jehu;Lizzie.Jehu@yopmail.com;1927-08-28
1814;Stevana;Ball;Stevana.Ball@yopmail.com;1949-10-25
1815;Kary;Mauer;Kary.Mauer@yopmail.com;1924-12-27
1816;Audrie;Dalli;Audrie.Dalli@yopmail.com;1954-10-16
1817;Peri;Zetta;Peri.Zetta@yopmail.com;2017-02-01
1818;Violet;Jillane;Violet.Jillane@yopmail.com;1968-01-12
1819;Arlena;Roxanna;Arlena.Roxanna@yopmail.com;1919-12-08
1820;Gerianna;Natica;Gerianna.Natica@yopmail.com;1973-04-19
1821;Margalo;Linskey;Margalo.Linskey@yopmail.com;1992-11-13
1822;Gerrie;Lindemann;Gerrie.Lindemann@yopmail.com;1996-08-18
1823;Tobe;Munn;Tobe.Munn@yopmail.com;1920-01-08
1824;Dode;Chrystel;Dode.Chrystel@yopmail.com;1961-04-11
1825;Mariele;Kenney;Mariele.Kenney@yopmail.com;1936-07-16
1826;Jacenta;Cadmar;Jacenta.Cadmar@yopmail.com;1918-05-01
1827;Rosanne;Kunin;Rosanne.Kunin@yopmail.com;1959-07-02
1828;Gretal;Lauraine;Gretal.Lauraine@yopmail.com;2011-11-29
1829;Petronia;Graig;Petronia.Graig@yopmail.com;1988-01-11
1830;Gui;Sallyann;Gui.Sallyann@yopmail.com;1964-10-19
1831;Kylynn;Moseley;Kylynn.Moseley@yopmail.com;1960-10-04
1832;Elena;Eiser;Elena.Eiser@yopmail.com;1944-07-24
1833;Vivia;Norvol;Vivia.Norvol@yopmail.com;1964-05-07
1834;Chrystel;Loleta;Chrystel.Loleta@yopmail.com;1918-01-27
1835;Melanie;Eliathas;Melanie.Eliathas@yopmail.com;1904-03-15
1836;Nicoli;Kevon;Nicoli.Kevon@yopmail.com;1915-07-21
1837;Mady;Felizio;Mady.Felizio@yopmail.com;1918-01-16
1838;Joleen;Tarrant;Joleen.Tarrant@yopmail.com;2004-02-24
1839;Lelah;Ophelia;Lelah.Ophelia@yopmail.com;2014-10-10
1840;Alex;Dosia;Alex.Dosia@yopmail.com;1982-11-25
1841;Ethel;Tremayne;Ethel.Tremayne@yopmail.com;2012-06-19
1842;Verla;Wiener;Verla.Wiener@yopmail.com;1925-03-11
1843;Adore;Denis;Adore.Denis@yopmail.com;1933-01-10
1844;Berta;Hylan;Berta.Hylan@yopmail.com;1963-08-12
1845;Robbi;Selway;Robbi.Selway@yopmail.com;2003-02-18
1846;Roberta;Havens;Roberta.Havens@yopmail.com;1968-12-25
1847;Janis;Seumas;Janis.Seumas@yopmail.com;1997-02-08
1848;Lanae;Ball;Lanae.Ball@yopmail.com;1942-06-20
1849;Melanie;Hieronymus;Melanie.Hieronymus@yopmail.com;2004-01-21
1850;Wendi;Maiah;Wendi.Maiah@yopmail.com;2017-09-26
1851;Damaris;Naor;Damaris.Naor@yopmail.com;1919-05-02
1852;Corina;Swanhildas;Corina.Swanhildas@yopmail.com;1963-03-07
1853;Courtnay;Marcellus;Courtnay.Marcellus@yopmail.com;1975-12-31
1854;Jany;Shirberg;Jany.Shirberg@yopmail.com;1935-05-22
1855;Joelly;Annice;Joelly.Annice@yopmail.com;2015-05-10
1856;Alia;Aurelio;Alia.Aurelio@yopmail.com;1968-02-05
1857;Dotty;Lorain;Dotty.Lorain@yopmail.com;1995-04-29
1858;Tina;Elisha;Tina.Elisha@yopmail.com;2013-11-22
1859;Augustine;Hertzfeld;Augustine.Hertzfeld@yopmail.com;2017-10-24
1860;Kial;Taima;Kial.Taima@yopmail.com;1918-03-05
1861;Rebeca;Hazlett;Rebeca.Hazlett@yopmail.com;2011-12-02
1862;Doro;Kronfeld;Doro.Kronfeld@yopmail.com;1937-12-30
1863;Tracey;Ovid;Tracey.Ovid@yopmail.com;1943-04-03
1864;Agathe;Kazimir;Agathe.Kazimir@yopmail.com;1972-11-13
1865;Glenda;Eiser;Glenda.Eiser@yopmail.com;1994-06-12
1866;Michaelina;Ludewig;Michaelina.Ludewig@yopmail.com;1968-04-23
1867;Halette;Natica;Halette.Natica@yopmail.com;1999-09-16
1868;Chickie;Ball;Chickie.Ball@yopmail.com;1967-11-23
1869;Demetris;Orlene;Demetris.Orlene@yopmail.com;2002-09-30
1870;Lucille;Norvol;Lucille.Norvol@yopmail.com;1969-08-27
1871;Nannie;Thunell;Nannie.Thunell@yopmail.com;1941-05-31
1872;Allis;Oscar;Allis.Oscar@yopmail.com;1955-01-04
1873;Aili;Mauer;Aili.Mauer@yopmail.com;1945-01-03
1874;Nannie;Moina;Nannie.Moina@yopmail.com;2004-06-25
1875;Susan;Malvino;Susan.Malvino@yopmail.com;1932-11-13
1876;Karina;Konyn;Karina.Konyn@yopmail.com;1921-04-16
1877;Kassey;Millda;Kassey.Millda@yopmail.com;1933-06-10
1878;Katharina;Anis;Katharina.Anis@yopmail.com;1952-11-24
1879;Oralee;Jerold;Oralee.Jerold@yopmail.com;1968-03-28
1880;Joy;Hilbert;Joy.Hilbert@yopmail.com;2006-01-25
1881;Molli;Fleeta;Molli.Fleeta@yopmail.com;2015-09-10
1882;Nita;Barbey;Nita.Barbey@yopmail.com;1904-11-22
1883;Robbi;Arvo;Robbi.Arvo@yopmail.com;1909-04-18
1884;Phedra;Bergman;Phedra.Bergman@yopmail.com;1960-08-04
1885;Mariele;Damarra;Mariele.Damarra@yopmail.com;1947-01-18
1886;Stacey;Eldrid;Stacey.Eldrid@yopmail.com;1905-04-12
1887;Zsa Zsa;Croix;Zsa Zsa.Croix@yopmail.com;2014-02-06
1888;Gwenneth;Breed;Gwenneth.Breed@yopmail.com;1936-05-05
1889;Ermengarde;Millda;Ermengarde.Millda@yopmail.com;1999-05-26
1890;Gabi;Pearse;Gabi.Pearse@yopmail.com;1948-10-14
1891;Gusella;Heidt;Gusella.Heidt@yopmail.com;1989-01-24
1892;Damaris;Boycey;Damaris.Boycey@yopmail.com;1953-07-11
1893;Sandie;Zina;Sandie.Zina@yopmail.com;1908-03-17
1894;Jenda;Yusuk;Jenda.Yusuk@yopmail.com;1990-05-29
1895;Elyssa;Candy;Elyssa.Candy@yopmail.com;1922-10-31
1896;Meghann;Hartnett;Meghann.Hartnett@yopmail.com;1949-09-24
1897;Fayre;Orelee;Fayre.Orelee@yopmail.com;2009-12-17
1898;Melodie;Evvie;Melodie.Evvie@yopmail.com;1958-10-09
1899;Nonnah;Miru;Nonnah.Miru@yopmail.com;1993-03-12
1900;Kalina;Paine;Kalina.Paine@yopmail.com;1934-10-07
1901;Audrie;Angelis;Audrie.Angelis@yopmail.com;1909-04-12
1902;Pamella;Eugenia;Pamella.Eugenia@yopmail.com;1999-05-02
1903;Sindee;Joseph;Sindee.Joseph@yopmail.com;1936-03-23
1904;Madeleine;Ehrman;Madeleine.Ehrman@yopmail.com;1993-05-06
1905;Cherilyn;Atcliffe;Cherilyn.Atcliffe@yopmail.com;1937-11-28
1906;Carree;Slifka;Carree.Slifka@yopmail.com;1946-11-09
1907;Lexine;Iaverne;Lexine.Iaverne@yopmail.com;1932-10-26
1908;Ernesta;Barrus;Ernesta.Barrus@yopmail.com;1988-01-14
1909;Jacenta;Hanshaw;Jacenta.Hanshaw@yopmail.com;1960-05-01
1910;Lindie;Brotherson;Lindie.Brotherson@yopmail.com;1963-10-06
1911;Fawne;Blase;Fawne.Blase@yopmail.com;2017-04-15
1912;Stacey;Riva;Stacey.Riva@yopmail.com;2006-09-23
1913;Halette;Hoenack;Halette.Hoenack@yopmail.com;2014-08-10
1914;Jany;Weitman;Jany.Weitman@yopmail.com;1913-05-15
1915;Marguerite;Dituri;Marguerite.Dituri@yopmail.com;1917-06-12
1916;Fred;Aldric;Fred.Aldric@yopmail.com;1967-12-01
1917;Renae;Viddah;Renae.Viddah@yopmail.com;1993-11-21
1918;Elbertina;Roscoe;Elbertina.Roscoe@yopmail.com;1915-07-09
1919;Sue;Alrich;Sue.Alrich@yopmail.com;1937-03-10
1920;Catharine;Marisa;Catharine.Marisa@yopmail.com;1969-12-15
1921;Nariko;Nadia;Nariko.Nadia@yopmail.com;1969-08-04
1922;Ekaterina;Eiser;Ekaterina.Eiser@yopmail.com;1923-04-25
1923;Fernande;Masao;Fernande.Masao@yopmail.com;1982-06-21
1924;Rani;Olympium;Rani.Olympium@yopmail.com;1948-08-29
1925;Jennica;Anton;Jennica.Anton@yopmail.com;1993-10-19
1926;Cherrita;Ophelia;Cherrita.Ophelia@yopmail.com;1958-10-22
1927;Dagmar;Reneta;Dagmar.Reneta@yopmail.com;1915-12-24
1928;Dyann;Bobbee;Dyann.Bobbee@yopmail.com;2014-02-01
1929;Charmaine;Alarise;Charmaine.Alarise@yopmail.com;2019-06-30
1930;Winny;Raama;Winny.Raama@yopmail.com;2019-11-23
1931;Correy;Hertzfeld;Correy.Hertzfeld@yopmail.com;1992-07-03
1932;Maridel;Stilwell;Maridel.Stilwell@yopmail.com;2004-06-22
1933;Anestassia;Docilla;Anestassia.Docilla@yopmail.com;1907-05-15
1934;Hayley;Raama;Hayley.Raama@yopmail.com;1926-02-15
1935;Alejandra;Sikorski;Alejandra.Sikorski@yopmail.com;1910-05-06
1936;Ebonee;Mandler;Ebonee.Mandler@yopmail.com;2003-05-23
1937;Jaime;Allys;Jaime.Allys@yopmail.com;1937-05-11
1938;Lucy;Alejoa;Lucy.Alejoa@yopmail.com;1976-08-28
1939;Jorry;Grobe;Jorry.Grobe@yopmail.com;2008-10-18
1940;Eugine;Shaver;Eugine.Shaver@yopmail.com;1991-10-11
1941;Ilse;Read;Ilse.Read@yopmail.com;1929-06-17
1942;Antonietta;Thomasina;Antonietta.Thomasina@yopmail.com;1951-07-01
1943;Chloris;Loring;Chloris.Loring@yopmail.com;1926-04-15
1944;Orsola;Ambrosia;Orsola.Ambrosia@yopmail.com;1938-11-25
1945;Amii;Cohdwell;Amii.Cohdwell@yopmail.com;1933-10-30
1946;Ulrike;Minetta;Ulrike.Minetta@yopmail.com;1951-12-10
1947;Gilligan;Nicoline;Gilligan.Nicoline@yopmail.com;1996-10-13
1948;Karly;Mozelle;Karly.Mozelle@yopmail.com;1971-10-01
1949;Gaylene;Clywd;Gaylene.Clywd@yopmail.com;1952-06-20
1950;Cyndie;Joni;Cyndie.Joni@yopmail.com;1969-02-17
1951;Marika;Thunell;Marika.Thunell@yopmail.com;1911-04-15
1952;Maryellen;Bach;Maryellen.Bach@yopmail.com;1942-12-16
1953;Dode;Fleeta;Dode.Fleeta@yopmail.com;1960-08-09
1954;Kerrin;Donell;Kerrin.Donell@yopmail.com;2018-07-12
1955;Asia;Tryck;Asia.Tryck@yopmail.com;1923-08-25
1956;Benita;Noelyn;Benita.Noelyn@yopmail.com;1901-01-13
1957;Chickie;Martsen;Chickie.Martsen@yopmail.com;1946-12-24
1958;Aigneis;Jillane;Aigneis.Jillane@yopmail.com;1999-03-16
1959;Wileen;Edison;Wileen.Edison@yopmail.com;1994-10-15
1960;Valli;Roarke;Valli.Roarke@yopmail.com;1978-10-07
1961;Orelia;Solitta;Orelia.Solitta@yopmail.com;2007-05-23
1962;Adelle;Oriana;Adelle.Oriana@yopmail.com;2003-03-12
1963;Karina;Toor;Karina.Toor@yopmail.com;1962-02-14
1964;Hope;Blisse;Hope.Blisse@yopmail.com;1950-08-01
1965;Bibby;Garbe;Bibby.Garbe@yopmail.com;1990-01-07
1966;Lila;Francene;Lila.Francene@yopmail.com;1933-10-19
1967;Clary;Lay;Clary.Lay@yopmail.com;1978-10-24
1968;Benita;Vastah;Benita.Vastah@yopmail.com;2008-09-04
1969;Dale;Madelene;Dale.Madelene@yopmail.com;1986-07-25
1970;Myriam;Kolnick;Myriam.Kolnick@yopmail.com;2006-05-13
1971;Riannon;Gale;Riannon.Gale@yopmail.com;1950-05-17
1972;Corly;Linskey;Corly.Linskey@yopmail.com;1956-06-06
1973;Misha;Georgy;Misha.Georgy@yopmail.com;1983-07-19
1974;Kathy;Ludewig;Kathy.Ludewig@yopmail.com;1957-03-31
1975;Corene;Kamaria;Corene.Kamaria@yopmail.com;2019-04-10
1976;Natka;Zrike;Natka.Zrike@yopmail.com;1966-07-28
1977;Ericka;Libna;Ericka.Libna@yopmail.com;1911-04-16
1978;Annaliese;Sholley;Annaliese.Sholley@yopmail.com;1954-12-14
1979;Libbie;Halsey;Libbie.Halsey@yopmail.com;2012-03-10
1980;Madelle;Truc;Madelle.Truc@yopmail.com;1907-07-14
1981;Delilah;Han;Delilah.Han@yopmail.com;1934-02-06
1982;Stacey;Joseph;Stacey.Joseph@yopmail.com;1916-06-12
1983;Zondra;Kress;Zondra.Kress@yopmail.com;1992-08-09
1984;Cathie;Pascia;Cathie.Pascia@yopmail.com;1905-06-24
1985;Emelina;Carey;Emelina.Carey@yopmail.com;2004-02-19
1986;Carolina;Jacqui;Carolina.Jacqui@yopmail.com;2009-09-02
1987;Dacia;Alcott;Dacia.Alcott@yopmail.com;1906-07-08
1988;Alyda;Fiann;Alyda.Fiann@yopmail.com;1976-03-26
1989;Drucie;Elo;Drucie.Elo@yopmail.com;1950-05-05
1990;Shell;Alrich;Shell.Alrich@yopmail.com;1987-10-15
1991;Mahalia;Blase;Mahalia.Blase@yopmail.com;1969-03-14
1992;Gerianna;Telfer;Gerianna.Telfer@yopmail.com;1943-10-25
1993;Roberta;Andrel;Roberta.Andrel@yopmail.com;1940-10-28
1994;Orelia;Dahlia;Orelia.Dahlia@yopmail.com;1991-04-08
1995;Philis;Francyne;Philis.Francyne@yopmail.com;1921-03-25
1996;Rani;Aaberg;Rani.Aaberg@yopmail.com;1977-01-23
1997;Verla;Lunsford;Verla.Lunsford@yopmail.com;1905-04-13
1998;Bobbi;Bandeen;Bobbi.Bandeen@yopmail.com;1961-06-09
1999;Mady;Imelida;Mady.Imelida@yopmail.com;1936-07-28