id;firstname;lastname;email;Field Name
1000;Sue;Fabiola;Sue.Fabiola@yopmail.com;1927-05-27
1001;Cathie;Delacourt;Cathie.Delacourt@yopmail.com;1916-06-10
1002;Georgetta;Granoff;Georgetta.Granoff@yopmail.com;1935-08-21
1003;Blondelle;Demitria;Blondelle.Demitria@yopmail.com;1903-12-05
1004;Georgetta;Ivens;Georgetta.Ivens@yopmail.com;1998-09-16
1005;Helsa;Lewes;Helsa.Lewes@yopmail.com;1914-03-09
1006;Teriann;Tremayne;Teriann.Tremayne@yopmail.com;1906-01-28
1007;Celene;Smitt;Celene.Smitt@yopmail.com;1960-03-22
1008;Candi;Sasnett;Candi.Sasnett@yopmail.com;2000-07-23
1009;Clo;Keelia;Clo.Keelia@yopmail.com;1952-06-15
1010;Ketti;Uund;Ketti.Uund@yopmail.com;1999-07-12
1011;Sissy;Toor;Sissy.Toor@yopmail.com;1975-06-29
1012;Loree;Anton;Loree.Anton@yopmail.com;1954-06-18
1013;Dacia;Rosalba;Dacia.Rosalba@yopmail.com;1991-07-01
1014;Rebeca;Rheingold;Rebeca.Rheingold@yopmail.com;1987-10-12
1015;Lucille;Tice;Lucille.Tice@yopmail.com;1971-03-05
1016;Max;Sherrie;Max.Sherrie@yopmail.com;1916-12-16
1017;Latisha;Amethist;Latisha.Amethist@yopmail.com;1950-07-20
1018;Atlanta;Cassius;Atlanta.Cassius@yopmail.com;1978-06-24
1019;Courtnay;Pitt;Courtnay.Pitt@yopmail.com;1915-09-11
1020;Nessie;Denis;Nessie.Denis@yopmail.com;1981-07-16
1021;Darlleen;Emerson;Darlleen.Emerson@yopmail.com;1970-09-14
1022;Libbie;Behre;Libbie.Behre@yopmail.com;1925-09-25
1023;Anallese;O'Carroll;Anallese.O'Carroll@yopmail.com;1915-04-27
1024;Glenda;Damarra;Glenda.Damarra@yopmail.com;1957-10-29
1025;Cam;Secrest;Cam.Secrest@yopmail.com;1948-09-06
1026;Pearline;Haerr;Pearline.Haerr@yopmail.com;2000-05-06
1027;Stacey;Francene;Stacey.Francene@yopmail.com;1994-12-27
1028;Meriel;Genna;Meriel.Genna@yopmail.com;1986-03-26
1029;Ursulina;Anton;Ursulina.Anton@yopmail.com;1959-09-16
1030;Marguerite;Alarise;Marguerite.Alarise@yopmail.com;2013-07-27
1031;Nyssa;Peti;Nyssa.Peti@yopmail.com;1934-11-25
1032;Danika;Pettiford;Danika.Pettiford@yopmail.com;1990-11-03
1033;Ellette;Kiyoshi;Ellette.Kiyoshi@yopmail.com;1961-04-26
1034;Leeanne;Donoghue;Leeanne.Donoghue@yopmail.com;1963-09-04
1035;Max;Persse;Max.Persse@yopmail.com;1998-03-31
1036;Carolina;Cookie;Carolina.Cookie@yopmail.com;1972-09-18
1037;Pollyanna;Mich;Pollyanna.Mich@yopmail.com;2009-11-18
1038;Corry;Heidt;Corry.Heidt@yopmail.com;1990-08-07
1039;Nannie;Ball;Nannie.Ball@yopmail.com;1918-08-08
1040;Natka;Ephrem;Natka.Ephrem@yopmail.com;1963-08-29
1041;Ivett;Esmaria;Ivett.Esmaria@yopmail.com;1924-03-16
1042;Codie;Letsou;Codie.Letsou@yopmail.com;1981-09-09
1043;Maurene;Helve;Maurene.Helve@yopmail.com;1907-05-14
1044;Leona;Cherianne;Leona.Cherianne@yopmail.com;1948-03-22
1045;Dacia;Ariella;Dacia.Ariella@yopmail.com;1916-03-01
1046;Morganica;Allina;Morganica.Allina@yopmail.com;1989-03-27
1047;Myrtice;Aldric;Myrtice.Aldric@yopmail.com;2013-08-24
1048;Jolyn;Roche;Jolyn.Roche@yopmail.com;1934-12-03
1049;Ermengarde;Grimbly;Ermengarde.Grimbly@yopmail.com;1964-09-04
1050;Tonia;Behre;Tonia.Behre@yopmail.com;1922-03-31
1051;Jaclyn;Telfer;Jaclyn.Telfer@yopmail.com;1916-06-17
1052;Olivette;Zitvaa;Olivette.Zitvaa@yopmail.com;1955-06-23
1053;Sallie;Pauly;Sallie.Pauly@yopmail.com;2013-10-23
1054;Alejandra;Cohdwell;Alejandra.Cohdwell@yopmail.com;2015-09-25
1055;Mallory;Rozanna;Mallory.Rozanna@yopmail.com;1986-02-28
1056;Andeee;Sparhawk;Andeee.Sparhawk@yopmail.com;2008-05-12
1057;Eugine;Latini;Eugine.Latini@yopmail.com;1983-08-15
1058;Elyssa;Jaylene;Elyssa.Jaylene@yopmail.com;1958-09-08
1059;Lynnea;Wesle;Lynnea.Wesle@yopmail.com;1991-03-10
1060;Jessy;Bow;Jessy.Bow@yopmail.com;1988-08-07
1061;Kristan;Bouchard;Kristan.Bouchard@yopmail.com;2000-03-18
1062;Audrie;Zetta;Audrie.Zetta@yopmail.com;1901-07-14
1063;Tani;Telfer;Tani.Telfer@yopmail.com;1917-04-28
1064;Kaja;Halsey;Kaja.Halsey@yopmail.com;1918-06-27
1065;Brynna;Taam;Brynna.Taam@yopmail.com;1985-03-05
1066;Ebonee;Yam;Ebonee.Yam@yopmail.com;2016-09-09
1067;Mignon;Lattie;Mignon.Lattie@yopmail.com;1970-11-12
1068;Margette;Pitt;Margette.Pitt@yopmail.com;1934-01-14
1069;Phylis;Kamaria;Phylis.Kamaria@yopmail.com;2017-10-13
1070;Kylynn;Shelba;Kylynn.Shelba@yopmail.com;1945-06-14
1071;Giustina;Lubin;Giustina.Lubin@yopmail.com;1935-04-25
1072;Caritta;Angelis;Caritta.Angelis@yopmail.com;1906-07-19
1073;Xylina;Eachern;Xylina.Eachern@yopmail.com;1976-10-08
1074;Ofilia;Telfer;Ofilia.Telfer@yopmail.com;2007-11-08
1075;Elora;Hanleigh;Elora.Hanleigh@yopmail.com;1904-04-14
1076;Tabbatha;Infield;Tabbatha.Infield@yopmail.com;1934-04-10
1077;Oralee;Hailee;Oralee.Hailee@yopmail.com;2017-01-26
1078;Marylou;Yerkovich;Marylou.Yerkovich@yopmail.com;1970-02-05
1079;Petronia;Colbert;Petronia.Colbert@yopmail.com;1956-03-25
1080;Delilah;Scammon;Delilah.Scammon@yopmail.com;1969-05-03
1081;Lynea;Dielu;Lynea.Dielu@yopmail.com;1996-04-06
1082;Cissiee;Madox;Cissiee.Madox@yopmail.com;1984-07-11
1083;Ginnie;Bobbee;Ginnie.Bobbee@yopmail.com;1904-07-10
1084;Kimberley;Sperling;Kimberley.Sperling@yopmail.com;1985-07-25
1085;Ilse;Kellby;Ilse.Kellby@yopmail.com;2006-02-21
1086;Kimmy;Thar;Kimmy.Thar@yopmail.com;1948-10-31
1087;Pierette;Gert;Pierette.Gert@yopmail.com;1989-03-07
1088;Shirlee;Tristram;Shirlee.Tristram@yopmail.com;2006-10-16
1089;Celestyna;Erb;Celestyna.Erb@yopmail.com;1954-05-02
1090;Tabbatha;Llovera;Tabbatha.Llovera@yopmail.com;1953-06-06
1091;Shirlee;Franza;Shirlee.Franza@yopmail.com;2012-04-27
1092;Margalo;Cherianne;Margalo.Cherianne@yopmail.com;1977-08-28
1093;Lucy;Stuart;Lucy.Stuart@yopmail.com;1976-09-21
1094;Nikki;Natica;Nikki.Natica@yopmail.com;2015-06-14
1095;Tersina;Eben;Tersina.Eben@yopmail.com;1943-10-04
1096;Madelle;Warthman;Madelle.Warthman@yopmail.com;1984-01-06
1097;Dulce;Shields;Dulce.Shields@yopmail.com;1982-05-14
1098;Keelia;Juan;Keelia.Juan@yopmail.com;2002-07-28
1099;Katleen;Brodench;Katleen.Brodench@yopmail.com;1993-11-09
1100;Shandie;Morrill;Shandie.Morrill@yopmail.com;1966-07-17
1101;Teriann;Pettiford;Teriann.Pettiford@yopmail.com;1955-12-24
1102;Peri;Jerold;Peri.Jerold@yopmail.com;2005-06-04
1103;Clarice;Durware;Clarice.Durware@yopmail.com;1989-02-21
1104;Tatiania;Leffen;Tatiania.Leffen@yopmail.com;1921-02-21
1105;Annaliese;Mitzi;Annaliese.Mitzi@yopmail.com;1916-04-25
1106;Annecorinne;Norvol;Annecorinne.Norvol@yopmail.com;1934-03-03
1107;Dulcinea;Mike;Dulcinea.Mike@yopmail.com;1913-09-09
1108;Magdalena;Wadell;Magdalena.Wadell@yopmail.com;1933-03-28
1109;Moyna;Wyn;Moyna.Wyn@yopmail.com;1960-10-10
1110;Lizzie;Schlosser;Lizzie.Schlosser@yopmail.com;1906-07-17
1111;Cyb;Soneson;Cyb.Soneson@yopmail.com;1934-05-17
1112;Dede;Pernick;Dede.Pernick@yopmail.com;1913-06-16
1113;Ardenia;Adrienne;Ardenia.Adrienne@yopmail.com;1962-12-13
1114;Elise;Anis;Elise.Anis@yopmail.com;2001-02-14
1115;Maridel;Gaal;Maridel.Gaal@yopmail.com;1934-04-17
1116;Chastity;Skurnik;Chastity.Skurnik@yopmail.com;1982-06-08
1117;Kristina;Fink;Kristina.Fink@yopmail.com;1949-04-18
1118;Audrie;Peg;Audrie.Peg@yopmail.com;2014-05-30
1119;Molli;Estella;Molli.Estella@yopmail.com;1916-01-25
1120;Raquela;Wilkinson;Raquela.Wilkinson@yopmail.com;1917-12-17
1121;Alleen;Dom;Alleen.Dom@yopmail.com;1972-05-17
1122;Marti;Seumas;Marti.Seumas@yopmail.com;1970-02-19
1123;Katuscha;Thema;Katuscha.Thema@yopmail.com;1903-03-21
1124;Marcy;Olympium;Marcy.Olympium@yopmail.com;1967-01-26
1125;Pierette;Danby;Pierette.Danby@yopmail.com;1994-02-09
1126;Glynnis;Jehu;Glynnis.Jehu@yopmail.com;1915-07-30
1127;Giustina;Katrine;Giustina.Katrine@yopmail.com;1928-06-06
1128;Di;Fosque;Di.Fosque@yopmail.com;1953-02-08
1129;Lusa;Rozanna;Lusa.Rozanna@yopmail.com;1947-04-19
1130;Collen;Baptlsta;Collen.Baptlsta@yopmail.com;1965-10-02
1131;Mady;Erskine;Mady.Erskine@yopmail.com;1992-04-22
1132;Tracey;Friede;Tracey.Friede@yopmail.com;1923-01-14
1133;Molli;Hepsibah;Molli.Hepsibah@yopmail.com;2008-10-08
1134;Suzette;Lipson;Suzette.Lipson@yopmail.com;1983-10-24
1135;Rebeca;Herrera;Rebeca.Herrera@yopmail.com;1968-05-05
1136;Robbi;Pacorro;Robbi.Pacorro@yopmail.com;1992-06-03
1137;Arlina;Pillsbury;Arlina.Pillsbury@yopmail.com;2008-07-18
1138;Angelique;Bohlin;Angelique.Bohlin@yopmail.com;1941-11-02
1139;Hayley;Margret;Hayley.Margret@yopmail.com;1926-11-16
1140;Nessie;Billye;Nessie.Billye@yopmail.com;1915-06-04
1141;Iseabal;Guthrie;Iseabal.Guthrie@yopmail.com;1915-03-20
1142;Estell;Greyson;Estell.Greyson@yopmail.com;1906-05-11
1143;Tybie;Braun;Tybie.Braun@yopmail.com;1985-11-19
1144;Mureil;Rurik;Mureil.Rurik@yopmail.com;1915-05-12
1145;Linzy;Flyn;Linzy.Flyn@yopmail.com;2011-09-02
1146;Carmela;Gale;Carmela.Gale@yopmail.com;1981-05-21
1147;Jere;Rustice;Jere.Rustice@yopmail.com;1936-07-14
1148;Inga;Dalli;Inga.Dalli@yopmail.com;1976-11-05
1149;Angela;Taima;Angela.Taima@yopmail.com;2006-05-21
1150;Patricia;Urias;Patricia.Urias@yopmail.com;2011-10-05
1151;Loree;Kannry;Loree.Kannry@yopmail.com;2013-12-17
1152;Nerta;Ackerley;Nerta.Ackerley@yopmail.com;2013-03-29
1153;Anthia;Magnolia;Anthia.Magnolia@yopmail.com;1908-09-09
1154;Nessie;Noelyn;Nessie.Noelyn@yopmail.com;1965-03-30
1155;Nanete;Stelle;Nanete.Stelle@yopmail.com;2007-04-14
1156;Teriann;Mata;Teriann.Mata@yopmail.com;1920-07-29
1157;Morganica;Lunsford;Morganica.Lunsford@yopmail.com;2002-01-27
1158;Janeczka;Hunfredo;Janeczka.Hunfredo@yopmail.com;2005-08-19
1159;Renae;Woodberry;Renae.Woodberry@yopmail.com;1913-05-18
1160;Esmeralda;Mott;Esmeralda.Mott@yopmail.com;1954-08-10
1161;Lucille;Saree;Lucille.Saree@yopmail.com;1926-08-15
1162;Jessy;Girardo;Jessy.Girardo@yopmail.com;1995-04-04
1163;Coral;Etom;Coral.Etom@yopmail.com;1994-05-10
1164;Talya;Stover;Talya.Stover@yopmail.com;1967-05-17
1165;Ellette;Montgomery;Ellette.Montgomery@yopmail.com;1995-08-15
1166;Marleah;Vary;Marleah.Vary@yopmail.com;1917-05-28
1167;Dolli;Evvie;Dolli.Evvie@yopmail.com;2014-08-11
1168;Queenie;Rese;Queenie.Rese@yopmail.com;1968-02-18
1169;Aigneis;Roche;Aigneis.Roche@yopmail.com;1992-02-04
1170;Tobe;Han;Tobe.Han@yopmail.com;1988-07-10
1171;Yolane;Estella;Yolane.Estella@yopmail.com;1939-07-20
1172;Magdalena;Brodench;Magdalena.Brodench@yopmail.com;1958-06-22
1173;Rozele;Laurianne;Rozele.Laurianne@yopmail.com;1964-04-27
1174;Cindelyn;Bates;Cindelyn.Bates@yopmail.com;2012-11-23
1175;Lisette;Sheedy;Lisette.Sheedy@yopmail.com;1931-12-05
1176;Elvira;Mallon;Elvira.Mallon@yopmail.com;1906-06-15
1177;Karena;Secrest;Karena.Secrest@yopmail.com;1966-11-01
1178;Chrystel;Clie;Chrystel.Clie@yopmail.com;1950-12-28
1179;Johna;Graig;Johna.Graig@yopmail.com;1937-12-20
1180;Carol-Jean;Uird;Carol-Jean.Uird@yopmail.com;1938-12-03
1181;Gwyneth;Gaspard;Gwyneth.Gaspard@yopmail.com;1982-03-08
1182;Veda;Dreda;Veda.Dreda@yopmail.com;1958-07-11
1183;Bettine;Calhoun;Bettine.Calhoun@yopmail.com;1982-06-09
1184;Vevay;Angelis;Vevay.Angelis@yopmail.com;1941-05-25
1185;Orelia;Zeeba;Orelia.Zeeba@yopmail.com;1900-10-29
1186;Aimil;Erskine;Aimil.Erskine@yopmail.com;1938-11-06
1187;Elsie;Phyllis;Elsie.Phyllis@yopmail.com;1946-11-06
1188;Bertine;Tyson;Bertine.Tyson@yopmail.com;1906-12-20
1189;Rhea;Guthrie;Rhea.Guthrie@yopmail.com;1988-01-02
1190;Nariko;Schalles;Nariko.Schalles@yopmail.com;1901-11-19
1191;Marline;Raseda;Marline.Raseda@yopmail.com;1978-08-15
1192;Silvana;Cloris;Silvana.Cloris@yopmail.com;1908-04-13
1193;Cindelyn;Amand;Cindelyn.Amand@yopmail.com;2003-11-08
1194;Constance;Dermott;Constance.Dermott@yopmail.com;1955-07-03
1195;Charmaine;Revkah;Charmaine.Revkah@yopmail.com;2009-06-24
1196;Chrystel;Faria;Chrystel.Faria@yopmail.com;2004-12-13
1197;Alyssa;Wind;Alyssa.Wind@yopmail.com;1983-03-09
1198;Ketti;Tiffa;Ketti.Tiffa@yopmail.com;1998-12-21
1199;Dari;Douglass;Dari.Douglass@yopmail.com;1915-06-09
1200;Raf;Zola;Raf.Zola@yopmail.com;1960-05-24
1201;Caryl;Longfellow;Caryl.Longfellow@yopmail.com;1912-12-22
1202;Joelly;Fiester;Joelly.Fiester@yopmail.com;1964-03-15
1203;Shannah;Stover;Shannah.Stover@yopmail.com;1988-07-30
1204;Candy;Corrine;Candy.Corrine@yopmail.com;2006-07-18
1205;Riannon;Eckblad;Riannon.Eckblad@yopmail.com;1996-12-19
1206;Sean;Reidar;Sean.Reidar@yopmail.com;1961-09-13
1207;Bernie;Lareena;Bernie.Lareena@yopmail.com;1904-11-24
1208;Evaleen;Vary;Evaleen.Vary@yopmail.com;2000-12-27
1209;Wanda;Kravits;Wanda.Kravits@yopmail.com;1941-12-29
1210;Loree;Percy;Loree.Percy@yopmail.com;2006-01-07
1211;Katleen;Wilkinson;Katleen.Wilkinson@yopmail.com;1979-05-07
1212;Gui;Idelia;Gui.Idelia@yopmail.com;1954-11-16
1213;Brianna;Ralfston;Brianna.Ralfston@yopmail.com;1942-08-02
1214;Ardenia;Faria;Ardenia.Faria@yopmail.com;1956-10-17
1215;Merle;Kellby;Merle.Kellby@yopmail.com;1957-10-20
1216;Jobi;Sholley;Jobi.Sholley@yopmail.com;2000-04-12
1217;Chastity;Halsey;Chastity.Halsey@yopmail.com;2014-03-28
1218;Natka;Podvin;Natka.Podvin@yopmail.com;1966-09-19
1219;Kary;Behre;Kary.Behre@yopmail.com;1938-08-31
1220;Dorothy;Urania;Dorothy.Urania@yopmail.com;1925-07-25
1221;Dacia;Dielu;Dacia.Dielu@yopmail.com;2016-06-27
1222;Viki;Izaak;Viki.Izaak@yopmail.com;1940-07-14
1223;Aurore;Klotz;Aurore.Klotz@yopmail.com;2006-03-28
1224;Devina;Sisile;Devina.Sisile@yopmail.com;1943-11-26
1225;Ketti;Chinua;Ketti.Chinua@yopmail.com;2017-10-23
1226;Aryn;Nicoline;Aryn.Nicoline@yopmail.com;1947-09-22
1227;Petronia;Sadowski;Petronia.Sadowski@yopmail.com;2009-10-30
1228;Cyndie;Grosz;Cyndie.Grosz@yopmail.com;1939-10-16
1229;Susette;Jorgan;Susette.Jorgan@yopmail.com;2008-06-29
1230;Rosabelle;Radu;Rosabelle.Radu@yopmail.com;1992-06-03
1231;Larine;Rillings;Larine.Rillings@yopmail.com;1964-10-23
1232;Steffane;Gabrielli;Steffane.Gabrielli@yopmail.com;1968-01-30
1233;Beatriz;Mallon;Beatriz.Mallon@yopmail.com;1912-05-22
1234;Candy;Billye;Candy.Billye@yopmail.com;1931-08-01
1235;Gusty;Forrer;Gusty.Forrer@yopmail.com;1966-12-17
1236;Shaine;Taima;Shaine.Taima@yopmail.com;1942-01-09
1237;Noelle;Danby;Noelle.Danby@yopmail.com;1976-04-01
1238;Steffane;Oriana;Steffane.Oriana@yopmail.com;1930-11-09
1239;Robinia;Carmena;Robinia.Carmena@yopmail.com;2007-09-11
1240;Nikki;Dawkins;Nikki.Dawkins@yopmail.com;2003-08-07
1241;Hayley;Bigner;Hayley.Bigner@yopmail.com;1953-09-07
1242;Ernesta;Japeth;Ernesta.Japeth@yopmail.com;2003-11-30
1243;Pierette;Jarib;Pierette.Jarib@yopmail.com;1923-05-22
1244;Lita;Strephon;Lita.Strephon@yopmail.com;2009-07-05
1245;Kellen;Ophelia;Kellen.Ophelia@yopmail.com;2009-11-23
1246;Desirae;Wandie;Desirae.Wandie@yopmail.com;1971-06-18
1247;Candi;Rossner;Candi.Rossner@yopmail.com;1933-12-31
1248;Misha;Delila;Misha.Delila@yopmail.com;1993-06-20
1249;Vinita;Lasley;Vinita.Lasley@yopmail.com;1917-12-10
1250;Fina;Talia;Fina.Talia@yopmail.com;1952-03-18
1251;Melisent;Wiener;Melisent.Wiener@yopmail.com;1990-03-07
1252;Philis;Bandeen;Philis.Bandeen@yopmail.com;2009-05-10
1253;Aimil;Pozzy;Aimil.Pozzy@yopmail.com;2000-10-12
1254;Myriam;Vharat;Myriam.Vharat@yopmail.com;1957-08-04
1255;Leona;Ackerley;Leona.Ackerley@yopmail.com;1970-12-10
1256;Daryl;Magnolia;Daryl.Magnolia@yopmail.com;1921-04-15
1257;Fawne;Aldric;Fawne.Aldric@yopmail.com;1943-08-16
1258;Florie;Urias;Florie.Urias@yopmail.com;1925-05-02
1259;Mureil;Juliet;Mureil.Juliet@yopmail.com;1942-05-16
1260;Joleen;Lasley;Joleen.Lasley@yopmail.com;1946-08-31
1261;Fawne;Ledah;Fawne.Ledah@yopmail.com;1996-09-25
1262;Caryl;Thad;Caryl.Thad@yopmail.com;1963-11-30
1263;Shaine;Rhu;Shaine.Rhu@yopmail.com;1967-12-25
1264;Stevana;Mata;Stevana.Mata@yopmail.com;1995-03-31
1265;Kelly;MacIntosh;Kelly.MacIntosh@yopmail.com;1954-02-18
1266;Maud;Damarra;Maud.Damarra@yopmail.com;1954-01-10
1267;Sam;Toni;Sam.Toni@yopmail.com;1925-11-27
1268;Dale;Kiyoshi;Dale.Kiyoshi@yopmail.com;1931-09-20
1269;Tracey;Hepsibah;Tracey.Hepsibah@yopmail.com;1999-07-02
1270;Betta;Dalli;Betta.Dalli@yopmail.com;1926-07-04
1271;Taffy;Saunderson;Taffy.Saunderson@yopmail.com;1906-11-16
1272;Tressa;Maisey;Tressa.Maisey@yopmail.com;1989-09-17
1273;Grier;Albertine;Grier.Albertine@yopmail.com;2012-12-12
1274;Queenie;Maroney;Queenie.Maroney@yopmail.com;2006-08-18
1275;Zondra;Nunci;Zondra.Nunci@yopmail.com;2017-03-06
1276;Modestia;Santoro;Modestia.Santoro@yopmail.com;1944-09-05
1277;Flo;Marden;Flo.Marden@yopmail.com;1907-04-01
1278;Babita;Honoria;Babita.Honoria@yopmail.com;1970-03-22
1279;Leia;Lipson;Leia.Lipson@yopmail.com;1953-04-07
1280;Melisent;Bonilla;Melisent.Bonilla@yopmail.com;1978-01-08
1281;Sindee;Avi;Sindee.Avi@yopmail.com;1990-12-09
1282;Margette;Hilbert;Margette.Hilbert@yopmail.com;1910-10-07
1283;Genevra;Madox;Genevra.Madox@yopmail.com;1947-01-05
1284;Catrina;Karylin;Catrina.Karylin@yopmail.com;1978-07-06
1285;Hildegaard;Ogren;Hildegaard.Ogren@yopmail.com;1984-08-28
1286;Codie;Nore;Codie.Nore@yopmail.com;2007-07-23
1287;Yolane;Eben;Yolane.Eben@yopmail.com;2004-04-21
1288;Viki;Brackely;Viki.Brackely@yopmail.com;1980-05-02
1289;Ann-Marie;Germann;Ann-Marie.Germann@yopmail.com;1936-12-26
1290;Flory;Phi;Flory.Phi@yopmail.com;1964-07-19
1291;Kaja;Shirberg;Kaja.Shirberg@yopmail.com;1953-10-18
1292;Nyssa;Granoff;Nyssa.Granoff@yopmail.com;1931-06-28
1293;Netty;Cullin;Netty.Cullin@yopmail.com;1994-10-13
1294;Joeann;Jenness;Joeann.Jenness@yopmail.com;1973-05-28
1295;Florencia;Felecia;Florencia.Felecia@yopmail.com;1953-01-01
1296;Carilyn;Gabrielli;Carilyn.Gabrielli@yopmail.com;1982-10-03
1297;Shandie;Raimondo;Shandie.Raimondo@yopmail.com;2000-12-11
1298;Dianemarie;Kazimir;Dianemarie.Kazimir@yopmail.com;1946-06-03
1299;Felice;Peonir;Felice.Peonir@yopmail.com;2014-07-29
1300;Christal;Colyer;Christal.Colyer@yopmail.com;1972-04-25
1301;Gilligan;Drus;Gilligan.Drus@yopmail.com;1911-12-23
1302;Hermione;Hailee;Hermione.Hailee@yopmail.com;1934-07-24
1303;Hope;Smitt;Hope.Smitt@yopmail.com;1902-07-26
1304;Vevay;Etom;Vevay.Etom@yopmail.com;1989-10-03
1305;Blondelle;Gerge;Blondelle.Gerge@yopmail.com;1926-06-18
1306;Molli;Jaylene;Molli.Jaylene@yopmail.com;1957-02-06
1307;Clary;Stevy;Clary.Stevy@yopmail.com;1967-03-26
1308;Hannis;Elo;Hannis.Elo@yopmail.com;1901-05-06
1309;Hermione;Caitlin;Hermione.Caitlin@yopmail.com;1955-10-18
1310;Kate;Forrer;Kate.Forrer@yopmail.com;2002-12-23
1311;Dennie;Chobot;Dennie.Chobot@yopmail.com;1929-08-15
1312;Jenilee;Ietta;Jenilee.Ietta@yopmail.com;1998-12-21
1313;Chere;Llovera;Chere.Llovera@yopmail.com;1928-05-06
1314;Corene;Schroth;Corene.Schroth@yopmail.com;1999-01-12
1315;Amalie;Buckler;Amalie.Buckler@yopmail.com;1996-09-04
1316;Daphne;Kellby;Daphne.Kellby@yopmail.com;1963-03-10
1317;Raina;Aloise;Raina.Aloise@yopmail.com;1908-03-20
1318;Mallory;Eugenia;Mallory.Eugenia@yopmail.com;1930-10-30
1319;Edee;Valerio;Edee.Valerio@yopmail.com;1963-03-13
1320;Lucille;Frodi;Lucille.Frodi@yopmail.com;1989-12-15
1321;Annabela;Orpah;Annabela.Orpah@yopmail.com;1912-09-09
1322;Chastity;Tayib;Chastity.Tayib@yopmail.com;2008-11-27
1323;Emilia;Fairweather;Emilia.Fairweather@yopmail.com;1951-07-29
1324;Siana;Tannie;Siana.Tannie@yopmail.com;2008-03-14
1325;Miquela;Ventre;Miquela.Ventre@yopmail.com;1974-04-02
1326;Therine;Concha;Therine.Concha@yopmail.com;2004-04-13
1327;Konstance;Bari;Konstance.Bari@yopmail.com;2006-12-18
1328;Ayn;Ivens;Ayn.Ivens@yopmail.com;2016-04-04
1329;Henriette;Croix;Henriette.Croix@yopmail.com;1901-06-25
1330;Gusty;Devlen;Gusty.Devlen@yopmail.com;1912-03-01
1331;Lilith;Goode;Lilith.Goode@yopmail.com;1970-10-11
1332;Juliane;Mich;Juliane.Mich@yopmail.com;1960-02-16
1333;Drucie;Aldric;Drucie.Aldric@yopmail.com;2002-03-14
1334;Ursulina;Ummersen;Ursulina.Ummersen@yopmail.com;1981-11-09
1335;Cristabel;Atonsah;Cristabel.Atonsah@yopmail.com;1904-07-04
1336;Ana;Amand;Ana.Amand@yopmail.com;1901-04-03
1337;Jinny;Bebe;Jinny.Bebe@yopmail.com;1985-06-05
1338;Patricia;Anis;Patricia.Anis@yopmail.com;1926-10-26
1339;Marti;Niccolo;Marti.Niccolo@yopmail.com;1973-10-17
1340;Kimmy;Elephus;Kimmy.Elephus@yopmail.com;1980-11-01
1341;Rosaline;Phaidra;Rosaline.Phaidra@yopmail.com;1958-06-12
1342;Sibella;Shuler;Sibella.Shuler@yopmail.com;1916-09-01
1343;Sallie;McLaughlin;Sallie.McLaughlin@yopmail.com;1955-12-25
1344;Celestyna;Neva;Celestyna.Neva@yopmail.com;1969-01-20
1345;Arlena;Curren;Arlena.Curren@yopmail.com;1953-07-14
1346;Alisha;Travax;Alisha.Travax@yopmail.com;2012-01-22
1347;Maisey;Jotham;Maisey.Jotham@yopmail.com;1953-07-27
1348;Heida;Tillford;Heida.Tillford@yopmail.com;1906-06-17
1349;Netty;Fabiola;Netty.Fabiola@yopmail.com;1921-06-08
1350;Layla;Sasnett;Layla.Sasnett@yopmail.com;1913-07-18
1351;Donetta;Ade;Donetta.Ade@yopmail.com;1978-02-21
1352;Elise;Gaulin;Elise.Gaulin@yopmail.com;1983-08-26
1353;Angela;Ader;Angela.Ader@yopmail.com;1913-08-07
1354;Gusella;Destinee;Gusella.Destinee@yopmail.com;1939-09-30
1355;Farrah;Ciro;Farrah.Ciro@yopmail.com;2005-11-02
1356;Emilia;Randene;Emilia.Randene@yopmail.com;1905-07-10
1357;Cordi;Florina;Cordi.Florina@yopmail.com;2013-11-06
1358;Joelly;Cristi;Joelly.Cristi@yopmail.com;1965-11-02
1359;Ana;Rudolph;Ana.Rudolph@yopmail.com;1913-01-12
1360;Ariela;Flita;Ariela.Flita@yopmail.com;1940-12-26
1361;Zia;Eben;Zia.Eben@yopmail.com;1949-12-24
1362;Jessamyn;Magnolia;Jessamyn.Magnolia@yopmail.com;1904-12-05
1363;Corina;Publia;Corina.Publia@yopmail.com;1922-12-18
1364;Annaliese;Arvo;Annaliese.Arvo@yopmail.com;1964-08-12
1365;Zsa Zsa;Myrilla;Zsa Zsa.Myrilla@yopmail.com;1966-03-09
1366;Josephine;Tjon;Josephine.Tjon@yopmail.com;1923-05-23
1367;Tori;Ciro;Tori.Ciro@yopmail.com;1912-11-07
1368;Glynnis;Tremayne;Glynnis.Tremayne@yopmail.com;1958-05-06
1369;Deane;Anis;Deane.Anis@yopmail.com;2009-12-31
1370;Doralynne;Schonfeld;Doralynne.Schonfeld@yopmail.com;1986-06-11
1371;June;Hazlett;June.Hazlett@yopmail.com;1946-05-18
1372;Marjie;Tayib;Marjie.Tayib@yopmail.com;1976-03-01
1373;Jinny;Sikorski;Jinny.Sikorski@yopmail.com;1977-05-28
1374;Misha;Viddah;Misha.Viddah@yopmail.com;1954-08-01
1375;Gavrielle;Idelia;Gavrielle.Idelia@yopmail.com;2005-08-03
1376;Rosabelle;Cohdwell;Rosabelle.Cohdwell@yopmail.com;1918-03-08
1377;Cyndie;Goddard;Cyndie.Goddard@yopmail.com;2011-05-17
1378;Ardenia;Cohdwell;Ardenia.Cohdwell@yopmail.com;1912-04-17
1379;Agnese;Abram;Agnese.Abram@yopmail.com;2003-09-04
1380;Daryl;Berriman;Daryl.Berriman@yopmail.com;1957-07-23
1381;Winifred;Lipson;Winifred.Lipson@yopmail.com;1969-06-15
1382;Iseabal;Robertson;Iseabal.Robertson@yopmail.com;1908-04-27
1383;Gusty;Lipson;Gusty.Lipson@yopmail.com;1965-06-14
1384;Sashenka;Tengdin;Sashenka.Tengdin@yopmail.com;1914-09-04
1385;Jean;Vins;Jean.Vins@yopmail.com;1943-03-13
1386;Goldie;Wu;Goldie.Wu@yopmail.com;1940-11-05
1387;Claudina;Kussell;Claudina.Kussell@yopmail.com;1912-10-17
1388;Phedra;Nahum;Phedra.Nahum@yopmail.com;1908-06-07
1389;Florencia;Saree;Florencia.Saree@yopmail.com;2005-10-05
1390;Lucille;Cherianne;Lucille.Cherianne@yopmail.com;2004-07-18
1391;Brietta;Elephus;Brietta.Elephus@yopmail.com;1937-09-25
1392;Charmaine;Colyer;Charmaine.Colyer@yopmail.com;2007-04-20
1393;Dotty;Adrienne;Dotty.Adrienne@yopmail.com;1962-01-14
1394;Tori;Eckblad;Tori.Eckblad@yopmail.com;1979-03-18
1395;Lyssa;Azeria;Lyssa.Azeria@yopmail.com;1993-01-27
1396;Chere;Rona;Chere.Rona@yopmail.com;1909-01-31
1397;Joleen;Bluh;Joleen.Bluh@yopmail.com;2011-02-11
1398;Belva;Suanne;Belva.Suanne@yopmail.com;1983-05-05
1399;Rhoda;Camden;Rhoda.Camden@yopmail.com;1910-06-06
1400;Coral;Lareena;Coral.Lareena@yopmail.com;2015-05-01
1401;Brietta;Melony;Brietta.Melony@yopmail.com;1927-02-01
1402;Genevra;Tryck;Genevra.Tryck@yopmail.com;1915-07-31
1403;Gilda;Greenwald;Gilda.Greenwald@yopmail.com;1914-09-19
1404;Tatiania;Wandie;Tatiania.Wandie@yopmail.com;1902-01-11
1405;Agnese;Travax;Agnese.Travax@yopmail.com;2000-11-16
1406;Marti;Modie;Marti.Modie@yopmail.com;1991-11-19
1407;Felice;Ophelia;Felice.Ophelia@yopmail.com;1911-07-20
1408;Amara;Leary;Amara.Leary@yopmail.com;2008-02-07
1409;Anestassia;Federica;Anestassia.Federica@yopmail.com;1988-11-24
1410;Gusty;Seagraves;Gusty.Seagraves@yopmail.com;1970-05-10
1411;Shannah;Malvino;Shannah.Malvino@yopmail.com;1967-10-09
1412;Dorthy;Palocz;Dorthy.Palocz@yopmail.com;2008-06-16
1413;Sheelagh;Monaco;Sheelagh.Monaco@yopmail.com;1932-10-12
1414;Shaine;Darian;Shaine.Darian@yopmail.com;1980-05-24
1415;Karlee;Deny;Karlee.Deny@yopmail.com;1918-06-01
1416;Jerry;Lareena;Jerry.Lareena@yopmail.com;1964-01-15
1417;Taffy;Roscoe;Taffy.Roscoe@yopmail.com;1968-08-08
1418;Carree;Isidore;Carree.Isidore@yopmail.com;1914-05-11
1419;Nataline;Dimitris;Nataline.Dimitris@yopmail.com;1972-01-22
1420;Joceline;Friede;Joceline.Friede@yopmail.com;1973-07-25
1421;Christy;August;Christy.August@yopmail.com;1960-06-29
1422;Laurene;Grobe;Laurene.Grobe@yopmail.com;1936-09-29
1423;Kelly;Decato;Kelly.Decato@yopmail.com;1973-04-12
1424;Agathe;Dorothy;Agathe.Dorothy@yopmail.com;1952-01-27
1425;Liana;Bettine;Liana.Bettine@yopmail.com;1971-08-28
1426;Sibella;Rodmann;Sibella.Rodmann@yopmail.com;1916-08-19
1427;Madeleine;Longfellow;Madeleine.Longfellow@yopmail.com;2018-10-12
1428;Celestyna;Fabiola;Celestyna.Fabiola@yopmail.com;1929-01-06
1429;Evita;Levey;Evita.Levey@yopmail.com;2000-09-28
1430;Shannah;Prober;Shannah.Prober@yopmail.com;1916-06-22
1431;Kimberley;Valerio;Kimberley.Valerio@yopmail.com;1969-03-06
1432;Jean;Mandler;Jean.Mandler@yopmail.com;1917-10-26
1433;Liana;Colleen;Liana.Colleen@yopmail.com;1954-08-31
1434;Barbara;Ade;Barbara.Ade@yopmail.com;1988-01-29
1435;Willetta;Cleavland;Willetta.Cleavland@yopmail.com;1971-05-07
1436;Tobe;Persse;Tobe.Persse@yopmail.com;1947-09-27
1437;Gilligan;Olnee;Gilligan.Olnee@yopmail.com;1959-03-13
1438;Tori;Seligman;Tori.Seligman@yopmail.com;2009-04-08
1439;Marti;Evangelia;Marti.Evangelia@yopmail.com;1975-06-12
1440;Cissiee;Simmonds;Cissiee.Simmonds@yopmail.com;1988-10-01
1441;Christian;Meli;Christian.Meli@yopmail.com;1953-06-04
1442;Britni;August;Britni.August@yopmail.com;1906-12-23
1443;Elise;Bertold;Elise.Bertold@yopmail.com;1922-06-26
1444;Sallie;Idelia;Sallie.Idelia@yopmail.com;1938-07-31
1445;Michaelina;Tarrant;Michaelina.Tarrant@yopmail.com;1905-10-28
1446;Tamqrah;Chauncey;Tamqrah.Chauncey@yopmail.com;1921-10-21
1447;Laure;Deny;Laure.Deny@yopmail.com;1955-03-02
1448;Violet;Morehouse;Violet.Morehouse@yopmail.com;1954-10-23
1449;Perry;Jaylene;Perry.Jaylene@yopmail.com;1953-11-26
1450;Grier;Loeb;Grier.Loeb@yopmail.com;1969-08-01
1451;Valera;Bouchard;Valera.Bouchard@yopmail.com;1977-10-29
1452;Ezmeralda;Atonsah;Ezmeralda.Atonsah@yopmail.com;1967-05-21
1453;Kamilah;Eldrid;Kamilah.Eldrid@yopmail.com;1987-11-19
1454;Karolina;Honoria;Karolina.Honoria@yopmail.com;1962-03-20
1455;Melanie;Skell;Melanie.Skell@yopmail.com;2008-10-24
1456;Shandie;Sprage;Shandie.Sprage@yopmail.com;1970-11-10
1457;Esmeralda;Nadia;Esmeralda.Nadia@yopmail.com;1923-06-23
1458;Roslyn;Stoller;Roslyn.Stoller@yopmail.com;1930-03-07
1459;Chrystel;Erb;Chrystel.Erb@yopmail.com;1930-11-09
1460;Ida;Leifeste;Ida.Leifeste@yopmail.com;1976-12-29
1461;Etta;Aida;Etta.Aida@yopmail.com;1966-10-07
1462;Sharai;Jethro;Sharai.Jethro@yopmail.com;1900-04-16
1463;Karlee;Kaete;Karlee.Kaete@yopmail.com;1954-08-24
1464;Tonia;Sparhawk;Tonia.Sparhawk@yopmail.com;1934-07-01
1465;Edyth;Dahlia;Edyth.Dahlia@yopmail.com;1908-09-13
1466;Vevay;Winnick;Vevay.Winnick@yopmail.com;1913-11-03
1467;Rivalee;Vharat;Rivalee.Vharat@yopmail.com;1963-07-30
1468;Lory;McCutcheon;Lory.McCutcheon@yopmail.com;1984-11-03
1469;Ann-Marie;Wareing;Ann-Marie.Wareing@yopmail.com;1900-08-17
1470;Lanna;Orpah;Lanna.Orpah@yopmail.com;1961-07-04
1471;Netty;Danby;Netty.Danby@yopmail.com;1998-12-26
1472;Lanna;Henrie;Lanna.Henrie@yopmail.com;2018-06-07
1473;Carmela;Maisey;Carmela.Maisey@yopmail.com;1900-12-19
1474;Kathy;Wallis;Kathy.Wallis@yopmail.com;2014-04-03
1475;Florie;Idelia;Florie.Idelia@yopmail.com;1975-09-02
1476;Myrtice;Smitt;Myrtice.Smitt@yopmail.com;1921-06-04
1477;June;Cherianne;June.Cherianne@yopmail.com;2014-03-27
1478;Jessamyn;Lacombe;Jessamyn.Lacombe@yopmail.com;1900-07-25
1479;Sherrie;Haymes;Sherrie.Haymes@yopmail.com;1923-01-29
1480;Sue;Telfer;Sue.Telfer@yopmail.com;1980-06-27
1481;Lory;Gaspard;Lory.Gaspard@yopmail.com;1964-08-17
1482;Nelle;Marden;Nelle.Marden@yopmail.com;1936-01-29
1483;Kassey;Mendez;Kassey.Mendez@yopmail.com;1938-06-05
1484;Aurore;Cohdwell;Aurore.Cohdwell@yopmail.com;2011-09-04
1485;Cristabel;Kermit;Cristabel.Kermit@yopmail.com;1959-01-11
1486;Dolli;Judye;Dolli.Judye@yopmail.com;1986-05-20
1487;Gianina;Sophronia;Gianina.Sophronia@yopmail.com;2014-04-03
1488;Annaliese;Iphlgenia;Annaliese.Iphlgenia@yopmail.com;1974-03-12
1489;Ursulina;Brian;Ursulina.Brian@yopmail.com;1900-08-13
1490;Dennie;Bryna;Dennie.Bryna@yopmail.com;1919-11-21
1491;Cecile;Amadas;Cecile.Amadas@yopmail.com;2005-03-18
1492;Lanna;Keily;Lanna.Keily@yopmail.com;1908-06-14
1493;Jenilee;Honoria;Jenilee.Honoria@yopmail.com;1931-04-16
1494;Ronna;Clie;Ronna.Clie@yopmail.com;1904-12-24
1495;Fredericka;Anderea;Fredericka.Anderea@yopmail.com;1997-10-23
1496;Albertina;Rese;Albertina.Rese@yopmail.com;1965-01-10
1497;Justinn;Gualtiero;Justinn.Gualtiero@yopmail.com;1926-09-20
1498;Karena;Roumell;Karena.Roumell@yopmail.com;1902-06-05
1499;Lulita;Andrel;Lulita.Andrel@yopmail.com;1946-07-31
1500;June;Behre;June.Behre@yopmail.com;1987-05-13
1501;Atlanta;Gamaliel;Atlanta.Gamaliel@yopmail.com;1916-05-29
1502;Chickie;Georas;Chickie.Georas@yopmail.com;1922-10-24
1503;Desirae;Selway;Desirae.Selway@yopmail.com;1978-08-27
1504;Anallese;Obed;Anallese.Obed@yopmail.com;2004-11-23
1505;Jenda;Jacqui;Jenda.Jacqui@yopmail.com;1912-06-17
1506;Vivia;Yam;Vivia.Yam@yopmail.com;1985-10-17
1507;Emma;Hewitt;Emma.Hewitt@yopmail.com;1915-09-15
1508;Kamilah;Joni;Kamilah.Joni@yopmail.com;1907-04-27
1509;Dari;Bultman;Dari.Bultman@yopmail.com;1920-05-09
1510;Raf;Stav;Raf.Stav@yopmail.com;1959-08-08
1511;Marinna;Stav;Marinna.Stav@yopmail.com;1939-11-04
1512;Aubrie;Oster;Aubrie.Oster@yopmail.com;1971-04-02
1513;Alameda;Olympium;Alameda.Olympium@yopmail.com;2012-03-05
1514;Maisey;Caitlin;Maisey.Caitlin@yopmail.com;1970-06-07
1515;Noelle;Anselmi;Noelle.Anselmi@yopmail.com;1987-03-27
1516;Sarette;Hirsch;Sarette.Hirsch@yopmail.com;1911-03-08
1517;Janeczka;Hachmin;Janeczka.Hachmin@yopmail.com;1997-09-19
1518;Dania;Carleen;Dania.Carleen@yopmail.com;1964-11-04
1519;Krystle;Elbertina;Krystle.Elbertina@yopmail.com;1934-12-04
1520;Aeriela;Hortensia;Aeriela.Hortensia@yopmail.com;2009-06-26
1521;Jasmina;Aprile;Jasmina.Aprile@yopmail.com;1990-12-09
1522;Anthia;Hewitt;Anthia.Hewitt@yopmail.com;1999-02-22
1523;Monika;Schwejda;Monika.Schwejda@yopmail.com;1972-06-19
1524;Genovera;Rillings;Genovera.Rillings@yopmail.com;1924-08-30
1525;Helena;Richers;Helena.Richers@yopmail.com;1903-06-25
1526;Janenna;Ivens;Janenna.Ivens@yopmail.com;1909-08-24
1527;Britte;Danby;Britte.Danby@yopmail.com;2017-07-18
1528;Wendi;Dannye;Wendi.Dannye@yopmail.com;1988-05-18
1529;Luci;Gale;Luci.Gale@yopmail.com;2014-01-24
1530;Roberta;Larochelle;Roberta.Larochelle@yopmail.com;1993-08-22
1531;Jorry;Olnee;Jorry.Olnee@yopmail.com;1951-04-23
1532;Tani;Kesley;Tani.Kesley@yopmail.com;1969-01-21
1533;Agathe;Frendel;Agathe.Frendel@yopmail.com;1907-09-13
1534;Kayla;Lumbard;Kayla.Lumbard@yopmail.com;1917-07-05
1535;Betta;Thilda;Betta.Thilda@yopmail.com;2017-08-17
1536;Wanda;Lattie;Wanda.Lattie@yopmail.com;2007-09-11
1537;Elbertina;Bronk;Elbertina.Bronk@yopmail.com;1989-06-22
1538;Demetris;Horan;Demetris.Horan@yopmail.com;1929-03-19
1539;Peri;Florina;Peri.Florina@yopmail.com;1958-07-18
1540;Ethel;Sisile;Ethel.Sisile@yopmail.com;2008-07-19
1541;Jere;Adamsen;Jere.Adamsen@yopmail.com;1917-12-04
1542;Ronna;Chem;Ronna.Chem@yopmail.com;2007-05-09
1543;Candi;Ortrude;Candi.Ortrude@yopmail.com;1921-01-25
1544;Gilda;Hepsibah;Gilda.Hepsibah@yopmail.com;1998-05-19
1545;Tracey;Kamaria;Tracey.Kamaria@yopmail.com;1960-02-25
1546;Kellen;Zuzana;Kellen.Zuzana@yopmail.com;2003-11-20
1547;Gloria;Callista;Gloria.Callista@yopmail.com;1977-04-16
1548;Gui;Lewes;Gui.Lewes@yopmail.com;1935-04-26
1549;Gilligan;Arne;Gilligan.Arne@yopmail.com;1941-10-17
1550;Sheree;Medrek;Sheree.Medrek@yopmail.com;1903-01-21
1551;Sara-Ann;Mauer;Sara-Ann.Mauer@yopmail.com;2002-04-01
1552;Gratia;Lea;Gratia.Lea@yopmail.com;1906-02-14
1553;Dennie;Wittie;Dennie.Wittie@yopmail.com;1961-11-15
1554;Feliza;Corrine;Feliza.Corrine@yopmail.com;1988-08-20
1555;Kylynn;Kelula;Kylynn.Kelula@yopmail.com;1970-09-05
1556;Jan;Viddah;Jan.Viddah@yopmail.com;1973-12-25
1557;Mary;Madaih;Mary.Madaih@yopmail.com;2018-08-08
1558;Melina;Berriman;Melina.Berriman@yopmail.com;1919-08-30
1559;Clary;Arvo;Clary.Arvo@yopmail.com;1999-02-23
1560;Aaren;Edmund;Aaren.Edmund@yopmail.com;1923-09-07
1561;Vanessa;Brandice;Vanessa.Brandice@yopmail.com;1939-02-01
1562;Sybille;Vittoria;Sybille.Vittoria@yopmail.com;1968-02-15
1563;Alisha;Fabiola;Alisha.Fabiola@yopmail.com;1944-12-18
1564;Mariann;Koehler;Mariann.Koehler@yopmail.com;1992-10-17
1565;Mamie;Drisko;Mamie.Drisko@yopmail.com;1946-06-22
1566;Jessamyn;Vacuva;Jessamyn.Vacuva@yopmail.com;1991-08-30
1567;Barbi;Ricki;Barbi.Ricki@yopmail.com;1961-08-22
1568;Adele;Miru;Adele.Miru@yopmail.com;1976-03-06
1569;Mara;Tremayne;Mara.Tremayne@yopmail.com;1905-07-19
1570;Norine;Adalbert;Norine.Adalbert@yopmail.com;2013-08-28
1571;Mahalia;Wilona;Mahalia.Wilona@yopmail.com;1949-04-18
1572;Melisent;Croix;Melisent.Croix@yopmail.com;1919-11-20
1573;Joy;Ledah;Joy.Ledah@yopmail.com;2009-04-09
1574;Aurelie;Ajay;Aurelie.Ajay@yopmail.com;2010-04-06
1575;Jenilee;Rosalba;Jenilee.Rosalba@yopmail.com;1982-11-16
1576;Meriel;Rubie;Meriel.Rubie@yopmail.com;2007-12-08
1577;Belinda;Malvino;Belinda.Malvino@yopmail.com;1912-02-27
1578;Lucille;Edee;Lucille.Edee@yopmail.com;1978-03-19
1579;Lacie;Gibbeon;Lacie.Gibbeon@yopmail.com;2004-12-21
1580;Deedee;Ferrell;Deedee.Ferrell@yopmail.com;2000-01-16
1581;Charlena;Suanne;Charlena.Suanne@yopmail.com;1925-01-29
1582;Justinn;Bow;Justinn.Bow@yopmail.com;1981-03-22
1583;Fredericka;Maroney;Fredericka.Maroney@yopmail.com;1963-07-24
1584;Wynne;Bluh;Wynne.Bluh@yopmail.com;1936-02-25
1585;Ida;Bryna;Ida.Bryna@yopmail.com;1964-08-20
1586;Etta;Lynn;Etta.Lynn@yopmail.com;1920-12-16
1587;Nanete;Nance;Nanete.Nance@yopmail.com;1929-06-02
1588;Florencia;Iaverne;Florencia.Iaverne@yopmail.com;1982-09-05
1589;Ursulina;Milde;Ursulina.Milde@yopmail.com;1975-06-27
1590;Tamqrah;Faso;Tamqrah.Faso@yopmail.com;1942-08-26
1591;Jsandye;Holtz;Jsandye.Holtz@yopmail.com;1925-03-07
1592;Heida;Sprage;Heida.Sprage@yopmail.com;1989-10-08
1593;Deane;Millda;Deane.Millda@yopmail.com;1904-11-02
1594;Hallie;Edison;Hallie.Edison@yopmail.com;1925-09-12
1595;Amara;Atonsah;Amara.Atonsah@yopmail.com;1984-08-20
1596;Andree;Cullin;Andree.Cullin@yopmail.com;1914-02-09
1597;Catrina;Jess;Catrina.Jess@yopmail.com;1949-05-31
1598;Shirlee;Tound;Shirlee.Tound@yopmail.com;1946-06-22
1599;Clementine;Tacye;Clementine.Tacye@yopmail.com;2002-12-14
1600;Mureil;Anastatius;Mureil.Anastatius@yopmail.com;1971-02-10
1601;Karina;Aurelio;Karina.Aurelio@yopmail.com;1913-12-31
1602;Dorothy;Sibyls;Dorothy.Sibyls@yopmail.com;1900-02-19
1603;Cathie;Terrence;Cathie.Terrence@yopmail.com;2013-10-15
1604;Wendi;Cornelia;Wendi.Cornelia@yopmail.com;1932-06-07
1605;Lorie;Carleen;Lorie.Carleen@yopmail.com;1904-06-27
1606;Kathi;Oster;Kathi.Oster@yopmail.com;1928-05-13
1607;Genevra;Kermit;Genevra.Kermit@yopmail.com;1931-06-17
1608;Karolina;Fulmer;Karolina.Fulmer@yopmail.com;1994-08-23
1609;Mady;Valoniah;Mady.Valoniah@yopmail.com;1917-03-27
1610;Tatiania;Kellby;Tatiania.Kellby@yopmail.com;1902-11-18
1611;Shell;Ethban;Shell.Ethban@yopmail.com;1920-01-19
1612;Lilith;Kronfeld;Lilith.Kronfeld@yopmail.com;1958-06-23
1613;Mamie;Merriott;Mamie.Merriott@yopmail.com;1909-08-11
1614;Odessa;Maurine;Odessa.Maurine@yopmail.com;1918-06-18
1615;Ingrid;Elo;Ingrid.Elo@yopmail.com;1954-12-15
1616;Raf;Riordan;Raf.Riordan@yopmail.com;1915-11-14
1617;Jean;Evvie;Jean.Evvie@yopmail.com;1993-12-14
1618;Ericka;Pozzy;Ericka.Pozzy@yopmail.com;1957-01-14
1619;Correy;Burnside;Correy.Burnside@yopmail.com;1953-02-07
1620;Alyda;Miru;Alyda.Miru@yopmail.com;1981-08-03
1621;Ayn;Marlie;Ayn.Marlie@yopmail.com;1981-06-06
1622;Tressa;Lia;Tressa.Lia@yopmail.com;1990-05-07
1623;Brena;Federica;Brena.Federica@yopmail.com;1997-11-11
1624;Sidoney;Felizio;Sidoney.Felizio@yopmail.com;1949-06-09
1625;Gusty;Stelle;Gusty.Stelle@yopmail.com;1978-07-25
1626;Juliane;Cloris;Juliane.Cloris@yopmail.com;1946-05-18
1627;Alisha;Klemperer;Alisha.Klemperer@yopmail.com;1955-07-05
1628;Bernie;My;Bernie.My@yopmail.com;1902-09-27
1629;Shell;Keelia;Shell.Keelia@yopmail.com;1900-12-14
1630;Isa;Rheingold;Isa.Rheingold@yopmail.com;1955-03-01
1631;Meghann;Bergman;Meghann.Bergman@yopmail.com;1987-03-22
1632;Georgina;Leonard;Georgina.Leonard@yopmail.com;2015-03-19
1633;Gertrud;Koziara;Gertrud.Koziara@yopmail.com;1950-09-12
1634;Feliza;Brady;Feliza.Brady@yopmail.com;1935-01-05
1635;Christy;Egbert;Christy.Egbert@yopmail.com;1997-08-07
1636;Sherrie;Anyah;Sherrie.Anyah@yopmail.com;1943-01-14
1637;Moyna;Firmin;Moyna.Firmin@yopmail.com;2006-06-09
1638;Cindelyn;O'Carroll;Cindelyn.O'Carroll@yopmail.com;1950-07-12
1639;Hollie;Brian;Hollie.Brian@yopmail.com;1974-05-19
1640;Merry;Imelida;Merry.Imelida@yopmail.com;2004-06-21
1641;Kayla;Casimir;Kayla.Casimir@yopmail.com;1970-04-11
1642;Drucie;Read;Drucie.Read@yopmail.com;1998-12-20
1643;Madeleine;Nadia;Madeleine.Nadia@yopmail.com;1921-11-11
1644;Chloris;Vernier;Chloris.Vernier@yopmail.com;1931-04-25
1645;Kaja;Anestassia;Kaja.Anestassia@yopmail.com;1998-01-06
1646;Chickie;Joeann;Chickie.Joeann@yopmail.com;1935-04-20
1647;Ursulina;Milson;Ursulina.Milson@yopmail.com;2002-10-27
1648;Calla;Faro;Calla.Faro@yopmail.com;1954-09-11
1649;Stevana;Parsaye;Stevana.Parsaye@yopmail.com;1974-06-07
1650;Hyacinthe;Blake;Hyacinthe.Blake@yopmail.com;1956-12-16
1651;Alyssa;Georgy;Alyssa.Georgy@yopmail.com;1982-04-17
1652;Karolina;Bevin;Karolina.Bevin@yopmail.com;2012-12-01
1653;Angela;Gunn;Angela.Gunn@yopmail.com;1979-08-18
1654;Tabbatha;Bonilla;Tabbatha.Bonilla@yopmail.com;2019-06-05
1655;Dania;Henebry;Dania.Henebry@yopmail.com;1929-06-03
1656;Gui;Valoniah;Gui.Valoniah@yopmail.com;1935-02-16
1657;Isa;Adamsen;Isa.Adamsen@yopmail.com;1935-05-02
1658;Drucie;Zenas;Drucie.Zenas@yopmail.com;1973-05-04
1659;Aaren;Roumell;Aaren.Roumell@yopmail.com;2013-10-25
1660;Lorie;Buckler;Lorie.Buckler@yopmail.com;2008-01-16
1661;Celene;Chrystel;Celene.Chrystel@yopmail.com;1984-10-06
1662;Sabina;Dyche;Sabina.Dyche@yopmail.com;1930-02-28
1663;Darci;Ezar;Darci.Ezar@yopmail.com;1927-12-07
1664;Louella;Bronk;Louella.Bronk@yopmail.com;1956-10-24
1665;Susan;Sheng;Susan.Sheng@yopmail.com;1951-08-04
1666;Lulita;Carvey;Lulita.Carvey@yopmail.com;1907-03-25
1667;Ninnetta;Astra;Ninnetta.Astra@yopmail.com;1974-05-26
1668;Edee;Billye;Edee.Billye@yopmail.com;2008-12-29
1669;Aigneis;Ezar;Aigneis.Ezar@yopmail.com;1980-01-27
1670;Minda;Zina;Minda.Zina@yopmail.com;1963-03-21
1671;Corly;Earlie;Corly.Earlie@yopmail.com;1963-01-23
1672;Ariela;Tayib;Ariela.Tayib@yopmail.com;1998-12-29
1673;Nonnah;Glovsky;Nonnah.Glovsky@yopmail.com;1918-08-12
1674;Donetta;Killigrew;Donetta.Killigrew@yopmail.com;1990-10-23
1675;Jennica;Bigner;Jennica.Bigner@yopmail.com;1935-10-29
1676;Rubie;Jethro;Rubie.Jethro@yopmail.com;2007-08-31
1677;Kerrin;Norvol;Kerrin.Norvol@yopmail.com;1955-04-02
1678;Quintina;Jary;Quintina.Jary@yopmail.com;1936-09-28
1679;Emma;Remmer;Emma.Remmer@yopmail.com;1932-03-19
1680;Konstance;Urias;Konstance.Urias@yopmail.com;1902-12-02
1681;Gratia;Infield;Gratia.Infield@yopmail.com;2016-07-15
1682;Romona;Kathie;Romona.Kathie@yopmail.com;1979-11-22
1683;Ricky;Sherrie;Ricky.Sherrie@yopmail.com;1996-10-11
1684;Libbie;Dyche;Libbie.Dyche@yopmail.com;1951-07-02
1685;Agathe;Merat;Agathe.Merat@yopmail.com;1973-03-02
1686;Evita;Connelly;Evita.Connelly@yopmail.com;2000-12-18
1687;Lynea;Valerio;Lynea.Valerio@yopmail.com;1955-03-29
1688;Leeanne;Deegan;Leeanne.Deegan@yopmail.com;1957-03-10
1689;Di;Johnsson;Di.Johnsson@yopmail.com;1996-07-19
1690;Carree;Gower;Carree.Gower@yopmail.com;2001-08-23
1691;Cherilyn;Garek;Cherilyn.Garek@yopmail.com;1996-01-26
1692;Letizia;Craggie;Letizia.Craggie@yopmail.com;1924-05-23
1693;Katleen;Creamer;Katleen.Creamer@yopmail.com;1979-06-16
1694;Corene;Edison;Corene.Edison@yopmail.com;1949-05-09
1695;Binny;Birdella;Binny.Birdella@yopmail.com;1950-07-01
1696;Petronia;Elbertina;Petronia.Elbertina@yopmail.com;1961-10-20
1697;Joceline;Olnee;Joceline.Olnee@yopmail.com;1912-08-17
1698;Rozele;Verger;Rozele.Verger@yopmail.com;1998-06-13
1699;Leontine;Seessel;Leontine.Seessel@yopmail.com;1932-08-01
1700;Raina;Ingra;Raina.Ingra@yopmail.com;1921-01-15
1701;Tracey;Carmena;Tracey.Carmena@yopmail.com;2004-09-13
1702;Lelah;Atcliffe;Lelah.Atcliffe@yopmail.com;1938-06-06
1703;Christal;Cohdwell;Christal.Cohdwell@yopmail.com;1941-09-21
1704;Nataline;Francyne;Nataline.Francyne@yopmail.com;1902-10-16
1705;Cristine;Kylander;Cristine.Kylander@yopmail.com;2019-06-21
1706;Deloria;Jeanne;Deloria.Jeanne@yopmail.com;1913-03-29
1707;Gabriellia;Lia;Gabriellia.Lia@yopmail.com;2001-05-01
1708;Andeee;Jacqui;Andeee.Jacqui@yopmail.com;1908-06-29
1709;Grier;Gilmour;Grier.Gilmour@yopmail.com;2016-08-25
1710;Rani;Adalbert;Rani.Adalbert@yopmail.com;1908-03-29
1711;Jsandye;Linskey;Jsandye.Linskey@yopmail.com;1965-02-13
1712;Valli;Faust;Valli.Faust@yopmail.com;1916-07-20
1713;Kirbee;Melan;Kirbee.Melan@yopmail.com;1913-05-07
1714;Barbi;Riva;Barbi.Riva@yopmail.com;1962-10-13
1715;Brianna;Arquit;Brianna.Arquit@yopmail.com;1994-07-11
1716;Leona;Strephon;Leona.Strephon@yopmail.com;2018-06-11
1717;Codie;Carleen;Codie.Carleen@yopmail.com;1991-06-12
1718;Leeanne;Ax;Leeanne.Ax@yopmail.com;1943-05-06
1719;Janey;Sperling;Janey.Sperling@yopmail.com;1992-10-19
1720;Bobinette;Burnside;Bobinette.Burnside@yopmail.com;2016-09-22
1721;Melodie;Boycey;Melodie.Boycey@yopmail.com;2013-07-24
1722;Nicoli;Ephrem;Nicoli.Ephrem@yopmail.com;1929-01-04
1723;Paulita;Gamaliel;Paulita.Gamaliel@yopmail.com;2007-07-17
1724;Ada;Tristram;Ada.Tristram@yopmail.com;1944-08-30
1725;Mary;Drus;Mary.Drus@yopmail.com;1921-07-09
1726;Christal;Nisbet;Christal.Nisbet@yopmail.com;1995-12-28
1727;Luci;Bonilla;Luci.Bonilla@yopmail.com;1968-10-03
1728;Joeann;Kendrick;Joeann.Kendrick@yopmail.com;2004-05-02
1729;Rosabelle;McClimans;Rosabelle.McClimans@yopmail.com;1937-04-20
1730;Mariele;Laurianne;Mariele.Laurianne@yopmail.com;1934-08-11
1731;Brandise;Willie;Brandise.Willie@yopmail.com;1941-07-18
1732;Jsandye;Wittie;Jsandye.Wittie@yopmail.com;1959-01-07
1733;Shandie;Fitzsimmons;Shandie.Fitzsimmons@yopmail.com;1946-01-18
1734;Alleen;Moina;Alleen.Moina@yopmail.com;1992-09-13
1735;Ileana;Uund;Ileana.Uund@yopmail.com;1914-06-22
1736;Michaelina;Thar;Michaelina.Thar@yopmail.com;1960-05-12
1737;Jinny;Arathorn;Jinny.Arathorn@yopmail.com;1914-01-09
1738;Yetty;Baptlsta;Yetty.Baptlsta@yopmail.com;1965-12-12
1739;Hollie;Zina;Hollie.Zina@yopmail.com;1902-03-12
1740;Roslyn;Diann;Roslyn.Diann@yopmail.com;1929-05-19
1741;Kara-Lynn;Robertson;Kara-Lynn.Robertson@yopmail.com;1948-11-21
1742;Sue;Alarise;Sue.Alarise@yopmail.com;1993-03-28
1743;Verla;Fulmer;Verla.Fulmer@yopmail.com;2012-04-13
1744;Marita;Pozzy;Marita.Pozzy@yopmail.com;1961-02-26
1745;Ursulina;Harriman;Ursulina.Harriman@yopmail.com;1992-04-18
1746;Christal;Etom;Christal.Etom@yopmail.com;2003-09-13
1747;Mureil;Jeanne;Mureil.Jeanne@yopmail.com;1941-09-02
1748;Alyssa;Oneida;Alyssa.Oneida@yopmail.com;2005-02-12
1749;Merle;Burkle;Merle.Burkle@yopmail.com;1950-01-26
1750;Larine;Odysseus;Larine.Odysseus@yopmail.com;2019-06-08
1751;Merle;Rolf;Merle.Rolf@yopmail.com;1958-07-29
1752;Hallie;Ardeha;Hallie.Ardeha@yopmail.com;1971-09-07
1753;Florencia;McAdams;Florencia.McAdams@yopmail.com;2018-02-26
1754;Rosabelle;Schenck;Rosabelle.Schenck@yopmail.com;1963-04-09
1755;Alyssa;Grosz;Alyssa.Grosz@yopmail.com;2009-08-01
1756;Cyb;Schroth;Cyb.Schroth@yopmail.com;1960-12-21
1757;Nita;Burkle;Nita.Burkle@yopmail.com;1977-03-27
1758;Jemie;Eldrid;Jemie.Eldrid@yopmail.com;1994-07-29
1759;Cordi;Ciapas;Cordi.Ciapas@yopmail.com;1906-05-12
1760;Jeanna;Allys;Jeanna.Allys@yopmail.com;1927-08-14
1761;Liana;Bettine;Liana.Bettine@yopmail.com;1972-05-25
1762;Pearline;Zola;Pearline.Zola@yopmail.com;2005-06-27
1763;Lita;Bearnard;Lita.Bearnard@yopmail.com;2019-01-21
1764;Blake;Blase;Blake.Blase@yopmail.com;1916-04-27
1765;Nelle;Stav;Nelle.Stav@yopmail.com;1974-12-07
1766;Clarice;Thilda;Clarice.Thilda@yopmail.com;1965-01-17
1767;Dari;Myrilla;Dari.Myrilla@yopmail.com;1917-04-01
1768;Corly;Croix;Corly.Croix@yopmail.com;1930-06-30
1769;Sissy;Anestassia;Sissy.Anestassia@yopmail.com;1993-10-31
1770;Sandie;Timon;Sandie.Timon@yopmail.com;1907-12-05
1771;Ursulina;Voletta;Ursulina.Voletta@yopmail.com;1918-12-20
1772;Miquela;Adalbert;Miquela.Adalbert@yopmail.com;2006-02-15
1773;Melisent;Helve;Melisent.Helve@yopmail.com;1945-06-20
1774;Amii;Darrell;Amii.Darrell@yopmail.com;2017-11-12
1775;Carree;Carmena;Carree.Carmena@yopmail.com;1962-06-07
1776;Dari;Firmin;Dari.Firmin@yopmail.com;1939-09-21
1777;Kial;Leary;Kial.Leary@yopmail.com;1910-06-18
1778;Maurene;Ardeha;Maurene.Ardeha@yopmail.com;1973-01-25
1779;Catharine;Valerio;Catharine.Valerio@yopmail.com;1910-08-11
1780;Minne;Jenness;Minne.Jenness@yopmail.com;1956-12-27
1781;Jaclyn;Yuille;Jaclyn.Yuille@yopmail.com;1964-03-13
1782;Cherrita;Tarrant;Cherrita.Tarrant@yopmail.com;2009-03-17
1783;Pollyanna;Scammon;Pollyanna.Scammon@yopmail.com;1926-03-11
1784;Flo;Cosenza;Flo.Cosenza@yopmail.com;1940-04-10
1785;Feliza;Vivle;Feliza.Vivle@yopmail.com;1954-11-17
1786;Berta;Scammon;Berta.Scammon@yopmail.com;1913-12-29
1787;Nariko;Fosque;Nariko.Fosque@yopmail.com;1973-01-25
1788;Cissiee;Jenness;Cissiee.Jenness@yopmail.com;2014-02-08
1789;Danny;Garbe;Danny.Garbe@yopmail.com;1907-05-04
1790;Sherrie;Abram;Sherrie.Abram@yopmail.com;1989-09-27
1791;Pierette;Publia;Pierette.Publia@yopmail.com;1904-07-10
1792;Tierney;Briney;Tierney.Briney@yopmail.com;1992-06-30
1793;Jeanna;Stelle;Jeanna.Stelle@yopmail.com;1914-09-04
1794;Roslyn;Elvyn;Roslyn.Elvyn@yopmail.com;1946-05-25
1795;Margalo;Joseph;Margalo.Joseph@yopmail.com;1950-01-04
1796;Vere;Terrence;Vere.Terrence@yopmail.com;1911-03-21
1797;Phedra;Odell;Phedra.Odell@yopmail.com;1917-09-23
1798;Viki;Darbie;Viki.Darbie@yopmail.com;1968-06-11
1799;Larine;Fitzsimmons;Larine.Fitzsimmons@yopmail.com;1912-06-28
1800;Catrina;Monk;Catrina.Monk@yopmail.com;2012-10-27
1801;Arabel;Revkah;Arabel.Revkah@yopmail.com;1968-09-13
1802;Suzette;Sprage;Suzette.Sprage@yopmail.com;1962-05-17
1803;Lucille;Gladstone;Lucille.Gladstone@yopmail.com;1922-05-13
1804;Kirstin;Eliathas;Kirstin.Eliathas@yopmail.com;1904-09-03
1805;Mildrid;Kaete;Mildrid.Kaete@yopmail.com;1954-05-28
1806;Tatiania;Gualtiero;Tatiania.Gualtiero@yopmail.com;1976-06-03
1807;Dotty;Rad;Dotty.Rad@yopmail.com;1942-02-24
1808;Aimil;Verger;Aimil.Verger@yopmail.com;1941-02-15
1809;Leontine;Dunkin;Leontine.Dunkin@yopmail.com;1925-10-03
1810;Philis;Audly;Philis.Audly@yopmail.com;1948-05-25
1811;Tersina;Bergman;Tersina.Bergman@yopmail.com;2014-11-19
1812;Eve;Harned;Eve.Harned@yopmail.com;1921-03-04
1813;Merry;Gherardo;Merry.Gherardo@yopmail.com;1986-12-24
1814;Anestassia;Judye;Anestassia.Judye@yopmail.com;1937-04-08
1815;Viviene;Screens;Viviene.Screens@yopmail.com;1966-08-07
1816;Gabi;Sandye;Gabi.Sandye@yopmail.com;1957-07-03
1817;Magdalena;Gaynor;Magdalena.Gaynor@yopmail.com;2002-11-01
1818;Orsola;Lalitta;Orsola.Lalitta@yopmail.com;2002-02-17
1819;Hallie;Grosz;Hallie.Grosz@yopmail.com;1902-01-04
1820;Cam;Jehu;Cam.Jehu@yopmail.com;2011-03-24
1821;Maud;Kolnick;Maud.Kolnick@yopmail.com;1989-11-21
1822;Yvonne;Ellerey;Yvonne.Ellerey@yopmail.com;1953-01-22
1823;Alisha;Thar;Alisha.Thar@yopmail.com;1914-09-24
1824;Agnese;Loleta;Agnese.Loleta@yopmail.com;2002-06-17
1825;Clarice;Schwejda;Clarice.Schwejda@yopmail.com;1902-07-19
1826;Dennie;Gordon;Dennie.Gordon@yopmail.com;1939-07-26
1827;Tatiania;Lemuela;Tatiania.Lemuela@yopmail.com;1964-06-28
1828;Ilse;Cadmar;Ilse.Cadmar@yopmail.com;1937-10-30
1829;Isa;Hortensia;Isa.Hortensia@yopmail.com;1980-11-08
1830;Felice;Brittani;Felice.Brittani@yopmail.com;1958-11-01
1831;Brianna;Markman;Brianna.Markman@yopmail.com;1990-10-24
1832;Ketti;Bates;Ketti.Bates@yopmail.com;1976-12-31
1833;Sybille;Gunn;Sybille.Gunn@yopmail.com;1908-09-26
1834;Sibella;Brieta;Sibella.Brieta@yopmail.com;2007-03-01
1835;Lulita;Vanni;Lulita.Vanni@yopmail.com;1903-08-24
1836;Cyndie;Georgy;Cyndie.Georgy@yopmail.com;1907-04-30
1837;Christian;Liva;Christian.Liva@yopmail.com;1915-12-27
1838;Neila;Travax;Neila.Travax@yopmail.com;1914-11-20
1839;Mallory;Pascia;Mallory.Pascia@yopmail.com;1986-08-15
1840;Kore;Eben;Kore.Eben@yopmail.com;1918-11-30
1841;Christal;Harl;Christal.Harl@yopmail.com;1965-01-28
1842;Britte;Manolo;Britte.Manolo@yopmail.com;1928-01-27
1843;Juliane;McGrody;Juliane.McGrody@yopmail.com;1931-04-19
1844;Juliane;Freddi;Juliane.Freddi@yopmail.com;2000-09-01
1845;Beatriz;Hurley;Beatriz.Hurley@yopmail.com;1974-11-25
1846;Lauryn;Gregrory;Lauryn.Gregrory@yopmail.com;2015-08-25
1847;Perry;Bandeen;Perry.Bandeen@yopmail.com;1962-11-11
1848;Lynea;Nelsen;Lynea.Nelsen@yopmail.com;1903-10-09
1849;Brianna;Heisel;Brianna.Heisel@yopmail.com;1995-05-28
1850;Evaleen;Wildermuth;Evaleen.Wildermuth@yopmail.com;1925-02-24
1851;Cristine;Moina;Cristine.Moina@yopmail.com;2010-11-09
1852;Elmira;Kevon;Elmira.Kevon@yopmail.com;1997-09-17
1853;Lesly;Orlene;Lesly.Orlene@yopmail.com;1902-03-04
1854;Shel;Erlandson;Shel.Erlandson@yopmail.com;1980-04-09
1855;Nannie;Mehalek;Nannie.Mehalek@yopmail.com;2005-01-29
1856;Ebonee;Callista;Ebonee.Callista@yopmail.com;1920-01-09
1857;Marcelline;Henebry;Marcelline.Henebry@yopmail.com;1905-10-18
1858;Almeta;Millda;Almeta.Millda@yopmail.com;1912-12-07
1859;Catrina;Sprage;Catrina.Sprage@yopmail.com;1977-11-09
1860;Shel;Aurelio;Shel.Aurelio@yopmail.com;2006-01-30
1861;Alexine;Longfellow;Alexine.Longfellow@yopmail.com;1917-08-25
1862;Berta;Hurley;Berta.Hurley@yopmail.com;1985-08-07
1863;Bee;Bevin;Bee.Bevin@yopmail.com;1934-09-29
1864;Keelia;Justinn;Keelia.Justinn@yopmail.com;1942-03-20
1865;Britte;Carey;Britte.Carey@yopmail.com;1991-02-09
1866;Helena;Dex;Helena.Dex@yopmail.com;1987-03-04
1867;Margarette;Lynn;Margarette.Lynn@yopmail.com;1922-11-03
1868;Yvonne;Ruvolo;Yvonne.Ruvolo@yopmail.com;1946-07-04
1869;Lenna;Fredi;Lenna.Fredi@yopmail.com;1956-01-05
1870;Donetta;Randene;Donetta.Randene@yopmail.com;1934-10-13
1871;Tiffie;Bollay;Tiffie.Bollay@yopmail.com;1956-10-18
1872;Kimmy;Mauer;Kimmy.Mauer@yopmail.com;1912-02-01
1873;Ashlee;Halsey;Ashlee.Halsey@yopmail.com;1977-05-01
1874;Myrtice;Henrie;Myrtice.Henrie@yopmail.com;1929-08-12
1875;Nonnah;Nadia;Nonnah.Nadia@yopmail.com;1921-04-28
1876;Gusella;Jotham;Gusella.Jotham@yopmail.com;1942-07-17
1877;Randa;Joachim;Randa.Joachim@yopmail.com;1921-09-10
1878;Dawn;Maribeth;Dawn.Maribeth@yopmail.com;1920-04-08
1879;Hermione;Macey;Hermione.Macey@yopmail.com;1941-10-12
1880;Di;Moseley;Di.Moseley@yopmail.com;1938-08-19
1881;Angela;Jalbert;Angela.Jalbert@yopmail.com;1967-10-27
1882;Kamilah;Waldron;Kamilah.Waldron@yopmail.com;1969-09-21
1883;Maryellen;Angelis;Maryellen.Angelis@yopmail.com;1951-08-10
1884;Louella;Seligman;Louella.Seligman@yopmail.com;1993-07-22
1885;Renie;Maisey;Renie.Maisey@yopmail.com;1999-09-28
1886;Tilly;Wenoa;Tilly.Wenoa@yopmail.com;1903-06-20
1887;Shirlee;Berriman;Shirlee.Berriman@yopmail.com;1983-11-22
1888;Tybie;Milson;Tybie.Milson@yopmail.com;1969-03-03
1889;Kylynn;Sperling;Kylynn.Sperling@yopmail.com;1944-09-21
1890;Kathy;Clara;Kathy.Clara@yopmail.com;1901-06-15
1891;Vanessa;Berl;Vanessa.Berl@yopmail.com;1926-10-04
1892;Ileana;Zetta;Ileana.Zetta@yopmail.com;1963-08-26
1893;Debee;Hailee;Debee.Hailee@yopmail.com;2011-03-20
1894;Darci;Markman;Darci.Markman@yopmail.com;1963-05-04
1895;Monika;Arquit;Monika.Arquit@yopmail.com;1989-09-26
1896;Bibby;Frodi;Bibby.Frodi@yopmail.com;2011-09-08
1897;Kaja;Dowski;Kaja.Dowski@yopmail.com;2005-05-26
1898;Stacey;Bluh;Stacey.Bluh@yopmail.com;1905-04-09
1899;Fanchon;Michella;Fanchon.Michella@yopmail.com;1978-07-17
1900;Lolita;Matthew;Lolita.Matthew@yopmail.com;1992-10-13
1901;Cordi;Madaih;Cordi.Madaih@yopmail.com;1942-12-20
1902;Belva;Truc;Belva.Truc@yopmail.com;1985-12-19
1903;Jemie;Schroth;Jemie.Schroth@yopmail.com;1990-10-09
1904;Felice;Grimbly;Felice.Grimbly@yopmail.com;1927-08-31
1905;Frieda;Jeanne;Frieda.Jeanne@yopmail.com;1979-08-06
1906;Nikki;Dulciana;Nikki.Dulciana@yopmail.com;1961-11-22
1907;Tomasina;Salvidor;Tomasina.Salvidor@yopmail.com;1993-12-21
1908;Concettina;Dawkins;Concettina.Dawkins@yopmail.com;2013-08-17
1909;Ivett;Regan;Ivett.Regan@yopmail.com;1996-05-06
1910;Loree;Wildermuth;Loree.Wildermuth@yopmail.com;1986-02-26
1911;Rosabelle;Stelle;Rosabelle.Stelle@yopmail.com;1910-08-28
1912;Esmeralda;Alwin;Esmeralda.Alwin@yopmail.com;1919-12-06
1913;Kristan;Christine;Kristan.Christine@yopmail.com;1943-08-24
1914;Judy;Salvidor;Judy.Salvidor@yopmail.com;1993-09-27
1915;Lolita;Tjon;Lolita.Tjon@yopmail.com;1904-12-06
1916;Bobinette;Quinn;Bobinette.Quinn@yopmail.com;2001-05-10
1917;Liana;Revkah;Liana.Revkah@yopmail.com;1994-08-23
1918;Asia;Vacuva;Asia.Vacuva@yopmail.com;2017-02-06
1919;Lolita;Mauer;Lolita.Mauer@yopmail.com;1985-03-04
1920;Fawne;Burnside;Fawne.Burnside@yopmail.com;1963-07-22
1921;Hope;Gamaliel;Hope.Gamaliel@yopmail.com;1906-07-18
1922;Cherrita;Mauer;Cherrita.Mauer@yopmail.com;1989-06-23
1923;Elyssa;Karylin;Elyssa.Karylin@yopmail.com;1919-10-07
1924;Bettine;Marisa;Bettine.Marisa@yopmail.com;1912-09-07
1925;Roxane;Andrel;Roxane.Andrel@yopmail.com;1983-12-21
1926;Cyndie;Moseley;Cyndie.Moseley@yopmail.com;1905-08-24
1927;Lorne;Fairweather;Lorne.Fairweather@yopmail.com;1991-01-18
1928;Amii;Ferino;Amii.Ferino@yopmail.com;1975-07-18
1929;Camile;Giff;Camile.Giff@yopmail.com;1993-05-06
1930;Lynnea;Gilbertson;Lynnea.Gilbertson@yopmail.com;1956-01-14
1931;Miquela;Belanger;Miquela.Belanger@yopmail.com;1965-05-28
1932;Emelina;Sigfrid;Emelina.Sigfrid@yopmail.com;2007-05-11
1933;Wilma;Juliet;Wilma.Juliet@yopmail.com;1963-01-03
1934;Donnie;Gahl;Donnie.Gahl@yopmail.com;1909-04-06
1935;Winifred;Berl;Winifred.Berl@yopmail.com;1934-02-26
1936;Inga;Hortensia;Inga.Hortensia@yopmail.com;1913-12-15
1937;Sheree;Evangelia;Sheree.Evangelia@yopmail.com;1946-10-25
1938;Lila;Kiersten;Lila.Kiersten@yopmail.com;1926-04-03
1939;Alex;Colleen;Alex.Colleen@yopmail.com;1997-10-03
1940;Lonnie;Viddah;Lonnie.Viddah@yopmail.com;1932-01-12
1941;Dotty;Glovsky;Dotty.Glovsky@yopmail.com;1990-09-09
1942;Dorthy;Kathie;Dorthy.Kathie@yopmail.com;1953-04-11
1943;Ann-Marie;Sprage;Ann-Marie.Sprage@yopmail.com;2019-01-06
1944;Coral;Linehan;Coral.Linehan@yopmail.com;1948-08-09
1945;Marti;Dichy;Marti.Dichy@yopmail.com;1920-08-18
1946;Nanete;Emmaline;Nanete.Emmaline@yopmail.com;2018-03-19
1947;Asia;Kellby;Asia.Kellby@yopmail.com;2007-01-31
1948;Aubrie;Ricarda;Aubrie.Ricarda@yopmail.com;1928-12-05
1949;Lacie;Ferrell;Lacie.Ferrell@yopmail.com;1919-03-31
1950;Mamie;Dom;Mamie.Dom@yopmail.com;1958-11-23
1951;Ginnie;Baudin;Ginnie.Baudin@yopmail.com;1995-06-10
1952;Leona;Laverne;Leona.Laverne@yopmail.com;2010-09-04
1953;Celestyna;Gordon;Celestyna.Gordon@yopmail.com;1901-06-15
1954;Annaliese;Joachim;Annaliese.Joachim@yopmail.com;1917-01-08
1955;Dotty;Lucienne;Dotty.Lucienne@yopmail.com;1977-10-06
1956;Blake;Blake;Blake.Blake@yopmail.com;1965-06-09
1957;Marjie;Liva;Marjie.Liva@yopmail.com;1901-11-09
1958;Wendi;Fontana;Wendi.Fontana@yopmail.com;1953-09-05
1959;Kathy;Ortrude;Kathy.Ortrude@yopmail.com;1948-11-07
1960;Shel;Urania;Shel.Urania@yopmail.com;1996-09-27
1961;Anallese;Moseley;Anallese.Moseley@yopmail.com;1924-01-26
1962;Agathe;Ramona;Agathe.Ramona@yopmail.com;1954-11-12
1963;Gusty;Zuzana;Gusty.Zuzana@yopmail.com;1994-03-11
1964;Ezmeralda;Faso;Ezmeralda.Faso@yopmail.com;2004-01-21
1965;Alameda;Amand;Alameda.Amand@yopmail.com;1941-04-09
1966;Paola;Saint;Paola.Saint@yopmail.com;1991-07-25
1967;Jessamyn;Delila;Jessamyn.Delila@yopmail.com;1962-05-28
1968;Frances;Kaja;Frances.Kaja@yopmail.com;1931-10-19
1969;Gerrie;Toor;Gerrie.Toor@yopmail.com;1934-08-27
1970;Neila;Aaberg;Neila.Aaberg@yopmail.com;1966-03-19
1971;Mildrid;Montgomery;Mildrid.Montgomery@yopmail.com;1947-07-15
1972;Sophia;Middleton;Sophia.Middleton@yopmail.com;2006-09-04
1973;Charissa;Holbrook;Charissa.Holbrook@yopmail.com;1924-03-21
1974;Dorthy;Milde;Dorthy.Milde@yopmail.com;1987-10-22
1975;Gavrielle;Philipp;Gavrielle.Philipp@yopmail.com;1903-01-16
1976;Madeleine;Hanshaw;Madeleine.Hanshaw@yopmail.com;1908-06-14
1977;Talya;Martguerita;Talya.Martguerita@yopmail.com;1937-10-07
1978;Roz;Corilla;Roz.Corilla@yopmail.com;1993-02-10
1979;Moyna;Haldas;Moyna.Haldas@yopmail.com;1985-02-24
1980;Oona;Haldas;Oona.Haldas@yopmail.com;1989-12-04
1981;Millie;Ovid;Millie.Ovid@yopmail.com;2015-10-04
1982;Philis;Myrilla;Philis.Myrilla@yopmail.com;1933-06-14
1983;Gabi;Charmine;Gabi.Charmine@yopmail.com;1969-05-18
1984;Antonietta;Annabella;Antonietta.Annabella@yopmail.com;2006-06-22
1985;Raina;Magnolia;Raina.Magnolia@yopmail.com;1940-06-09
1986;Marylou;Dex;Marylou.Dex@yopmail.com;1916-06-11
1987;Karena;Bivins;Karena.Bivins@yopmail.com;1900-04-17
1988;Johna;Posner;Johna.Posner@yopmail.com;1932-07-04
1989;Jessamyn;Hebner;Jessamyn.Hebner@yopmail.com;1909-01-08
1990;Kassey;Randene;Kassey.Randene@yopmail.com;1929-09-18
1991;Maisey;Penelopa;Maisey.Penelopa@yopmail.com;1913-05-06
1992;Lolita;Lissi;Lolita.Lissi@yopmail.com;1956-04-01
1993;Chloris;Jess;Chloris.Jess@yopmail.com;1939-11-18
1994;Gloria;Giule;Gloria.Giule@yopmail.com;2015-09-11
1995;Fredericka;Grobe;Fredericka.Grobe@yopmail.com;1976-06-20
1996;Ileana;Nore;Ileana.Nore@yopmail.com;1991-08-12
1997;Kaja;Merriott;Kaja.Merriott@yopmail.com;1974-12-10
1998;Iseabal;Yerkovich;Iseabal.Yerkovich@yopmail.com;1956-07-19
1999;Lucy;Ardeha;Lucy.Ardeha@yopmail.com;1993-04-09