id;firstname;lastname;email;Field Name
1000;Joleen;Wyn;Joleen.Wyn@yopmail.com;1990-06-05
1001;Consuela;Hylan;Consuela.Hylan@yopmail.com;1934-11-26
1002;Jinny;Harned;Jinny.Harned@yopmail.com;1906-11-02
1003;Jere;Phi;Jere.Phi@yopmail.com;2001-01-16
1004;Nannie;Helve;Nannie.Helve@yopmail.com;1913-05-16
1005;Carlie;Faria;Carlie.Faria@yopmail.com;1901-04-08
1006;Bobinette;Sancho;Bobinette.Sancho@yopmail.com;2008-07-31
1007;Damaris;Suanne;Damaris.Suanne@yopmail.com;1975-09-11
1008;Nonnah;Francyne;Nonnah.Francyne@yopmail.com;1918-06-28
1009;Halette;Aprile;Halette.Aprile@yopmail.com;1967-01-15
1010;Heida;Niccolo;Heida.Niccolo@yopmail.com;1999-06-13
1011;Rhea;Angelis;Rhea.Angelis@yopmail.com;1932-02-11
1012;Vanessa;Felecia;Vanessa.Felecia@yopmail.com;1964-04-02
1013;Justinn;Paton;Justinn.Paton@yopmail.com;1910-03-05
1014;Cristabel;Jefferey;Cristabel.Jefferey@yopmail.com;2002-09-15
1015;Lucy;Clie;Lucy.Clie@yopmail.com;1932-03-18
1016;Dorene;Shama;Dorene.Shama@yopmail.com;1956-09-16
1017;Eve;Ries;Eve.Ries@yopmail.com;1964-11-22
1018;Meriel;Taam;Meriel.Taam@yopmail.com;1914-03-27
1019;Vita;Artie;Vita.Artie@yopmail.com;1910-08-15
1020;Rivalee;Genna;Rivalee.Genna@yopmail.com;1941-10-04
1021;Silvana;Winnick;Silvana.Winnick@yopmail.com;1910-06-16
1022;Babita;Marcellus;Babita.Marcellus@yopmail.com;1982-08-11
1023;Sophia;Robertson;Sophia.Robertson@yopmail.com;1959-12-05
1024;Verla;Fiester;Verla.Fiester@yopmail.com;1979-11-27
1025;Genevra;Wareing;Genevra.Wareing@yopmail.com;1971-08-07
1026;Gaylene;Gombach;Gaylene.Gombach@yopmail.com;2005-10-28
1027;Joleen;Felizio;Joleen.Felizio@yopmail.com;1981-02-13
1028;Noelle;Sacken;Noelle.Sacken@yopmail.com;2018-02-17
1029;Carree;Urias;Carree.Urias@yopmail.com;1914-11-08
1030;Anica;Jobi;Anica.Jobi@yopmail.com;1986-09-12
1031;Helsa;Ball;Helsa.Ball@yopmail.com;1925-01-28
1032;Zia;Dudley;Zia.Dudley@yopmail.com;1993-08-06
1033;Maisey;Roarke;Maisey.Roarke@yopmail.com;2005-09-16
1034;Elvira;Sharl;Elvira.Sharl@yopmail.com;1983-02-17
1035;Regina;Georgy;Regina.Georgy@yopmail.com;1905-09-02
1036;Queenie;Brieta;Queenie.Brieta@yopmail.com;1950-09-11
1037;Selia;Baylor;Selia.Baylor@yopmail.com;1947-06-25
1038;Dorothy;Graig;Dorothy.Graig@yopmail.com;2011-10-10
1039;Netty;Mallon;Netty.Mallon@yopmail.com;1942-12-12
1040;Amii;Serilda;Amii.Serilda@yopmail.com;2002-09-02
1041;Taffy;Hutchison;Taffy.Hutchison@yopmail.com;1930-10-25
1042;Etta;Center;Etta.Center@yopmail.com;1980-02-25
1043;Lanna;Alabaster;Lanna.Alabaster@yopmail.com;1900-04-17
1044;Dorothy;Tufts;Dorothy.Tufts@yopmail.com;1991-10-24
1045;Gabriellia;Michella;Gabriellia.Michella@yopmail.com;1918-04-29
1046;Nollie;Elbertina;Nollie.Elbertina@yopmail.com;1994-05-08
1047;Sandie;Even;Sandie.Even@yopmail.com;1917-12-06
1048;Cherilyn;Toni;Cherilyn.Toni@yopmail.com;1930-03-31
1049;Flory;Sigfrid;Flory.Sigfrid@yopmail.com;2012-10-19
1050;Barbara;Bryna;Barbara.Bryna@yopmail.com;1979-01-29
1051;Maud;Nerita;Maud.Nerita@yopmail.com;1950-03-26
1052;Mariele;Douglass;Mariele.Douglass@yopmail.com;1983-09-09
1053;Gilda;Anastatius;Gilda.Anastatius@yopmail.com;2007-03-03
1054;Lexine;Kinnard;Lexine.Kinnard@yopmail.com;1920-11-01
1055;Claresta;Erminia;Claresta.Erminia@yopmail.com;1956-04-03
1056;Paulita;Oriana;Paulita.Oriana@yopmail.com;2008-09-29
1057;Lusa;Berl;Lusa.Berl@yopmail.com;1992-05-24
1058;Cordi;Posner;Cordi.Posner@yopmail.com;1936-09-09
1059;Trixi;Emanuel;Trixi.Emanuel@yopmail.com;2014-03-04
1060;Dolli;Rozanna;Dolli.Rozanna@yopmail.com;1961-02-22
1061;Josephine;Trace;Josephine.Trace@yopmail.com;1976-06-08
1062;Audrie;Diogenes;Audrie.Diogenes@yopmail.com;1974-05-27
1063;Roxane;Stanwood;Roxane.Stanwood@yopmail.com;1917-05-06
1064;Benita;Ezar;Benita.Ezar@yopmail.com;2012-11-06
1065;Heida;Latini;Heida.Latini@yopmail.com;1968-02-03
1066;Marsiella;Masao;Marsiella.Masao@yopmail.com;2009-12-21
1067;Corene;Kronfeld;Corene.Kronfeld@yopmail.com;1974-10-05
1068;Paulita;Halla;Paulita.Halla@yopmail.com;1913-09-20
1069;Madeleine;Wolfgram;Madeleine.Wolfgram@yopmail.com;1964-07-27
1070;Danika;Kendrick;Danika.Kendrick@yopmail.com;1985-11-13
1071;Kaia;Bultman;Kaia.Bultman@yopmail.com;2004-01-04
1072;Babita;Ethban;Babita.Ethban@yopmail.com;1916-06-18
1073;Lory;Chabot;Lory.Chabot@yopmail.com;2005-08-04
1074;Judy;Greenwald;Judy.Greenwald@yopmail.com;1939-12-24
1075;Lizzie;Thornburg;Lizzie.Thornburg@yopmail.com;1975-02-18
1076;Nerta;Kenney;Nerta.Kenney@yopmail.com;1933-04-05
1077;Jessamyn;Pernick;Jessamyn.Pernick@yopmail.com;1968-09-26
1078;Loree;Ricki;Loree.Ricki@yopmail.com;1937-09-13
1079;Blake;Alwin;Blake.Alwin@yopmail.com;1974-05-17
1080;Livvyy;Cecile;Livvyy.Cecile@yopmail.com;1966-10-14
1081;Gilligan;Rurik;Gilligan.Rurik@yopmail.com;2019-06-18
1082;Imojean;Si;Imojean.Si@yopmail.com;2005-08-17
1083;Dominga;Gaynor;Dominga.Gaynor@yopmail.com;1991-05-19
1084;Gilligan;Marden;Gilligan.Marden@yopmail.com;1979-10-25
1085;Margette;Boehike;Margette.Boehike@yopmail.com;1927-12-25
1086;Georgetta;Boycey;Georgetta.Boycey@yopmail.com;1992-06-01
1087;Brynna;Artie;Brynna.Artie@yopmail.com;2000-08-16
1088;Anica;Quinn;Anica.Quinn@yopmail.com;1962-05-18
1089;Philis;Brunell;Philis.Brunell@yopmail.com;1971-10-02
1090;Althea;McAdams;Althea.McAdams@yopmail.com;1980-08-05
1091;Lorne;Shirberg;Lorne.Shirberg@yopmail.com;2015-06-10
1092;Celisse;Ax;Celisse.Ax@yopmail.com;2005-01-26
1093;Suzette;Cynar;Suzette.Cynar@yopmail.com;1996-04-03
1094;Zia;Bow;Zia.Bow@yopmail.com;1979-03-20
1095;Linet;Ietta;Linet.Ietta@yopmail.com;1946-05-04
1096;Aryn;Wattenberg;Aryn.Wattenberg@yopmail.com;1927-11-20
1097;Rhea;Kolnick;Rhea.Kolnick@yopmail.com;1960-06-29
1098;Hollie;Center;Hollie.Center@yopmail.com;1954-09-22
1099;Tonia;Gaal;Tonia.Gaal@yopmail.com;1913-11-30
1100;Maurene;Reidar;Maurene.Reidar@yopmail.com;1985-03-03
1101;Emilia;Creamer;Emilia.Creamer@yopmail.com;2012-10-30
1102;Sashenka;Caitlin;Sashenka.Caitlin@yopmail.com;1954-08-14
1103;Jinny;Cordi;Jinny.Cordi@yopmail.com;1919-04-15
1104;Katuscha;Brackely;Katuscha.Brackely@yopmail.com;1901-07-17
1105;Shaine;Gusella;Shaine.Gusella@yopmail.com;1962-09-25
1106;Raf;Zitvaa;Raf.Zitvaa@yopmail.com;1968-09-27
1107;Jinny;Wilkinson;Jinny.Wilkinson@yopmail.com;1958-11-24
1108;Fidelia;Stelle;Fidelia.Stelle@yopmail.com;1984-11-09
1109;Harrietta;Fairweather;Harrietta.Fairweather@yopmail.com;1949-09-03
1110;Bertine;Horan;Bertine.Horan@yopmail.com;2003-12-22
1111;Allis;Etom;Allis.Etom@yopmail.com;1916-03-01
1112;Catrina;Lory;Catrina.Lory@yopmail.com;1978-05-31
1113;Noelle;Elephus;Noelle.Elephus@yopmail.com;1943-08-18
1114;Oralee;Herrera;Oralee.Herrera@yopmail.com;1918-12-26
1115;Ann-Marie;Gusella;Ann-Marie.Gusella@yopmail.com;1998-02-05
1116;Liana;Madox;Liana.Madox@yopmail.com;1970-10-17
1117;Mara;Garek;Mara.Garek@yopmail.com;1962-08-19
1118;Pierette;Grayce;Pierette.Grayce@yopmail.com;1979-05-10
1119;Rosaline;Velick;Rosaline.Velick@yopmail.com;1957-08-03
1120;Angela;Weaks;Angela.Weaks@yopmail.com;1920-04-07
1121;Angelique;Llovera;Angelique.Llovera@yopmail.com;1997-02-02
1122;Cyndie;Lasley;Cyndie.Lasley@yopmail.com;1928-12-07
1123;Dione;Nadia;Dione.Nadia@yopmail.com;1993-10-23
1124;Charissa;Daegal;Charissa.Daegal@yopmail.com;2008-09-04
1125;Barbi;Schonfeld;Barbi.Schonfeld@yopmail.com;2011-02-23
1126;Caressa;Ciapas;Caressa.Ciapas@yopmail.com;1983-04-08
1127;Merle;Johanna;Merle.Johanna@yopmail.com;1927-05-31
1128;Eve;Sibyls;Eve.Sibyls@yopmail.com;1912-02-01
1129;Talya;Diann;Talya.Diann@yopmail.com;1925-01-31
1130;Gui;Emmaline;Gui.Emmaline@yopmail.com;1927-06-15
1131;Teriann;Dearborn;Teriann.Dearborn@yopmail.com;2009-05-26
1132;Phedra;Pip;Phedra.Pip@yopmail.com;1997-12-08
1133;Sonni;Vittoria;Sonni.Vittoria@yopmail.com;1982-02-27
1134;Kylynn;Jary;Kylynn.Jary@yopmail.com;2008-04-21
1135;Peri;Tillford;Peri.Tillford@yopmail.com;1940-11-25
1136;Taffy;Fabiola;Taffy.Fabiola@yopmail.com;2018-03-20
1137;Grier;Giule;Grier.Giule@yopmail.com;1912-02-24
1138;Goldie;Behre;Goldie.Behre@yopmail.com;1951-08-22
1139;Wendi;Reidar;Wendi.Reidar@yopmail.com;1913-07-27
1140;Debee;Jarib;Debee.Jarib@yopmail.com;1963-12-03
1141;Gilda;Rossner;Gilda.Rossner@yopmail.com;1963-09-01
1142;Lacie;Mallon;Lacie.Mallon@yopmail.com;1921-09-04
1143;Maisey;Weitman;Maisey.Weitman@yopmail.com;2000-07-19
1144;Randa;Merell;Randa.Merell@yopmail.com;1900-06-02
1145;Tamqrah;Schroth;Tamqrah.Schroth@yopmail.com;1965-04-04
1146;Dale;Lenny;Dale.Lenny@yopmail.com;1933-05-29
1147;Tressa;Andrel;Tressa.Andrel@yopmail.com;1941-06-29
1148;Robinia;Gemini;Robinia.Gemini@yopmail.com;1991-10-03
1149;Jere;Anselmi;Jere.Anselmi@yopmail.com;1980-04-16
1150;Dulce;Darian;Dulce.Darian@yopmail.com;1904-08-03
1151;Fredericka;Bouchard;Fredericka.Bouchard@yopmail.com;2005-08-07
1152;Kamilah;Madox;Kamilah.Madox@yopmail.com;1974-09-17
1153;Jean;Plato;Jean.Plato@yopmail.com;1987-07-28
1154;Roxane;Barbey;Roxane.Barbey@yopmail.com;1943-08-02
1155;Rori;Madox;Rori.Madox@yopmail.com;1935-02-12
1156;Nananne;Schlosser;Nananne.Schlosser@yopmail.com;1921-03-17
1157;Merci;Hillel;Merci.Hillel@yopmail.com;1951-07-18
1158;Lelah;Tarrant;Lelah.Tarrant@yopmail.com;1909-12-31
1159;Bill;Dahlia;Bill.Dahlia@yopmail.com;1967-11-15
1160;Gabi;Reinke;Gabi.Reinke@yopmail.com;1971-07-12
1161;Sabina;Doig;Sabina.Doig@yopmail.com;1979-01-02
1162;Annaliese;Kirbee;Annaliese.Kirbee@yopmail.com;1951-01-24
1163;Christal;Ries;Christal.Ries@yopmail.com;1962-09-07
1164;Larine;Jenness;Larine.Jenness@yopmail.com;1930-12-22
1165;Brena;Palocz;Brena.Palocz@yopmail.com;1922-11-22
1166;Oralee;Maribeth;Oralee.Maribeth@yopmail.com;1905-03-08
1167;Edith;Koziara;Edith.Koziara@yopmail.com;1929-08-25
1168;Vonny;Concha;Vonny.Concha@yopmail.com;1903-01-31
1169;Juliane;Barney;Juliane.Barney@yopmail.com;1913-08-18
1170;Cherrita;Mathilde;Cherrita.Mathilde@yopmail.com;1989-02-22
1171;Lusa;O'Rourke;Lusa.O'Rourke@yopmail.com;1909-08-06
1172;Jillayne;Nunci;Jillayne.Nunci@yopmail.com;1950-11-30
1173;Libbie;Bertold;Libbie.Bertold@yopmail.com;1926-11-08
1174;Ira;MacIntosh;Ira.MacIntosh@yopmail.com;1951-11-16
1175;Helsa;Jotham;Helsa.Jotham@yopmail.com;1972-08-13
1176;Carilyn;Etom;Carilyn.Etom@yopmail.com;2012-04-11
1177;Jasmina;Katrine;Jasmina.Katrine@yopmail.com;1904-05-05
1178;Ketti;Knowling;Ketti.Knowling@yopmail.com;2003-09-10
1179;Joy;Docilla;Joy.Docilla@yopmail.com;1998-05-29
1180;Candi;Maisey;Candi.Maisey@yopmail.com;1964-09-25
1181;Lynnea;Amethist;Lynnea.Amethist@yopmail.com;1989-10-24
1182;Elena;Japeth;Elena.Japeth@yopmail.com;1908-05-05
1183;Mignon;Bivins;Mignon.Bivins@yopmail.com;1992-10-22
1184;Verla;Hoban;Verla.Hoban@yopmail.com;2008-03-14
1185;Bibby;Barney;Bibby.Barney@yopmail.com;2017-09-03
1186;Valeda;Zamora;Valeda.Zamora@yopmail.com;1951-04-23
1187;Eadie;Clara;Eadie.Clara@yopmail.com;1938-11-26
1188;Kirstin;Aloise;Kirstin.Aloise@yopmail.com;1937-12-20
1189;Selia;Roscoe;Selia.Roscoe@yopmail.com;1908-09-26
1190;Coral;Glovsky;Coral.Glovsky@yopmail.com;1941-11-13
1191;Georgetta;Sammons;Georgetta.Sammons@yopmail.com;1978-09-15
1192;Aaren;Adalbert;Aaren.Adalbert@yopmail.com;1908-06-26
1193;Ekaterina;Philipp;Ekaterina.Philipp@yopmail.com;1941-03-23
1194;Mady;O'Carroll;Mady.O'Carroll@yopmail.com;1944-08-05
1195;Phedra;Lewes;Phedra.Lewes@yopmail.com;1962-02-05
1196;Vonny;Saree;Vonny.Saree@yopmail.com;1991-03-17
1197;Ethel;Bethany;Ethel.Bethany@yopmail.com;2003-04-11
1198;Paulita;Santoro;Paulita.Santoro@yopmail.com;1990-03-21
1199;Jennica;Pulsifer;Jennica.Pulsifer@yopmail.com;1920-08-07
1200;Helena;Hertzfeld;Helena.Hertzfeld@yopmail.com;1901-06-02
1201;Alyssa;Catie;Alyssa.Catie@yopmail.com;2003-05-19
1202;Pierette;Gale;Pierette.Gale@yopmail.com;1959-09-10
1203;Nita;Freddi;Nita.Freddi@yopmail.com;1993-07-24
1204;Sue;Zenas;Sue.Zenas@yopmail.com;1951-10-28
1205;Beverley;Ulphia;Beverley.Ulphia@yopmail.com;2002-07-29
1206;Darlleen;Lipson;Darlleen.Lipson@yopmail.com;1956-08-26
1207;Lorne;Brieta;Lorne.Brieta@yopmail.com;1969-10-16
1208;Paola;Arathorn;Paola.Arathorn@yopmail.com;1932-09-21
1209;Cyb;Douglass;Cyb.Douglass@yopmail.com;1922-02-23
1210;Claudina;Ezar;Claudina.Ezar@yopmail.com;1996-01-29
1211;Rivalee;Hepsibah;Rivalee.Hepsibah@yopmail.com;1997-01-12
1212;Agathe;McAdams;Agathe.McAdams@yopmail.com;2010-11-23
1213;Tatiania;Pozzy;Tatiania.Pozzy@yopmail.com;1957-08-29
1214;Deloria;Agle;Deloria.Agle@yopmail.com;1984-03-28
1215;Cindelyn;Papageno;Cindelyn.Papageno@yopmail.com;1904-04-28
1216;Melanie;Madaih;Melanie.Madaih@yopmail.com;1947-11-05
1217;Raquela;Bartlett;Raquela.Bartlett@yopmail.com;1974-12-02
1218;Evaleen;Plato;Evaleen.Plato@yopmail.com;1912-05-31
1219;Ada;Sigfrid;Ada.Sigfrid@yopmail.com;1987-03-10
1220;Cecile;Elisha;Cecile.Elisha@yopmail.com;1904-11-08
1221;Luci;Agle;Luci.Agle@yopmail.com;1903-01-14
1222;Edyth;Braun;Edyth.Braun@yopmail.com;2014-09-15
1223;Sandie;Halsey;Sandie.Halsey@yopmail.com;2001-02-09
1224;Rani;Alexandr;Rani.Alexandr@yopmail.com;1981-10-10
1225;Tina;Nickola;Tina.Nickola@yopmail.com;2013-08-27
1226;Renie;Rhu;Renie.Rhu@yopmail.com;1968-03-15
1227;Ayn;Maxi;Ayn.Maxi@yopmail.com;1907-03-28
1228;Dede;Parsaye;Dede.Parsaye@yopmail.com;1954-01-03
1229;Caritta;Teryn;Caritta.Teryn@yopmail.com;1962-10-23
1230;Emmey;Orpah;Emmey.Orpah@yopmail.com;1945-12-13
1231;Verla;Sheedy;Verla.Sheedy@yopmail.com;1993-02-04
1232;Alexine;Berard;Alexine.Berard@yopmail.com;1946-01-05
1233;Gabi;Dunkin;Gabi.Dunkin@yopmail.com;1976-04-27
1234;Jennica;Grimbly;Jennica.Grimbly@yopmail.com;1911-04-27
1235;Trudie;Ramona;Trudie.Ramona@yopmail.com;1993-08-04
1236;Jackie;Obed;Jackie.Obed@yopmail.com;1916-11-19
1237;Veda;Johanna;Veda.Johanna@yopmail.com;1919-04-25
1238;Norine;Kenney;Norine.Kenney@yopmail.com;1989-12-01
1239;Tani;Simmonds;Tani.Simmonds@yopmail.com;1940-09-15
1240;Sabina;Iiette;Sabina.Iiette@yopmail.com;2016-10-30
1241;Ana;Deny;Ana.Deny@yopmail.com;1929-01-15
1242;Carly;Dorcy;Carly.Dorcy@yopmail.com;1982-12-02
1243;Merci;Pettiford;Merci.Pettiford@yopmail.com;1918-04-09
1244;Phedra;Melan;Phedra.Melan@yopmail.com;1921-01-17
1245;Dawn;Bevin;Dawn.Bevin@yopmail.com;1907-04-06
1246;Steffane;Nadia;Steffane.Nadia@yopmail.com;1926-11-17
1247;Chrystel;Silvan;Chrystel.Silvan@yopmail.com;1919-06-26
1248;Deirdre;Othilia;Deirdre.Othilia@yopmail.com;1994-12-03
1249;Bettine;Goerke;Bettine.Goerke@yopmail.com;2008-11-16
1250;Rozele;Zola;Rozele.Zola@yopmail.com;1947-07-07
1251;Consuela;Ursulette;Consuela.Ursulette@yopmail.com;1980-02-26
1252;Rori;Joli;Rori.Joli@yopmail.com;1993-11-08
1253;Wilma;McCutcheon;Wilma.McCutcheon@yopmail.com;1979-07-20
1254;Maud;Riva;Maud.Riva@yopmail.com;2013-10-03
1255;Coral;Rebecka;Coral.Rebecka@yopmail.com;1966-12-01
1256;Tracey;Israeli;Tracey.Israeli@yopmail.com;2007-02-25
1257;Nariko;Hermes;Nariko.Hermes@yopmail.com;1944-05-30
1258;Chickie;Beebe;Chickie.Beebe@yopmail.com;1922-02-09
1259;Audrie;Bach;Audrie.Bach@yopmail.com;1910-10-10
1260;Yvonne;Belldas;Yvonne.Belldas@yopmail.com;1946-05-09
1261;Alleen;Glenden;Alleen.Glenden@yopmail.com;2013-08-27
1262;Ernesta;Miru;Ernesta.Miru@yopmail.com;1963-11-11
1263;Julieta;Suk;Julieta.Suk@yopmail.com;1929-09-10
1264;Joeann;Lewes;Joeann.Lewes@yopmail.com;1976-05-24
1265;Adriana;Kunin;Adriana.Kunin@yopmail.com;1916-08-02
1266;Nananne;Harned;Nananne.Harned@yopmail.com;1956-02-12
1267;Regina;Sperling;Regina.Sperling@yopmail.com;1961-05-20
1268;Merci;Alejoa;Merci.Alejoa@yopmail.com;1951-12-16
1269;Nananne;Allys;Nananne.Allys@yopmail.com;1951-06-26
1270;Ayn;Paton;Ayn.Paton@yopmail.com;2014-05-24
1271;Gerianna;Shelba;Gerianna.Shelba@yopmail.com;1990-08-03
1272;Cam;Madaih;Cam.Madaih@yopmail.com;1937-01-08
1273;Peri;Lacombe;Peri.Lacombe@yopmail.com;1918-05-08
1274;Constance;Barbey;Constance.Barbey@yopmail.com;1969-12-15
1275;Wynne;Sprage;Wynne.Sprage@yopmail.com;1973-05-19
1276;Donnie;Nickola;Donnie.Nickola@yopmail.com;2016-12-29
1277;Lizzie;Tryck;Lizzie.Tryck@yopmail.com;2018-11-13
1278;Stevana;Tillford;Stevana.Tillford@yopmail.com;1902-04-15
1279;Julieta;Kat;Julieta.Kat@yopmail.com;1965-02-16
1280;Joy;Darrell;Joy.Darrell@yopmail.com;2005-06-26
1281;Allyce;Shaddock;Allyce.Shaddock@yopmail.com;1919-02-09
1282;Liana;Love;Liana.Love@yopmail.com;1915-07-09
1283;Mureil;McAdams;Mureil.McAdams@yopmail.com;1957-01-04
1284;Sam;Johnsson;Sam.Johnsson@yopmail.com;1959-02-23
1285;Christal;Guildroy;Christal.Guildroy@yopmail.com;1986-06-11
1286;Daphne;Mitzi;Daphne.Mitzi@yopmail.com;1961-09-05
1287;Demetris;Glenden;Demetris.Glenden@yopmail.com;1937-11-03
1288;Britni;Marijo;Britni.Marijo@yopmail.com;1983-06-22
1289;Juliane;Toffic;Juliane.Toffic@yopmail.com;1987-10-28
1290;Joeann;Latini;Joeann.Latini@yopmail.com;2011-09-12
1291;Vita;Erskine;Vita.Erskine@yopmail.com;2016-06-09
1292;Ezmeralda;Monaco;Ezmeralda.Monaco@yopmail.com;1900-09-26
1293;Blondelle;Ariella;Blondelle.Ariella@yopmail.com;1932-11-16
1294;Joeann;Brodench;Joeann.Brodench@yopmail.com;1978-07-29
1295;Zia;Carvey;Zia.Carvey@yopmail.com;1957-03-05
1296;Ebonee;Baylor;Ebonee.Baylor@yopmail.com;1965-01-06
1297;Dorthy;Muriel;Dorthy.Muriel@yopmail.com;1937-04-09
1298;Malina;Longfellow;Malina.Longfellow@yopmail.com;1933-02-05
1299;Kittie;Chandler;Kittie.Chandler@yopmail.com;2009-06-10
1300;Jenda;Johanna;Jenda.Johanna@yopmail.com;1947-05-15
1301;Dania;Esmaria;Dania.Esmaria@yopmail.com;1992-10-16
1302;Nita;Payson;Nita.Payson@yopmail.com;1936-06-15
1303;Amara;Creamer;Amara.Creamer@yopmail.com;1908-05-27
1304;Heddie;Dosia;Heddie.Dosia@yopmail.com;1976-07-31
1305;Rubie;Lane;Rubie.Lane@yopmail.com;1906-02-28
1306;Blake;Garrison;Blake.Garrison@yopmail.com;2002-01-20
1307;Ermengarde;Edison;Ermengarde.Edison@yopmail.com;1988-08-03
1308;Nonnah;Rustice;Nonnah.Rustice@yopmail.com;1968-03-21
1309;Jaime;Gherardo;Jaime.Gherardo@yopmail.com;1916-07-09
1310;Kate;Damarra;Kate.Damarra@yopmail.com;1998-05-29
1311;Inga;Nunci;Inga.Nunci@yopmail.com;1974-06-27
1312;Harmonia;Abram;Harmonia.Abram@yopmail.com;1974-12-16
1313;Kathi;Vernier;Kathi.Vernier@yopmail.com;1958-09-28
1314;Jessamyn;Sidonius;Jessamyn.Sidonius@yopmail.com;1911-06-08
1315;Glenda;Robertson;Glenda.Robertson@yopmail.com;1998-04-05
1316;Natka;Adlare;Natka.Adlare@yopmail.com;1924-04-13
1317;Nanete;Jethro;Nanete.Jethro@yopmail.com;1956-02-18
1318;Danny;Blisse;Danny.Blisse@yopmail.com;1971-07-15
1319;Belinda;Abbot;Belinda.Abbot@yopmail.com;1917-09-03
1320;Jessy;Roumell;Jessy.Roumell@yopmail.com;1978-01-14
1321;Allis;Liva;Allis.Liva@yopmail.com;1916-06-03
1322;Amalie;Hourigan;Amalie.Hourigan@yopmail.com;2005-02-12
1323;Beatriz;Corrine;Beatriz.Corrine@yopmail.com;1902-07-22
1324;Raquela;Casimir;Raquela.Casimir@yopmail.com;1944-07-02
1325;Christy;Esmaria;Christy.Esmaria@yopmail.com;1931-12-07
1326;Linzy;Blake;Linzy.Blake@yopmail.com;1981-02-15
1327;Clarice;Ogren;Clarice.Ogren@yopmail.com;1996-10-01
1328;Kial;Standing;Kial.Standing@yopmail.com;1950-12-16
1329;Caritta;Linskey;Caritta.Linskey@yopmail.com;1903-01-31
1330;Alejandra;Garbe;Alejandra.Garbe@yopmail.com;1905-05-11
1331;Kassey;Iaverne;Kassey.Iaverne@yopmail.com;2005-09-24
1332;Dominga;Carey;Dominga.Carey@yopmail.com;1958-11-19
1333;Tobe;Ade;Tobe.Ade@yopmail.com;1930-01-01
1334;Rayna;Nicoline;Rayna.Nicoline@yopmail.com;1988-11-02
1335;Marnia;Suk;Marnia.Suk@yopmail.com;1928-01-21
1336;Tierney;Sothena;Tierney.Sothena@yopmail.com;1990-02-07
1337;Janis;Fosque;Janis.Fosque@yopmail.com;1966-12-20
1338;Elora;Bakerman;Elora.Bakerman@yopmail.com;1918-10-16
1339;Quintina;Anestassia;Quintina.Anestassia@yopmail.com;1925-09-04
1340;Corina;Jess;Corina.Jess@yopmail.com;1973-09-15
1341;Georgina;Brittani;Georgina.Brittani@yopmail.com;1917-08-21
1342;Deane;Harned;Deane.Harned@yopmail.com;1903-01-15
1343;Bernardine;Rogerio;Bernardine.Rogerio@yopmail.com;1963-04-10
1344;Selia;Daveta;Selia.Daveta@yopmail.com;1941-10-22
1345;Blinni;Bates;Blinni.Bates@yopmail.com;2019-01-13
1346;Starla;Oneida;Starla.Oneida@yopmail.com;1975-01-10
1347;Stacey;Adamsen;Stacey.Adamsen@yopmail.com;1954-11-28
1348;Queenie;Melleta;Queenie.Melleta@yopmail.com;1963-05-04
1349;Lorne;Sawtelle;Lorne.Sawtelle@yopmail.com;1924-06-14
1350;Tatiania;Poppy;Tatiania.Poppy@yopmail.com;1947-11-22
1351;Roslyn;Concha;Roslyn.Concha@yopmail.com;1906-12-03
1352;Daphne;Munn;Daphne.Munn@yopmail.com;1997-01-22
1353;Elmira;Maurine;Elmira.Maurine@yopmail.com;1938-12-30
1354;Jerry;Rossner;Jerry.Rossner@yopmail.com;1938-12-24
1355;Eolanda;Sekofski;Eolanda.Sekofski@yopmail.com;2004-06-06
1356;Elena;Madelene;Elena.Madelene@yopmail.com;1942-11-29
1357;Leia;Behre;Leia.Behre@yopmail.com;1914-10-07
1358;Esmeralda;Jary;Esmeralda.Jary@yopmail.com;1930-02-06
1359;Joleen;Hanleigh;Joleen.Hanleigh@yopmail.com;1981-02-08
1360;Mellicent;Carbo;Mellicent.Carbo@yopmail.com;2012-04-15
1361;Yolane;Bryna;Yolane.Bryna@yopmail.com;1902-06-22
1362;Elfreda;Marsden;Elfreda.Marsden@yopmail.com;1978-02-04
1363;Dari;Martguerita;Dari.Martguerita@yopmail.com;1965-01-03
1364;Jaime;Annabella;Jaime.Annabella@yopmail.com;1914-09-25
1365;Rosanne;Cadmar;Rosanne.Cadmar@yopmail.com;1994-02-06
1366;Daphne;Glenden;Daphne.Glenden@yopmail.com;2002-07-02
1367;Alexine;Raseda;Alexine.Raseda@yopmail.com;1936-05-01
1368;Nananne;Goldina;Nananne.Goldina@yopmail.com;1906-09-26
1369;Rori;Gower;Rori.Gower@yopmail.com;1940-08-25
1370;Netty;Penelopa;Netty.Penelopa@yopmail.com;1994-10-18
1371;Kimmy;Diann;Kimmy.Diann@yopmail.com;1969-06-01
1372;Daryl;McNully;Daryl.McNully@yopmail.com;1922-05-04
1373;Marleah;Kalinda;Marleah.Kalinda@yopmail.com;1952-11-01
1374;Tami;Olympium;Tami.Olympium@yopmail.com;1913-10-17
1375;Melanie;Gavrila;Melanie.Gavrila@yopmail.com;1960-02-17
1376;Grier;Borrell;Grier.Borrell@yopmail.com;1910-10-21
1377;Starla;Ophelia;Starla.Ophelia@yopmail.com;1955-03-11
1378;Eadie;Schenck;Eadie.Schenck@yopmail.com;2016-01-24
1379;Meriel;Lemuela;Meriel.Lemuela@yopmail.com;1913-12-04
1380;Elsie;Flita;Elsie.Flita@yopmail.com;1935-05-24
1381;Elie;Ursulette;Elie.Ursulette@yopmail.com;1957-07-03
1382;Stacey;Tatianas;Stacey.Tatianas@yopmail.com;1949-08-10
1383;Bobinette;Ader;Bobinette.Ader@yopmail.com;1957-05-18
1384;Madelle;Romelda;Madelle.Romelda@yopmail.com;1920-05-30
1385;Orsola;Garek;Orsola.Garek@yopmail.com;1962-02-07
1386;Tina;Brady;Tina.Brady@yopmail.com;1900-07-13
1387;Sandie;Madelene;Sandie.Madelene@yopmail.com;1951-11-22
1388;Brena;Elo;Brena.Elo@yopmail.com;1935-02-12
1389;Kylynn;Travax;Kylynn.Travax@yopmail.com;2011-04-08
1390;Britte;Dreda;Britte.Dreda@yopmail.com;1980-11-22
1391;Zondra;Trace;Zondra.Trace@yopmail.com;2005-08-21
1392;Bernie;Rosette;Bernie.Rosette@yopmail.com;2000-12-15
1393;Kimberley;Vharat;Kimberley.Vharat@yopmail.com;1927-10-26
1394;Sonni;Santoro;Sonni.Santoro@yopmail.com;1943-06-26
1395;Gui;Pip;Gui.Pip@yopmail.com;2013-01-02
1396;Lorenza;Jefferey;Lorenza.Jefferey@yopmail.com;1903-07-16
1397;Gloria;Reinke;Gloria.Reinke@yopmail.com;1968-03-10
1398;Mallory;Heidt;Mallory.Heidt@yopmail.com;1995-02-13
1399;Stacey;Stevy;Stacey.Stevy@yopmail.com;1961-07-26
1400;Janenna;Jethro;Janenna.Jethro@yopmail.com;1901-09-08
1401;Peri;Bohlin;Peri.Bohlin@yopmail.com;2018-08-25
1402;Lolita;Kiyoshi;Lolita.Kiyoshi@yopmail.com;1959-08-26
1403;Leeanne;Stuart;Leeanne.Stuart@yopmail.com;1949-03-03
1404;Alejandra;Stelle;Alejandra.Stelle@yopmail.com;1997-07-25
1405;Vita;Viddah;Vita.Viddah@yopmail.com;2017-06-23
1406;Flo;Palocz;Flo.Palocz@yopmail.com;2006-05-21
1407;Margette;MacIntosh;Margette.MacIntosh@yopmail.com;1904-10-13
1408;Marti;Uird;Marti.Uird@yopmail.com;1917-05-30
1409;Agnese;Liva;Agnese.Liva@yopmail.com;1928-09-26
1410;Pamella;O'Rourke;Pamella.O'Rourke@yopmail.com;1930-09-30
1411;Marika;Roxanna;Marika.Roxanna@yopmail.com;2005-03-05
1412;Bobbi;Chesna;Bobbi.Chesna@yopmail.com;1974-03-11
1413;Alyssa;Ulphia;Alyssa.Ulphia@yopmail.com;1971-11-03
1414;Katuscha;Alrich;Katuscha.Alrich@yopmail.com;1941-03-13
1415;Karlee;Jammal;Karlee.Jammal@yopmail.com;2015-01-11
1416;Lenna;Timon;Lenna.Timon@yopmail.com;1926-02-17
1417;Agathe;Danby;Agathe.Danby@yopmail.com;2014-08-14
1418;Laurene;Granoff;Laurene.Granoff@yopmail.com;2002-01-17
1419;Janeczka;Gordon;Janeczka.Gordon@yopmail.com;1933-11-19
1420;Aigneis;Valoniah;Aigneis.Valoniah@yopmail.com;1967-10-31
1421;Silvana;Jethro;Silvana.Jethro@yopmail.com;1992-08-09
1422;Linzy;Cecile;Linzy.Cecile@yopmail.com;1928-04-08
1423;Valera;Medrek;Valera.Medrek@yopmail.com;1980-02-10
1424;Anica;Paine;Anica.Paine@yopmail.com;1960-10-10
1425;Daryl;Alarise;Daryl.Alarise@yopmail.com;1944-09-10
1426;Sybille;Kesley;Sybille.Kesley@yopmail.com;2008-12-07
1427;Rori;My;Rori.My@yopmail.com;1996-03-14
1428;Ivett;Maples;Ivett.Maples@yopmail.com;1959-05-21
1429;Merle;Abbot;Merle.Abbot@yopmail.com;1906-01-04
1430;Latisha;Hepsibah;Latisha.Hepsibah@yopmail.com;2008-12-13
1431;Shirlee;Euridice;Shirlee.Euridice@yopmail.com;1919-02-15
1432;Jean;Loeb;Jean.Loeb@yopmail.com;2016-08-28
1433;Mady;Gower;Mady.Gower@yopmail.com;1924-09-12
1434;Kaia;Fillbert;Kaia.Fillbert@yopmail.com;1917-03-18
1435;Mireielle;Sholley;Mireielle.Sholley@yopmail.com;2013-05-05
1436;Cissiee;Thomasina;Cissiee.Thomasina@yopmail.com;1923-05-01
1437;Renae;Erlandson;Renae.Erlandson@yopmail.com;1925-05-17
1438;Constance;Berl;Constance.Berl@yopmail.com;2011-01-03
1439;Lynnea;Keelia;Lynnea.Keelia@yopmail.com;1990-06-03
1440;Anestassia;Gunn;Anestassia.Gunn@yopmail.com;1995-09-09
1441;Charlena;Wattenberg;Charlena.Wattenberg@yopmail.com;1914-11-22
1442;Ursulina;Rad;Ursulina.Rad@yopmail.com;2004-11-12
1443;Jeanna;Glovsky;Jeanna.Glovsky@yopmail.com;1922-09-18
1444;Shannah;Hashim;Shannah.Hashim@yopmail.com;1978-06-05
1445;Sarette;Seumas;Sarette.Seumas@yopmail.com;1972-08-20
1446;Blondelle;Kirbee;Blondelle.Kirbee@yopmail.com;1966-03-07
1447;Gwyneth;Seessel;Gwyneth.Seessel@yopmail.com;1982-03-28
1448;Lindie;Dex;Lindie.Dex@yopmail.com;1953-08-30
1449;Angela;Lubin;Angela.Lubin@yopmail.com;1916-08-09
1450;Tamqrah;Alarise;Tamqrah.Alarise@yopmail.com;1931-04-04
1451;Melina;Nickola;Melina.Nickola@yopmail.com;1978-10-01
1452;Kenna;Avi;Kenna.Avi@yopmail.com;1989-05-26
1453;Bibby;Leopold;Bibby.Leopold@yopmail.com;1986-12-18
1454;Melanie;Natalia;Melanie.Natalia@yopmail.com;1906-03-11
1455;Nanete;Ehrman;Nanete.Ehrman@yopmail.com;1990-12-29
1456;Ronna;Modie;Ronna.Modie@yopmail.com;1949-06-05
1457;Jaime;Amadas;Jaime.Amadas@yopmail.com;1990-12-27
1458;Claudina;Jethro;Claudina.Jethro@yopmail.com;1907-07-27
1459;Kristina;Kress;Kristina.Kress@yopmail.com;1998-06-11
1460;Beth;Mintz;Beth.Mintz@yopmail.com;2017-05-15
1461;Coral;Taam;Coral.Taam@yopmail.com;2004-02-01
1462;Angelique;Ader;Angelique.Ader@yopmail.com;1924-07-25
1463;Kathi;Killigrew;Kathi.Killigrew@yopmail.com;1982-04-12
1464;Penelopa;Stanwood;Penelopa.Stanwood@yopmail.com;1974-02-23
1465;Laure;Lutero;Laure.Lutero@yopmail.com;1913-03-01
1466;Stevana;Sheng;Stevana.Sheng@yopmail.com;2009-05-01
1467;Layla;Kunin;Layla.Kunin@yopmail.com;2003-10-25
1468;Maurene;Catie;Maurene.Catie@yopmail.com;1909-05-19
1469;Laurene;Verger;Laurene.Verger@yopmail.com;1952-06-23
1470;Raquela;Middleton;Raquela.Middleton@yopmail.com;1930-08-18
1471;Tamqrah;Bevin;Tamqrah.Bevin@yopmail.com;1909-07-09
1472;Tabbatha;Manolo;Tabbatha.Manolo@yopmail.com;1923-07-05
1473;Netty;Japeth;Netty.Japeth@yopmail.com;2011-01-08
1474;Ardeen;Tiffa;Ardeen.Tiffa@yopmail.com;2003-09-21
1475;Leona;Raffo;Leona.Raffo@yopmail.com;1988-12-21
1476;Maridel;Fax;Maridel.Fax@yopmail.com;1923-04-20
1477;Danny;Valerio;Danny.Valerio@yopmail.com;1938-08-28
1478;Mahalia;Kermit;Mahalia.Kermit@yopmail.com;1934-10-20
1479;Lonnie;Kermit;Lonnie.Kermit@yopmail.com;1978-09-28
1480;Ilse;Modie;Ilse.Modie@yopmail.com;1953-04-29
1481;Patricia;Nickola;Patricia.Nickola@yopmail.com;1917-12-02
1482;Marnia;Kenney;Marnia.Kenney@yopmail.com;1928-11-21
1483;Lulita;Jobi;Lulita.Jobi@yopmail.com;1999-07-23
1484;Hildegaard;Vins;Hildegaard.Vins@yopmail.com;1909-07-13
1485;Jemie;Koziara;Jemie.Koziara@yopmail.com;1912-12-21
1486;Mady;Stelle;Mady.Stelle@yopmail.com;1940-02-17
1487;Jinny;Peg;Jinny.Peg@yopmail.com;2015-03-29
1488;Roberta;Hunfredo;Roberta.Hunfredo@yopmail.com;2013-03-22
1489;Rayna;Torray;Rayna.Torray@yopmail.com;1958-06-16
1490;Harrietta;Halla;Harrietta.Halla@yopmail.com;2008-04-16
1491;Mathilda;Bonilla;Mathilda.Bonilla@yopmail.com;1934-09-12
1492;Quintina;Radu;Quintina.Radu@yopmail.com;1923-01-06
1493;Cristabel;Nelsen;Cristabel.Nelsen@yopmail.com;1940-03-06
1494;Tybie;Stover;Tybie.Stover@yopmail.com;1992-05-01
1495;Britte;Agle;Britte.Agle@yopmail.com;2011-04-26
1496;Anthia;Hanleigh;Anthia.Hanleigh@yopmail.com;1928-08-22
1497;Tina;Toni;Tina.Toni@yopmail.com;1913-01-23
1498;Lusa;Sheedy;Lusa.Sheedy@yopmail.com;1992-09-07
1499;Dione;Lipson;Dione.Lipson@yopmail.com;1923-11-06
1500;Lucille;Lea;Lucille.Lea@yopmail.com;1974-07-23
1501;Audrie;Loleta;Audrie.Loleta@yopmail.com;1921-03-09
1502;Damaris;Ade;Damaris.Ade@yopmail.com;1927-08-11
1503;Margette;Brady;Margette.Brady@yopmail.com;1964-02-08
1504;Mamie;Ciapas;Mamie.Ciapas@yopmail.com;1980-05-23
1505;Lucille;Colyer;Lucille.Colyer@yopmail.com;2012-04-23
1506;Talya;Isacco;Talya.Isacco@yopmail.com;1904-03-14
1507;Jenilee;Vary;Jenilee.Vary@yopmail.com;1989-10-06
1508;Alejandra;Nerita;Alejandra.Nerita@yopmail.com;2004-09-18
1509;Averyl;Maroney;Averyl.Maroney@yopmail.com;1957-07-24
1510;Emma;LaRue;Emma.LaRue@yopmail.com;2004-05-14
1511;Stevana;Creamer;Stevana.Creamer@yopmail.com;1904-06-04
1512;Karena;Jobi;Karena.Jobi@yopmail.com;1912-02-13
1513;Desirae;O'Rourke;Desirae.O'Rourke@yopmail.com;1956-08-19
1514;Chrystel;Lubin;Chrystel.Lubin@yopmail.com;1993-02-17
1515;Edee;Kalinda;Edee.Kalinda@yopmail.com;2012-01-09
1516;Charlena;Niles;Charlena.Niles@yopmail.com;1969-07-29
1517;Liana;Romelda;Liana.Romelda@yopmail.com;1914-10-03
1518;Kore;Allys;Kore.Allys@yopmail.com;1973-09-05
1519;Harrietta;Brady;Harrietta.Brady@yopmail.com;1915-01-22
1520;Sara-Ann;Ummersen;Sara-Ann.Ummersen@yopmail.com;1940-03-19
1521;Marita;Kannry;Marita.Kannry@yopmail.com;1998-05-20
1522;Sybille;Rustice;Sybille.Rustice@yopmail.com;2007-05-16
1523;Emilia;Medrek;Emilia.Medrek@yopmail.com;1931-01-27
1524;Keelia;Wind;Keelia.Wind@yopmail.com;2007-07-01
1525;Marcy;Iaverne;Marcy.Iaverne@yopmail.com;1932-09-03
1526;Dorothy;Schenck;Dorothy.Schenck@yopmail.com;1923-03-04
1527;Kary;Miru;Kary.Miru@yopmail.com;1908-06-16
1528;Jessamyn;Claudine;Jessamyn.Claudine@yopmail.com;1926-09-27
1529;Agathe;Richers;Agathe.Richers@yopmail.com;1989-11-30
1530;Gwenneth;An;Gwenneth.An@yopmail.com;1948-04-04
1531;Joceline;Adamsen;Joceline.Adamsen@yopmail.com;1971-04-18
1532;Britte;Catie;Britte.Catie@yopmail.com;1995-09-23
1533;Chere;Malanie;Chere.Malanie@yopmail.com;1958-05-23
1534;Dyann;Mehalek;Dyann.Mehalek@yopmail.com;1942-03-10
1535;Jinny;Lewes;Jinny.Lewes@yopmail.com;2018-11-25
1536;Emelina;Grosz;Emelina.Grosz@yopmail.com;1912-08-06
1537;Eve;Koehler;Eve.Koehler@yopmail.com;2011-05-06
1538;Meghann;Lenny;Meghann.Lenny@yopmail.com;1935-02-04
1539;Teriann;Wyn;Teriann.Wyn@yopmail.com;1910-12-10
1540;Valera;Markman;Valera.Markman@yopmail.com;1974-11-01
1541;Minne;Valoniah;Minne.Valoniah@yopmail.com;1945-10-20
1542;Karolina;Devlen;Karolina.Devlen@yopmail.com;1914-08-17
1543;Etta;Anderea;Etta.Anderea@yopmail.com;1921-10-21
1544;Sidoney;Minetta;Sidoney.Minetta@yopmail.com;1937-12-21
1545;Cacilie;Rheingold;Cacilie.Rheingold@yopmail.com;2015-09-26
1546;Marjie;Heidt;Marjie.Heidt@yopmail.com;1900-10-14
1547;Kathy;Old;Kathy.Old@yopmail.com;1931-07-14
1548;Augustine;Tremayne;Augustine.Tremayne@yopmail.com;2010-08-01
1549;Meriel;Zaslow;Meriel.Zaslow@yopmail.com;1909-03-26
1550;Codie;Teryn;Codie.Teryn@yopmail.com;1931-11-14
1551;Nicoli;Kermit;Nicoli.Kermit@yopmail.com;1931-06-18
1552;Gui;Ball;Gui.Ball@yopmail.com;2012-02-08
1553;Gilda;Lattie;Gilda.Lattie@yopmail.com;2015-12-09
1554;Berget;Vharat;Berget.Vharat@yopmail.com;1984-10-03
1555;Elbertina;Robertson;Elbertina.Robertson@yopmail.com;1995-06-27
1556;Valeda;Loring;Valeda.Loring@yopmail.com;1965-11-04
1557;Layla;Cleavland;Layla.Cleavland@yopmail.com;1973-05-09
1558;Rosaline;Wilona;Rosaline.Wilona@yopmail.com;1937-07-27
1559;Willetta;Kimmie;Willetta.Kimmie@yopmail.com;1960-04-03
1560;Lulita;Lalitta;Lulita.Lalitta@yopmail.com;2019-06-20
1561;Talya;August;Talya.August@yopmail.com;1925-02-14
1562;Edee;Boycey;Edee.Boycey@yopmail.com;1969-03-26
1563;Addia;Therine;Addia.Therine@yopmail.com;2018-07-25
1564;Consuela;Peonir;Consuela.Peonir@yopmail.com;1955-05-03
1565;Diena;Faro;Diena.Faro@yopmail.com;1935-04-10
1566;Nannie;Frodi;Nannie.Frodi@yopmail.com;1930-08-24
1567;Lauryn;Stephie;Lauryn.Stephie@yopmail.com;1972-04-19
1568;Marita;Bibi;Marita.Bibi@yopmail.com;2018-04-09
1569;Cordi;Dex;Cordi.Dex@yopmail.com;1952-10-18
1570;Max;Verger;Max.Verger@yopmail.com;1955-05-20
1571;Aurore;Dominy;Aurore.Dominy@yopmail.com;1940-06-18
1572;Correy;Afton;Correy.Afton@yopmail.com;1916-11-18
1573;Asia;Melan;Asia.Melan@yopmail.com;1955-11-25
1574;Courtnay;Capello;Courtnay.Capello@yopmail.com;1909-12-02
1575;Cathyleen;Truc;Cathyleen.Truc@yopmail.com;1912-11-03
1576;Perry;Destinee;Perry.Destinee@yopmail.com;1912-10-22
1577;Dominga;Bevin;Dominga.Bevin@yopmail.com;2000-03-28
1578;Silvana;Ledah;Silvana.Ledah@yopmail.com;1908-06-19
1579;Alex;Audly;Alex.Audly@yopmail.com;1968-12-11
1580;Jean;Gilbertson;Jean.Gilbertson@yopmail.com;1945-08-13
1581;Roslyn;Pond;Roslyn.Pond@yopmail.com;1955-04-05
1582;Adelle;Jess;Adelle.Jess@yopmail.com;1936-01-02
1583;Hildegaard;Sundin;Hildegaard.Sundin@yopmail.com;1918-05-26
1584;Tierney;Ries;Tierney.Ries@yopmail.com;1928-08-01
1585;Amii;Laurianne;Amii.Laurianne@yopmail.com;1987-07-26
1586;Annabela;Weitman;Annabela.Weitman@yopmail.com;1929-11-21
1587;Philis;Lea;Philis.Lea@yopmail.com;1925-12-25
1588;Fidelia;Desai;Fidelia.Desai@yopmail.com;1909-11-07
1589;Deloria;Jehu;Deloria.Jehu@yopmail.com;1919-01-27
1590;Tiffie;Magdalen;Tiffie.Magdalen@yopmail.com;2004-12-05
1591;Allyce;Urias;Allyce.Urias@yopmail.com;1979-07-15
1592;Lonnie;Fiann;Lonnie.Fiann@yopmail.com;1917-11-30
1593;Lyssa;Kamaria;Lyssa.Kamaria@yopmail.com;1908-08-19
1594;Carmela;Rocray;Carmela.Rocray@yopmail.com;1974-10-01
1595;Lita;Ashok;Lita.Ashok@yopmail.com;1918-06-04
1596;Tiffie;Mendez;Tiffie.Mendez@yopmail.com;1945-03-18
1597;Tani;Thilda;Tani.Thilda@yopmail.com;2010-05-01
1598;Nicoli;Brian;Nicoli.Brian@yopmail.com;1909-03-04
1599;Linet;Kress;Linet.Kress@yopmail.com;2003-06-30
1600;Nadine;Dash;Nadine.Dash@yopmail.com;1926-03-01
1601;Mureil;Braun;Mureil.Braun@yopmail.com;1959-09-21
1602;Aeriela;Azeria;Aeriela.Azeria@yopmail.com;1919-04-03
1603;Pamella;Travax;Pamella.Travax@yopmail.com;1992-11-22
1604;Georgetta;Heisel;Georgetta.Heisel@yopmail.com;1923-03-21
1605;Linet;Lilybelle;Linet.Lilybelle@yopmail.com;1980-11-07
1606;Babita;Durware;Babita.Durware@yopmail.com;1947-11-20
1607;Nicoli;Hortensia;Nicoli.Hortensia@yopmail.com;1982-01-20
1608;Emilia;Fulmer;Emilia.Fulmer@yopmail.com;2011-07-09
1609;Jean;Remmer;Jean.Remmer@yopmail.com;1982-06-17
1610;Joleen;Remmer;Joleen.Remmer@yopmail.com;1936-08-04
1611;Beverley;Cullin;Beverley.Cullin@yopmail.com;1921-07-11
1612;Zaria;Persse;Zaria.Persse@yopmail.com;1978-01-12
1613;Tressa;Pernick;Tressa.Pernick@yopmail.com;1954-12-22
1614;Gwenneth;Kevon;Gwenneth.Kevon@yopmail.com;1944-10-14
1615;Robinia;Phi;Robinia.Phi@yopmail.com;1933-03-08
1616;Gertrud;Grosz;Gertrud.Grosz@yopmail.com;1956-11-29
1617;Layla;Eugenia;Layla.Eugenia@yopmail.com;1996-11-08
1618;Kathi;Hieronymus;Kathi.Hieronymus@yopmail.com;1947-10-27
1619;Vonny;Gaspard;Vonny.Gaspard@yopmail.com;1981-01-16
1620;Rori;Brackely;Rori.Brackely@yopmail.com;1938-08-31
1621;Gaylene;Colleen;Gaylene.Colleen@yopmail.com;1991-12-25
1622;Carree;LaRue;Carree.LaRue@yopmail.com;1988-04-02
1623;Merle;Graig;Merle.Graig@yopmail.com;1997-12-05
1624;Odessa;Masao;Odessa.Masao@yopmail.com;1982-01-06
1625;Myrtice;Shaddock;Myrtice.Shaddock@yopmail.com;1915-05-25
1626;Elvira;Aprile;Elvira.Aprile@yopmail.com;1997-09-04
1627;Ekaterina;Delacourt;Ekaterina.Delacourt@yopmail.com;1974-01-13
1628;Andeee;Guthrie;Andeee.Guthrie@yopmail.com;1989-01-29
1629;Alex;Rese;Alex.Rese@yopmail.com;1919-02-09
1630;Therine;Herrera;Therine.Herrera@yopmail.com;1990-02-10
1631;Janis;Brittani;Janis.Brittani@yopmail.com;1959-09-30
1632;Kylynn;O'Neill;Kylynn.O'Neill@yopmail.com;2001-05-26
1633;Sindee;Ventre;Sindee.Ventre@yopmail.com;1924-10-03
1634;Calla;Shanley;Calla.Shanley@yopmail.com;1911-03-17
1635;Nessie;Libna;Nessie.Libna@yopmail.com;1963-09-29
1636;Marita;Orelee;Marita.Orelee@yopmail.com;1969-12-11
1637;Sam;Rooney;Sam.Rooney@yopmail.com;1987-01-22
1638;Alleen;Monaco;Alleen.Monaco@yopmail.com;1955-03-07
1639;Henriette;Buckler;Henriette.Buckler@yopmail.com;1915-10-23
1640;Petronia;Olympium;Petronia.Olympium@yopmail.com;1976-11-14
1641;Mireielle;Jethro;Mireielle.Jethro@yopmail.com;1998-11-14
1642;Celestyna;Niles;Celestyna.Niles@yopmail.com;1912-03-03
1643;Vevay;Gordon;Vevay.Gordon@yopmail.com;1944-11-07
1644;Cordi;Earlie;Cordi.Earlie@yopmail.com;1995-06-09
1645;Danny;Meter;Danny.Meter@yopmail.com;1904-10-19
1646;Mellicent;Malina;Mellicent.Malina@yopmail.com;1935-03-30
1647;Alie;Duwalt;Alie.Duwalt@yopmail.com;1986-03-14
1648;Amara;Cyrie;Amara.Cyrie@yopmail.com;1944-04-23
1649;Norine;Euridice;Norine.Euridice@yopmail.com;1946-03-15
1650;Ashlee;Lytton;Ashlee.Lytton@yopmail.com;1933-09-17
1651;Carly;Louanna;Carly.Louanna@yopmail.com;2015-08-22
1652;Myriam;Berne;Myriam.Berne@yopmail.com;1961-06-19
1653;Kate;Carvey;Kate.Carvey@yopmail.com;2000-07-27
1654;Kristan;Francene;Kristan.Francene@yopmail.com;1981-08-30
1655;Carmencita;Hieronymus;Carmencita.Hieronymus@yopmail.com;2010-04-20
1656;Merrie;Fax;Merrie.Fax@yopmail.com;1966-02-23
1657;Brana;Dorcy;Brana.Dorcy@yopmail.com;1986-01-04
1658;Ulrike;Reneta;Ulrike.Reneta@yopmail.com;2014-01-07
1659;Minne;Karna;Minne.Karna@yopmail.com;1955-06-14
1660;Lexine;Yorick;Lexine.Yorick@yopmail.com;2012-04-07
1661;Donnie;Alexandr;Donnie.Alexandr@yopmail.com;1955-08-10
1662;Lacie;Damarra;Lacie.Damarra@yopmail.com;1971-12-20
1663;Starla;Camden;Starla.Camden@yopmail.com;1941-04-22
1664;Ketti;Honoria;Ketti.Honoria@yopmail.com;2003-03-14
1665;Andeee;Parette;Andeee.Parette@yopmail.com;1962-08-23
1666;Candy;Cordi;Candy.Cordi@yopmail.com;1904-07-21
1667;Carlie;Allina;Carlie.Allina@yopmail.com;1951-09-04
1668;Barbara;Urania;Barbara.Urania@yopmail.com;1950-12-04
1669;Jasmina;Even;Jasmina.Even@yopmail.com;1963-08-17
1670;Dede;Gunn;Dede.Gunn@yopmail.com;1909-04-24
1671;Daphne;Burch;Daphne.Burch@yopmail.com;1967-05-26
1672;Aurore;Hailee;Aurore.Hailee@yopmail.com;1931-01-05
1673;Allyce;Korey;Allyce.Korey@yopmail.com;1967-05-26
1674;Eve;Carolin;Eve.Carolin@yopmail.com;1996-04-24
1675;Sherrie;Tacye;Sherrie.Tacye@yopmail.com;1988-03-14
1676;Hope;Hewitt;Hope.Hewitt@yopmail.com;1953-11-26
1677;Emma;Allare;Emma.Allare@yopmail.com;1957-04-21
1678;Alleen;Waite;Alleen.Waite@yopmail.com;1984-06-16
1679;Tiffie;Hilbert;Tiffie.Hilbert@yopmail.com;2006-08-31
1680;Giustina;Gahl;Giustina.Gahl@yopmail.com;1946-05-02
1681;Janeczka;Lea;Janeczka.Lea@yopmail.com;2009-10-18
1682;Joeann;Paton;Joeann.Paton@yopmail.com;1938-04-17
1683;Shaylyn;Harned;Shaylyn.Harned@yopmail.com;2008-06-03
1684;Arabel;Lail;Arabel.Lail@yopmail.com;2009-01-16
1685;Kassey;Schalles;Kassey.Schalles@yopmail.com;1910-12-28
1686;Gisela;Joseph;Gisela.Joseph@yopmail.com;1944-04-27
1687;Nelle;Wilona;Nelle.Wilona@yopmail.com;1922-11-05
1688;Nollie;Beniamino;Nollie.Beniamino@yopmail.com;1913-11-22
1689;Maisey;Turne;Maisey.Turne@yopmail.com;1901-05-01
1690;Pollyanna;Lalitta;Pollyanna.Lalitta@yopmail.com;1967-06-11
1691;Lucy;Winnick;Lucy.Winnick@yopmail.com;1998-01-19
1692;Sean;Stav;Sean.Stav@yopmail.com;1910-09-03
1693;Vinita;Persse;Vinita.Persse@yopmail.com;1924-11-05
1694;Jinny;Gaspard;Jinny.Gaspard@yopmail.com;1936-11-16
1695;Yetty;Bates;Yetty.Bates@yopmail.com;1957-09-30
1696;Tiffie;Connelly;Tiffie.Connelly@yopmail.com;2006-11-05
1697;Hope;Allina;Hope.Allina@yopmail.com;1926-08-24
1698;Maye;Desai;Maye.Desai@yopmail.com;1929-11-26
1699;Audrie;Florina;Audrie.Florina@yopmail.com;1962-09-30
1700;Sean;Kolnick;Sean.Kolnick@yopmail.com;1981-12-03
1701;Annora;Ball;Annora.Ball@yopmail.com;2005-03-12
1702;Shirlee;Even;Shirlee.Even@yopmail.com;1945-11-06
1703;Cherrita;Paine;Cherrita.Paine@yopmail.com;1949-01-18
1704;Nollie;Karl;Nollie.Karl@yopmail.com;1924-09-12
1705;Cathyleen;Emerson;Cathyleen.Emerson@yopmail.com;1967-02-28
1706;Emma;Lucienne;Emma.Lucienne@yopmail.com;1968-09-04
1707;Sybille;Jillane;Sybille.Jillane@yopmail.com;1960-06-16
1708;Dacia;Eachern;Dacia.Eachern@yopmail.com;1997-10-24
1709;Danika;Alwin;Danika.Alwin@yopmail.com;1967-03-06
1710;Deirdre;Durante;Deirdre.Durante@yopmail.com;1923-12-20
1711;Melisent;Raul;Melisent.Raul@yopmail.com;1975-12-11
1712;Cherrita;Irmine;Cherrita.Irmine@yopmail.com;1972-05-31
1713;Caryl;Lauraine;Caryl.Lauraine@yopmail.com;1952-04-28
1714;Gianina;Eno;Gianina.Eno@yopmail.com;1945-05-29
1715;Imojean;Ambrosia;Imojean.Ambrosia@yopmail.com;1908-12-07
1716;Helena;Ethban;Helena.Ethban@yopmail.com;1985-07-04
1717;Brynna;Sprage;Brynna.Sprage@yopmail.com;1949-09-19
1718;Almeta;Lamoree;Almeta.Lamoree@yopmail.com;1984-10-20
1719;Drucie;Alfons;Drucie.Alfons@yopmail.com;1983-09-04
1720;Emilia;Fredi;Emilia.Fredi@yopmail.com;1980-10-24
1721;Cecile;Drisko;Cecile.Drisko@yopmail.com;1967-07-15
1722;Corry;Kathie;Corry.Kathie@yopmail.com;1942-06-25
1723;Annora;Elo;Annora.Elo@yopmail.com;1996-11-14
1724;Malina;Toor;Malina.Toor@yopmail.com;1918-06-17
1725;Karlee;Anyah;Karlee.Anyah@yopmail.com;1914-12-28
1726;Petronia;Howlyn;Petronia.Howlyn@yopmail.com;1967-04-21
1727;Pierette;Berriman;Pierette.Berriman@yopmail.com;1990-11-09
1728;Florencia;Harl;Florencia.Harl@yopmail.com;1923-07-29
1729;Emma;Corabella;Emma.Corabella@yopmail.com;1973-09-30
1730;Rosanne;Raseda;Rosanne.Raseda@yopmail.com;1980-05-13
1731;Teddie;Vittoria;Teddie.Vittoria@yopmail.com;2014-07-06
1732;Odessa;Dorine;Odessa.Dorine@yopmail.com;1929-09-10
1733;Meghann;Tamsky;Meghann.Tamsky@yopmail.com;1912-12-29
1734;Dode;Wu;Dode.Wu@yopmail.com;1902-10-06
1735;Oralee;Baptlsta;Oralee.Baptlsta@yopmail.com;1900-07-24
1736;Gavrielle;Taima;Gavrielle.Taima@yopmail.com;1971-09-04
1737;Charlena;Wareing;Charlena.Wareing@yopmail.com;1974-03-11
1738;Magdalena;Bluh;Magdalena.Bluh@yopmail.com;1960-02-13
1739;Aeriela;Konyn;Aeriela.Konyn@yopmail.com;2007-06-01
1740;Farrah;Codding;Farrah.Codding@yopmail.com;1910-05-31
1741;Nickie;Stefa;Nickie.Stefa@yopmail.com;1993-06-12
1742;Jackie;Ahab;Jackie.Ahab@yopmail.com;1995-03-16
1743;Joy;Strephon;Joy.Strephon@yopmail.com;1928-06-04
1744;Marti;Ardra;Marti.Ardra@yopmail.com;2009-08-14
1745;Celene;Levey;Celene.Levey@yopmail.com;1967-11-15
1746;Farrah;Drisko;Farrah.Drisko@yopmail.com;1975-09-07
1747;Joelly;Truc;Joelly.Truc@yopmail.com;1908-11-04
1748;Meghann;Atonsah;Meghann.Atonsah@yopmail.com;1915-03-20
1749;Drucie;Soneson;Drucie.Soneson@yopmail.com;1943-02-14
1750;Romona;Lacombe;Romona.Lacombe@yopmail.com;1970-12-26
1751;Emilia;Loeb;Emilia.Loeb@yopmail.com;1920-03-03
1752;Jessy;Jess;Jessy.Jess@yopmail.com;1964-01-21
1753;Raf;Sparhawk;Raf.Sparhawk@yopmail.com;1970-03-26
1754;Nicoli;Leonard;Nicoli.Leonard@yopmail.com;1976-01-17
1755;Rubie;Drus;Rubie.Drus@yopmail.com;1919-11-08
1756;Frances;Gherardo;Frances.Gherardo@yopmail.com;1948-07-14
1757;Kenna;Torray;Kenna.Torray@yopmail.com;1947-10-03
1758;Claresta;Milson;Claresta.Milson@yopmail.com;1981-04-16
1759;Damaris;Arquit;Damaris.Arquit@yopmail.com;1938-05-04
1760;Regina;Madox;Regina.Madox@yopmail.com;1994-01-28
1761;Zondra;Nester;Zondra.Nester@yopmail.com;1941-04-20
1762;Merrie;Cadmar;Merrie.Cadmar@yopmail.com;1917-12-31
1763;Rosanne;Juliet;Rosanne.Juliet@yopmail.com;1953-01-13
1764;Chloris;Haymes;Chloris.Haymes@yopmail.com;1905-07-13
1765;Bobbi;Revkah;Bobbi.Revkah@yopmail.com;1942-07-15
1766;Jinny;Oneida;Jinny.Oneida@yopmail.com;1959-08-01
1767;Caryl;Elisha;Caryl.Elisha@yopmail.com;1992-11-29
1768;Paola;Burkle;Paola.Burkle@yopmail.com;1901-11-24
1769;Raf;Pettiford;Raf.Pettiford@yopmail.com;1914-02-26
1770;Wileen;Weinreb;Wileen.Weinreb@yopmail.com;1912-06-01
1771;Grier;Evvie;Grier.Evvie@yopmail.com;1981-03-22
1772;Kimmy;Beniamino;Kimmy.Beniamino@yopmail.com;1937-03-17
1773;Mady;Evangelia;Mady.Evangelia@yopmail.com;1900-11-25
1774;Olivette;Rodmann;Olivette.Rodmann@yopmail.com;1985-09-27
1775;Emelina;Teryn;Emelina.Teryn@yopmail.com;2016-04-17
1776;Bill;Krystle;Bill.Krystle@yopmail.com;2011-04-15
1777;Nita;Maples;Nita.Maples@yopmail.com;1901-09-04
1778;Brynna;Percy;Brynna.Percy@yopmail.com;1960-05-16
1779;Sue;Gino;Sue.Gino@yopmail.com;1949-05-15
1780;Fina;Carolin;Fina.Carolin@yopmail.com;1905-12-12
1781;Bertine;Duwalt;Bertine.Duwalt@yopmail.com;1940-08-07
1782;Grier;Docilla;Grier.Docilla@yopmail.com;1974-01-28
1783;Mady;Michella;Mady.Michella@yopmail.com;1945-09-24
1784;Jerry;Aloise;Jerry.Aloise@yopmail.com;1945-09-29
1785;Sindee;Cimbura;Sindee.Cimbura@yopmail.com;1991-08-06
1786;Shirlee;Salchunas;Shirlee.Salchunas@yopmail.com;1990-02-01
1787;Flory;Sancho;Flory.Sancho@yopmail.com;1970-03-24
1788;Bobbi;Tatianas;Bobbi.Tatianas@yopmail.com;2002-09-06
1789;Carmencita;Abbot;Carmencita.Abbot@yopmail.com;1994-10-09
1790;Aryn;Longfellow;Aryn.Longfellow@yopmail.com;1951-06-23
1791;Sam;Autrey;Sam.Autrey@yopmail.com;2016-08-30
1792;Romona;Boycey;Romona.Boycey@yopmail.com;2001-06-19
1793;Loree;Santoro;Loree.Santoro@yopmail.com;2012-12-29
1794;Ricky;Israeli;Ricky.Israeli@yopmail.com;1962-09-17
1795;Maye;Aida;Maye.Aida@yopmail.com;2016-11-10
1796;Shaine;Posner;Shaine.Posner@yopmail.com;1997-03-27
1797;Maridel;Keily;Maridel.Keily@yopmail.com;1990-11-15
1798;Gianina;Lacombe;Gianina.Lacombe@yopmail.com;1985-06-04
1799;Chere;Emmaline;Chere.Emmaline@yopmail.com;1987-02-15
1800;Sandie;Kazimir;Sandie.Kazimir@yopmail.com;1963-08-02
1801;Danika;Karna;Danika.Karna@yopmail.com;2017-01-29
1802;Rubie;Baylor;Rubie.Baylor@yopmail.com;1982-06-04
1803;Blinni;Tippets;Blinni.Tippets@yopmail.com;1930-01-22
1804;Robinia;Desai;Robinia.Desai@yopmail.com;2001-04-12
1805;Maisey;Ilka;Maisey.Ilka@yopmail.com;1904-06-24
1806;Nananne;Armanda;Nananne.Armanda@yopmail.com;1996-02-07
1807;Averyl;MacIntosh;Averyl.MacIntosh@yopmail.com;1984-04-26
1808;Krystle;Phi;Krystle.Phi@yopmail.com;1935-02-24
1809;Bertine;Ethban;Bertine.Ethban@yopmail.com;1944-07-13
1810;Vinita;Seessel;Vinita.Seessel@yopmail.com;1971-11-23
1811;Max;Ummersen;Max.Ummersen@yopmail.com;1950-04-11
1812;Siana;Ciro;Siana.Ciro@yopmail.com;1926-03-04
1813;Chere;Libna;Chere.Libna@yopmail.com;1907-02-10
1814;Emylee;Blisse;Emylee.Blisse@yopmail.com;1957-11-10
1815;Jaime;Clara;Jaime.Clara@yopmail.com;1969-10-28
1816;Grier;Bertold;Grier.Bertold@yopmail.com;1928-01-18
1817;Aili;Llovera;Aili.Llovera@yopmail.com;1974-05-06
1818;Karly;Gavrila;Karly.Gavrila@yopmail.com;1914-02-24
1819;Flory;Gilmour;Flory.Gilmour@yopmail.com;1913-12-07
1820;Barbara;Turne;Barbara.Turne@yopmail.com;1933-02-14
1821;Althea;Poll;Althea.Poll@yopmail.com;1955-07-23
1822;Gavrielle;Ajay;Gavrielle.Ajay@yopmail.com;1915-04-07
1823;Candy;Dash;Candy.Dash@yopmail.com;1947-11-03
1824;Jackie;Pattin;Jackie.Pattin@yopmail.com;1960-09-17
1825;Esmeralda;Allys;Esmeralda.Allys@yopmail.com;1957-10-20
1826;Amara;Calhoun;Amara.Calhoun@yopmail.com;1971-07-20
1827;Lolita;Seumas;Lolita.Seumas@yopmail.com;2011-01-08
1828;Cassondra;Hillel;Cassondra.Hillel@yopmail.com;1985-12-19
1829;Therine;Kalinda;Therine.Kalinda@yopmail.com;1947-12-25
1830;Ileana;Howlyn;Ileana.Howlyn@yopmail.com;1944-10-10
1831;Frances;Poll;Frances.Poll@yopmail.com;1934-04-18
1832;Renae;Alejoa;Renae.Alejoa@yopmail.com;1974-04-01
1833;Jere;Simmonds;Jere.Simmonds@yopmail.com;1939-12-05
1834;Chandra;Wattenberg;Chandra.Wattenberg@yopmail.com;2018-09-02
1835;Aili;Sothena;Aili.Sothena@yopmail.com;1955-05-17
1836;Alexine;Ariella;Alexine.Ariella@yopmail.com;1910-05-28
1837;Sheelagh;Mauer;Sheelagh.Mauer@yopmail.com;1931-05-26
1838;Jessy;Kiyoshi;Jessy.Kiyoshi@yopmail.com;1976-11-02
1839;Riannon;Francyne;Riannon.Francyne@yopmail.com;1968-05-13
1840;Ermengarde;August;Ermengarde.August@yopmail.com;1949-01-24
1841;Joane;Sadowski;Joane.Sadowski@yopmail.com;1970-01-18
1842;Abbie;Toor;Abbie.Toor@yopmail.com;1965-08-01
1843;Noelle;Brandice;Noelle.Brandice@yopmail.com;1931-01-30
1844;Florencia;Malvino;Florencia.Malvino@yopmail.com;1902-12-07
1845;Alex;Holbrook;Alex.Holbrook@yopmail.com;1939-04-30
1846;Renie;Eiser;Renie.Eiser@yopmail.com;1951-01-16
1847;Kerrin;Jacobah;Kerrin.Jacobah@yopmail.com;1999-10-27
1848;Gabi;Fontana;Gabi.Fontana@yopmail.com;1946-02-08
1849;Harmonia;Aurelio;Harmonia.Aurelio@yopmail.com;1939-03-29
1850;Henriette;Weinreb;Henriette.Weinreb@yopmail.com;1959-09-29
1851;Agnese;Wenda;Agnese.Wenda@yopmail.com;1924-11-09
1852;Lulita;Kussell;Lulita.Kussell@yopmail.com;1944-10-04
1853;Alameda;Simmonds;Alameda.Simmonds@yopmail.com;1927-07-16
1854;Henriette;Zeeba;Henriette.Zeeba@yopmail.com;1996-11-14
1855;Marti;Sheedy;Marti.Sheedy@yopmail.com;1923-04-13
1856;Sam;Strephon;Sam.Strephon@yopmail.com;2016-12-28
1857;Marnia;Kenney;Marnia.Kenney@yopmail.com;1965-04-01
1858;Candi;Alabaster;Candi.Alabaster@yopmail.com;1955-07-19
1859;Mireielle;Zrike;Mireielle.Zrike@yopmail.com;1957-11-13
1860;Kelly;Naor;Kelly.Naor@yopmail.com;1980-08-16
1861;Chickie;Florina;Chickie.Florina@yopmail.com;1986-04-07
1862;Ashlee;Bergman;Ashlee.Bergman@yopmail.com;1958-03-10
1863;Ira;Hebner;Ira.Hebner@yopmail.com;1944-01-01
1864;Binny;Herrera;Binny.Herrera@yopmail.com;1906-04-28
1865;Devina;Seagraves;Devina.Seagraves@yopmail.com;2011-03-16
1866;Ida;Evvie;Ida.Evvie@yopmail.com;1951-09-01
1867;Celene;Kellby;Celene.Kellby@yopmail.com;1962-11-17
1868;Ann-Marie;Sallyann;Ann-Marie.Sallyann@yopmail.com;1932-10-26
1869;Laurene;Elbertina;Laurene.Elbertina@yopmail.com;1983-02-24
1870;Daryl;Alejoa;Daryl.Alejoa@yopmail.com;1928-04-13
1871;Gwyneth;Han;Gwyneth.Han@yopmail.com;1919-10-16
1872;Jenilee;Willie;Jenilee.Willie@yopmail.com;2004-12-15
1873;Rivalee;Firmin;Rivalee.Firmin@yopmail.com;1908-03-25
1874;Etta;Colyer;Etta.Colyer@yopmail.com;1957-06-15
1875;Dorice;Gino;Dorice.Gino@yopmail.com;2000-08-07
1876;Theodora;Cimbura;Theodora.Cimbura@yopmail.com;1909-10-22
1877;Leanna;Grosz;Leanna.Grosz@yopmail.com;2015-04-06
1878;Lucille;Salvidor;Lucille.Salvidor@yopmail.com;1948-11-22
1879;Doro;Sprage;Doro.Sprage@yopmail.com;1991-01-06
1880;Pearline;Martguerita;Pearline.Martguerita@yopmail.com;1949-09-04
1881;Steffane;Daniele;Steffane.Daniele@yopmail.com;1995-06-18
1882;Augustine;Peg;Augustine.Peg@yopmail.com;1902-04-07
1883;Gilligan;Bartlett;Gilligan.Bartlett@yopmail.com;1900-05-29
1884;Shandie;Sadowski;Shandie.Sadowski@yopmail.com;1925-07-15
1885;Pierette;Chapland;Pierette.Chapland@yopmail.com;1952-06-08
1886;Tamqrah;Granoff;Tamqrah.Granoff@yopmail.com;1933-10-31
1887;Chastity;Tound;Chastity.Tound@yopmail.com;1952-01-19
1888;Ethel;Delacourt;Ethel.Delacourt@yopmail.com;2006-09-07
1889;Moyna;Chauncey;Moyna.Chauncey@yopmail.com;1915-08-12
1890;Sara-Ann;Madelene;Sara-Ann.Madelene@yopmail.com;2014-03-10
1891;Bobbi;Maisey;Bobbi.Maisey@yopmail.com;1924-01-04
1892;Daphne;Shirberg;Daphne.Shirberg@yopmail.com;2017-12-19
1893;Bobbi;Tillford;Bobbi.Tillford@yopmail.com;2006-02-10
1894;Bertine;Llovera;Bertine.Llovera@yopmail.com;1959-04-11
1895;Frieda;Marijo;Frieda.Marijo@yopmail.com;1978-06-12
1896;Ekaterina;Screens;Ekaterina.Screens@yopmail.com;1914-12-30
1897;Danny;Anselmi;Danny.Anselmi@yopmail.com;1921-06-16
1898;Sindee;Rolf;Sindee.Rolf@yopmail.com;1936-09-02
1899;Ariela;Miru;Ariela.Miru@yopmail.com;1901-01-12
1900;Etta;Narton;Etta.Narton@yopmail.com;1932-06-26
1901;Althea;Schwejda;Althea.Schwejda@yopmail.com;1929-10-21
1902;Dode;Amethist;Dode.Amethist@yopmail.com;1986-05-07
1903;Kathi;Bobbee;Kathi.Bobbee@yopmail.com;1902-12-08
1904;Carilyn;Terrence;Carilyn.Terrence@yopmail.com;2003-08-17
1905;Hannis;Beebe;Hannis.Beebe@yopmail.com;1964-11-09
1906;Demetris;Konyn;Demetris.Konyn@yopmail.com;1968-09-23
1907;Jordan;Morehouse;Jordan.Morehouse@yopmail.com;1948-04-18
1908;Judy;Iaverne;Judy.Iaverne@yopmail.com;1991-03-04
1909;Ayn;Clywd;Ayn.Clywd@yopmail.com;1926-03-23
1910;Carilyn;Huggins;Carilyn.Huggins@yopmail.com;1985-05-10
1911;Emma;Lauraine;Emma.Lauraine@yopmail.com;1999-10-22
1912;Rani;Faso;Rani.Faso@yopmail.com;1976-03-06
1913;Heddie;Bluh;Heddie.Bluh@yopmail.com;1982-03-11
1914;Gianina;Dreda;Gianina.Dreda@yopmail.com;1969-09-02
1915;Ottilie;Pozzy;Ottilie.Pozzy@yopmail.com;1961-03-05
1916;Joeann;Nickola;Joeann.Nickola@yopmail.com;1983-05-23
1917;Tiffie;Freddi;Tiffie.Freddi@yopmail.com;1954-08-11
1918;Eugine;Cloris;Eugine.Cloris@yopmail.com;1975-08-09
1919;Mamie;Atonsah;Mamie.Atonsah@yopmail.com;1933-10-10
1920;Marguerite;Elephus;Marguerite.Elephus@yopmail.com;1920-08-14
1921;Ekaterina;Forrer;Ekaterina.Forrer@yopmail.com;2019-06-09
1922;Kathy;Saint;Kathy.Saint@yopmail.com;1981-05-03
1923;Elyssa;Shuler;Elyssa.Shuler@yopmail.com;2008-10-18
1924;Trudie;Tufts;Trudie.Tufts@yopmail.com;1934-04-13
1925;Madelle;Koziara;Madelle.Koziara@yopmail.com;1965-05-03
1926;Mellicent;Wenda;Mellicent.Wenda@yopmail.com;1927-12-01
1927;Karolina;Infield;Karolina.Infield@yopmail.com;1995-09-17
1928;Dacia;Gregrory;Dacia.Gregrory@yopmail.com;1976-10-03
1929;Caressa;Chaing;Caressa.Chaing@yopmail.com;2007-11-20
1930;Lindie;Harned;Lindie.Harned@yopmail.com;1910-08-18
1931;Darlleen;Hanshaw;Darlleen.Hanshaw@yopmail.com;2013-01-19
1932;Darlleen;Bollay;Darlleen.Bollay@yopmail.com;1914-08-10
1933;Arabel;Gerge;Arabel.Gerge@yopmail.com;1932-06-23
1934;Elie;Montgomery;Elie.Montgomery@yopmail.com;1995-05-05
1935;Augustine;Mitzi;Augustine.Mitzi@yopmail.com;1983-08-09
1936;Carly;Zaslow;Carly.Zaslow@yopmail.com;1936-12-08
1937;Tersina;Shama;Tersina.Shama@yopmail.com;2005-10-18
1938;Cassondra;Malanie;Cassondra.Malanie@yopmail.com;1912-04-06
1939;Carmela;Lemuela;Carmela.Lemuela@yopmail.com;1996-12-23
1940;Carmencita;Fadiman;Carmencita.Fadiman@yopmail.com;1986-10-18
1941;Roseline;Strephon;Roseline.Strephon@yopmail.com;1909-09-02
1942;Gabi;Grobe;Gabi.Grobe@yopmail.com;1939-03-03
1943;Charissa;Edee;Charissa.Edee@yopmail.com;1956-06-11
1944;Latisha;Hewitt;Latisha.Hewitt@yopmail.com;2000-11-23
1945;Barbara;Syd;Barbara.Syd@yopmail.com;1984-06-05
1946;Kylynn;Monaco;Kylynn.Monaco@yopmail.com;1927-02-23
1947;Aurelie;Masao;Aurelie.Masao@yopmail.com;1951-04-28
1948;Flo;Clarissa;Flo.Clarissa@yopmail.com;1991-06-28
1949;Corina;Ajay;Corina.Ajay@yopmail.com;1931-08-21
1950;Arlena;Thornburg;Arlena.Thornburg@yopmail.com;1989-12-11
1951;Selia;Naor;Selia.Naor@yopmail.com;1993-06-30
1952;Jany;Rubie;Jany.Rubie@yopmail.com;1908-11-22
1953;Carolina;Terrence;Carolina.Terrence@yopmail.com;1946-12-12
1954;Renie;Junie;Renie.Junie@yopmail.com;1985-05-04
1955;Alameda;Wooster;Alameda.Wooster@yopmail.com;1998-03-23
1956;Sam;Dunkin;Sam.Dunkin@yopmail.com;1939-07-03
1957;Marcy;Cosenza;Marcy.Cosenza@yopmail.com;1918-05-27
1958;Alyssa;Carri;Alyssa.Carri@yopmail.com;1993-08-30
1959;Elie;Suk;Elie.Suk@yopmail.com;1957-04-21
1960;Lanna;Gusella;Lanna.Gusella@yopmail.com;1978-07-07
1961;Allyce;Briney;Allyce.Briney@yopmail.com;1950-02-25
1962;Rebeca;Tiffa;Rebeca.Tiffa@yopmail.com;1960-05-13
1963;Lorie;Atcliffe;Lorie.Atcliffe@yopmail.com;2018-02-08
1964;Di;Dannye;Di.Dannye@yopmail.com;1939-09-12
1965;Janis;Lattie;Janis.Lattie@yopmail.com;2019-10-29
1966;Margarette;Poll;Margarette.Poll@yopmail.com;1929-06-03
1967;Bobbi;Bibi;Bobbi.Bibi@yopmail.com;1960-12-12
1968;Ann-Marie;Gladstone;Ann-Marie.Gladstone@yopmail.com;1991-02-12
1969;Cindelyn;Shama;Cindelyn.Shama@yopmail.com;1965-01-29
1970;Minne;Taam;Minne.Taam@yopmail.com;1987-01-11
1971;Delilah;Karna;Delilah.Karna@yopmail.com;2000-05-20
1972;Correy;Nance;Correy.Nance@yopmail.com;1934-12-25
1973;Xylina;Santoro;Xylina.Santoro@yopmail.com;1939-10-26
1974;Arabel;Strephon;Arabel.Strephon@yopmail.com;2012-08-12
1975;Carmencita;Gamaliel;Carmencita.Gamaliel@yopmail.com;1974-05-21
1976;Jillayne;Willie;Jillayne.Willie@yopmail.com;1904-08-21
1977;Gale;Hubert;Gale.Hubert@yopmail.com;1980-06-23
1978;Etta;Naor;Etta.Naor@yopmail.com;1984-12-17
1979;Minne;Argus;Minne.Argus@yopmail.com;1948-07-18
1980;Siana;Cutlerr;Siana.Cutlerr@yopmail.com;2012-03-07
1981;Ida;Bouchard;Ida.Bouchard@yopmail.com;1959-05-15
1982;Adelle;Ries;Adelle.Ries@yopmail.com;1952-12-12
1983;Darci;Morehouse;Darci.Morehouse@yopmail.com;2001-11-14
1984;Ricky;Candy;Ricky.Candy@yopmail.com;1999-03-07
1985;Hallie;Schalles;Hallie.Schalles@yopmail.com;1944-07-22
1986;Elie;Gunn;Elie.Gunn@yopmail.com;1984-06-09
1987;Eve;Ophelia;Eve.Ophelia@yopmail.com;2006-07-18
1988;Lila;Bollay;Lila.Bollay@yopmail.com;1915-10-09
1989;Abbie;Niles;Abbie.Niles@yopmail.com;2015-06-02
1990;Karena;Hunfredo;Karena.Hunfredo@yopmail.com;1985-12-13
1991;Benita;Remmer;Benita.Remmer@yopmail.com;1923-10-04
1992;Gusella;Philoo;Gusella.Philoo@yopmail.com;1909-12-31
1993;Lauryn;Fink;Lauryn.Fink@yopmail.com;1950-05-03
1994;Ofilia;Ahab;Ofilia.Ahab@yopmail.com;1959-11-21
1995;Nataline;Dermott;Nataline.Dermott@yopmail.com;1952-10-29
1996;Sherrie;Monaco;Sherrie.Monaco@yopmail.com;1942-11-09
1997;Margette;Gaspard;Margette.Gaspard@yopmail.com;1959-01-10
1998;Joane;Salvidor;Joane.Salvidor@yopmail.com;1995-10-09
1999;Alyssa;Minetta;Alyssa.Minetta@yopmail.com;1992-11-28