id;firstname;lastname;email;Field Name
1000;Joleen;Magdalen;Joleen.Magdalen@yopmail.com;1945-08-21
1001;Jany;Christal;Jany.Christal@yopmail.com;1938-09-24
1002;Atlanta;Grobe;Atlanta.Grobe@yopmail.com;1984-05-10
1003;Modestia;Juliet;Modestia.Juliet@yopmail.com;1914-06-23
1004;Lily;Hylan;Lily.Hylan@yopmail.com;2015-05-19
1005;Ottilie;Lubin;Ottilie.Lubin@yopmail.com;1964-11-09
1006;Rhea;Raama;Rhea.Raama@yopmail.com;1964-08-15
1007;Nonnah;Vacuva;Nonnah.Vacuva@yopmail.com;2014-05-10
1008;Tersina;Nore;Tersina.Nore@yopmail.com;1958-04-03
1009;Robbi;Janene;Robbi.Janene@yopmail.com;1949-01-21
1010;Louella;Juan;Louella.Juan@yopmail.com;1961-07-28
1011;Mariann;Vanni;Mariann.Vanni@yopmail.com;1935-05-20
1012;Alyssa;Therine;Alyssa.Therine@yopmail.com;1977-07-23
1013;Georgina;Sholley;Georgina.Sholley@yopmail.com;1900-07-31
1014;Cissiee;Even;Cissiee.Even@yopmail.com;1949-01-22
1015;Shaylyn;Sikorski;Shaylyn.Sikorski@yopmail.com;1973-01-09
1016;Raquela;Gusella;Raquela.Gusella@yopmail.com;2008-10-09
1017;Jacenta;Zeeba;Jacenta.Zeeba@yopmail.com;1975-03-13
1018;Sarette;Berard;Sarette.Berard@yopmail.com;1924-09-03
1019;Jenda;Phyllis;Jenda.Phyllis@yopmail.com;1991-10-24
1020;Nananne;Chinua;Nananne.Chinua@yopmail.com;1965-04-18
1021;Roberta;Garlinda;Roberta.Garlinda@yopmail.com;1978-12-28
1022;Asia;Palocz;Asia.Palocz@yopmail.com;1978-05-25
1023;Jacenta;Harday;Jacenta.Harday@yopmail.com;1999-12-03
1024;Doralynne;Malina;Doralynne.Malina@yopmail.com;1974-11-14
1025;Alyssa;Velick;Alyssa.Velick@yopmail.com;1915-02-08
1026;Gertrud;Croix;Gertrud.Croix@yopmail.com;1948-11-29
1027;Goldie;Morehouse;Goldie.Morehouse@yopmail.com;1919-04-22
1028;Claresta;Bates;Claresta.Bates@yopmail.com;2007-08-10
1029;Shannah;Braun;Shannah.Braun@yopmail.com;1952-05-20
1030;Shauna;Rheingold;Shauna.Rheingold@yopmail.com;1923-08-25
1031;Glynnis;Earlie;Glynnis.Earlie@yopmail.com;1984-05-19
1032;Gertrud;Magdalen;Gertrud.Magdalen@yopmail.com;1981-03-29
1033;Sallie;Larochelle;Sallie.Larochelle@yopmail.com;2013-09-26
1034;Gianina;Bartlett;Gianina.Bartlett@yopmail.com;1966-05-11
1035;Cristabel;Shields;Cristabel.Shields@yopmail.com;1991-06-21
1036;Merry;Prouty;Merry.Prouty@yopmail.com;1910-07-08
1037;Drucie;Wilkinson;Drucie.Wilkinson@yopmail.com;1903-06-19
1038;Sheelagh;Lenny;Sheelagh.Lenny@yopmail.com;2012-08-04
1039;Johna;Carey;Johna.Carey@yopmail.com;1927-05-19
1040;Christian;Ummersen;Christian.Ummersen@yopmail.com;1989-04-06
1041;Rosanne;Garrison;Rosanne.Garrison@yopmail.com;2006-01-12
1042;Minne;Destinee;Minne.Destinee@yopmail.com;1972-05-22
1043;Stevana;Dimitris;Stevana.Dimitris@yopmail.com;1912-04-28
1044;Paulita;Melleta;Paulita.Melleta@yopmail.com;1965-11-24
1045;Daryl;Aloise;Daryl.Aloise@yopmail.com;2011-04-02
1046;Annice;Fosque;Annice.Fosque@yopmail.com;1926-05-17
1047;Sadie;Gale;Sadie.Gale@yopmail.com;2013-08-09
1048;Elfreda;Girardo;Elfreda.Girardo@yopmail.com;1964-02-14
1049;Nannie;Chick;Nannie.Chick@yopmail.com;2008-10-07
1050;Kayla;Kazimir;Kayla.Kazimir@yopmail.com;1929-10-04
1051;Ellette;Bates;Ellette.Bates@yopmail.com;1923-05-20
1052;Vere;Phi;Vere.Phi@yopmail.com;1997-05-11
1053;Eadie;Darian;Eadie.Darian@yopmail.com;1942-04-11
1054;Violet;Esmaria;Violet.Esmaria@yopmail.com;2009-07-24
1055;Cassandra;Lucienne;Cassandra.Lucienne@yopmail.com;2017-11-11
1056;Nadine;Gaulin;Nadine.Gaulin@yopmail.com;1960-10-29
1057;Rosaline;Mendez;Rosaline.Mendez@yopmail.com;1990-08-30
1058;Cissiee;Desai;Cissiee.Desai@yopmail.com;1996-02-26
1059;Ira;Neils;Ira.Neils@yopmail.com;1913-03-29
1060;Gertrud;Rillings;Gertrud.Rillings@yopmail.com;1936-05-03
1061;Joeann;Wilona;Joeann.Wilona@yopmail.com;1985-07-22
1062;Janis;Sothena;Janis.Sothena@yopmail.com;1914-02-23
1063;Melanie;Infield;Melanie.Infield@yopmail.com;1985-01-28
1064;Celestyna;Izaak;Celestyna.Izaak@yopmail.com;1955-09-25
1065;Kathi;Eckblad;Kathi.Eckblad@yopmail.com;1945-12-31
1066;Drucie;Marlie;Drucie.Marlie@yopmail.com;1903-11-02
1067;Nikki;Tippets;Nikki.Tippets@yopmail.com;1962-12-13
1068;Allis;Darian;Allis.Darian@yopmail.com;1998-04-11
1069;Quintina;Abbot;Quintina.Abbot@yopmail.com;1965-11-22
1070;Myriam;Hathaway;Myriam.Hathaway@yopmail.com;1929-12-31
1071;Gratia;Dimitris;Gratia.Dimitris@yopmail.com;1928-12-12
1072;Kimberley;Trinetta;Kimberley.Trinetta@yopmail.com;1990-10-04
1073;Kelly;Amethist;Kelly.Amethist@yopmail.com;1957-03-21
1074;Winifred;Jacqui;Winifred.Jacqui@yopmail.com;1983-10-06
1075;Corene;Bendick;Corene.Bendick@yopmail.com;1905-11-24
1076;Adriana;Gaulin;Adriana.Gaulin@yopmail.com;1928-08-05
1077;Alyda;Bury;Alyda.Bury@yopmail.com;1968-08-16
1078;Steffane;Afton;Steffane.Afton@yopmail.com;2011-02-19
1079;Yolane;Gale;Yolane.Gale@yopmail.com;1927-12-19
1080;Jean;Gusella;Jean.Gusella@yopmail.com;1944-03-14
1081;Dacia;Regan;Dacia.Regan@yopmail.com;2008-10-31
1082;Tani;Florina;Tani.Florina@yopmail.com;1968-04-21
1083;Celene;August;Celene.August@yopmail.com;2005-07-28
1084;Florie;Dimitris;Florie.Dimitris@yopmail.com;1968-11-29
1085;Rani;Goode;Rani.Goode@yopmail.com;1949-11-24
1086;Brianna;Susannah;Brianna.Susannah@yopmail.com;2015-06-12
1087;Audrie;Vanni;Audrie.Vanni@yopmail.com;2004-12-02
1088;Zondra;Ingra;Zondra.Ingra@yopmail.com;1991-12-21
1089;Nelle;Serilda;Nelle.Serilda@yopmail.com;1978-02-25
1090;Lila;Curren;Lila.Curren@yopmail.com;2017-07-25
1091;Cathie;Wolfgram;Cathie.Wolfgram@yopmail.com;2019-01-23
1092;Suzette;Lay;Suzette.Lay@yopmail.com;1970-03-26
1093;Glynnis;Jagir;Glynnis.Jagir@yopmail.com;1927-09-03
1094;Fred;Justinn;Fred.Justinn@yopmail.com;1969-07-08
1095;Lizzie;Harriman;Lizzie.Harriman@yopmail.com;1933-12-31
1096;Averyl;Ciapas;Averyl.Ciapas@yopmail.com;1963-04-29
1097;Odessa;Wareing;Odessa.Wareing@yopmail.com;1908-06-25
1098;Reeba;Faso;Reeba.Faso@yopmail.com;1934-05-02
1099;Trudie;Milson;Trudie.Milson@yopmail.com;1970-06-07
1100;Amalie;Brenn;Amalie.Brenn@yopmail.com;1914-05-05
1101;Ermengarde;Fontana;Ermengarde.Fontana@yopmail.com;1988-07-26
1102;Max;Stelle;Max.Stelle@yopmail.com;1987-10-28
1103;Queenie;Travax;Queenie.Travax@yopmail.com;1920-12-06
1104;Darlleen;Barney;Darlleen.Barney@yopmail.com;1967-04-02
1105;Amelia;Munn;Amelia.Munn@yopmail.com;1955-12-04
1106;Loree;Thar;Loree.Thar@yopmail.com;1908-06-21
1107;Carly;Croix;Carly.Croix@yopmail.com;1943-09-29
1108;Jaclyn;Rudolph;Jaclyn.Rudolph@yopmail.com;2013-12-12
1109;Rochette;Telfer;Rochette.Telfer@yopmail.com;1946-11-17
1110;Lorenza;Nore;Lorenza.Nore@yopmail.com;1966-06-13
1111;Lanna;Henebry;Lanna.Henebry@yopmail.com;1918-11-18
1112;Jany;Longfellow;Jany.Longfellow@yopmail.com;1946-08-21
1113;Melisent;Matthew;Melisent.Matthew@yopmail.com;1973-01-03
1114;Harrietta;Jefferey;Harrietta.Jefferey@yopmail.com;1970-03-17
1115;Paola;Radu;Paola.Radu@yopmail.com;1971-08-23
1116;Berget;Pascia;Berget.Pascia@yopmail.com;1922-11-21
1117;Rozele;Pascia;Rozele.Pascia@yopmail.com;1949-05-30
1118;Ariela;Lory;Ariela.Lory@yopmail.com;1925-09-25
1119;Anica;Dearborn;Anica.Dearborn@yopmail.com;1923-06-10
1120;Ermengarde;Berl;Ermengarde.Berl@yopmail.com;2004-06-26
1121;Pearline;Rhu;Pearline.Rhu@yopmail.com;2000-01-27
1122;Kellen;Margret;Kellen.Margret@yopmail.com;1906-09-28
1123;Flory;Raama;Flory.Raama@yopmail.com;1933-04-26
1124;Veda;Belldas;Veda.Belldas@yopmail.com;1943-01-30
1125;Susette;Lauraine;Susette.Lauraine@yopmail.com;1992-11-08
1126;Winifred;Fulmer;Winifred.Fulmer@yopmail.com;1969-09-07
1127;Imojean;Kamaria;Imojean.Kamaria@yopmail.com;1920-06-28
1128;Karlee;Thunell;Karlee.Thunell@yopmail.com;1936-03-24
1129;Tybie;Aurelio;Tybie.Aurelio@yopmail.com;1908-10-08
1130;Rhea;Anestassia;Rhea.Anestassia@yopmail.com;1922-03-20
1131;Dennie;Cordi;Dennie.Cordi@yopmail.com;1913-12-01
1132;Mildrid;Tiffa;Mildrid.Tiffa@yopmail.com;2008-04-13
1133;Violet;Cyrie;Violet.Cyrie@yopmail.com;1948-03-25
1134;Fayre;Emerson;Fayre.Emerson@yopmail.com;1960-08-16
1135;Cassandra;Lipson;Cassandra.Lipson@yopmail.com;1945-02-07
1136;Kalina;Pattin;Kalina.Pattin@yopmail.com;1954-12-05
1137;Rozele;Autrey;Rozele.Autrey@yopmail.com;1901-03-01
1138;Florie;Seligman;Florie.Seligman@yopmail.com;2019-06-16
1139;Mildrid;Janene;Mildrid.Janene@yopmail.com;1988-03-13
1140;Kimberley;Wilona;Kimberley.Wilona@yopmail.com;2019-01-10
1141;Merrie;Wiener;Merrie.Wiener@yopmail.com;1949-07-15
1142;Vinita;Anis;Vinita.Anis@yopmail.com;1949-03-08
1143;Christy;Lenny;Christy.Lenny@yopmail.com;1975-01-03
1144;Tracey;Korey;Tracey.Korey@yopmail.com;1924-12-15
1145;Adele;Grayce;Adele.Grayce@yopmail.com;1924-09-04
1146;Fawne;Truc;Fawne.Truc@yopmail.com;1956-01-02
1147;Cristine;Blase;Cristine.Blase@yopmail.com;1937-08-28
1148;Andeee;Ardeha;Andeee.Ardeha@yopmail.com;1911-11-20
1149;Nerta;Toni;Nerta.Toni@yopmail.com;1923-11-04
1150;Thalia;Hermes;Thalia.Hermes@yopmail.com;1933-06-17
1151;Lonnie;Pulsifer;Lonnie.Pulsifer@yopmail.com;1988-08-05
1152;Bernie;Sasnett;Bernie.Sasnett@yopmail.com;1995-03-04
1153;Lexine;Jena;Lexine.Jena@yopmail.com;1932-06-14
1154;Edyth;Corilla;Edyth.Corilla@yopmail.com;1915-05-03
1155;Peri;Fulmer;Peri.Fulmer@yopmail.com;1956-10-25
1156;Catrina;Winnick;Catrina.Winnick@yopmail.com;1979-11-05
1157;Lenna;Arquit;Lenna.Arquit@yopmail.com;1931-10-07
1158;Lusa;Kussell;Lusa.Kussell@yopmail.com;1934-10-27
1159;Kenna;Eliathas;Kenna.Eliathas@yopmail.com;1981-10-20
1160;Rani;Damarra;Rani.Damarra@yopmail.com;1939-04-22
1161;Rosaline;Kolnick;Rosaline.Kolnick@yopmail.com;1943-05-07
1162;Jean;Pauly;Jean.Pauly@yopmail.com;1946-12-07
1163;Evaleen;Land;Evaleen.Land@yopmail.com;1996-02-11
1164;Modestia;Harriman;Modestia.Harriman@yopmail.com;1918-08-04
1165;Rozele;Serilda;Rozele.Serilda@yopmail.com;1960-04-25
1166;Teriann;Erminia;Teriann.Erminia@yopmail.com;2002-03-15
1167;Stephanie;Crudden;Stephanie.Crudden@yopmail.com;2015-02-07
1168;Patricia;Phyllis;Patricia.Phyllis@yopmail.com;1914-08-03
1169;Susette;Stelle;Susette.Stelle@yopmail.com;1939-10-05
1170;Layla;Anderea;Layla.Anderea@yopmail.com;1980-02-16
1171;Antonietta;Henebry;Antonietta.Henebry@yopmail.com;1902-02-07
1172;Leeanne;Maxi;Leeanne.Maxi@yopmail.com;2015-06-03
1173;Dulcinea;Schwejda;Dulcinea.Schwejda@yopmail.com;1968-02-06
1174;Jaime;Tjon;Jaime.Tjon@yopmail.com;1902-09-09
1175;Pamella;Horan;Pamella.Horan@yopmail.com;2016-07-26
1176;Inga;Christal;Inga.Christal@yopmail.com;1938-08-20
1177;Melodie;Penelopa;Melodie.Penelopa@yopmail.com;1933-10-13
1178;Jere;Claudine;Jere.Claudine@yopmail.com;1993-05-21
1179;Corry;Albertine;Corry.Albertine@yopmail.com;1975-02-04
1180;Nelle;Gibbeon;Nelle.Gibbeon@yopmail.com;1999-12-28
1181;Emma;Thomasina;Emma.Thomasina@yopmail.com;1911-09-22
1182;Delilah;Couture;Delilah.Couture@yopmail.com;1998-08-21
1183;Frank;Georgy;Frank.Georgy@yopmail.com;2001-10-10
1184;Anica;Si;Anica.Si@yopmail.com;1925-07-01
1185;Ottilie;Burkle;Ottilie.Burkle@yopmail.com;2008-12-13
1186;Kalina;Harned;Kalina.Harned@yopmail.com;2006-09-26
1187;Cherrita;Ariella;Cherrita.Ariella@yopmail.com;1982-02-24
1188;Marnia;Lowry;Marnia.Lowry@yopmail.com;1943-11-30
1189;Alie;Hathaway;Alie.Hathaway@yopmail.com;1943-07-23
1190;Theodora;Lutero;Theodora.Lutero@yopmail.com;1912-02-13
1191;Janey;Karna;Janey.Karna@yopmail.com;1986-02-28
1192;Janis;Jethro;Janis.Jethro@yopmail.com;1995-02-18
1193;Ayn;Amasa;Ayn.Amasa@yopmail.com;1914-01-12
1194;Rhea;Quent;Rhea.Quent@yopmail.com;1909-01-07
1195;Glynnis;Carbo;Glynnis.Carbo@yopmail.com;1918-03-19
1196;Sharlene;Septima;Sharlene.Septima@yopmail.com;1969-06-03
1197;Catrina;Wittie;Catrina.Wittie@yopmail.com;1910-07-13
1198;Meghann;Othilia;Meghann.Othilia@yopmail.com;1933-03-13
1199;Calla;Gunn;Calla.Gunn@yopmail.com;1992-05-16
1200;Claresta;Travax;Claresta.Travax@yopmail.com;1927-03-26
1201;Ingrid;Rurik;Ingrid.Rurik@yopmail.com;2011-03-25
1202;Ardys;Kunin;Ardys.Kunin@yopmail.com;1923-11-16
1203;Odessa;Blisse;Odessa.Blisse@yopmail.com;1993-06-29
1204;Benita;Francene;Benita.Francene@yopmail.com;1913-11-05
1205;Jennica;Lory;Jennica.Lory@yopmail.com;2007-11-30
1206;Penelopa;Leary;Penelopa.Leary@yopmail.com;1998-11-13
1207;Arlina;Franza;Arlina.Franza@yopmail.com;1906-10-08
1208;Gloria;Lasley;Gloria.Lasley@yopmail.com;1946-07-26
1209;Merci;Ferrell;Merci.Ferrell@yopmail.com;1906-08-01
1210;Lolita;Birdella;Lolita.Birdella@yopmail.com;1933-04-21
1211;Moyna;Stilwell;Moyna.Stilwell@yopmail.com;1965-11-27
1212;Maridel;Land;Maridel.Land@yopmail.com;1976-10-06
1213;Adore;Krystle;Adore.Krystle@yopmail.com;1929-10-22
1214;Jinny;Bergman;Jinny.Bergman@yopmail.com;2010-10-15
1215;Korrie;Mozelle;Korrie.Mozelle@yopmail.com;1926-07-23
1216;Alyssa;Masao;Alyssa.Masao@yopmail.com;1937-06-17
1217;Dyann;Fiester;Dyann.Fiester@yopmail.com;1984-10-05
1218;Grier;Fiann;Grier.Fiann@yopmail.com;1941-02-20
1219;Max;Ciro;Max.Ciro@yopmail.com;1979-07-30
1220;Clementine;Louanna;Clementine.Louanna@yopmail.com;2005-08-23
1221;Ebonee;Gusella;Ebonee.Gusella@yopmail.com;1990-05-04
1222;Sandie;Carleen;Sandie.Carleen@yopmail.com;1978-10-18
1223;Celisse;Grosz;Celisse.Grosz@yopmail.com;1988-03-08
1224;Maridel;Lattie;Maridel.Lattie@yopmail.com;1931-03-27
1225;Minda;Armanda;Minda.Armanda@yopmail.com;2009-10-06
1226;Lyssa;Angelis;Lyssa.Angelis@yopmail.com;1965-02-26
1227;Dacia;Leary;Dacia.Leary@yopmail.com;2012-01-23
1228;Alyssa;Salvidor;Alyssa.Salvidor@yopmail.com;1988-03-20
1229;Melanie;Pernick;Melanie.Pernick@yopmail.com;1942-12-30
1230;Jolyn;Koehler;Jolyn.Koehler@yopmail.com;1903-03-12
1231;Tracey;Martsen;Tracey.Martsen@yopmail.com;1915-08-17
1232;Ardeen;Ioab;Ardeen.Ioab@yopmail.com;2019-10-31
1233;Althea;Sophronia;Althea.Sophronia@yopmail.com;1949-12-26
1234;Paola;Silvan;Paola.Silvan@yopmail.com;1911-11-14
1235;Dorene;Ferino;Dorene.Ferino@yopmail.com;1925-01-22
1236;Consuela;Earlie;Consuela.Earlie@yopmail.com;2014-09-29
1237;Amalie;Lane;Amalie.Lane@yopmail.com;1954-03-01
1238;Bernardine;Raul;Bernardine.Raul@yopmail.com;1950-03-08
1239;Genevra;Gahl;Genevra.Gahl@yopmail.com;1916-05-21
1240;Caryl;Bluh;Caryl.Bluh@yopmail.com;1930-03-30
1241;Evita;Bevin;Evita.Bevin@yopmail.com;1923-04-08
1242;Mariele;Ventre;Mariele.Ventre@yopmail.com;1932-05-16
1243;Beatriz;Schonfeld;Beatriz.Schonfeld@yopmail.com;2005-04-28
1244;Deloria;Ferino;Deloria.Ferino@yopmail.com;1931-08-14
1245;Theodora;Luhe;Theodora.Luhe@yopmail.com;1917-09-24
1246;Sue;Tamsky;Sue.Tamsky@yopmail.com;1968-07-31
1247;Henriette;Allys;Henriette.Allys@yopmail.com;1924-01-02
1248;Abbie;Trey;Abbie.Trey@yopmail.com;1945-09-18
1249;Jemie;Ioab;Jemie.Ioab@yopmail.com;1994-09-20
1250;Hope;Pacorro;Hope.Pacorro@yopmail.com;1924-03-18
1251;Marylou;Arne;Marylou.Arne@yopmail.com;1928-10-30
1252;Aurelie;Roxanna;Aurelie.Roxanna@yopmail.com;1913-12-05
1253;Johna;Weinreb;Johna.Weinreb@yopmail.com;1993-03-03
1254;Kittie;Damarra;Kittie.Damarra@yopmail.com;1972-01-28
1255;Almeta;Liva;Almeta.Liva@yopmail.com;1947-02-16
1256;Emmey;Jerold;Emmey.Jerold@yopmail.com;1956-04-16
1257;Danika;Crudden;Danika.Crudden@yopmail.com;1987-01-13
1258;Krystle;Meli;Krystle.Meli@yopmail.com;1945-07-28
1259;Gabi;Ashok;Gabi.Ashok@yopmail.com;1941-01-04
1260;Di;Myrilla;Di.Myrilla@yopmail.com;1951-04-26
1261;Zondra;Jalbert;Zondra.Jalbert@yopmail.com;1914-04-13
1262;Elbertina;Honoria;Elbertina.Honoria@yopmail.com;1929-10-08
1263;Elmira;Voletta;Elmira.Voletta@yopmail.com;1969-09-09
1264;Allis;Eno;Allis.Eno@yopmail.com;1999-10-19
1265;Brana;Zitvaa;Brana.Zitvaa@yopmail.com;1981-08-14
1266;Alameda;Decato;Alameda.Decato@yopmail.com;1932-06-26
1267;Vonny;Georas;Vonny.Georas@yopmail.com;2004-10-13
1268;Ingrid;O'Carroll;Ingrid.O'Carroll@yopmail.com;1949-08-05
1269;Amii;Stefa;Amii.Stefa@yopmail.com;1923-01-22
1270;Hyacinthe;Tound;Hyacinthe.Tound@yopmail.com;2006-10-11
1271;Fanny;Barrus;Fanny.Barrus@yopmail.com;1941-02-27
1272;Emma;Adrienne;Emma.Adrienne@yopmail.com;1928-03-01
1273;Shirlee;Faria;Shirlee.Faria@yopmail.com;1957-04-28
1274;Christal;Lasley;Christal.Lasley@yopmail.com;1945-06-28
1275;Alejandra;Fancie;Alejandra.Fancie@yopmail.com;1911-11-28
1276;Roz;Cullin;Roz.Cullin@yopmail.com;1986-04-26
1277;Molli;Ricarda;Molli.Ricarda@yopmail.com;1916-10-10
1278;Wanda;Vivle;Wanda.Vivle@yopmail.com;2018-11-16
1279;Evita;Eugenia;Evita.Eugenia@yopmail.com;1918-05-04
1280;Bee;Giff;Bee.Giff@yopmail.com;1916-08-22
1281;Ermengarde;Shanley;Ermengarde.Shanley@yopmail.com;1931-05-16
1282;Randa;Horan;Randa.Horan@yopmail.com;1980-11-16
1283;Fredericka;Hewitt;Fredericka.Hewitt@yopmail.com;1915-06-11
1284;Kittie;Howlyn;Kittie.Howlyn@yopmail.com;2008-03-27
1285;Charlena;Hurley;Charlena.Hurley@yopmail.com;2014-11-02
1286;Ezmeralda;Irmine;Ezmeralda.Irmine@yopmail.com;1970-12-23
1287;Marika;Moseley;Marika.Moseley@yopmail.com;1988-10-18
1288;Asia;Poll;Asia.Poll@yopmail.com;1923-04-29
1289;Zsa Zsa;Harday;Zsa Zsa.Harday@yopmail.com;1917-03-19
1290;Flo;Maurine;Flo.Maurine@yopmail.com;1922-04-25
1291;Drucie;Maiah;Drucie.Maiah@yopmail.com;1969-09-14
1292;Shauna;Bonucci;Shauna.Bonucci@yopmail.com;1969-07-14
1293;Dione;Stav;Dione.Stav@yopmail.com;1957-12-12
1294;Ida;Papageno;Ida.Papageno@yopmail.com;1922-08-17
1295;Nonnah;Zetta;Nonnah.Zetta@yopmail.com;1932-05-30
1296;Catrina;Ummersen;Catrina.Ummersen@yopmail.com;1902-12-24
1297;Annaliese;Hertzfeld;Annaliese.Hertzfeld@yopmail.com;1996-02-10
1298;Gwenneth;Riva;Gwenneth.Riva@yopmail.com;1932-12-20
1299;Sue;Bibi;Sue.Bibi@yopmail.com;1937-09-03
1300;Hyacinthe;Cimbura;Hyacinthe.Cimbura@yopmail.com;1947-02-23
1301;Ericka;August;Ericka.August@yopmail.com;1982-04-22
1302;Nikki;Bakerman;Nikki.Bakerman@yopmail.com;2011-05-30
1303;Elfreda;Ingra;Elfreda.Ingra@yopmail.com;1906-12-05
1304;Chere;Mitzi;Chere.Mitzi@yopmail.com;1951-09-06
1305;Zondra;Sancho;Zondra.Sancho@yopmail.com;1969-07-22
1306;Linet;Beniamino;Linet.Beniamino@yopmail.com;1977-04-02
1307;Alameda;Cleavland;Alameda.Cleavland@yopmail.com;1972-01-19
1308;Jolyn;Gower;Jolyn.Gower@yopmail.com;2005-11-03
1309;Gabriellia;Joeann;Gabriellia.Joeann@yopmail.com;1934-11-28
1310;Laurene;Gavrila;Laurene.Gavrila@yopmail.com;1972-10-22
1311;Bibby;Pandolfi;Bibby.Pandolfi@yopmail.com;1935-10-01
1312;Celisse;Amand;Celisse.Amand@yopmail.com;1973-02-15
1313;Mary;Kolnick;Mary.Kolnick@yopmail.com;1931-04-21
1314;Melodie;Durante;Melodie.Durante@yopmail.com;1921-05-15
1315;Phedra;Pandolfi;Phedra.Pandolfi@yopmail.com;1946-08-11
1316;Adriana;Damarra;Adriana.Damarra@yopmail.com;1998-08-05
1317;Constance;Santoro;Constance.Santoro@yopmail.com;1937-07-15
1318;Ebonee;Noman;Ebonee.Noman@yopmail.com;2004-03-22
1319;Carlie;Elo;Carlie.Elo@yopmail.com;1949-01-02
1320;Fernande;Kamaria;Fernande.Kamaria@yopmail.com;1977-12-05
1321;Cassondra;Idelia;Cassondra.Idelia@yopmail.com;1963-06-15
1322;Amalie;Sheedy;Amalie.Sheedy@yopmail.com;1956-08-20
1323;Selia;Lea;Selia.Lea@yopmail.com;1981-09-05
1324;Wynne;Ralfston;Wynne.Ralfston@yopmail.com;1905-05-05
1325;Fernande;Saint;Fernande.Saint@yopmail.com;1987-04-24
1326;Tarra;Toor;Tarra.Toor@yopmail.com;1953-09-15
1327;Danny;Jess;Danny.Jess@yopmail.com;1937-07-03
1328;Maridel;Decato;Maridel.Decato@yopmail.com;2002-03-29
1329;Lexine;Regan;Lexine.Regan@yopmail.com;1921-06-03
1330;Jaclyn;Mallon;Jaclyn.Mallon@yopmail.com;1979-08-06
1331;Ingrid;Sigfrid;Ingrid.Sigfrid@yopmail.com;1987-01-13
1332;Averyl;Caitlin;Averyl.Caitlin@yopmail.com;1904-07-24
1333;Netty;Mehalek;Netty.Mehalek@yopmail.com;1928-05-18
1334;Max;Cressida;Max.Cressida@yopmail.com;2005-11-11
1335;Nannie;Ophelia;Nannie.Ophelia@yopmail.com;1983-10-05
1336;Verla;Colyer;Verla.Colyer@yopmail.com;1978-07-02
1337;Tabbatha;Franza;Tabbatha.Franza@yopmail.com;1930-03-09
1338;Anallese;Fabiola;Anallese.Fabiola@yopmail.com;1937-07-20
1339;Maud;Eliathas;Maud.Eliathas@yopmail.com;1985-09-11
1340;Priscilla;Bertold;Priscilla.Bertold@yopmail.com;1914-08-01
1341;Roberta;Sekofski;Roberta.Sekofski@yopmail.com;1994-03-12
1342;Reeba;Hubert;Reeba.Hubert@yopmail.com;2002-08-23
1343;Shaine;Margret;Shaine.Margret@yopmail.com;1989-11-20
1344;Carilyn;Willie;Carilyn.Willie@yopmail.com;1905-09-03
1345;Jobi;Dorothy;Jobi.Dorothy@yopmail.com;1949-06-07
1346;Valera;Guthrie;Valera.Guthrie@yopmail.com;1959-03-16
1347;Donnie;Isacco;Donnie.Isacco@yopmail.com;1948-10-24
1348;Jorry;Marsden;Jorry.Marsden@yopmail.com;1998-07-09
1349;Lizzie;Mullane;Lizzie.Mullane@yopmail.com;2005-07-13
1350;Flory;Hurley;Flory.Hurley@yopmail.com;1905-12-01
1351;Phylis;Slifka;Phylis.Slifka@yopmail.com;1959-03-12
1352;Riannon;Helve;Riannon.Helve@yopmail.com;1935-09-09
1353;Jenilee;Kunin;Jenilee.Kunin@yopmail.com;1939-02-02
1354;Amara;Bendick;Amara.Bendick@yopmail.com;1970-07-30
1355;Claresta;Tannie;Claresta.Tannie@yopmail.com;1911-12-02
1356;Roz;Bluh;Roz.Bluh@yopmail.com;2012-02-07
1357;Shell;Garrison;Shell.Garrison@yopmail.com;1968-02-12
1358;Gwenneth;Fiann;Gwenneth.Fiann@yopmail.com;1932-05-31
1359;Silvana;Gillan;Silvana.Gillan@yopmail.com;1933-01-15
1360;Kylynn;Hunfredo;Kylynn.Hunfredo@yopmail.com;1980-08-13
1361;Cyb;Kare;Cyb.Kare@yopmail.com;1985-02-02
1362;Adore;Ledah;Adore.Ledah@yopmail.com;2001-05-10
1363;Cam;Zetta;Cam.Zetta@yopmail.com;1919-08-29
1364;Aurore;Burkle;Aurore.Burkle@yopmail.com;1985-10-22
1365;Iseabal;Tremayne;Iseabal.Tremayne@yopmail.com;1933-05-22
1366;Etta;Miru;Etta.Miru@yopmail.com;1934-10-28
1367;Sam;Pierette;Sam.Pierette@yopmail.com;1937-11-21
1368;Cassandra;Fax;Cassandra.Fax@yopmail.com;1915-03-13
1369;Rochette;Iaverne;Rochette.Iaverne@yopmail.com;2002-02-22
1370;Ernesta;Fennessy;Ernesta.Fennessy@yopmail.com;1913-06-23
1371;Althea;Rogerio;Althea.Rogerio@yopmail.com;1957-04-02
1372;Christy;Scammon;Christy.Scammon@yopmail.com;1903-10-26
1373;Marline;Glovsky;Marline.Glovsky@yopmail.com;1957-04-16
1374;Sissy;Alisia;Sissy.Alisia@yopmail.com;1965-01-09
1375;Dari;Sibyls;Dari.Sibyls@yopmail.com;1948-10-08
1376;Leanna;Goldina;Leanna.Goldina@yopmail.com;1947-03-12
1377;Lorie;Stacy;Lorie.Stacy@yopmail.com;2010-08-05
1378;Rosaline;Ailyn;Rosaline.Ailyn@yopmail.com;2017-04-28
1379;Adriana;Howlyn;Adriana.Howlyn@yopmail.com;1970-05-10
1380;Annaliese;Dreda;Annaliese.Dreda@yopmail.com;1924-06-01
1381;Nikki;Miru;Nikki.Miru@yopmail.com;1992-09-11
1382;Lusa;Schalles;Lusa.Schalles@yopmail.com;1959-01-17
1383;Gale;Lail;Gale.Lail@yopmail.com;1992-04-24
1384;Kial;Harday;Kial.Harday@yopmail.com;1981-09-22
1385;Gretal;Even;Gretal.Even@yopmail.com;1986-10-25
1386;Rochette;Rudolph;Rochette.Rudolph@yopmail.com;1935-06-18
1387;Valeda;Trace;Valeda.Trace@yopmail.com;1919-01-30
1388;Roz;Euridice;Roz.Euridice@yopmail.com;1993-05-08
1389;Dotty;Cecile;Dotty.Cecile@yopmail.com;2012-06-19
1390;Meg;Terrence;Meg.Terrence@yopmail.com;1909-06-09
1391;Aimil;Garbe;Aimil.Garbe@yopmail.com;1969-04-17
1392;Esmeralda;Vilma;Esmeralda.Vilma@yopmail.com;1942-11-14
1393;Florencia;Koziara;Florencia.Koziara@yopmail.com;1955-02-05
1394;Kary;Schroth;Kary.Schroth@yopmail.com;1972-04-10
1395;Tonia;Keily;Tonia.Keily@yopmail.com;1937-10-20
1396;Dennie;Vale;Dennie.Vale@yopmail.com;1950-10-24
1397;Bobinette;Kosey;Bobinette.Kosey@yopmail.com;1995-06-19
1398;Tamqrah;Tjon;Tamqrah.Tjon@yopmail.com;1986-12-10
1399;Emma;Fontana;Emma.Fontana@yopmail.com;1917-09-07
1400;Danika;Bartlett;Danika.Bartlett@yopmail.com;1911-11-16
1401;Viki;Bobbee;Viki.Bobbee@yopmail.com;1952-01-18
1402;Briney;Weide;Briney.Weide@yopmail.com;1910-02-12
1403;Isa;Angelis;Isa.Angelis@yopmail.com;1935-11-26
1404;Wynne;Winnick;Wynne.Winnick@yopmail.com;2014-07-06
1405;Ricky;Iphlgenia;Ricky.Iphlgenia@yopmail.com;1998-08-10
1406;Tani;Verger;Tani.Verger@yopmail.com;1974-10-01
1407;Roseline;Sibyls;Roseline.Sibyls@yopmail.com;1931-09-22
1408;Inga;Rogerio;Inga.Rogerio@yopmail.com;1928-05-26
1409;Wanda;Buckler;Wanda.Buckler@yopmail.com;1903-09-16
1410;Gale;Judye;Gale.Judye@yopmail.com;1937-07-23
1411;Tilly;Rubie;Tilly.Rubie@yopmail.com;1927-07-06
1412;Selma;Gerge;Selma.Gerge@yopmail.com;1974-11-18
1413;Valera;Yoko;Valera.Yoko@yopmail.com;1971-06-30
1414;Millie;Thar;Millie.Thar@yopmail.com;1918-09-02
1415;Penelopa;Alejoa;Penelopa.Alejoa@yopmail.com;2014-11-19
1416;Madalyn;Meter;Madalyn.Meter@yopmail.com;1901-10-26
1417;Mildrid;Keelia;Mildrid.Keelia@yopmail.com;1947-09-21
1418;Robinia;Sholley;Robinia.Sholley@yopmail.com;1992-08-26
1419;Dale;Obed;Dale.Obed@yopmail.com;1958-07-13
1420;Lanae;Genna;Lanae.Genna@yopmail.com;1973-03-17
1421;Lita;Kat;Lita.Kat@yopmail.com;1916-11-25
1422;Rochette;Land;Rochette.Land@yopmail.com;1994-06-13
1423;Clo;Magdalen;Clo.Magdalen@yopmail.com;1937-11-15
1424;Heida;Standing;Heida.Standing@yopmail.com;1953-10-28
1425;Sandie;Nunci;Sandie.Nunci@yopmail.com;1986-05-07
1426;Natka;Ciapas;Natka.Ciapas@yopmail.com;1979-04-29
1427;Fawne;Peti;Fawne.Peti@yopmail.com;1917-11-02
1428;Michaelina;Eckblad;Michaelina.Eckblad@yopmail.com;1997-07-20
1429;Harrietta;Trace;Harrietta.Trace@yopmail.com;1994-02-13
1430;Allyce;Thad;Allyce.Thad@yopmail.com;1990-11-19
1431;Danny;Edvard;Danny.Edvard@yopmail.com;2019-06-01
1432;Marnia;Sholley;Marnia.Sholley@yopmail.com;1993-09-16
1433;Hildegaard;Valoniah;Hildegaard.Valoniah@yopmail.com;1927-09-01
1434;Nelle;Faro;Nelle.Faro@yopmail.com;1908-11-24
1435;Ardys;Kenwood;Ardys.Kenwood@yopmail.com;1962-12-28
1436;Deedee;Wadell;Deedee.Wadell@yopmail.com;1951-07-03
1437;Wynne;Iphlgenia;Wynne.Iphlgenia@yopmail.com;1910-07-02
1438;Annora;Darian;Annora.Darian@yopmail.com;1958-06-17
1439;Yolane;Ailyn;Yolane.Ailyn@yopmail.com;1922-02-04
1440;Wileen;Karylin;Wileen.Karylin@yopmail.com;1925-09-21
1441;Cyb;Justinn;Cyb.Justinn@yopmail.com;1938-05-04
1442;Farrah;Rheingold;Farrah.Rheingold@yopmail.com;1980-03-10
1443;Briney;Michella;Briney.Michella@yopmail.com;1947-07-20
1444;Liana;Israeli;Liana.Israeli@yopmail.com;1940-02-07
1445;Winny;Craggie;Winny.Craggie@yopmail.com;1915-01-02
1446;Maisey;Rossner;Maisey.Rossner@yopmail.com;2007-07-06
1447;Gertrud;Abernon;Gertrud.Abernon@yopmail.com;1953-04-25
1448;Talya;Bury;Talya.Bury@yopmail.com;2005-03-01
1449;Sarette;Ochs;Sarette.Ochs@yopmail.com;2012-10-03
1450;Annabela;Phi;Annabela.Phi@yopmail.com;1991-06-02
1451;Elbertina;Camden;Elbertina.Camden@yopmail.com;1913-03-25
1452;Roxane;Gale;Roxane.Gale@yopmail.com;1921-02-20
1453;Bobinette;Herrera;Bobinette.Herrera@yopmail.com;1927-11-13
1454;Raquela;Fontana;Raquela.Fontana@yopmail.com;1944-01-17
1455;Suzette;Tengdin;Suzette.Tengdin@yopmail.com;2004-06-07
1456;Merle;Adamsen;Merle.Adamsen@yopmail.com;1984-05-18
1457;Dacia;Solitta;Dacia.Solitta@yopmail.com;1954-10-02
1458;Clary;Cutlerr;Clary.Cutlerr@yopmail.com;2013-06-20
1459;Mureil;Darian;Mureil.Darian@yopmail.com;1969-03-16
1460;Sidoney;Kaete;Sidoney.Kaete@yopmail.com;1907-03-06
1461;Wilma;Manolo;Wilma.Manolo@yopmail.com;1926-11-16
1462;Wendi;Richers;Wendi.Richers@yopmail.com;2012-11-17
1463;Jackie;Means;Jackie.Means@yopmail.com;1986-02-12
1464;Amii;Pacorro;Amii.Pacorro@yopmail.com;1929-09-22
1465;Katuscha;Sherrie;Katuscha.Sherrie@yopmail.com;1944-02-18
1466;Jsandye;Norrie;Jsandye.Norrie@yopmail.com;1932-11-10
1467;Brietta;Monaco;Brietta.Monaco@yopmail.com;1910-09-27
1468;Gabi;Nore;Gabi.Nore@yopmail.com;1938-10-07
1469;Debee;Gillan;Debee.Gillan@yopmail.com;1978-12-14
1470;Arlena;Emmy;Arlena.Emmy@yopmail.com;1933-11-25
1471;Hettie;Johnsson;Hettie.Johnsson@yopmail.com;1993-03-21
1472;Alejandra;Anestassia;Alejandra.Anestassia@yopmail.com;1960-06-23
1473;Heida;Gwenore;Heida.Gwenore@yopmail.com;2019-09-07
1474;Cam;Miru;Cam.Miru@yopmail.com;1992-09-24
1475;Tori;Erskine;Tori.Erskine@yopmail.com;1947-01-27
1476;Angela;Fax;Angela.Fax@yopmail.com;1974-08-14
1477;Jan;Connelly;Jan.Connelly@yopmail.com;2007-02-17
1478;Brandise;Latini;Brandise.Latini@yopmail.com;2010-09-05
1479;Chere;Anyah;Chere.Anyah@yopmail.com;1999-01-29
1480;Paule;Santoro;Paule.Santoro@yopmail.com;1919-10-25
1481;Lacie;Gwenore;Lacie.Gwenore@yopmail.com;1966-02-08
1482;Laurene;Geffner;Laurene.Geffner@yopmail.com;1938-01-25
1483;Rochette;Alexandr;Rochette.Alexandr@yopmail.com;1952-06-29
1484;Mallory;Margarete;Mallory.Margarete@yopmail.com;2003-04-08
1485;Minne;Medrek;Minne.Medrek@yopmail.com;1974-07-22
1486;Donnie;Nahum;Donnie.Nahum@yopmail.com;2004-06-24
1487;Celisse;Lutero;Celisse.Lutero@yopmail.com;1946-12-25
1488;Valli;Bennie;Valli.Bennie@yopmail.com;1966-05-11
1489;Joy;Evvie;Joy.Evvie@yopmail.com;1944-11-23
1490;Raina;Crudden;Raina.Crudden@yopmail.com;1999-09-16
1491;Flory;Sancho;Flory.Sancho@yopmail.com;1961-05-04
1492;Carolina;Astra;Carolina.Astra@yopmail.com;1925-04-24
1493;Hettie;Delp;Hettie.Delp@yopmail.com;1958-04-21
1494;Berta;Salvidor;Berta.Salvidor@yopmail.com;1910-12-29
1495;Sarette;Erminia;Sarette.Erminia@yopmail.com;2000-12-16
1496;Carmela;McLaughlin;Carmela.McLaughlin@yopmail.com;2001-03-17
1497;Jeanna;Annabella;Jeanna.Annabella@yopmail.com;1993-05-19
1498;Kassey;Thema;Kassey.Thema@yopmail.com;1916-07-26
1499;Emmey;Prober;Emmey.Prober@yopmail.com;1926-05-23
1500;Thalia;Lea;Thalia.Lea@yopmail.com;1994-10-22
1501;Justinn;Kronfeld;Justinn.Kronfeld@yopmail.com;1907-02-28
1502;Marcelline;Truc;Marcelline.Truc@yopmail.com;1986-09-06
1503;Thalia;Read;Thalia.Read@yopmail.com;1944-04-16
1504;Charissa;Cookie;Charissa.Cookie@yopmail.com;1979-07-08
1505;Queenie;Blisse;Queenie.Blisse@yopmail.com;1997-03-31
1506;Xylina;Merell;Xylina.Merell@yopmail.com;1918-09-19
1507;Jobi;Kevon;Jobi.Kevon@yopmail.com;1956-10-29
1508;Emmey;Laurianne;Emmey.Laurianne@yopmail.com;1909-02-22
1509;Noelle;Bow;Noelle.Bow@yopmail.com;1941-07-27
1510;Judy;Lenny;Judy.Lenny@yopmail.com;1959-10-17
1511;Meghann;Morrill;Meghann.Morrill@yopmail.com;1965-06-10
1512;Cathie;Magnolia;Cathie.Magnolia@yopmail.com;1919-09-26
1513;Chloris;Syd;Chloris.Syd@yopmail.com;1921-11-19
1514;Dolli;Bohlin;Dolli.Bohlin@yopmail.com;1904-10-18
1515;Malina;Yate;Malina.Yate@yopmail.com;2007-09-28
1516;Almeta;Delp;Almeta.Delp@yopmail.com;1900-11-17
1517;Ottilie;Longfellow;Ottilie.Longfellow@yopmail.com;1919-09-23
1518;Marylou;Aida;Marylou.Aida@yopmail.com;2011-04-09
1519;Helena;Eben;Helena.Eben@yopmail.com;1914-04-24
1520;Moyna;Lanita;Moyna.Lanita@yopmail.com;2018-01-15
1521;Tomasina;Chobot;Tomasina.Chobot@yopmail.com;1936-03-30
1522;Isa;Ophelia;Isa.Ophelia@yopmail.com;1969-02-19
1523;Tabbatha;Wyn;Tabbatha.Wyn@yopmail.com;1933-01-12
1524;Maridel;Abbot;Maridel.Abbot@yopmail.com;1980-08-04
1525;Philis;Revkah;Philis.Revkah@yopmail.com;1962-04-27
1526;Basia;Adlare;Basia.Adlare@yopmail.com;1992-08-25
1527;Deedee;Holtz;Deedee.Holtz@yopmail.com;1972-11-27
1528;Corene;Christine;Corene.Christine@yopmail.com;1926-07-12
1529;Jere;Woodberry;Jere.Woodberry@yopmail.com;1972-09-24
1530;Bobbi;Nance;Bobbi.Nance@yopmail.com;1972-07-18
1531;Bertine;Liva;Bertine.Liva@yopmail.com;1944-05-31
1532;Betta;Mendez;Betta.Mendez@yopmail.com;2008-09-20
1533;Edee;Kat;Edee.Kat@yopmail.com;1980-04-27
1534;Ardys;Huggins;Ardys.Huggins@yopmail.com;1904-12-26
1535;Abbie;Westphal;Abbie.Westphal@yopmail.com;2010-04-11
1536;Felice;Kristi;Felice.Kristi@yopmail.com;1963-12-31
1537;Queenie;Sperling;Queenie.Sperling@yopmail.com;2001-02-28
1538;Dione;Cristi;Dione.Cristi@yopmail.com;1904-12-01
1539;Emmey;Armanda;Emmey.Armanda@yopmail.com;2002-09-12
1540;Paule;Nedrud;Paule.Nedrud@yopmail.com;1994-06-13
1541;Karlee;Magdalen;Karlee.Magdalen@yopmail.com;1950-08-07
1542;Rori;Eldrid;Rori.Eldrid@yopmail.com;1961-04-15
1543;Marcy;Wu;Marcy.Wu@yopmail.com;1977-11-07
1544;Harmonia;Grosz;Harmonia.Grosz@yopmail.com;1907-06-08
1545;Gloria;Gower;Gloria.Gower@yopmail.com;1901-08-13
1546;Tiffie;Belldas;Tiffie.Belldas@yopmail.com;1970-04-01
1547;Vere;Lunsford;Vere.Lunsford@yopmail.com;2005-03-22
1548;Jennica;Jehu;Jennica.Jehu@yopmail.com;1954-06-07
1549;Tatiania;Kathie;Tatiania.Kathie@yopmail.com;1993-06-12
1550;Gaylene;Brandice;Gaylene.Brandice@yopmail.com;1940-03-01
1551;Miquela;Beebe;Miquela.Beebe@yopmail.com;1986-12-07
1552;Jeanna;Poll;Jeanna.Poll@yopmail.com;1961-10-03
1553;Ermengarde;Audly;Ermengarde.Audly@yopmail.com;2008-06-05
1554;Pamella;Percy;Pamella.Percy@yopmail.com;1940-03-25
1555;Alia;Callista;Alia.Callista@yopmail.com;1973-03-15
1556;Jacquetta;Phyllis;Jacquetta.Phyllis@yopmail.com;1990-03-06
1557;Andeee;Emanuel;Andeee.Emanuel@yopmail.com;1953-09-22
1558;Betta;Curren;Betta.Curren@yopmail.com;1942-09-06
1559;Yolane;Uird;Yolane.Uird@yopmail.com;2004-01-27
1560;Tomasina;Ammann;Tomasina.Ammann@yopmail.com;2008-12-21
1561;Estell;Secrest;Estell.Secrest@yopmail.com;1993-04-02
1562;Merrie;Poppy;Merrie.Poppy@yopmail.com;1976-08-24
1563;Blake;Septima;Blake.Septima@yopmail.com;1937-10-25
1564;Maryellen;Bari;Maryellen.Bari@yopmail.com;1953-02-05
1565;Celisse;Merna;Celisse.Merna@yopmail.com;1985-08-14
1566;Janenna;Gabrielli;Janenna.Gabrielli@yopmail.com;1946-04-16
1567;Edith;Haymes;Edith.Haymes@yopmail.com;1902-12-16
1568;Cassondra;Buckler;Cassondra.Buckler@yopmail.com;1971-07-17
1569;Joelly;O'Neill;Joelly.O'Neill@yopmail.com;2005-01-30
1570;Yolane;Jerold;Yolane.Jerold@yopmail.com;1931-04-09
1571;Jinny;Waite;Jinny.Waite@yopmail.com;1961-05-09
1572;Hallie;Libna;Hallie.Libna@yopmail.com;1932-09-09
1573;Chrystel;Seessel;Chrystel.Seessel@yopmail.com;2003-03-19
1574;Libbie;Eugenia;Libbie.Eugenia@yopmail.com;1913-12-26
1575;Margarette;Gamaliel;Margarette.Gamaliel@yopmail.com;1917-11-01
1576;Delilah;Othilia;Delilah.Othilia@yopmail.com;1935-09-27
1577;Marcy;Wattenberg;Marcy.Wattenberg@yopmail.com;1906-12-31
1578;Adriana;Miru;Adriana.Miru@yopmail.com;1997-06-06
1579;Dania;Reinke;Dania.Reinke@yopmail.com;2009-11-19
1580;Peri;Regan;Peri.Regan@yopmail.com;1923-02-03
1581;Jillayne;Diann;Jillayne.Diann@yopmail.com;1971-06-08
1582;Barbara;Halsey;Barbara.Halsey@yopmail.com;1940-04-23
1583;Lorenza;Dudley;Lorenza.Dudley@yopmail.com;1906-10-08
1584;Veda;Bigner;Veda.Bigner@yopmail.com;1986-09-15
1585;Aimil;Alrich;Aimil.Alrich@yopmail.com;1993-11-24
1586;Lita;Myrilla;Lita.Myrilla@yopmail.com;1932-12-11
1587;Norine;Pyle;Norine.Pyle@yopmail.com;2011-10-19
1588;Lanna;Rhu;Lanna.Rhu@yopmail.com;1947-06-08
1589;Kassey;Isacco;Kassey.Isacco@yopmail.com;1901-10-31
1590;Kalina;Brenn;Kalina.Brenn@yopmail.com;1959-03-07
1591;Mallory;Thema;Mallory.Thema@yopmail.com;1947-10-08
1592;Allis;Bohlin;Allis.Bohlin@yopmail.com;1983-07-24
1593;Latisha;Chaing;Latisha.Chaing@yopmail.com;2009-08-30
1594;Esmeralda;Kussell;Esmeralda.Kussell@yopmail.com;1941-07-18
1595;Steffane;Abernon;Steffane.Abernon@yopmail.com;1950-02-02
1596;Yvonne;Caitlin;Yvonne.Caitlin@yopmail.com;1934-01-01
1597;Asia;Remmer;Asia.Remmer@yopmail.com;1966-08-10
1598;Adele;Madelene;Adele.Madelene@yopmail.com;1946-11-24
1599;Bertine;Cloris;Bertine.Cloris@yopmail.com;1911-07-01
1600;Olivette;Riva;Olivette.Riva@yopmail.com;1942-06-29
1601;Cordi;Concha;Cordi.Concha@yopmail.com;1948-01-03
1602;Ardeen;Kress;Ardeen.Kress@yopmail.com;1917-02-28
1603;Andree;Stilwell;Andree.Stilwell@yopmail.com;1910-07-30
1604;Maye;Durware;Maye.Durware@yopmail.com;1925-10-25
1605;Dulcinea;Lorenz;Dulcinea.Lorenz@yopmail.com;2005-06-17
1606;Kimberley;Fillbert;Kimberley.Fillbert@yopmail.com;1928-11-18
1607;Ronna;Janith;Ronna.Janith@yopmail.com;1909-08-29
1608;Ilse;Hull;Ilse.Hull@yopmail.com;1952-05-21
1609;Belva;Alexandr;Belva.Alexandr@yopmail.com;1900-05-29
1610;Camile;Natalia;Camile.Natalia@yopmail.com;1906-02-05
1611;Chickie;Cath;Chickie.Cath@yopmail.com;1914-10-10
1612;Laure;Sallyann;Laure.Sallyann@yopmail.com;1977-04-02
1613;Nyssa;Anestassia;Nyssa.Anestassia@yopmail.com;1918-09-06
1614;Kenna;Cressida;Kenna.Cressida@yopmail.com;1974-09-21
1615;Cathie;Tyson;Cathie.Tyson@yopmail.com;1965-03-02
1616;Marjie;Ball;Marjie.Ball@yopmail.com;2005-07-22
1617;Berget;Mitzi;Berget.Mitzi@yopmail.com;1911-03-27
1618;Brooks;Fax;Brooks.Fax@yopmail.com;1993-06-12
1619;Millie;McClimans;Millie.McClimans@yopmail.com;1972-02-18
1620;Leona;Simmonds;Leona.Simmonds@yopmail.com;1923-09-30
1621;Ezmeralda;Judye;Ezmeralda.Judye@yopmail.com;1971-06-10
1622;Ginnie;Ehrman;Ginnie.Ehrman@yopmail.com;1991-04-16
1623;Henriette;McCutcheon;Henriette.McCutcheon@yopmail.com;2006-05-08
1624;Mallory;Greenwald;Mallory.Greenwald@yopmail.com;1927-06-17
1625;Oralee;Alabaster;Oralee.Alabaster@yopmail.com;1975-12-13
1626;Nikki;Dash;Nikki.Dash@yopmail.com;2006-10-22
1627;Alie;Hazlett;Alie.Hazlett@yopmail.com;1918-01-17
1628;Rochette;Hurley;Rochette.Hurley@yopmail.com;2003-06-30
1629;Darci;Guthrie;Darci.Guthrie@yopmail.com;2018-01-09
1630;Cordi;Montgomery;Cordi.Montgomery@yopmail.com;1952-07-20
1631;Valera;Gunn;Valera.Gunn@yopmail.com;1934-05-22
1632;Christian;MacIntosh;Christian.MacIntosh@yopmail.com;1960-07-03
1633;Gretal;Bashemeth;Gretal.Bashemeth@yopmail.com;1931-05-20
1634;Susette;Irmine;Susette.Irmine@yopmail.com;1981-02-16
1635;Patricia;Sawtelle;Patricia.Sawtelle@yopmail.com;1981-06-28
1636;Giustina;Burch;Giustina.Burch@yopmail.com;1904-10-16
1637;Abbie;Prouty;Abbie.Prouty@yopmail.com;1992-10-26
1638;Lyssa;Durware;Lyssa.Durware@yopmail.com;1974-11-19
1639;Fina;Pettiford;Fina.Pettiford@yopmail.com;1982-06-25
1640;Damaris;Turne;Damaris.Turne@yopmail.com;1982-01-02
1641;Ericka;Faust;Ericka.Faust@yopmail.com;1978-09-09
1642;Joeann;Primalia;Joeann.Primalia@yopmail.com;1904-10-07
1643;Jany;Joachim;Jany.Joachim@yopmail.com;1904-12-17
1644;Ira;Sherrie;Ira.Sherrie@yopmail.com;2009-01-14
1645;Eve;Nerita;Eve.Nerita@yopmail.com;1907-02-20
1646;Elise;Sparhawk;Elise.Sparhawk@yopmail.com;1917-11-16
1647;Sybille;Liva;Sybille.Liva@yopmail.com;1944-10-16
1648;Gaylene;McLaughlin;Gaylene.McLaughlin@yopmail.com;1943-05-07
1649;Ann-Marie;Santoro;Ann-Marie.Santoro@yopmail.com;1954-06-20
1650;Vinita;Peti;Vinita.Peti@yopmail.com;1919-11-21
1651;Karly;Ellerey;Karly.Ellerey@yopmail.com;1998-07-20
1652;Britni;Uund;Britni.Uund@yopmail.com;1926-12-23
1653;Katuscha;Talia;Katuscha.Talia@yopmail.com;1953-03-12
1654;Marsiella;Bluh;Marsiella.Bluh@yopmail.com;1935-10-25
1655;Rani;Sammons;Rani.Sammons@yopmail.com;1950-07-10
1656;Lily;Reinke;Lily.Reinke@yopmail.com;2019-01-12
1657;Dode;Tatianas;Dode.Tatianas@yopmail.com;1970-07-10
1658;Dagmar;Old;Dagmar.Old@yopmail.com;1961-05-23
1659;Margalo;Devlen;Margalo.Devlen@yopmail.com;1997-01-25
1660;Anestassia;Drus;Anestassia.Drus@yopmail.com;1995-05-15
1661;Nickie;McCutcheon;Nickie.McCutcheon@yopmail.com;1922-07-12
1662;Joceline;Ciapas;Joceline.Ciapas@yopmail.com;1947-05-24
1663;Rosaline;Tamar;Rosaline.Tamar@yopmail.com;2013-08-06
1664;Siana;Israeli;Siana.Israeli@yopmail.com;2012-09-17
1665;Donetta;Newell;Donetta.Newell@yopmail.com;1927-02-17
1666;Aurelie;Pulsifer;Aurelie.Pulsifer@yopmail.com;1964-11-09
1667;Kate;Couture;Kate.Couture@yopmail.com;1926-09-07
1668;Leontine;Kress;Leontine.Kress@yopmail.com;1906-02-07
1669;Brooks;Oneida;Brooks.Oneida@yopmail.com;1929-05-06
1670;Gerianna;Rolf;Gerianna.Rolf@yopmail.com;1936-08-09
1671;Dolli;Dorine;Dolli.Dorine@yopmail.com;1995-05-07
1672;Feliza;Primalia;Feliza.Primalia@yopmail.com;1917-02-15
1673;Ellette;Delacourt;Ellette.Delacourt@yopmail.com;1910-09-30
1674;Candi;Felecia;Candi.Felecia@yopmail.com;1968-10-17
1675;Shauna;Eldrid;Shauna.Eldrid@yopmail.com;1939-11-28
1676;Nannie;Stephie;Nannie.Stephie@yopmail.com;1918-01-17
1677;Janeczka;Douglass;Janeczka.Douglass@yopmail.com;1901-11-07
1678;Kamilah;Konyn;Kamilah.Konyn@yopmail.com;2016-10-09
1679;Edith;Wesle;Edith.Wesle@yopmail.com;1978-05-21
1680;Kimberley;Sandye;Kimberley.Sandye@yopmail.com;1940-08-18
1681;Leeanne;Fiester;Leeanne.Fiester@yopmail.com;1962-06-21
1682;Adele;Shuler;Adele.Shuler@yopmail.com;1958-01-17
1683;Minda;Alejoa;Minda.Alejoa@yopmail.com;1991-01-17
1684;Pamella;Moseley;Pamella.Moseley@yopmail.com;1955-05-15
1685;Jillayne;Bartlett;Jillayne.Bartlett@yopmail.com;1921-07-14
1686;Mady;Noam;Mady.Noam@yopmail.com;1999-12-19
1687;Madeleine;Firmin;Madeleine.Firmin@yopmail.com;1934-04-15
1688;Bertine;Yusuk;Bertine.Yusuk@yopmail.com;1946-12-05
1689;Johna;Christal;Johna.Christal@yopmail.com;1933-10-21
1690;Ardenia;Greenwald;Ardenia.Greenwald@yopmail.com;1917-01-21
1691;Linzy;Briney;Linzy.Briney@yopmail.com;1988-04-04
1692;Ekaterina;Sabella;Ekaterina.Sabella@yopmail.com;2001-12-31
1693;Mureil;Girardo;Mureil.Girardo@yopmail.com;1928-05-06
1694;Sue;Bonucci;Sue.Bonucci@yopmail.com;1999-07-31
1695;Ana;Weaks;Ana.Weaks@yopmail.com;1915-11-30
1696;Jany;Faria;Jany.Faria@yopmail.com;1945-11-01
1697;Stevana;Hieronymus;Stevana.Hieronymus@yopmail.com;2005-05-14
1698;Wileen;Harriman;Wileen.Harriman@yopmail.com;1931-01-11
1699;Gale;Plato;Gale.Plato@yopmail.com;1905-06-25
1700;Britni;Liebermann;Britni.Liebermann@yopmail.com;1908-07-28
1701;Concettina;Caitlin;Concettina.Caitlin@yopmail.com;1974-10-05
1702;Cyb;Meter;Cyb.Meter@yopmail.com;2013-07-18
1703;Felice;O'Rourke;Felice.O'Rourke@yopmail.com;1904-11-20
1704;Jackie;Anton;Jackie.Anton@yopmail.com;1975-10-02
1705;Philis;Niccolo;Philis.Niccolo@yopmail.com;1963-04-23
1706;Berget;Linehan;Berget.Linehan@yopmail.com;2013-12-04
1707;Teddie;Karylin;Teddie.Karylin@yopmail.com;1979-03-19
1708;Margette;Jalbert;Margette.Jalbert@yopmail.com;1973-04-15
1709;Livvyy;Buffum;Livvyy.Buffum@yopmail.com;2004-02-19
1710;Sue;Greyson;Sue.Greyson@yopmail.com;1982-08-08
1711;Louella;Fennessy;Louella.Fennessy@yopmail.com;1927-09-26
1712;Patricia;Faso;Patricia.Faso@yopmail.com;2012-03-19
1713;Nikki;Gaynor;Nikki.Gaynor@yopmail.com;1978-04-23
1714;Chickie;Amethist;Chickie.Amethist@yopmail.com;1933-02-22
1715;Mellicent;Soneson;Mellicent.Soneson@yopmail.com;1956-09-02
1716;Jordan;Eben;Jordan.Eben@yopmail.com;1914-08-07
1717;Tori;Dimitris;Tori.Dimitris@yopmail.com;1943-09-10
1718;Mahalia;Neils;Mahalia.Neils@yopmail.com;1928-04-16
1719;Xylina;Nunci;Xylina.Nunci@yopmail.com;1964-12-31
1720;Laurene;Alice;Laurene.Alice@yopmail.com;1935-05-10
1721;Pearline;Carolin;Pearline.Carolin@yopmail.com;1996-01-24
1722;Raf;Rurik;Raf.Rurik@yopmail.com;1961-12-28
1723;Ardys;Bobbee;Ardys.Bobbee@yopmail.com;1991-10-15
1724;Lolita;Yoko;Lolita.Yoko@yopmail.com;1967-02-07
1725;Gertrud;Libna;Gertrud.Libna@yopmail.com;1905-02-09
1726;Margalo;Amethist;Margalo.Amethist@yopmail.com;1949-11-24
1727;Amalie;Freddi;Amalie.Freddi@yopmail.com;1909-11-15
1728;Carol-Jean;Susannah;Carol-Jean.Susannah@yopmail.com;2018-05-15
1729;Lizzie;Wooster;Lizzie.Wooster@yopmail.com;1920-03-15
1730;Peri;Rolf;Peri.Rolf@yopmail.com;1933-03-12
1731;Jeanna;Jobi;Jeanna.Jobi@yopmail.com;2013-07-28
1732;Clementine;Berriman;Clementine.Berriman@yopmail.com;1908-09-08
1733;Fawne;Joeann;Fawne.Joeann@yopmail.com;1990-05-26
1734;Ashlee;Bronk;Ashlee.Bronk@yopmail.com;1984-12-22
1735;Joceline;Kirbee;Joceline.Kirbee@yopmail.com;1942-12-21
1736;Bibby;Lipson;Bibby.Lipson@yopmail.com;2018-01-31
1737;Kara-Lynn;Gamaliel;Kara-Lynn.Gamaliel@yopmail.com;1928-03-14
1738;Brianna;Yuille;Brianna.Yuille@yopmail.com;1906-08-04
1739;Ira;Arquit;Ira.Arquit@yopmail.com;1967-12-16
1740;Orelia;Boycey;Orelia.Boycey@yopmail.com;2013-08-06
1741;Robbi;Yam;Robbi.Yam@yopmail.com;1994-02-07
1742;Tera;Hessler;Tera.Hessler@yopmail.com;1969-06-18
1743;Katleen;Zeeba;Katleen.Zeeba@yopmail.com;1909-07-02
1744;Tracey;Roscoe;Tracey.Roscoe@yopmail.com;1986-05-30
1745;Pollyanna;Smitt;Pollyanna.Smitt@yopmail.com;1997-09-20
1746;Marline;Chinua;Marline.Chinua@yopmail.com;1931-05-23
1747;Shannah;Aldric;Shannah.Aldric@yopmail.com;1960-05-22
1748;Christal;Hanshaw;Christal.Hanshaw@yopmail.com;1997-05-11
1749;Lila;Vastah;Lila.Vastah@yopmail.com;1922-08-26
1750;Chrystel;Loleta;Chrystel.Loleta@yopmail.com;2007-01-24
1751;Ekaterina;Latini;Ekaterina.Latini@yopmail.com;1996-08-24
1752;Cyndie;Bergman;Cyndie.Bergman@yopmail.com;1930-10-05
1753;Heida;Zachary;Heida.Zachary@yopmail.com;1984-07-23
1754;Ira;Nunci;Ira.Nunci@yopmail.com;2017-07-30
1755;Arlena;Kolnick;Arlena.Kolnick@yopmail.com;1953-12-26
1756;Fanny;Rese;Fanny.Rese@yopmail.com;1955-10-17
1757;Angelique;Beebe;Angelique.Beebe@yopmail.com;1934-12-05
1758;Emylee;Xerxes;Emylee.Xerxes@yopmail.com;1962-08-02
1759;Tersina;Henebry;Tersina.Henebry@yopmail.com;1949-12-30
1760;Sean;Trace;Sean.Trace@yopmail.com;1918-02-27
1761;Feliza;Bebe;Feliza.Bebe@yopmail.com;2019-10-13
1762;Nataline;Mozelle;Nataline.Mozelle@yopmail.com;1954-01-17
1763;Roslyn;Sacken;Roslyn.Sacken@yopmail.com;1928-11-26
1764;Kirstin;Croix;Kirstin.Croix@yopmail.com;2003-03-18
1765;Mireielle;Florina;Mireielle.Florina@yopmail.com;1924-12-24
1766;Minda;Rosalba;Minda.Rosalba@yopmail.com;1958-06-21
1767;Agathe;Seagraves;Agathe.Seagraves@yopmail.com;1914-12-24
1768;Ana;Fontana;Ana.Fontana@yopmail.com;1958-12-13
1769;Nerta;Tatianas;Nerta.Tatianas@yopmail.com;1909-11-27
1770;Trixi;Delila;Trixi.Delila@yopmail.com;1974-01-09
1771;Tani;Gusella;Tani.Gusella@yopmail.com;1975-06-06
1772;Babita;Frendel;Babita.Frendel@yopmail.com;1910-02-06
1773;Sophia;Karl;Sophia.Karl@yopmail.com;1934-11-20
1774;Katuscha;Yusuk;Katuscha.Yusuk@yopmail.com;1983-04-08
1775;Jaclyn;Gale;Jaclyn.Gale@yopmail.com;1989-03-10
1776;Lorenza;Hoban;Lorenza.Hoban@yopmail.com;1965-10-05
1777;Angelique;Allare;Angelique.Allare@yopmail.com;1903-03-15
1778;Aurelie;Alisia;Aurelie.Alisia@yopmail.com;1987-08-04
1779;Kristan;Quent;Kristan.Quent@yopmail.com;1901-04-04
1780;Sean;Tound;Sean.Tound@yopmail.com;1942-01-07
1781;Cindelyn;Argus;Cindelyn.Argus@yopmail.com;1959-05-08
1782;Olwen;Ricki;Olwen.Ricki@yopmail.com;2011-11-20
1783;Mara;Emmy;Mara.Emmy@yopmail.com;1972-09-08
1784;Demetris;Isidore;Demetris.Isidore@yopmail.com;1997-01-09
1785;Melanie;Kristi;Melanie.Kristi@yopmail.com;1988-03-20
1786;Arlena;Raffo;Arlena.Raffo@yopmail.com;1971-10-29
1787;Wanda;Pip;Wanda.Pip@yopmail.com;1918-06-16
1788;Marnia;Morehouse;Marnia.Morehouse@yopmail.com;2006-05-12
1789;Halette;Codding;Halette.Codding@yopmail.com;1959-05-04
1790;Catharine;Jobi;Catharine.Jobi@yopmail.com;2012-05-03
1791;Beatriz;Poll;Beatriz.Poll@yopmail.com;1922-06-12
1792;Elmira;Bobbee;Elmira.Bobbee@yopmail.com;1929-08-10
1793;Anallese;Noam;Anallese.Noam@yopmail.com;2014-11-01
1794;Misha;Gordon;Misha.Gordon@yopmail.com;1932-02-14
1795;Augustine;Charmine;Augustine.Charmine@yopmail.com;1912-01-23
1796;Eugine;Chrystel;Eugine.Chrystel@yopmail.com;1902-06-30
1797;Jemie;Abernon;Jemie.Abernon@yopmail.com;2002-01-26
1798;Mamie;Tristram;Mamie.Tristram@yopmail.com;1922-10-11
1799;Darci;Sancho;Darci.Sancho@yopmail.com;2012-03-07
1800;Roslyn;Dominy;Roslyn.Dominy@yopmail.com;2014-04-30
1801;Candy;Xerxes;Candy.Xerxes@yopmail.com;1995-10-11
1802;Annaliese;Tengdin;Annaliese.Tengdin@yopmail.com;1948-04-20
1803;Oona;Sandye;Oona.Sandye@yopmail.com;2015-07-12
1804;Edee;Autrey;Edee.Autrey@yopmail.com;1939-03-12
1805;Doro;Karl;Doro.Karl@yopmail.com;1934-01-15
1806;Abbie;Norvol;Abbie.Norvol@yopmail.com;1915-04-26
1807;Luci;Kunin;Luci.Kunin@yopmail.com;1902-03-05
1808;Collen;Burkle;Collen.Burkle@yopmail.com;1935-10-10
1809;Leona;Pozzy;Leona.Pozzy@yopmail.com;2002-08-08
1810;Rebeca;Swanhildas;Rebeca.Swanhildas@yopmail.com;1936-03-28
1811;Magdalena;Edison;Magdalena.Edison@yopmail.com;1985-09-10
1812;Helsa;Anis;Helsa.Anis@yopmail.com;1950-03-04
1813;Louella;Kosey;Louella.Kosey@yopmail.com;1978-07-21
1814;Asia;Diogenes;Asia.Diogenes@yopmail.com;1969-09-29
1815;Amii;Fiann;Amii.Fiann@yopmail.com;1993-02-02
1816;Katharina;Fillbert;Katharina.Fillbert@yopmail.com;1927-09-05
1817;Jennica;Caitlin;Jennica.Caitlin@yopmail.com;1991-04-11
1818;Devina;Geffner;Devina.Geffner@yopmail.com;1983-05-24
1819;Cissiee;Garrison;Cissiee.Garrison@yopmail.com;1934-12-08
1820;Tamqrah;Blake;Tamqrah.Blake@yopmail.com;1901-09-07
1821;Letizia;Faro;Letizia.Faro@yopmail.com;1992-08-24
1822;Myrtice;Barney;Myrtice.Barney@yopmail.com;2003-10-24
1823;Merry;Ball;Merry.Ball@yopmail.com;2012-02-29
1824;Tomasina;Helve;Tomasina.Helve@yopmail.com;1920-06-03
1825;Mureil;Germann;Mureil.Germann@yopmail.com;1955-10-09
1826;Norine;Dalli;Norine.Dalli@yopmail.com;1979-10-04
1827;Aurelie;Aprile;Aurelie.Aprile@yopmail.com;1949-05-19
1828;Chere;Bury;Chere.Bury@yopmail.com;1934-10-27
1829;Hermione;Deegan;Hermione.Deegan@yopmail.com;1956-04-07
1830;Kary;Bahr;Kary.Bahr@yopmail.com;1901-04-29
1831;Gerianna;Yoko;Gerianna.Yoko@yopmail.com;1951-12-10
1832;Beverley;Wind;Beverley.Wind@yopmail.com;1967-09-11
1833;Sybille;Melleta;Sybille.Melleta@yopmail.com;1916-04-12
1834;Philis;Darbie;Philis.Darbie@yopmail.com;1997-04-13
1835;Kerrin;Meter;Kerrin.Meter@yopmail.com;2017-09-20
1836;Nerta;Kat;Nerta.Kat@yopmail.com;1937-08-01
1837;Harmonia;Haymes;Harmonia.Haymes@yopmail.com;1955-09-30
1838;Starla;Eckblad;Starla.Eckblad@yopmail.com;1952-01-28
1839;Chere;Skurnik;Chere.Skurnik@yopmail.com;1921-07-20
1840;Blake;Magdalen;Blake.Magdalen@yopmail.com;1970-08-22
1841;Sara-Ann;Rebecka;Sara-Ann.Rebecka@yopmail.com;2003-04-28
1842;Trixi;Doig;Trixi.Doig@yopmail.com;1981-12-17
1843;Claresta;Thar;Claresta.Thar@yopmail.com;1901-06-01
1844;Dagmar;Bevin;Dagmar.Bevin@yopmail.com;1992-04-23
1845;Tabbatha;Gavrila;Tabbatha.Gavrila@yopmail.com;1995-09-01
1846;Cyndie;Ivens;Cyndie.Ivens@yopmail.com;1967-11-21
1847;Dale;Nisbet;Dale.Nisbet@yopmail.com;1918-08-30
1848;Nyssa;Hedve;Nyssa.Hedve@yopmail.com;1914-01-30
1849;Cissiee;Publia;Cissiee.Publia@yopmail.com;1932-10-21
1850;Edyth;Gamaliel;Edyth.Gamaliel@yopmail.com;1903-01-01
1851;Rosaline;Blake;Rosaline.Blake@yopmail.com;1904-08-02
1852;Chickie;Waldron;Chickie.Waldron@yopmail.com;2009-10-12
1853;Mariann;Marisa;Mariann.Marisa@yopmail.com;2000-12-27
1854;Corina;Terencio;Corina.Terencio@yopmail.com;1931-05-10
1855;Margalo;Cordi;Margalo.Cordi@yopmail.com;1978-02-19
1856;Mariele;Caitlin;Mariele.Caitlin@yopmail.com;1922-11-25
1857;Ginnie;Tremayne;Ginnie.Tremayne@yopmail.com;1994-09-03
1858;Halette;Alrich;Halette.Alrich@yopmail.com;2016-03-15
1859;Cacilie;Shama;Cacilie.Shama@yopmail.com;1947-07-25
1860;Margalo;Taam;Margalo.Taam@yopmail.com;2015-09-15
1861;Joleen;Elbertina;Joleen.Elbertina@yopmail.com;1926-04-04
1862;Lulita;Angelis;Lulita.Angelis@yopmail.com;2000-05-04
1863;Priscilla;Anyah;Priscilla.Anyah@yopmail.com;1986-01-02
1864;Silvana;Fontana;Silvana.Fontana@yopmail.com;2014-12-05
1865;Florencia;Zaslow;Florencia.Zaslow@yopmail.com;1918-07-04
1866;Mamie;Pulsifer;Mamie.Pulsifer@yopmail.com;1997-11-27
1867;Ermengarde;Lail;Ermengarde.Lail@yopmail.com;1905-05-24
1868;Kimberley;Girardo;Kimberley.Girardo@yopmail.com;1938-09-27
1869;Harmonia;Bandeen;Harmonia.Bandeen@yopmail.com;1925-10-23
1870;Maurene;Campball;Maurene.Campball@yopmail.com;2009-08-15
1871;Arabel;Naashom;Arabel.Naashom@yopmail.com;1978-12-13
1872;Amii;Hieronymus;Amii.Hieronymus@yopmail.com;1945-01-15
1873;Arlina;Sherrie;Arlina.Sherrie@yopmail.com;1969-05-09
1874;Marsiella;Hathaway;Marsiella.Hathaway@yopmail.com;1938-02-24
1875;Sarette;Kendrick;Sarette.Kendrick@yopmail.com;1930-06-03
1876;Justinn;Vivle;Justinn.Vivle@yopmail.com;2010-10-19
1877;Perry;Sinegold;Perry.Sinegold@yopmail.com;1910-04-26
1878;Ursulina;Zitvaa;Ursulina.Zitvaa@yopmail.com;2018-09-03
1879;Corly;Leffen;Corly.Leffen@yopmail.com;2000-05-06
1880;Lesly;Sothena;Lesly.Sothena@yopmail.com;1926-08-28
1881;Mary;Baudin;Mary.Baudin@yopmail.com;1986-12-06
1882;Iseabal;Yorick;Iseabal.Yorick@yopmail.com;1986-05-30
1883;Cam;Heidt;Cam.Heidt@yopmail.com;1919-06-24
1884;Liana;Pettiford;Liana.Pettiford@yopmail.com;1988-12-02
1885;Bettine;Euridice;Bettine.Euridice@yopmail.com;1949-08-28
1886;Joeann;Read;Joeann.Read@yopmail.com;1918-01-22
1887;Charlena;Ciapas;Charlena.Ciapas@yopmail.com;1921-10-12
1888;Jenilee;Vorster;Jenilee.Vorster@yopmail.com;1910-07-31
1889;Misha;Miru;Misha.Miru@yopmail.com;1901-12-06
1890;Orsola;Burch;Orsola.Burch@yopmail.com;2006-09-15
1891;Robinia;Doig;Robinia.Doig@yopmail.com;1953-07-25
1892;Kittie;Jerold;Kittie.Jerold@yopmail.com;1934-09-07
1893;Adele;Bearnard;Adele.Bearnard@yopmail.com;2013-02-06
1894;Katuscha;Old;Katuscha.Old@yopmail.com;1917-10-25
1895;Melanie;Elisha;Melanie.Elisha@yopmail.com;1903-03-14
1896;Clarice;Odell;Clarice.Odell@yopmail.com;1923-05-18
1897;Tatiania;Monk;Tatiania.Monk@yopmail.com;1984-04-17
1898;Mary;Engdahl;Mary.Engdahl@yopmail.com;2019-03-28
1899;Zia;Chem;Zia.Chem@yopmail.com;1909-03-19
1900;Hannis;Parsaye;Hannis.Parsaye@yopmail.com;1940-07-18
1901;Averyl;Schwejda;Averyl.Schwejda@yopmail.com;1979-09-26
1902;Rhoda;Anis;Rhoda.Anis@yopmail.com;1900-10-07
1903;Marguerite;Pillsbury;Marguerite.Pillsbury@yopmail.com;1984-06-13
1904;Blinni;Saint;Blinni.Saint@yopmail.com;1976-03-25
1905;Karena;Brunell;Karena.Brunell@yopmail.com;1924-06-22
1906;Christal;Saunderson;Christal.Saunderson@yopmail.com;1965-03-12
1907;Bernie;Tamar;Bernie.Tamar@yopmail.com;1903-02-09
1908;Sherrie;Raseda;Sherrie.Raseda@yopmail.com;1920-09-18
1909;Karlee;Olympium;Karlee.Olympium@yopmail.com;1911-02-04
1910;Catrina;Buffum;Catrina.Buffum@yopmail.com;1921-02-23
1911;Tilly;Faria;Tilly.Faria@yopmail.com;1901-05-26
1912;Keelia;Odell;Keelia.Odell@yopmail.com;2015-03-18
1913;Brana;Rossner;Brana.Rossner@yopmail.com;1938-06-16
1914;Rosene;Vorster;Rosene.Vorster@yopmail.com;1977-11-07
1915;Desirae;Vivle;Desirae.Vivle@yopmail.com;1973-05-31
1916;Gaylene;Concha;Gaylene.Concha@yopmail.com;1907-10-30
1917;Augustine;Ciro;Augustine.Ciro@yopmail.com;1981-04-11
1918;Joeann;Yate;Joeann.Yate@yopmail.com;1900-09-28
1919;Marcy;Zamora;Marcy.Zamora@yopmail.com;1922-02-24
1920;Sean;Monaco;Sean.Monaco@yopmail.com;1918-08-21
1921;Elbertina;Janith;Elbertina.Janith@yopmail.com;2004-11-02
1922;Nataline;Revkah;Nataline.Revkah@yopmail.com;2015-12-11
1923;Lolita;Margarete;Lolita.Margarete@yopmail.com;1901-04-13
1924;Raf;Maiah;Raf.Maiah@yopmail.com;1960-04-28
1925;Lila;Manolo;Lila.Manolo@yopmail.com;1931-08-03
1926;Kara-Lynn;Lareena;Kara-Lynn.Lareena@yopmail.com;1970-11-25
1927;Zsa Zsa;Uird;Zsa Zsa.Uird@yopmail.com;1996-10-14
1928;Ermengarde;Bendick;Ermengarde.Bendick@yopmail.com;1994-05-03
1929;Blinni;Dorine;Blinni.Dorine@yopmail.com;1951-08-23
1930;Ashlee;Warthman;Ashlee.Warthman@yopmail.com;1964-04-27
1931;Kate;Terencio;Kate.Terencio@yopmail.com;1922-07-31
1932;Barbara;Abernon;Barbara.Abernon@yopmail.com;1905-06-11
1933;Georgetta;Devlen;Georgetta.Devlen@yopmail.com;1990-09-01
1934;Bertine;Alejoa;Bertine.Alejoa@yopmail.com;1915-05-05
1935;Althea;Ruvolo;Althea.Ruvolo@yopmail.com;1987-10-24
1936;Corry;Pyle;Corry.Pyle@yopmail.com;1989-03-27
1937;Evaleen;Kunin;Evaleen.Kunin@yopmail.com;1975-11-30
1938;Chere;Ellord;Chere.Ellord@yopmail.com;2000-04-20
1939;Dari;Winnick;Dari.Winnick@yopmail.com;1968-03-15
1940;Tarra;Smitt;Tarra.Smitt@yopmail.com;1914-08-13
1941;Lucille;Korey;Lucille.Korey@yopmail.com;1986-06-03
1942;Janey;Jacqui;Janey.Jacqui@yopmail.com;1944-06-19
1943;Dagmar;Stanwood;Dagmar.Stanwood@yopmail.com;1998-03-25
1944;Vonny;Radu;Vonny.Radu@yopmail.com;2008-01-17
1945;Coral;Kussell;Coral.Kussell@yopmail.com;1991-05-23
1946;Ketti;Sacken;Ketti.Sacken@yopmail.com;1953-12-31
1947;Elie;McGrody;Elie.McGrody@yopmail.com;1983-09-11
1948;Roberta;Janith;Roberta.Janith@yopmail.com;2018-08-08
1949;Edyth;Eben;Edyth.Eben@yopmail.com;1955-02-23
1950;Peri;Bahr;Peri.Bahr@yopmail.com;1916-01-11
1951;Brynna;Rheingold;Brynna.Rheingold@yopmail.com;1929-03-16
1952;Kial;Alrich;Kial.Alrich@yopmail.com;1947-01-06
1953;Coral;Horan;Coral.Horan@yopmail.com;1976-05-10
1954;Frieda;Anastatius;Frieda.Anastatius@yopmail.com;1985-12-02
1955;Sam;Concha;Sam.Concha@yopmail.com;1934-10-14
1956;Wilma;Ledah;Wilma.Ledah@yopmail.com;2019-10-07
1957;Lynnea;McGrody;Lynnea.McGrody@yopmail.com;1932-12-31
1958;Dawn;Ellord;Dawn.Ellord@yopmail.com;1925-11-25
1959;Orsola;Baptlsta;Orsola.Baptlsta@yopmail.com;1996-06-21
1960;Betta;Etom;Betta.Etom@yopmail.com;1947-05-27
1961;Kathi;Hutchison;Kathi.Hutchison@yopmail.com;1945-09-25
1962;Dianemarie;Brandice;Dianemarie.Brandice@yopmail.com;1997-09-03
1963;Lorne;Daniele;Lorne.Daniele@yopmail.com;1903-01-18
1964;Angela;Harriman;Angela.Harriman@yopmail.com;1920-07-21
1965;Doro;Robertson;Doro.Robertson@yopmail.com;1968-11-07
1966;Ketti;Nisbet;Ketti.Nisbet@yopmail.com;2016-08-15
1967;Alex;Kimmie;Alex.Kimmie@yopmail.com;1984-06-12
1968;Fina;Boehike;Fina.Boehike@yopmail.com;1917-09-17
1969;Selia;Pelagias;Selia.Pelagias@yopmail.com;2000-07-30
1970;Lorie;Colyer;Lorie.Colyer@yopmail.com;1989-01-14
1971;Yolane;Sophronia;Yolane.Sophronia@yopmail.com;1983-03-24
1972;Gusty;Brian;Gusty.Brian@yopmail.com;1967-12-27
1973;Alexine;Alisia;Alexine.Alisia@yopmail.com;1924-12-12
1974;Ezmeralda;Faro;Ezmeralda.Faro@yopmail.com;1993-04-12
1975;Merle;McCutcheon;Merle.McCutcheon@yopmail.com;2011-01-31
1976;Carmencita;Danby;Carmencita.Danby@yopmail.com;1917-01-05
1977;Aurore;Westphal;Aurore.Westphal@yopmail.com;1992-11-16
1978;Kial;Faso;Kial.Faso@yopmail.com;1969-04-16
1979;Joy;Pierette;Joy.Pierette@yopmail.com;1937-12-12
1980;Lesly;Gahl;Lesly.Gahl@yopmail.com;1936-08-26
1981;Hyacinthe;Cynar;Hyacinthe.Cynar@yopmail.com;2005-03-01
1982;Melanie;Ade;Melanie.Ade@yopmail.com;1908-01-08
1983;Krystle;Baptlsta;Krystle.Baptlsta@yopmail.com;1978-04-12
1984;Audrie;Lanita;Audrie.Lanita@yopmail.com;1999-12-14
1985;Charlena;Goth;Charlena.Goth@yopmail.com;2014-06-07
1986;Neila;Telfer;Neila.Telfer@yopmail.com;1953-05-01
1987;Ebonee;Dearborn;Ebonee.Dearborn@yopmail.com;1910-09-19
1988;Emylee;Alexandr;Emylee.Alexandr@yopmail.com;1933-02-21
1989;Sara-Ann;Lumbard;Sara-Ann.Lumbard@yopmail.com;1930-03-28
1990;Hermione;Forrer;Hermione.Forrer@yopmail.com;1941-10-26
1991;Sallie;Colyer;Sallie.Colyer@yopmail.com;2012-06-04
1992;Gretal;Cherianne;Gretal.Cherianne@yopmail.com;1957-06-17
1993;Grier;Flyn;Grier.Flyn@yopmail.com;1946-07-07
1994;Donnie;Gilbertson;Donnie.Gilbertson@yopmail.com;1963-03-19
1995;Dania;Donoghue;Dania.Donoghue@yopmail.com;1904-02-04
1996;Giustina;Grayce;Giustina.Grayce@yopmail.com;1997-01-16
1997;Damaris;Grimbly;Damaris.Grimbly@yopmail.com;1972-12-15
1998;Mireielle;Kress;Mireielle.Kress@yopmail.com;1934-08-10
1999;Elsie;Roumell;Elsie.Roumell@yopmail.com;1920-05-31