id;firstname;lastname;email;Field Name
1000;Lulita;Shaver;Lulita.Shaver@yopmail.com;1988-07-11
1001;Gabi;Neva;Gabi.Neva@yopmail.com;2010-08-13
1002;Keelia;Ferino;Keelia.Ferino@yopmail.com;1942-08-16
1003;Brynna;Gavrila;Brynna.Gavrila@yopmail.com;1915-09-27
1004;Rori;Kesley;Rori.Kesley@yopmail.com;1957-09-05
1005;Ardys;Stevy;Ardys.Stevy@yopmail.com;1975-01-27
1006;Tabbatha;Infield;Tabbatha.Infield@yopmail.com;1993-10-09
1007;Jacenta;Edee;Jacenta.Edee@yopmail.com;1966-01-25
1008;Mahalia;Vernier;Mahalia.Vernier@yopmail.com;1927-03-18
1009;Frieda;Howlyn;Frieda.Howlyn@yopmail.com;1954-08-12
1010;Orelia;Brady;Orelia.Brady@yopmail.com;1979-11-11
1011;Gilda;Frendel;Gilda.Frendel@yopmail.com;1994-08-10
1012;Myriam;Jagir;Myriam.Jagir@yopmail.com;1969-09-08
1013;Jordan;Hessler;Jordan.Hessler@yopmail.com;1910-09-24
1014;Ericka;Chesna;Ericka.Chesna@yopmail.com;1991-11-13
1015;Diena;Bennie;Diena.Bennie@yopmail.com;1975-05-13
1016;Christal;Granoff;Christal.Granoff@yopmail.com;1961-05-09
1017;Britte;Nadia;Britte.Nadia@yopmail.com;1989-04-05
1018;Bobbi;Kauppi;Bobbi.Kauppi@yopmail.com;1913-07-08
1019;Juliane;Candy;Juliane.Candy@yopmail.com;1961-07-22
1020;Letizia;Delila;Letizia.Delila@yopmail.com;1933-12-25
1021;Lyssa;Hoban;Lyssa.Hoban@yopmail.com;1924-04-05
1022;Hallie;Melleta;Hallie.Melleta@yopmail.com;1930-10-26
1023;Fidelia;Sandye;Fidelia.Sandye@yopmail.com;1991-12-20
1024;Vinita;Bivins;Vinita.Bivins@yopmail.com;1991-04-18
1025;Demetris;Prober;Demetris.Prober@yopmail.com;1939-11-20
1026;Carly;Janith;Carly.Janith@yopmail.com;1941-10-29
1027;Gusty;Adlare;Gusty.Adlare@yopmail.com;1912-06-25
1028;Rosene;Brackely;Rosene.Brackely@yopmail.com;1980-11-27
1029;Carilyn;Geffner;Carilyn.Geffner@yopmail.com;1984-04-16
1030;Quintina;Randene;Quintina.Randene@yopmail.com;1922-08-03
1031;Drucie;Honoria;Drucie.Honoria@yopmail.com;1960-08-12
1032;Claresta;Raimondo;Claresta.Raimondo@yopmail.com;1916-06-25
1033;Robbi;Yate;Robbi.Yate@yopmail.com;1999-01-23
1034;Harmonia;Lanita;Harmonia.Lanita@yopmail.com;1986-09-17
1035;Bill;Marijo;Bill.Marijo@yopmail.com;1929-03-28
1036;Candy;Joeann;Candy.Joeann@yopmail.com;2003-05-12
1037;Tamqrah;Mata;Tamqrah.Mata@yopmail.com;1955-09-27
1038;Sarette;Standing;Sarette.Standing@yopmail.com;1964-01-26
1039;Demetris;Mallon;Demetris.Mallon@yopmail.com;2012-03-01
1040;Sashenka;Grimbly;Sashenka.Grimbly@yopmail.com;1980-09-13
1041;Doro;Smitt;Doro.Smitt@yopmail.com;1954-11-11
1042;Randa;Secrest;Randa.Secrest@yopmail.com;1949-11-05
1043;Tabbatha;Frodi;Tabbatha.Frodi@yopmail.com;2000-04-11
1044;Maisey;Cohdwell;Maisey.Cohdwell@yopmail.com;2003-09-07
1045;Emmey;Halla;Emmey.Halla@yopmail.com;1963-05-30
1046;Shauna;Kaja;Shauna.Kaja@yopmail.com;1978-12-26
1047;Rhea;Dorothy;Rhea.Dorothy@yopmail.com;1939-06-13
1048;Hermione;Orpah;Hermione.Orpah@yopmail.com;2019-06-27
1049;Wanda;Byrne;Wanda.Byrne@yopmail.com;1997-08-26
1050;Doro;Trace;Doro.Trace@yopmail.com;1915-07-25
1051;Marita;Fillbert;Marita.Fillbert@yopmail.com;1991-05-28
1052;Aryn;Adalbert;Aryn.Adalbert@yopmail.com;1913-09-17
1053;Valeda;Morehouse;Valeda.Morehouse@yopmail.com;1909-08-09
1054;Roseline;Grayce;Roseline.Grayce@yopmail.com;2006-04-06
1055;Clementine;Jorgan;Clementine.Jorgan@yopmail.com;1945-06-08
1056;Peri;Japeth;Peri.Japeth@yopmail.com;1935-05-22
1057;Janenna;Caitlin;Janenna.Caitlin@yopmail.com;1971-07-04
1058;Adriana;Crudden;Adriana.Crudden@yopmail.com;1929-12-08
1059;Hettie;Ruvolo;Hettie.Ruvolo@yopmail.com;1913-10-10
1060;Hallie;Roumell;Hallie.Roumell@yopmail.com;1921-10-29
1061;Leona;Noelyn;Leona.Noelyn@yopmail.com;1924-08-03
1062;Kirstin;Chobot;Kirstin.Chobot@yopmail.com;1996-04-03
1063;Ermengarde;Germann;Ermengarde.Germann@yopmail.com;1968-02-15
1064;Bee;Manolo;Bee.Manolo@yopmail.com;1942-01-21
1065;Rhea;Lilas;Rhea.Lilas@yopmail.com;1955-10-15
1066;Kellen;Fiann;Kellen.Fiann@yopmail.com;2011-08-21
1067;Bee;Reinke;Bee.Reinke@yopmail.com;2018-11-07
1068;Kimberley;Othilia;Kimberley.Othilia@yopmail.com;1911-02-06
1069;Konstance;Christal;Konstance.Christal@yopmail.com;1907-07-17
1070;Emmey;Mullane;Emmey.Mullane@yopmail.com;1967-04-18
1071;Mathilda;Georas;Mathilda.Georas@yopmail.com;1900-01-08
1072;Nariko;Jeanne;Nariko.Jeanne@yopmail.com;1972-08-09
1073;Louella;Creamer;Louella.Creamer@yopmail.com;1961-04-13
1074;Aigneis;Trey;Aigneis.Trey@yopmail.com;1977-01-04
1075;Carlie;Mauer;Carlie.Mauer@yopmail.com;1907-01-28
1076;Deloria;Hertzfeld;Deloria.Hertzfeld@yopmail.com;1900-12-20
1077;Ernesta;Fulmer;Ernesta.Fulmer@yopmail.com;1996-05-27
1078;Renie;Leler;Renie.Leler@yopmail.com;1939-10-28
1079;Hayley;Cressida;Hayley.Cressida@yopmail.com;2009-11-05
1080;Ebonee;Francene;Ebonee.Francene@yopmail.com;1938-09-20
1081;Barbara;Hanshaw;Barbara.Hanshaw@yopmail.com;1991-05-02
1082;Lacie;Longfellow;Lacie.Longfellow@yopmail.com;1956-09-23
1083;Blinni;Wooster;Blinni.Wooster@yopmail.com;1958-07-04
1084;Nita;Bevin;Nita.Bevin@yopmail.com;1977-08-11
1085;Lynea;Callista;Lynea.Callista@yopmail.com;1930-03-05
1086;Antonietta;Johnsson;Antonietta.Johnsson@yopmail.com;1967-04-10
1087;Dorothy;Ade;Dorothy.Ade@yopmail.com;2002-11-06
1088;Bibby;Raimondo;Bibby.Raimondo@yopmail.com;1943-05-29
1089;Dione;Pearse;Dione.Pearse@yopmail.com;1910-07-28
1090;Kelly;Gwenore;Kelly.Gwenore@yopmail.com;1935-03-19
1091;Stacey;Loleta;Stacey.Loleta@yopmail.com;1929-06-05
1092;Christian;Nedrud;Christian.Nedrud@yopmail.com;2015-06-03
1093;Randa;Sinegold;Randa.Sinegold@yopmail.com;1963-04-14
1094;Aeriela;Bettine;Aeriela.Bettine@yopmail.com;1966-03-21
1095;Jessy;Goddard;Jessy.Goddard@yopmail.com;2002-12-30
1096;Olivette;Tice;Olivette.Tice@yopmail.com;1999-03-09
1097;Ninnetta;Georgy;Ninnetta.Georgy@yopmail.com;2011-02-19
1098;Wilma;McAdams;Wilma.McAdams@yopmail.com;2001-01-05
1099;Aurore;Solitta;Aurore.Solitta@yopmail.com;1966-10-14
1100;Kristina;Yerkovich;Kristina.Yerkovich@yopmail.com;1914-05-08
1101;Dale;Florina;Dale.Florina@yopmail.com;1932-11-10
1102;Wendi;Urania;Wendi.Urania@yopmail.com;1987-06-09
1103;Binny;Francyne;Binny.Francyne@yopmail.com;2016-12-12
1104;Caritta;Hull;Caritta.Hull@yopmail.com;1928-11-06
1105;Jessy;Vittoria;Jessy.Vittoria@yopmail.com;1903-06-23
1106;Judy;Schenck;Judy.Schenck@yopmail.com;1970-10-26
1107;Darlleen;Earlie;Darlleen.Earlie@yopmail.com;1994-09-23
1108;Teriann;Pip;Teriann.Pip@yopmail.com;1972-03-14
1109;Tina;Lory;Tina.Lory@yopmail.com;1902-06-07
1110;Gale;Bohlin;Gale.Bohlin@yopmail.com;1964-01-27
1111;Lenna;Ursulette;Lenna.Ursulette@yopmail.com;2014-11-30
1112;Mallory;Nahum;Mallory.Nahum@yopmail.com;1919-11-19
1113;Dominga;Kosey;Dominga.Kosey@yopmail.com;2018-05-30
1114;Sindee;Sisile;Sindee.Sisile@yopmail.com;1976-01-11
1115;Flo;Toni;Flo.Toni@yopmail.com;1909-04-26
1116;Tabbatha;Lauraine;Tabbatha.Lauraine@yopmail.com;1956-01-24
1117;Eadie;Jena;Eadie.Jena@yopmail.com;1986-05-25
1118;Madeleine;Hepsibah;Madeleine.Hepsibah@yopmail.com;1985-12-10
1119;Silvana;Lalitta;Silvana.Lalitta@yopmail.com;1975-06-25
1120;Chere;Noam;Chere.Noam@yopmail.com;1943-03-02
1121;Nerta;Stevy;Nerta.Stevy@yopmail.com;1905-10-11
1122;Elka;Si;Elka.Si@yopmail.com;1975-02-06
1123;Ermengarde;Gilmour;Ermengarde.Gilmour@yopmail.com;1940-11-21
1124;Jolyn;Auberbach;Jolyn.Auberbach@yopmail.com;1951-08-13
1125;Lory;Radu;Lory.Radu@yopmail.com;1933-10-31
1126;Odessa;Daniele;Odessa.Daniele@yopmail.com;1999-05-06
1127;Chrystel;Ardeha;Chrystel.Ardeha@yopmail.com;1990-01-13
1128;Juliane;Vale;Juliane.Vale@yopmail.com;1913-12-06
1129;Sissy;Haldas;Sissy.Haldas@yopmail.com;1919-09-09
1130;Berta;Naor;Berta.Naor@yopmail.com;1953-05-02
1131;Binny;Hollingsworth;Binny.Hollingsworth@yopmail.com;1964-12-16
1132;Stacey;Kelula;Stacey.Kelula@yopmail.com;1948-11-05
1133;Phylis;Concha;Phylis.Concha@yopmail.com;1967-03-21
1134;Orsola;Bollay;Orsola.Bollay@yopmail.com;1983-12-28
1135;Brynna;Persse;Brynna.Persse@yopmail.com;1944-01-11
1136;Viki;Ajay;Viki.Ajay@yopmail.com;2017-01-13
1137;Abbie;Douglass;Abbie.Douglass@yopmail.com;1948-04-01
1138;Moyna;Pandolfi;Moyna.Pandolfi@yopmail.com;1903-04-29
1139;Di;Robertson;Di.Robertson@yopmail.com;1975-02-14
1140;Millie;Juan;Millie.Juan@yopmail.com;1970-09-14
1141;Debee;Hoenack;Debee.Hoenack@yopmail.com;1992-01-02
1142;Brynna;Fax;Brynna.Fax@yopmail.com;1959-05-24
1143;Annice;Georas;Annice.Georas@yopmail.com;1979-12-26
1144;Livvyy;Joeann;Livvyy.Joeann@yopmail.com;1950-12-02
1145;Lisette;Thar;Lisette.Thar@yopmail.com;1922-11-16
1146;Sam;Yerkovich;Sam.Yerkovich@yopmail.com;2008-05-06
1147;Estell;Evangelia;Estell.Evangelia@yopmail.com;2017-07-25
1148;Stephanie;Primalia;Stephanie.Primalia@yopmail.com;1927-08-11
1149;Antonietta;Waldron;Antonietta.Waldron@yopmail.com;1941-10-14
1150;Pollyanna;Read;Pollyanna.Read@yopmail.com;1954-05-26
1151;Elfreda;Greyson;Elfreda.Greyson@yopmail.com;2006-05-02
1152;Nerta;Randene;Nerta.Randene@yopmail.com;2001-01-04
1153;Mariann;Hanshaw;Mariann.Hanshaw@yopmail.com;1909-03-16
1154;Kaia;Quent;Kaia.Quent@yopmail.com;2005-10-22
1155;Zia;Bari;Zia.Bari@yopmail.com;1984-12-18
1156;Camile;Riva;Camile.Riva@yopmail.com;1927-06-13
1157;Zia;Colp;Zia.Colp@yopmail.com;1962-07-06
1158;Fred;Vacuva;Fred.Vacuva@yopmail.com;1989-11-24
1159;Emilia;Hedve;Emilia.Hedve@yopmail.com;2008-04-08
1160;Christy;Chaing;Christy.Chaing@yopmail.com;2017-10-30
1161;Clementine;Shirberg;Clementine.Shirberg@yopmail.com;1929-10-12
1162;Belva;Diogenes;Belva.Diogenes@yopmail.com;1972-03-13
1163;Tersina;Obed;Tersina.Obed@yopmail.com;2003-07-21
1164;Dagmar;O'Rourke;Dagmar.O'Rourke@yopmail.com;1947-10-05
1165;Nita;Quinn;Nita.Quinn@yopmail.com;1956-06-03
1166;Margette;Astra;Margette.Astra@yopmail.com;1939-05-16
1167;Maisey;Pearse;Maisey.Pearse@yopmail.com;1910-10-02
1168;Renie;Concha;Renie.Concha@yopmail.com;1912-09-25
1169;Tera;Salvidor;Tera.Salvidor@yopmail.com;1987-12-17
1170;Alleen;Emmy;Alleen.Emmy@yopmail.com;1903-03-28
1171;Florie;Meter;Florie.Meter@yopmail.com;1904-12-26
1172;Lory;Edmund;Lory.Edmund@yopmail.com;1967-04-27
1173;Belva;Georgy;Belva.Georgy@yopmail.com;2018-09-23
1174;Norine;Mike;Norine.Mike@yopmail.com;1974-03-03
1175;Romona;Arquit;Romona.Arquit@yopmail.com;1986-08-04
1176;Lusa;Ackerley;Lusa.Ackerley@yopmail.com;1962-03-25
1177;Ardenia;Berne;Ardenia.Berne@yopmail.com;1977-04-07
1178;Goldie;Krystle;Goldie.Krystle@yopmail.com;1901-02-02
1179;Tiffie;Tybald;Tiffie.Tybald@yopmail.com;2004-09-22
1180;Maisey;Jerold;Maisey.Jerold@yopmail.com;1941-12-06
1181;Dennie;Ventre;Dennie.Ventre@yopmail.com;1983-03-07
1182;Andree;Pattin;Andree.Pattin@yopmail.com;1922-07-18
1183;Kaia;Othilia;Kaia.Othilia@yopmail.com;1960-06-11
1184;Pollyanna;Zola;Pollyanna.Zola@yopmail.com;1945-07-19
1185;Susan;Presber;Susan.Presber@yopmail.com;1999-05-02
1186;Meg;Kinnard;Meg.Kinnard@yopmail.com;1989-04-06
1187;Joelly;Syd;Joelly.Syd@yopmail.com;1937-04-12
1188;Jenilee;Noam;Jenilee.Noam@yopmail.com;1902-06-29
1189;Jessy;Norrie;Jessy.Norrie@yopmail.com;1993-01-20
1190;Nanete;Florina;Nanete.Florina@yopmail.com;1916-06-18
1191;Britte;Garbe;Britte.Garbe@yopmail.com;1937-07-26
1192;Roz;Lalitta;Roz.Lalitta@yopmail.com;1988-04-04
1193;Ernesta;Nester;Ernesta.Nester@yopmail.com;1932-12-22
1194;Nanete;Leifeste;Nanete.Leifeste@yopmail.com;2007-02-06
1195;Meghann;Atcliffe;Meghann.Atcliffe@yopmail.com;1937-02-19
1196;Sidoney;Israeli;Sidoney.Israeli@yopmail.com;2003-04-19
1197;Lolita;Merna;Lolita.Merna@yopmail.com;1958-02-06
1198;Michaelina;Shirberg;Michaelina.Shirberg@yopmail.com;1954-01-09
1199;Roz;Stephie;Roz.Stephie@yopmail.com;1987-06-01
1200;Xylina;Friede;Xylina.Friede@yopmail.com;1915-09-14
1201;Augustine;Denis;Augustine.Denis@yopmail.com;1901-07-08
1202;Drucie;Willie;Drucie.Willie@yopmail.com;1947-08-15
1203;Melanie;Morgun;Melanie.Morgun@yopmail.com;1936-01-25
1204;Dode;Behre;Dode.Behre@yopmail.com;1932-06-19
1205;Gilda;Emmy;Gilda.Emmy@yopmail.com;1991-04-20
1206;Margarette;Gower;Margarette.Gower@yopmail.com;1966-04-19
1207;Rosanne;Aloise;Rosanne.Aloise@yopmail.com;2003-09-27
1208;Emma;Stuart;Emma.Stuart@yopmail.com;1997-09-14
1209;Jaclyn;Kesley;Jaclyn.Kesley@yopmail.com;2008-07-28
1210;Margarette;Hylan;Margarette.Hylan@yopmail.com;2016-09-15
1211;Hayley;Milde;Hayley.Milde@yopmail.com;1900-09-09
1212;Roxane;Gert;Roxane.Gert@yopmail.com;1986-12-21
1213;Charmaine;Carolin;Charmaine.Carolin@yopmail.com;1952-09-16
1214;Margarette;Hurley;Margarette.Hurley@yopmail.com;1905-01-15
1215;Johna;Donell;Johna.Donell@yopmail.com;1992-03-06
1216;Myriam;Sallyann;Myriam.Sallyann@yopmail.com;1916-08-15
1217;Elka;Virgin;Elka.Virgin@yopmail.com;1939-11-28
1218;Robbi;Sidonius;Robbi.Sidonius@yopmail.com;1946-09-27
1219;Rhoda;Buffum;Rhoda.Buffum@yopmail.com;1931-11-11
1220;Lizzie;Drus;Lizzie.Drus@yopmail.com;2000-09-29
1221;Teddie;Wareing;Teddie.Wareing@yopmail.com;1976-06-22
1222;Nickie;Hachmin;Nickie.Hachmin@yopmail.com;1973-08-20
1223;Natka;Madaih;Natka.Madaih@yopmail.com;1932-05-24
1224;Ingrid;Hirsch;Ingrid.Hirsch@yopmail.com;1929-07-27
1225;Kelly;Pandolfi;Kelly.Pandolfi@yopmail.com;1992-01-08
1226;Anallese;Linskey;Anallese.Linskey@yopmail.com;1932-07-04
1227;Penelopa;Wilkinson;Penelopa.Wilkinson@yopmail.com;1975-05-03
1228;Janey;Claudine;Janey.Claudine@yopmail.com;1937-02-24
1229;Verla;Penelopa;Verla.Penelopa@yopmail.com;1984-08-07
1230;Danny;Amasa;Danny.Amasa@yopmail.com;2006-05-02
1231;Constance;Quent;Constance.Quent@yopmail.com;2018-10-10
1232;Sallie;Izaak;Sallie.Izaak@yopmail.com;1912-04-11
1233;Edyth;Gavrila;Edyth.Gavrila@yopmail.com;2007-11-08
1234;Ariela;Pulsifer;Ariela.Pulsifer@yopmail.com;1986-07-20
1235;Marcelline;Edvard;Marcelline.Edvard@yopmail.com;1907-10-27
1236;Roslyn;Drisko;Roslyn.Drisko@yopmail.com;2005-10-02
1237;Melanie;Herrera;Melanie.Herrera@yopmail.com;1929-06-23
1238;Pollyanna;Stover;Pollyanna.Stover@yopmail.com;2018-01-28
1239;Babita;Gaal;Babita.Gaal@yopmail.com;1937-03-22
1240;Giustina;Maisey;Giustina.Maisey@yopmail.com;1927-01-20
1241;Ofilia;Jethro;Ofilia.Jethro@yopmail.com;1975-04-04
1242;Ericka;Helve;Ericka.Helve@yopmail.com;1947-01-27
1243;Genovera;Saunderson;Genovera.Saunderson@yopmail.com;1911-06-22
1244;Tori;Garlinda;Tori.Garlinda@yopmail.com;1923-04-03
1245;Nelle;Rona;Nelle.Rona@yopmail.com;1977-08-13
1246;Cam;Desai;Cam.Desai@yopmail.com;1960-11-15
1247;Dorothy;Corilla;Dorothy.Corilla@yopmail.com;1912-04-27
1248;Petronia;Drisko;Petronia.Drisko@yopmail.com;2005-04-30
1249;Gretal;Wenoa;Gretal.Wenoa@yopmail.com;1934-06-05
1250;Michaelina;Lia;Michaelina.Lia@yopmail.com;2019-07-21
1251;Brana;Thornburg;Brana.Thornburg@yopmail.com;2006-12-26
1252;Elmira;Mallon;Elmira.Mallon@yopmail.com;2003-08-27
1253;Marjie;Brittani;Marjie.Brittani@yopmail.com;1941-10-10
1254;Jany;Christine;Jany.Christine@yopmail.com;2018-06-03
1255;Lesly;Azeria;Lesly.Azeria@yopmail.com;1913-08-10
1256;Mireielle;Wilkinson;Mireielle.Wilkinson@yopmail.com;2014-04-06
1257;Camile;Yate;Camile.Yate@yopmail.com;1982-09-19
1258;Suzette;Raul;Suzette.Raul@yopmail.com;1943-01-03
1259;Edee;Pernick;Edee.Pernick@yopmail.com;1988-06-09
1260;Caritta;Camden;Caritta.Camden@yopmail.com;2014-05-04
1261;Melanie;Croix;Melanie.Croix@yopmail.com;2018-01-20
1262;Elbertina;Arquit;Elbertina.Arquit@yopmail.com;1929-11-23
1263;Cacilie;Luhe;Cacilie.Luhe@yopmail.com;1934-08-23
1264;Lorne;Merell;Lorne.Merell@yopmail.com;1986-08-26
1265;Nananne;Whittaker;Nananne.Whittaker@yopmail.com;1996-05-18
1266;Julieta;Martguerita;Julieta.Martguerita@yopmail.com;1984-11-24
1267;Edyth;Daveta;Edyth.Daveta@yopmail.com;1984-11-26
1268;Alex;Granoff;Alex.Granoff@yopmail.com;1959-07-12
1269;Mara;Suk;Mara.Suk@yopmail.com;2006-11-02
1270;Lacie;Berl;Lacie.Berl@yopmail.com;1927-10-22
1271;Sharlene;Nickola;Sharlene.Nickola@yopmail.com;1989-05-09
1272;Robinia;Noam;Robinia.Noam@yopmail.com;2010-12-28
1273;Kalina;Rona;Kalina.Rona@yopmail.com;1963-08-21
1274;Corina;Wolfgram;Corina.Wolfgram@yopmail.com;1910-07-20
1275;Starla;Haymes;Starla.Haymes@yopmail.com;1956-11-02
1276;Harrietta;Krystle;Harrietta.Krystle@yopmail.com;1944-04-14
1277;Benita;Delila;Benita.Delila@yopmail.com;1989-04-13
1278;Anica;Fry;Anica.Fry@yopmail.com;1940-08-29
1279;Carly;Cynar;Carly.Cynar@yopmail.com;1986-08-16
1280;Wynne;Natalia;Wynne.Natalia@yopmail.com;1925-03-05
1281;Cassandra;Ietta;Cassandra.Ietta@yopmail.com;1979-11-18
1282;Jere;Nore;Jere.Nore@yopmail.com;1934-10-29
1283;Tiffie;Modie;Tiffie.Modie@yopmail.com;1923-10-29
1284;Aigneis;Reneta;Aigneis.Reneta@yopmail.com;2008-07-04
1285;Camile;Montgomery;Camile.Montgomery@yopmail.com;1915-01-16
1286;Britte;Zaslow;Britte.Zaslow@yopmail.com;1937-02-10
1287;Siana;Himelman;Siana.Himelman@yopmail.com;2012-11-24
1288;Diena;Winthorpe;Diena.Winthorpe@yopmail.com;1924-05-05
1289;Marleah;Baudin;Marleah.Baudin@yopmail.com;1986-08-09
1290;Marylou;Bari;Marylou.Bari@yopmail.com;2001-08-29
1291;Emmey;Sherrie;Emmey.Sherrie@yopmail.com;1959-07-21
1292;Petronia;Havens;Petronia.Havens@yopmail.com;1967-08-10
1293;Millie;Jenness;Millie.Jenness@yopmail.com;1922-02-03
1294;Dode;Ader;Dode.Ader@yopmail.com;1942-05-20
1295;Morganica;Mayeda;Morganica.Mayeda@yopmail.com;1991-08-15
1296;Vanessa;Shirberg;Vanessa.Shirberg@yopmail.com;2018-03-08
1297;Merci;Hanleigh;Merci.Hanleigh@yopmail.com;2007-07-05
1298;Emelina;Belanger;Emelina.Belanger@yopmail.com;2012-02-15
1299;Sissy;Joseph;Sissy.Joseph@yopmail.com;1977-06-02
1300;Emelina;Danby;Emelina.Danby@yopmail.com;1941-06-08
1301;Libbie;Trey;Libbie.Trey@yopmail.com;1902-08-17
1302;Elvira;Posner;Elvira.Posner@yopmail.com;2015-07-12
1303;Nyssa;Monaco;Nyssa.Monaco@yopmail.com;1949-03-08
1304;Candy;Elephus;Candy.Elephus@yopmail.com;1939-09-19
1305;Mureil;Selway;Mureil.Selway@yopmail.com;1965-02-21
1306;Bobbi;Clie;Bobbi.Clie@yopmail.com;1979-04-06
1307;Tierney;Jagir;Tierney.Jagir@yopmail.com;1929-12-26
1308;Lindie;Stacy;Lindie.Stacy@yopmail.com;1922-06-06
1309;Edith;Palocz;Edith.Palocz@yopmail.com;2018-06-16
1310;Lory;Kat;Lory.Kat@yopmail.com;1984-01-20
1311;Steffane;Rozanna;Steffane.Rozanna@yopmail.com;1900-01-18
1312;Janis;Leopold;Janis.Leopold@yopmail.com;1956-03-13
1313;Nannie;Aldric;Nannie.Aldric@yopmail.com;1926-03-28
1314;Aurelie;Hoban;Aurelie.Hoban@yopmail.com;1944-09-24
1315;Berget;Yuille;Berget.Yuille@yopmail.com;1928-12-30
1316;Feliza;Kosey;Feliza.Kosey@yopmail.com;1990-11-03
1317;Ashlee;Evangelia;Ashlee.Evangelia@yopmail.com;1937-08-01
1318;Hope;Teryn;Hope.Teryn@yopmail.com;1920-03-19
1319;Dennie;Brandice;Dennie.Brandice@yopmail.com;1905-10-08
1320;Marti;Stuart;Marti.Stuart@yopmail.com;2007-12-30
1321;Netty;Gale;Netty.Gale@yopmail.com;1959-12-23
1322;Kirstin;Alarise;Kirstin.Alarise@yopmail.com;1943-03-08
1323;Gisela;Lacombe;Gisela.Lacombe@yopmail.com;2019-12-10
1324;Carly;Mintz;Carly.Mintz@yopmail.com;1981-05-15
1325;Lizzie;Raimondo;Lizzie.Raimondo@yopmail.com;1900-05-07
1326;Maridel;Lewes;Maridel.Lewes@yopmail.com;1962-11-23
1327;Olivette;Rhu;Olivette.Rhu@yopmail.com;1974-10-05
1328;Dode;Vharat;Dode.Vharat@yopmail.com;1917-05-17
1329;Grier;Secrest;Grier.Secrest@yopmail.com;1911-04-01
1330;Jobi;Cath;Jobi.Cath@yopmail.com;1920-10-22
1331;Norine;Suanne;Norine.Suanne@yopmail.com;1976-03-31
1332;Ronna;Armanda;Ronna.Armanda@yopmail.com;1920-05-04
1333;Angela;Gaynor;Angela.Gaynor@yopmail.com;1939-02-15
1334;Amalie;Henrie;Amalie.Henrie@yopmail.com;2013-07-07
1335;Shaine;Astra;Shaine.Astra@yopmail.com;1969-12-10
1336;Kaia;Schroth;Kaia.Schroth@yopmail.com;1947-10-02
1337;Marinna;Riva;Marinna.Riva@yopmail.com;2016-12-20
1338;Cam;Therine;Cam.Therine@yopmail.com;1907-02-04
1339;Edith;Ahab;Edith.Ahab@yopmail.com;1900-06-16
1340;Gloria;Egbert;Gloria.Egbert@yopmail.com;1936-11-07
1341;Pollyanna;Caitlin;Pollyanna.Caitlin@yopmail.com;1993-01-27
1342;Joeann;Adore;Joeann.Adore@yopmail.com;1947-01-04
1343;Karlee;Olin;Karlee.Olin@yopmail.com;1996-05-03
1344;Gilda;Cyrie;Gilda.Cyrie@yopmail.com;1986-09-30
1345;Christian;Lunsford;Christian.Lunsford@yopmail.com;1915-04-04
1346;Penelopa;Milde;Penelopa.Milde@yopmail.com;1994-08-06
1347;Joane;Tice;Joane.Tice@yopmail.com;1932-12-10
1348;Lorie;Kellby;Lorie.Kellby@yopmail.com;1928-07-04
1349;Chloris;Joseph;Chloris.Joseph@yopmail.com;1925-10-12
1350;Damaris;Sasnett;Damaris.Sasnett@yopmail.com;1901-04-06
1351;Miquela;Breed;Miquela.Breed@yopmail.com;2016-10-18
1352;Nariko;Daveta;Nariko.Daveta@yopmail.com;1980-10-22
1353;Valeda;Creamer;Valeda.Creamer@yopmail.com;2000-03-09
1354;Fernande;Breed;Fernande.Breed@yopmail.com;2007-10-16
1355;Sibella;Callista;Sibella.Callista@yopmail.com;1962-06-19
1356;Dania;Gaynor;Dania.Gaynor@yopmail.com;1963-07-21
1357;Ivett;Wesle;Ivett.Wesle@yopmail.com;1993-10-25
1358;Monika;Cath;Monika.Cath@yopmail.com;1995-08-27
1359;Rozele;Olympium;Rozele.Olympium@yopmail.com;1953-06-03
1360;Marsiella;Noman;Marsiella.Noman@yopmail.com;2007-01-21
1361;Penelopa;Dalli;Penelopa.Dalli@yopmail.com;1972-06-03
1362;Ottilie;Gwenore;Ottilie.Gwenore@yopmail.com;1985-02-11
1363;Darci;Oscar;Darci.Oscar@yopmail.com;1987-09-13
1364;Brooks;Ehrman;Brooks.Ehrman@yopmail.com;1929-08-05
1365;Kristan;Pulsifer;Kristan.Pulsifer@yopmail.com;1957-08-15
1366;Ingrid;Donoghue;Ingrid.Donoghue@yopmail.com;2007-09-18
1367;Joy;Ferino;Joy.Ferino@yopmail.com;1973-01-01
1368;Luci;Larochelle;Luci.Larochelle@yopmail.com;1918-12-28
1369;Merle;Kaete;Merle.Kaete@yopmail.com;2018-10-27
1370;Keelia;Arne;Keelia.Arne@yopmail.com;1934-01-24
1371;Desirae;Kalinda;Desirae.Kalinda@yopmail.com;1919-08-16
1372;Marline;Colbert;Marline.Colbert@yopmail.com;2007-04-28
1373;Alyda;Kenney;Alyda.Kenney@yopmail.com;1912-04-24
1374;Lorne;Markman;Lorne.Markman@yopmail.com;2009-12-31
1375;Maryellen;Merna;Maryellen.Merna@yopmail.com;1937-06-24
1376;Jackie;Pierette;Jackie.Pierette@yopmail.com;1995-05-08
1377;Pearline;Florina;Pearline.Florina@yopmail.com;1979-02-07
1378;Di;Kunin;Di.Kunin@yopmail.com;1930-09-16
1379;Kenna;Land;Kenna.Land@yopmail.com;1974-02-17
1380;Kate;Rosemary;Kate.Rosemary@yopmail.com;1922-10-18
1381;Belva;Bultman;Belva.Bultman@yopmail.com;1997-01-25
1382;Angela;Faso;Angela.Faso@yopmail.com;1922-10-17
1383;Claudina;Annabella;Claudina.Annabella@yopmail.com;1971-09-06
1384;Shel;Glovsky;Shel.Glovsky@yopmail.com;2002-08-29
1385;Gertrud;Helve;Gertrud.Helve@yopmail.com;1966-05-19
1386;Lynde;Mathilde;Lynde.Mathilde@yopmail.com;1943-03-31
1387;Harmonia;Dielu;Harmonia.Dielu@yopmail.com;2019-11-30
1388;Arabel;Stav;Arabel.Stav@yopmail.com;1950-03-31
1389;Gilligan;Darbie;Gilligan.Darbie@yopmail.com;1963-03-25
1390;Ivett;Ingra;Ivett.Ingra@yopmail.com;2002-10-22
1391;Mireielle;Olnee;Mireielle.Olnee@yopmail.com;2009-02-17
1392;Berta;Emanuel;Berta.Emanuel@yopmail.com;2003-06-22
1393;Allis;Klemperer;Allis.Klemperer@yopmail.com;1918-09-17
1394;Nickie;Aida;Nickie.Aida@yopmail.com;1991-02-23
1395;Jacquetta;Docilla;Jacquetta.Docilla@yopmail.com;1981-06-10
1396;Ruthe;Sekofski;Ruthe.Sekofski@yopmail.com;1985-04-26
1397;Kristan;Center;Kristan.Center@yopmail.com;1969-11-12
1398;Hallie;Philipp;Hallie.Philipp@yopmail.com;1954-11-06
1399;Lexine;Frendel;Lexine.Frendel@yopmail.com;1974-01-24
1400;Nita;Hermes;Nita.Hermes@yopmail.com;1922-01-26
1401;Starla;Ricki;Starla.Ricki@yopmail.com;1963-10-03
1402;Renie;Rugen;Renie.Rugen@yopmail.com;1985-09-07
1403;Celestyna;Lilas;Celestyna.Lilas@yopmail.com;1955-09-20
1404;Margette;Stover;Margette.Stover@yopmail.com;1914-08-16
1405;Willetta;Prouty;Willetta.Prouty@yopmail.com;1913-10-29
1406;Natka;Allare;Natka.Allare@yopmail.com;1915-09-02
1407;Chrystel;Hylan;Chrystel.Hylan@yopmail.com;1906-07-05
1408;Louella;Bari;Louella.Bari@yopmail.com;1927-09-19
1409;Kathy;Dorine;Kathy.Dorine@yopmail.com;1925-08-28
1410;Kenna;Delp;Kenna.Delp@yopmail.com;1954-02-01
1411;Emelina;Stav;Emelina.Stav@yopmail.com;1946-03-04
1412;Orelia;Earlie;Orelia.Earlie@yopmail.com;1965-11-24
1413;Devina;Alejoa;Devina.Alejoa@yopmail.com;1916-08-06
1414;Sindee;Nea;Sindee.Nea@yopmail.com;2016-02-01
1415;Lorenza;Allare;Lorenza.Allare@yopmail.com;1996-11-06
1416;Cathie;Wooster;Cathie.Wooster@yopmail.com;1970-02-14
1417;Gloria;Nunci;Gloria.Nunci@yopmail.com;1988-02-08
1418;Chickie;Leonard;Chickie.Leonard@yopmail.com;1935-04-20
1419;Halette;Gregrory;Halette.Gregrory@yopmail.com;1972-07-22
1420;Lorie;Gladstone;Lorie.Gladstone@yopmail.com;2005-10-27
1421;Christian;Shirberg;Christian.Shirberg@yopmail.com;1919-12-28
1422;Luci;Merriott;Luci.Merriott@yopmail.com;1909-09-16
1423;Deane;Kaete;Deane.Kaete@yopmail.com;1974-12-08
1424;Jessamyn;Jaylene;Jessamyn.Jaylene@yopmail.com;1903-11-22
1425;Bobinette;Estella;Bobinette.Estella@yopmail.com;2019-11-15
1426;Diena;Braun;Diena.Braun@yopmail.com;1993-08-29
1427;Celene;Rogerio;Celene.Rogerio@yopmail.com;1940-02-19
1428;Selma;Lay;Selma.Lay@yopmail.com;1998-07-06
1429;Kathy;Michella;Kathy.Michella@yopmail.com;1952-01-07
1430;Judy;Pelagias;Judy.Pelagias@yopmail.com;1995-03-27
1431;Lexine;Janith;Lexine.Janith@yopmail.com;2002-08-20
1432;Estell;Irmine;Estell.Irmine@yopmail.com;1950-09-20
1433;Dania;Lay;Dania.Lay@yopmail.com;1946-03-14
1434;Madeleine;Jarib;Madeleine.Jarib@yopmail.com;1906-04-30
1435;Shel;Juan;Shel.Juan@yopmail.com;2002-05-27
1436;Ira;Bultman;Ira.Bultman@yopmail.com;1908-08-22
1437;Di;Gavrila;Di.Gavrila@yopmail.com;1914-02-19
1438;Kenna;Arquit;Kenna.Arquit@yopmail.com;1906-11-04
1439;Jaime;Holtz;Jaime.Holtz@yopmail.com;1949-01-11
1440;Linzy;Pillsbury;Linzy.Pillsbury@yopmail.com;2010-06-18
1441;Tilly;Dawkins;Tilly.Dawkins@yopmail.com;1933-05-28
1442;Clarice;O'Carroll;Clarice.O'Carroll@yopmail.com;1956-08-12
1443;Isa;Prober;Isa.Prober@yopmail.com;2017-05-08
1444;Averyl;Iphlgenia;Averyl.Iphlgenia@yopmail.com;2003-10-13
1445;Carilyn;Adalbert;Carilyn.Adalbert@yopmail.com;1947-03-29
1446;Fidelia;Lubin;Fidelia.Lubin@yopmail.com;1919-10-01
1447;Yolane;Melan;Yolane.Melan@yopmail.com;1951-07-07
1448;Rhoda;Sinegold;Rhoda.Sinegold@yopmail.com;2008-11-19
1449;Dari;Sophronia;Dari.Sophronia@yopmail.com;2010-12-03
1450;Kate;Lattie;Kate.Lattie@yopmail.com;2008-10-28
1451;Nannie;Uird;Nannie.Uird@yopmail.com;1985-10-13
1452;Doro;Suzetta;Doro.Suzetta@yopmail.com;1991-09-01
1453;Alie;Roumell;Alie.Roumell@yopmail.com;1970-11-05
1454;Dede;Sidonius;Dede.Sidonius@yopmail.com;2012-04-28
1455;Shandie;Wind;Shandie.Wind@yopmail.com;1992-12-29
1456;Angelique;Devlen;Angelique.Devlen@yopmail.com;2016-11-16
1457;Christy;Kress;Christy.Kress@yopmail.com;2013-05-26
1458;Priscilla;Stoller;Priscilla.Stoller@yopmail.com;1971-12-14
1459;Madalyn;Rurik;Madalyn.Rurik@yopmail.com;1997-09-18
1460;Allis;Dermott;Allis.Dermott@yopmail.com;1955-04-19
1461;Jessy;Fitzsimmons;Jessy.Fitzsimmons@yopmail.com;1959-10-31
1462;Benita;Loring;Benita.Loring@yopmail.com;1903-12-06
1463;Fina;Jobi;Fina.Jobi@yopmail.com;2008-02-21
1464;Angela;Jalbert;Angela.Jalbert@yopmail.com;1916-05-21
1465;Jinny;Dunkin;Jinny.Dunkin@yopmail.com;1940-06-30
1466;Daune;Ledah;Daune.Ledah@yopmail.com;2003-02-17
1467;Lulita;Jacqui;Lulita.Jacqui@yopmail.com;1976-03-01
1468;Maryellen;Morrill;Maryellen.Morrill@yopmail.com;1909-12-02
1469;Perry;Heidt;Perry.Heidt@yopmail.com;2000-10-07
1470;Shaylyn;Kesley;Shaylyn.Kesley@yopmail.com;2008-09-01
1471;Sashenka;Kinnard;Sashenka.Kinnard@yopmail.com;1951-01-20
1472;Ebonee;Melony;Ebonee.Melony@yopmail.com;1969-07-24
1473;Carree;Bow;Carree.Bow@yopmail.com;1929-06-28
1474;Anestassia;Freddi;Anestassia.Freddi@yopmail.com;1995-01-21
1475;Tera;Adlare;Tera.Adlare@yopmail.com;1942-12-26
1476;Romona;Aurelio;Romona.Aurelio@yopmail.com;1987-04-22
1477;Siana;Karylin;Siana.Karylin@yopmail.com;1964-06-14
1478;Liana;Manolo;Liana.Manolo@yopmail.com;1943-04-12
1479;Karly;Taam;Karly.Taam@yopmail.com;1930-01-03
1480;Rhoda;Sheng;Rhoda.Sheng@yopmail.com;1961-06-21
1481;Atlanta;Kunin;Atlanta.Kunin@yopmail.com;1938-09-11
1482;Rhea;Gregrory;Rhea.Gregrory@yopmail.com;1998-09-25
1483;Shaine;Lamoree;Shaine.Lamoree@yopmail.com;2008-11-19
1484;Linet;Hanshaw;Linet.Hanshaw@yopmail.com;1950-12-21
1485;Jenda;Aida;Jenda.Aida@yopmail.com;1916-08-08
1486;Layla;Modie;Layla.Modie@yopmail.com;1955-10-21
1487;Tybie;Solitta;Tybie.Solitta@yopmail.com;2011-11-17
1488;Consuela;Kat;Consuela.Kat@yopmail.com;1993-08-31
1489;Tomasina;Argus;Tomasina.Argus@yopmail.com;1989-06-03
1490;Ileana;Seessel;Ileana.Seessel@yopmail.com;1967-07-11
1491;Sara-Ann;Santoro;Sara-Ann.Santoro@yopmail.com;1911-01-04
1492;Morganica;Killigrew;Morganica.Killigrew@yopmail.com;1994-08-14
1493;Caressa;Raychel;Caressa.Raychel@yopmail.com;1934-11-11
1494;Jenilee;Tristram;Jenilee.Tristram@yopmail.com;2010-02-16
1495;Kittie;Diogenes;Kittie.Diogenes@yopmail.com;1944-04-01
1496;Rosanne;Berl;Rosanne.Berl@yopmail.com;1918-05-12
1497;Arlina;Evvie;Arlina.Evvie@yopmail.com;1956-03-16
1498;Fred;Melleta;Fred.Melleta@yopmail.com;1959-04-17
1499;Karly;Pelagias;Karly.Pelagias@yopmail.com;1994-11-06
1500;Amelia;Tillford;Amelia.Tillford@yopmail.com;1919-03-01
1501;Johna;Raffo;Johna.Raffo@yopmail.com;1913-08-16
1502;Felice;Kellby;Felice.Kellby@yopmail.com;2009-04-21
1503;Arabel;Grobe;Arabel.Grobe@yopmail.com;2010-06-20
1504;Zsa Zsa;Carey;Zsa Zsa.Carey@yopmail.com;1911-11-08
1505;Kaja;Claudine;Kaja.Claudine@yopmail.com;2009-06-18
1506;Jerry;Corilla;Jerry.Corilla@yopmail.com;1936-10-22
1507;Shell;Sundin;Shell.Sundin@yopmail.com;1943-10-01
1508;Linzy;Orpah;Linzy.Orpah@yopmail.com;1969-05-23
1509;Caritta;Elvyn;Caritta.Elvyn@yopmail.com;1920-06-03
1510;Miquela;Eldrid;Miquela.Eldrid@yopmail.com;1921-03-28
1511;Zaria;Eugenia;Zaria.Eugenia@yopmail.com;1930-12-07
1512;Tobe;Tryck;Tobe.Tryck@yopmail.com;1922-07-03
1513;Sashenka;Carolin;Sashenka.Carolin@yopmail.com;1906-02-26
1514;Claresta;Hourigan;Claresta.Hourigan@yopmail.com;2015-03-18
1515;Modestia;Tybald;Modestia.Tybald@yopmail.com;1909-12-29
1516;Emilia;Jobi;Emilia.Jobi@yopmail.com;1952-03-24
1517;Keelia;Sperling;Keelia.Sperling@yopmail.com;1983-09-19
1518;Mary;Bettine;Mary.Bettine@yopmail.com;1967-05-29
1519;Britni;Johanna;Britni.Johanna@yopmail.com;1945-12-25
1520;Phedra;Cohdwell;Phedra.Cohdwell@yopmail.com;1989-08-27
1521;Elmira;Bashemeth;Elmira.Bashemeth@yopmail.com;1903-02-02
1522;Gwenneth;Loeb;Gwenneth.Loeb@yopmail.com;1932-08-31
1523;Jackie;Lay;Jackie.Lay@yopmail.com;1972-09-15
1524;Vita;Lane;Vita.Lane@yopmail.com;2015-12-03
1525;Jessamyn;Avi;Jessamyn.Avi@yopmail.com;1984-05-09
1526;Kathy;Simmonds;Kathy.Simmonds@yopmail.com;1938-07-28
1527;Ulrike;Prober;Ulrike.Prober@yopmail.com;1985-04-03
1528;Tabbatha;Seligman;Tabbatha.Seligman@yopmail.com;2004-02-11
1529;Nannie;Hamil;Nannie.Hamil@yopmail.com;1974-03-19
1530;Minda;Vittoria;Minda.Vittoria@yopmail.com;1953-07-12
1531;Marylou;Colp;Marylou.Colp@yopmail.com;1957-07-07
1532;Lusa;Allys;Lusa.Allys@yopmail.com;2007-06-10
1533;Sharlene;Pozzy;Sharlene.Pozzy@yopmail.com;1903-10-26
1534;Janis;Mike;Janis.Mike@yopmail.com;1912-12-24
1535;Carol-Jean;Malanie;Carol-Jean.Malanie@yopmail.com;1958-09-14
1536;Orsola;Johnsson;Orsola.Johnsson@yopmail.com;1956-01-20
1537;Annaliese;Tyson;Annaliese.Tyson@yopmail.com;1984-07-16
1538;Max;Nikaniki;Max.Nikaniki@yopmail.com;1931-02-19
1539;Kathi;Lanita;Kathi.Lanita@yopmail.com;1935-09-23
1540;Annecorinne;Sekofski;Annecorinne.Sekofski@yopmail.com;1971-02-21
1541;Farrah;Dudley;Farrah.Dudley@yopmail.com;1988-02-24
1542;Vere;Carlson;Vere.Carlson@yopmail.com;1935-11-27
1543;Silvana;Margret;Silvana.Margret@yopmail.com;1982-12-19
1544;Aili;Voletta;Aili.Voletta@yopmail.com;2006-08-18
1545;Collen;Poppy;Collen.Poppy@yopmail.com;1948-10-04
1546;Arlena;Pauly;Arlena.Pauly@yopmail.com;1919-02-26
1547;Donetta;McNully;Donetta.McNully@yopmail.com;1918-03-10
1548;Meg;Karna;Meg.Karna@yopmail.com;1995-07-29
1549;Inga;Timon;Inga.Timon@yopmail.com;1915-02-06
1550;Vevay;Nicoline;Vevay.Nicoline@yopmail.com;1941-01-23
1551;Tina;Vilma;Tina.Vilma@yopmail.com;2003-05-09
1552;Carree;Hortensia;Carree.Hortensia@yopmail.com;1998-04-09
1553;Chrystel;Germann;Chrystel.Germann@yopmail.com;2001-04-16
1554;Drucie;Cristi;Drucie.Cristi@yopmail.com;1915-02-10
1555;Moyna;Ranjiv;Moyna.Ranjiv@yopmail.com;1968-11-29
1556;Natka;Zrike;Natka.Zrike@yopmail.com;2019-05-29
1557;Elvira;MacIntosh;Elvira.MacIntosh@yopmail.com;1964-02-24
1558;Fidelia;Parsaye;Fidelia.Parsaye@yopmail.com;1994-11-19
1559;Kary;Zachary;Kary.Zachary@yopmail.com;1968-03-21
1560;Mallory;Hurley;Mallory.Hurley@yopmail.com;1970-06-19
1561;Rosaline;Gaulin;Rosaline.Gaulin@yopmail.com;1952-02-18
1562;Marguerite;Wareing;Marguerite.Wareing@yopmail.com;1922-12-19
1563;Renie;Liebermann;Renie.Liebermann@yopmail.com;2000-02-14
1564;Laure;Ardra;Laure.Ardra@yopmail.com;2015-10-13
1565;Renie;Eben;Renie.Eben@yopmail.com;1942-02-20
1566;Gretal;Hoban;Gretal.Hoban@yopmail.com;1953-03-05
1567;Bobbi;Lemuela;Bobbi.Lemuela@yopmail.com;1990-07-25
1568;Anallese;Lorain;Anallese.Lorain@yopmail.com;1952-12-10
1569;Marinna;Raffo;Marinna.Raffo@yopmail.com;2001-06-06
1570;Roslyn;Marden;Roslyn.Marden@yopmail.com;1977-02-03
1571;Gavrielle;Wolfgram;Gavrielle.Wolfgram@yopmail.com;1991-04-21
1572;Celene;Cosenza;Celene.Cosenza@yopmail.com;1971-09-03
1573;Elka;Dituri;Elka.Dituri@yopmail.com;1908-05-09
1574;Mallory;Malina;Mallory.Malina@yopmail.com;1905-08-16
1575;Kial;Prober;Kial.Prober@yopmail.com;1923-07-26
1576;Ricky;Grayce;Ricky.Grayce@yopmail.com;1961-05-28
1577;Darlleen;Shaddock;Darlleen.Shaddock@yopmail.com;1970-11-27
1578;Lyssa;Fitzsimmons;Lyssa.Fitzsimmons@yopmail.com;2017-04-21
1579;Henriette;Myrilla;Henriette.Myrilla@yopmail.com;1913-10-05
1580;Keelia;Beebe;Keelia.Beebe@yopmail.com;1920-02-07
1581;Misha;Garek;Misha.Garek@yopmail.com;1937-01-30
1582;Deane;Helfand;Deane.Helfand@yopmail.com;1907-10-28
1583;Ekaterina;Remmer;Ekaterina.Remmer@yopmail.com;1964-08-31
1584;Dominga;Poll;Dominga.Poll@yopmail.com;1901-09-25
1585;Yolane;Cleavland;Yolane.Cleavland@yopmail.com;1977-01-08
1586;Amara;Pernick;Amara.Pernick@yopmail.com;1968-07-08
1587;Raquela;Gilmour;Raquela.Gilmour@yopmail.com;1947-12-01
1588;Olwen;Quent;Olwen.Quent@yopmail.com;1982-02-17
1589;Georgina;Moseley;Georgina.Moseley@yopmail.com;1944-01-09
1590;Leona;Schwejda;Leona.Schwejda@yopmail.com;1967-11-23
1591;Melina;Toor;Melina.Toor@yopmail.com;2004-09-15
1592;Gratia;Trace;Gratia.Trace@yopmail.com;1966-11-14
1593;Bee;Arvo;Bee.Arvo@yopmail.com;1946-09-13
1594;Lanae;Helfand;Lanae.Helfand@yopmail.com;2005-11-19
1595;Merry;Franza;Merry.Franza@yopmail.com;1945-03-12
1596;Rosaline;Lail;Rosaline.Lail@yopmail.com;1964-03-09
1597;Millie;Lytton;Millie.Lytton@yopmail.com;1920-03-14
1598;Cyb;Corilla;Cyb.Corilla@yopmail.com;1906-12-25
1599;Kylynn;Ricki;Kylynn.Ricki@yopmail.com;1960-02-01
1600;Annora;Vastah;Annora.Vastah@yopmail.com;1916-12-15
1601;Catrina;Leonard;Catrina.Leonard@yopmail.com;2007-06-18
1602;Maud;Sidonius;Maud.Sidonius@yopmail.com;1962-07-17
1603;Ulrike;Kylander;Ulrike.Kylander@yopmail.com;2018-11-29
1604;Fredericka;Old;Fredericka.Old@yopmail.com;1989-04-16
1605;Willetta;Zaslow;Willetta.Zaslow@yopmail.com;1951-09-04
1606;Emmey;Lewes;Emmey.Lewes@yopmail.com;2019-01-01
1607;Carmela;Revkah;Carmela.Revkah@yopmail.com;2007-11-17
1608;Blake;Stoller;Blake.Stoller@yopmail.com;1914-03-30
1609;Elbertina;Odysseus;Elbertina.Odysseus@yopmail.com;1900-04-25
1610;Nollie;Old;Nollie.Old@yopmail.com;1974-12-06
1611;Paulita;Emmy;Paulita.Emmy@yopmail.com;1964-03-12
1612;Liana;Wadell;Liana.Wadell@yopmail.com;1920-08-04
1613;Cacilie;Berl;Cacilie.Berl@yopmail.com;2006-07-15
1614;Sara-Ann;Flita;Sara-Ann.Flita@yopmail.com;1959-02-19
1615;Alameda;Peonir;Alameda.Peonir@yopmail.com;1905-08-16
1616;Hermione;Magnolia;Hermione.Magnolia@yopmail.com;1996-10-02
1617;Lucille;Kosey;Lucille.Kosey@yopmail.com;1992-08-02
1618;Annabela;Helfand;Annabela.Helfand@yopmail.com;2015-03-13
1619;Bettine;Concha;Bettine.Concha@yopmail.com;2018-09-04
1620;Andree;Phi;Andree.Phi@yopmail.com;1985-08-12
1621;Tarra;Sherrie;Tarra.Sherrie@yopmail.com;1990-02-25
1622;Yvonne;Francene;Yvonne.Francene@yopmail.com;2011-10-27
1623;Verla;Jehu;Verla.Jehu@yopmail.com;1967-10-09
1624;Danika;Tillford;Danika.Tillford@yopmail.com;1996-03-25
1625;Laure;Emerson;Laure.Emerson@yopmail.com;1945-03-01
1626;Ida;Cavan;Ida.Cavan@yopmail.com;2003-03-17
1627;Molli;Philipp;Molli.Philipp@yopmail.com;1970-04-07
1628;Evaleen;Marden;Evaleen.Marden@yopmail.com;1988-05-29
1629;Vanessa;Lane;Vanessa.Lane@yopmail.com;1939-09-11
1630;Dione;Ralfston;Dione.Ralfston@yopmail.com;1986-11-07
1631;Melanie;Rugen;Melanie.Rugen@yopmail.com;1907-01-08
1632;Jenilee;Tice;Jenilee.Tice@yopmail.com;1925-11-23
1633;Joane;Marisa;Joane.Marisa@yopmail.com;1939-10-12
1634;Lila;Armanda;Lila.Armanda@yopmail.com;1978-12-22
1635;Annecorinne;Japeth;Annecorinne.Japeth@yopmail.com;1985-10-29
1636;Valli;Rodmann;Valli.Rodmann@yopmail.com;1939-10-15
1637;Deloria;Evangelia;Deloria.Evangelia@yopmail.com;2006-02-02
1638;Brooks;Lea;Brooks.Lea@yopmail.com;1982-01-27
1639;Kate;Llovera;Kate.Llovera@yopmail.com;1979-06-18
1640;Raina;Bouchard;Raina.Bouchard@yopmail.com;1931-01-23
1641;Gaylene;Ochs;Gaylene.Ochs@yopmail.com;1966-01-01
1642;Karena;Seumas;Karena.Seumas@yopmail.com;1907-05-05
1643;Dulcinea;Vacuva;Dulcinea.Vacuva@yopmail.com;1929-10-10
1644;Yvonne;Durware;Yvonne.Durware@yopmail.com;1932-04-05
1645;Rosene;Rudolph;Rosene.Rudolph@yopmail.com;1979-09-22
1646;Adriana;Phaidra;Adriana.Phaidra@yopmail.com;1913-04-10
1647;Jaclyn;Bergman;Jaclyn.Bergman@yopmail.com;2008-07-28
1648;Jeanna;Yerkovich;Jeanna.Yerkovich@yopmail.com;1914-08-26
1649;Bee;Sherrie;Bee.Sherrie@yopmail.com;1942-06-21
1650;Lynea;Sparhawk;Lynea.Sparhawk@yopmail.com;1944-02-23
1651;Fidelia;Strephon;Fidelia.Strephon@yopmail.com;2007-11-26
1652;Etta;Hylan;Etta.Hylan@yopmail.com;1963-12-10
1653;Blake;Wareing;Blake.Wareing@yopmail.com;1985-08-08
1654;Dulce;Tjon;Dulce.Tjon@yopmail.com;1927-12-08
1655;Flo;Tound;Flo.Tound@yopmail.com;2005-05-09
1656;Pamella;Toffic;Pamella.Toffic@yopmail.com;1928-10-14
1657;Chloris;Phaidra;Chloris.Phaidra@yopmail.com;1999-09-14
1658;Amelia;Norvol;Amelia.Norvol@yopmail.com;1925-07-24
1659;Christal;Maiah;Christal.Maiah@yopmail.com;1909-02-24
1660;Leanna;Wooster;Leanna.Wooster@yopmail.com;1993-11-08
1661;Bernardine;Darian;Bernardine.Darian@yopmail.com;1949-01-05
1662;Alleen;Sinegold;Alleen.Sinegold@yopmail.com;1954-03-20
1663;Gloria;Ochs;Gloria.Ochs@yopmail.com;1903-02-02
1664;Roz;Drus;Roz.Drus@yopmail.com;2013-11-18
1665;Kayla;Rozanna;Kayla.Rozanna@yopmail.com;2007-08-24
1666;Frieda;Toor;Frieda.Toor@yopmail.com;1968-10-25
1667;Sam;Alarise;Sam.Alarise@yopmail.com;1946-06-28
1668;Zia;Lea;Zia.Lea@yopmail.com;1943-02-25
1669;Max;Crudden;Max.Crudden@yopmail.com;1927-03-17
1670;Myrtice;Taima;Myrtice.Taima@yopmail.com;1971-05-06
1671;Lacie;Hoban;Lacie.Hoban@yopmail.com;1914-02-13
1672;Atlanta;Hillel;Atlanta.Hillel@yopmail.com;1978-05-03
1673;Sindee;Tarrant;Sindee.Tarrant@yopmail.com;1936-12-14
1674;Jaclyn;Dimitris;Jaclyn.Dimitris@yopmail.com;1960-12-14
1675;Estell;Ioab;Estell.Ioab@yopmail.com;1938-09-09
1676;Michaelina;Georgy;Michaelina.Georgy@yopmail.com;1928-05-21
1677;Belva;Shama;Belva.Shama@yopmail.com;1923-07-02
1678;Bobinette;Lutero;Bobinette.Lutero@yopmail.com;1942-12-05
1679;Agathe;Schwejda;Agathe.Schwejda@yopmail.com;1937-03-13
1680;Belinda;Oriana;Belinda.Oriana@yopmail.com;1943-11-04
1681;Dorthy;Read;Dorthy.Read@yopmail.com;1915-08-16
1682;Bobinette;Elsinore;Bobinette.Elsinore@yopmail.com;1950-02-10
1683;Ira;Drisko;Ira.Drisko@yopmail.com;1950-10-08
1684;Zaria;Amasa;Zaria.Amasa@yopmail.com;1905-03-31
1685;Georgetta;Drisko;Georgetta.Drisko@yopmail.com;1927-07-18
1686;Elise;Mayeda;Elise.Mayeda@yopmail.com;1934-09-12
1687;Miquela;Artie;Miquela.Artie@yopmail.com;1911-12-06
1688;Shel;Longfellow;Shel.Longfellow@yopmail.com;1951-08-07
1689;Deane;Bow;Deane.Bow@yopmail.com;1957-04-07
1690;Quintina;Wadell;Quintina.Wadell@yopmail.com;2016-11-06
1691;Norine;Land;Norine.Land@yopmail.com;1968-01-22
1692;Ethel;Travax;Ethel.Travax@yopmail.com;1909-05-09
1693;Zsa Zsa;Junie;Zsa Zsa.Junie@yopmail.com;1952-03-23
1694;Jessy;Jerold;Jessy.Jerold@yopmail.com;2017-04-28
1695;Phylis;Lymann;Phylis.Lymann@yopmail.com;1917-07-23
1696;Winny;Grayce;Winny.Grayce@yopmail.com;1961-06-29
1697;Allis;Lea;Allis.Lea@yopmail.com;2013-01-10
1698;Ayn;Ortrude;Ayn.Ortrude@yopmail.com;1900-09-25
1699;Karena;Haymes;Karena.Haymes@yopmail.com;1984-04-21
1700;Vita;Rudolph;Vita.Rudolph@yopmail.com;1903-07-03
1701;Ronna;Swigart;Ronna.Swigart@yopmail.com;1961-04-07
1702;Keelia;Isacco;Keelia.Isacco@yopmail.com;1944-05-11
1703;Lynea;Brotherson;Lynea.Brotherson@yopmail.com;1970-10-14
1704;Susan;Chobot;Susan.Chobot@yopmail.com;1998-04-29
1705;Livvyy;Catie;Livvyy.Catie@yopmail.com;1900-12-05
1706;Paulita;Middleton;Paulita.Middleton@yopmail.com;1963-10-30
1707;Debee;Ioab;Debee.Ioab@yopmail.com;1985-02-09
1708;Jan;Tengdin;Jan.Tengdin@yopmail.com;1944-05-24
1709;Brandise;Wenoa;Brandise.Wenoa@yopmail.com;1950-10-06
1710;Daune;Lucienne;Daune.Lucienne@yopmail.com;1946-03-18
1711;Raf;Freddi;Raf.Freddi@yopmail.com;1985-09-02
1712;Camile;Karylin;Camile.Karylin@yopmail.com;2007-05-30
1713;Jinny;Anyah;Jinny.Anyah@yopmail.com;1937-03-31
1714;Clementine;Suzetta;Clementine.Suzetta@yopmail.com;1905-12-17
1715;Adore;Dielu;Adore.Dielu@yopmail.com;1921-04-30
1716;Dagmar;Campball;Dagmar.Campball@yopmail.com;1952-07-01
1717;Merry;Ellerey;Merry.Ellerey@yopmail.com;1940-08-20
1718;June;Percy;June.Percy@yopmail.com;1990-12-21
1719;Layla;Constancy;Layla.Constancy@yopmail.com;1992-11-16
1720;Barbara;Lytton;Barbara.Lytton@yopmail.com;1963-11-24
1721;Ardeen;Chabot;Ardeen.Chabot@yopmail.com;2016-01-01
1722;Odessa;Pettiford;Odessa.Pettiford@yopmail.com;1945-01-13
1723;Valli;Gualtiero;Valli.Gualtiero@yopmail.com;1912-02-20
1724;Sherrie;Kristi;Sherrie.Kristi@yopmail.com;1945-10-11
1725;Teddie;Lindemann;Teddie.Lindemann@yopmail.com;1986-10-07
1726;Addia;Tengdin;Addia.Tengdin@yopmail.com;1980-10-25
1727;Lucille;Yoko;Lucille.Yoko@yopmail.com;2000-12-23
1728;Corry;Wildermuth;Corry.Wildermuth@yopmail.com;1988-04-01
1729;Hallie;O'Carroll;Hallie.O'Carroll@yopmail.com;1981-06-03
1730;Imojean;Belldas;Imojean.Belldas@yopmail.com;1992-01-06
1731;Sharai;Brady;Sharai.Brady@yopmail.com;1915-08-26
1732;Maryellen;Alabaster;Maryellen.Alabaster@yopmail.com;2003-12-03
1733;Ketti;Loleta;Ketti.Loleta@yopmail.com;1941-08-12
1734;Genovera;Halsey;Genovera.Halsey@yopmail.com;1942-07-02
1735;Magdalena;Dituri;Magdalena.Dituri@yopmail.com;1909-10-10
1736;Feliza;Rheingold;Feliza.Rheingold@yopmail.com;1988-07-01
1737;Fanchon;Means;Fanchon.Means@yopmail.com;2007-10-26
1738;Daphne;Nelsen;Daphne.Nelsen@yopmail.com;2011-04-23
1739;Angela;Flyn;Angela.Flyn@yopmail.com;1971-10-21
1740;Brietta;Aurelio;Brietta.Aurelio@yopmail.com;1979-02-07
1741;Leeanne;Wilkinson;Leeanne.Wilkinson@yopmail.com;1999-12-01
1742;Layla;Callista;Layla.Callista@yopmail.com;1925-06-17
1743;Penelopa;Zenas;Penelopa.Zenas@yopmail.com;1948-03-26
1744;Wilma;Chauncey;Wilma.Chauncey@yopmail.com;1928-10-23
1745;Dagmar;Donell;Dagmar.Donell@yopmail.com;2016-12-30
1746;Stacey;Harned;Stacey.Harned@yopmail.com;1962-01-20
1747;Sashenka;Dielu;Sashenka.Dielu@yopmail.com;1912-02-04
1748;Coral;Garlinda;Coral.Garlinda@yopmail.com;1966-03-05
1749;Kore;Ilka;Kore.Ilka@yopmail.com;1961-03-24
1750;Hannis;Gusella;Hannis.Gusella@yopmail.com;2018-03-25
1751;Elora;Marisa;Elora.Marisa@yopmail.com;1924-02-12
1752;Lita;Wind;Lita.Wind@yopmail.com;1911-12-08
1753;Deane;Greyson;Deane.Greyson@yopmail.com;1966-02-21
1754;Alleen;Goldina;Alleen.Goldina@yopmail.com;1914-06-28
1755;Meg;Hathaway;Meg.Hathaway@yopmail.com;1996-10-04
1756;Gratia;Esmaria;Gratia.Esmaria@yopmail.com;2015-11-21
1757;Belinda;Parsaye;Belinda.Parsaye@yopmail.com;1939-07-08
1758;Jemie;Smitt;Jemie.Smitt@yopmail.com;1985-11-28
1759;Dorice;Gaal;Dorice.Gaal@yopmail.com;1957-05-07
1760;Tori;Junie;Tori.Junie@yopmail.com;1994-02-07
1761;Elvira;Fax;Elvira.Fax@yopmail.com;1969-12-29
1762;Consuela;Wiener;Consuela.Wiener@yopmail.com;1900-04-26
1763;Joane;Kat;Joane.Kat@yopmail.com;1914-09-16
1764;Dagmar;Hull;Dagmar.Hull@yopmail.com;1928-02-11
1765;Layla;Granoff;Layla.Granoff@yopmail.com;1915-07-04
1766;Chloris;Constancy;Chloris.Constancy@yopmail.com;1918-04-08
1767;Jenilee;Bakerman;Jenilee.Bakerman@yopmail.com;2010-05-25
1768;Vanessa;Ajay;Vanessa.Ajay@yopmail.com;1998-10-08
1769;Glenda;Docilla;Glenda.Docilla@yopmail.com;1950-03-23
1770;Chloris;Garrison;Chloris.Garrison@yopmail.com;1962-06-17
1771;Meg;Eliathas;Meg.Eliathas@yopmail.com;1956-10-24
1772;Hannis;Carmena;Hannis.Carmena@yopmail.com;1905-06-27
1773;Cassandra;Ranjiv;Cassandra.Ranjiv@yopmail.com;1939-10-19
1774;Blinni;Junie;Blinni.Junie@yopmail.com;2008-05-13
1775;Cristabel;Durware;Cristabel.Durware@yopmail.com;1961-06-09
1776;Dennie;Lilybelle;Dennie.Lilybelle@yopmail.com;1995-05-06
1777;Cam;Adore;Cam.Adore@yopmail.com;1997-03-18
1778;Tami;Rozanna;Tami.Rozanna@yopmail.com;2013-05-27
1779;Kial;Daegal;Kial.Daegal@yopmail.com;1996-08-21
1780;Chastity;Shirberg;Chastity.Shirberg@yopmail.com;2018-11-10
1781;Janenna;Lilybelle;Janenna.Lilybelle@yopmail.com;2015-06-27
1782;Mamie;Saree;Mamie.Saree@yopmail.com;1941-11-12
1783;Kaja;Sprage;Kaja.Sprage@yopmail.com;1906-07-28
1784;Caryl;Ardeha;Caryl.Ardeha@yopmail.com;2016-06-03
1785;Kristan;Gert;Kristan.Gert@yopmail.com;2018-06-30
1786;Agnese;Fabiola;Agnese.Fabiola@yopmail.com;1940-10-13
1787;Nessie;Jaylene;Nessie.Jaylene@yopmail.com;1901-01-31
1788;Sharai;Kosey;Sharai.Kosey@yopmail.com;2003-02-10
1789;Zia;Gillan;Zia.Gillan@yopmail.com;1971-04-18
1790;Ann-Marie;Phi;Ann-Marie.Phi@yopmail.com;1998-11-30
1791;Dolli;Laurianne;Dolli.Laurianne@yopmail.com;1902-03-04
1792;Dorene;McCutcheon;Dorene.McCutcheon@yopmail.com;2004-05-17
1793;Zia;Francene;Zia.Francene@yopmail.com;1976-11-29
1794;Trixi;Etom;Trixi.Etom@yopmail.com;1901-02-24
1795;Alexine;Libna;Alexine.Libna@yopmail.com;2002-10-17
1796;Benita;Destinee;Benita.Destinee@yopmail.com;1964-11-21
1797;Tori;Merna;Tori.Merna@yopmail.com;1912-08-04
1798;Albertina;Kristi;Albertina.Kristi@yopmail.com;1953-12-23
1799;Quintina;Gwenore;Quintina.Gwenore@yopmail.com;1937-06-04
1800;Merci;Verger;Merci.Verger@yopmail.com;2008-07-09
1801;Cassondra;Ogren;Cassondra.Ogren@yopmail.com;2013-09-23
1802;Lita;Mandler;Lita.Mandler@yopmail.com;1990-03-10
1803;Felice;Chesna;Felice.Chesna@yopmail.com;1952-08-24
1804;Bernardine;Ethban;Bernardine.Ethban@yopmail.com;1949-06-03
1805;Queenie;Percy;Queenie.Percy@yopmail.com;2003-08-20
1806;Delilah;Fancie;Delilah.Fancie@yopmail.com;1926-11-07
1807;Tierney;Joli;Tierney.Joli@yopmail.com;1900-11-15
1808;Bernie;Hessler;Bernie.Hessler@yopmail.com;1914-01-09
1809;Heddie;Buffum;Heddie.Buffum@yopmail.com;2007-08-12
1810;Claudina;Isidore;Claudina.Isidore@yopmail.com;1957-01-25
1811;Annabela;Grobe;Annabela.Grobe@yopmail.com;1912-06-25
1812;Cristabel;Felizio;Cristabel.Felizio@yopmail.com;2003-02-14
1813;Sissy;Pandolfi;Sissy.Pandolfi@yopmail.com;2017-07-27
1814;Florie;Dawkins;Florie.Dawkins@yopmail.com;1954-01-11
1815;Karly;Arvo;Karly.Arvo@yopmail.com;1947-02-09
1816;Kary;Hubert;Kary.Hubert@yopmail.com;1929-12-11
1817;Rochette;Mauer;Rochette.Mauer@yopmail.com;1913-07-18
1818;Mady;Pacorro;Mady.Pacorro@yopmail.com;1909-11-14
1819;Jessamyn;Lorenz;Jessamyn.Lorenz@yopmail.com;1937-12-20
1820;Angela;Rugen;Angela.Rugen@yopmail.com;2013-04-13
1821;Bettine;Lane;Bettine.Lane@yopmail.com;1995-06-03
1822;Elvira;Ciro;Elvira.Ciro@yopmail.com;2015-11-10
1823;Collen;Yorick;Collen.Yorick@yopmail.com;1905-06-02
1824;Jordan;Blisse;Jordan.Blisse@yopmail.com;1978-04-18
1825;Olivette;Halsey;Olivette.Halsey@yopmail.com;1997-11-06
1826;Aimil;Mitzi;Aimil.Mitzi@yopmail.com;1933-11-16
1827;Brena;Larochelle;Brena.Larochelle@yopmail.com;2003-03-27
1828;Concettina;Rebecka;Concettina.Rebecka@yopmail.com;1971-12-20
1829;Charissa;Mott;Charissa.Mott@yopmail.com;1967-02-28
1830;Hallie;Latini;Hallie.Latini@yopmail.com;1963-11-05
1831;Raina;Glenden;Raina.Glenden@yopmail.com;1906-09-03
1832;Carlie;Autrey;Carlie.Autrey@yopmail.com;1937-03-11
1833;Rosabelle;Lanita;Rosabelle.Lanita@yopmail.com;2011-07-14
1834;Loree;Vorster;Loree.Vorster@yopmail.com;1907-04-19
1835;Giustina;Lacombe;Giustina.Lacombe@yopmail.com;2017-03-15
1836;Hope;Lasley;Hope.Lasley@yopmail.com;1950-07-24
1837;Ericka;Kress;Ericka.Kress@yopmail.com;2004-03-11
1838;Rosanne;Fleeta;Rosanne.Fleeta@yopmail.com;1969-04-15
1839;Mariele;Old;Mariele.Old@yopmail.com;1988-01-29
1840;Cathie;Raffo;Cathie.Raffo@yopmail.com;1982-02-26
1841;Myriam;Faust;Myriam.Faust@yopmail.com;1953-01-04
1842;Cissiee;Even;Cissiee.Even@yopmail.com;1918-08-17
1843;Aubrie;Bluh;Aubrie.Bluh@yopmail.com;1999-10-06
1844;Jacenta;Cloris;Jacenta.Cloris@yopmail.com;1910-01-30
1845;Britni;Boycey;Britni.Boycey@yopmail.com;1978-10-31
1846;Jan;Tarrant;Jan.Tarrant@yopmail.com;1953-03-11
1847;Andree;Peti;Andree.Peti@yopmail.com;2001-09-30
1848;Maurene;Ralfston;Maurene.Ralfston@yopmail.com;1917-05-05
1849;Sharlene;Iphlgenia;Sharlene.Iphlgenia@yopmail.com;1924-10-13
1850;Tracey;Sibyls;Tracey.Sibyls@yopmail.com;2019-07-27
1851;Nariko;Saint;Nariko.Saint@yopmail.com;1947-02-19
1852;Lorie;Adrienne;Lorie.Adrienne@yopmail.com;1962-05-20
1853;Chastity;Bach;Chastity.Bach@yopmail.com;1974-10-24
1854;Aaren;Millda;Aaren.Millda@yopmail.com;1944-09-09
1855;Elyssa;Emanuel;Elyssa.Emanuel@yopmail.com;2019-03-05
1856;Sibella;Erlandson;Sibella.Erlandson@yopmail.com;1966-06-07
1857;Constance;Bebe;Constance.Bebe@yopmail.com;1905-07-17
1858;Mamie;Aaberg;Mamie.Aaberg@yopmail.com;2001-08-02
1859;Linet;Erlandson;Linet.Erlandson@yopmail.com;1929-09-13
1860;Stevana;Amadas;Stevana.Amadas@yopmail.com;1979-09-23
1861;Dulce;Elo;Dulce.Elo@yopmail.com;1957-03-26
1862;Tybie;Roche;Tybie.Roche@yopmail.com;1929-04-19
1863;Elmira;Kaja;Elmira.Kaja@yopmail.com;1954-02-07
1864;Brana;Longfellow;Brana.Longfellow@yopmail.com;1904-07-30
1865;Dulce;Billye;Dulce.Billye@yopmail.com;2006-02-03
1866;Dale;Tremayne;Dale.Tremayne@yopmail.com;1915-05-29
1867;Aeriela;Camden;Aeriela.Camden@yopmail.com;1901-08-27
1868;Collen;Zuzana;Collen.Zuzana@yopmail.com;1959-01-27
1869;Renae;Birdella;Renae.Birdella@yopmail.com;1943-09-06
1870;Violet;Michella;Violet.Michella@yopmail.com;1908-02-23
1871;Jaclyn;Warthman;Jaclyn.Warthman@yopmail.com;1989-06-11
1872;Paola;Dreda;Paola.Dreda@yopmail.com;1995-01-16
1873;Daryl;Rocray;Daryl.Rocray@yopmail.com;1940-01-28
1874;Malina;Read;Malina.Read@yopmail.com;1991-05-19
1875;Rosaline;Jacinda;Rosaline.Jacinda@yopmail.com;1942-10-09
1876;Selma;Eliathas;Selma.Eliathas@yopmail.com;1971-12-31
1877;Ada;Emanuel;Ada.Emanuel@yopmail.com;2003-05-14
1878;Leona;Raseda;Leona.Raseda@yopmail.com;2001-09-07
1879;Ana;Remmer;Ana.Remmer@yopmail.com;1978-01-25
1880;Justinn;Sherrie;Justinn.Sherrie@yopmail.com;1974-08-04
1881;Grier;Kiersten;Grier.Kiersten@yopmail.com;1925-12-30
1882;Kary;Hedve;Kary.Hedve@yopmail.com;1945-07-30
1883;Celisse;Alcott;Celisse.Alcott@yopmail.com;1910-08-22
1884;Hildegaard;Aloise;Hildegaard.Aloise@yopmail.com;1925-01-09
1885;Stevana;Malvino;Stevana.Malvino@yopmail.com;1956-12-10
1886;Mariele;Swanhildas;Mariele.Swanhildas@yopmail.com;1920-03-01
1887;Theodora;Colleen;Theodora.Colleen@yopmail.com;1954-08-29
1888;Karena;Thunell;Karena.Thunell@yopmail.com;1946-11-19
1889;Benita;Gaynor;Benita.Gaynor@yopmail.com;1993-01-02
1890;Siana;Warthman;Siana.Warthman@yopmail.com;1929-04-05
1891;Jackie;Loeb;Jackie.Loeb@yopmail.com;1923-07-20
1892;Kerrin;Hanleigh;Kerrin.Hanleigh@yopmail.com;1932-02-15
1893;Sara-Ann;Bearnard;Sara-Ann.Bearnard@yopmail.com;1944-01-07
1894;Ida;Wyn;Ida.Wyn@yopmail.com;1960-09-22
1895;Elena;Lay;Elena.Lay@yopmail.com;1929-03-01
1896;Caressa;Avi;Caressa.Avi@yopmail.com;2008-05-14
1897;Cristabel;Haerr;Cristabel.Haerr@yopmail.com;1926-12-21
1898;Sissy;Marisa;Sissy.Marisa@yopmail.com;2002-09-14
1899;Ardys;Krystle;Ardys.Krystle@yopmail.com;1982-01-01
1900;Juliane;Artie;Juliane.Artie@yopmail.com;2015-07-22
1901;Gretal;Kiersten;Gretal.Kiersten@yopmail.com;2017-07-16
1902;Stephanie;Evvie;Stephanie.Evvie@yopmail.com;2014-08-04
1903;Meghann;Sigfrid;Meghann.Sigfrid@yopmail.com;1949-06-26
1904;Nadine;Milson;Nadine.Milson@yopmail.com;1925-02-21
1905;Kristan;Masao;Kristan.Masao@yopmail.com;1968-05-12
1906;Mildrid;Callista;Mildrid.Callista@yopmail.com;1959-03-29
1907;Alleen;Bennie;Alleen.Bennie@yopmail.com;1963-10-08
1908;Miquela;Mintz;Miquela.Mintz@yopmail.com;2002-08-05
1909;Karina;Baptlsta;Karina.Baptlsta@yopmail.com;2000-02-29
1910;Candi;Wiener;Candi.Wiener@yopmail.com;1971-09-02
1911;Orelia;Fredi;Orelia.Fredi@yopmail.com;1916-05-24
1912;Kamilah;Chinua;Kamilah.Chinua@yopmail.com;1929-01-26
1913;Blinni;Damarra;Blinni.Damarra@yopmail.com;1913-11-21
1914;Ekaterina;Tryck;Ekaterina.Tryck@yopmail.com;2016-08-22
1915;Janis;Ulphia;Janis.Ulphia@yopmail.com;1955-12-09
1916;Adriana;Salchunas;Adriana.Salchunas@yopmail.com;1959-08-02
1917;Feliza;Maribeth;Feliza.Maribeth@yopmail.com;1998-04-23
1918;Di;Schenck;Di.Schenck@yopmail.com;1996-09-11
1919;Kary;Izaak;Kary.Izaak@yopmail.com;1979-10-02
1920;Edith;Kirstin;Edith.Kirstin@yopmail.com;1902-04-20
1921;Gilda;Giule;Gilda.Giule@yopmail.com;1919-06-07
1922;Maisey;Strephon;Maisey.Strephon@yopmail.com;1956-07-05
1923;Max;Merriott;Max.Merriott@yopmail.com;1998-04-06
1924;Chandra;Elvyn;Chandra.Elvyn@yopmail.com;2006-06-11
1925;Lynea;Kolnick;Lynea.Kolnick@yopmail.com;1903-02-11
1926;Sherrie;Breed;Sherrie.Breed@yopmail.com;1996-06-14
1927;Nerta;Lubin;Nerta.Lubin@yopmail.com;2002-09-02
1928;Consuela;Couture;Consuela.Couture@yopmail.com;1938-11-27
1929;Bibby;Wooster;Bibby.Wooster@yopmail.com;2013-07-19
1930;Adore;Francene;Adore.Francene@yopmail.com;1946-04-25
1931;Dagmar;Kirbee;Dagmar.Kirbee@yopmail.com;1998-06-12
1932;Arabel;Luhe;Arabel.Luhe@yopmail.com;1975-04-27
1933;Andeee;Marsden;Andeee.Marsden@yopmail.com;1950-03-03
1934;Tera;Donoghue;Tera.Donoghue@yopmail.com;1973-07-03
1935;Maud;Old;Maud.Old@yopmail.com;1984-08-30
1936;Lolita;Maiah;Lolita.Maiah@yopmail.com;1999-01-16
1937;Meghann;Pauly;Meghann.Pauly@yopmail.com;1915-03-29
1938;Kenna;Lipson;Kenna.Lipson@yopmail.com;1926-10-31
1939;Nataline;Daveta;Nataline.Daveta@yopmail.com;1966-11-12
1940;Chere;Hirsch;Chere.Hirsch@yopmail.com;1924-09-03
1941;Ilse;Matthew;Ilse.Matthew@yopmail.com;2008-09-21
1942;Suzette;Brian;Suzette.Brian@yopmail.com;1929-11-24
1943;Tori;Alrich;Tori.Alrich@yopmail.com;1908-06-22
1944;Stacey;Ehrman;Stacey.Ehrman@yopmail.com;1934-07-24
1945;Ashlee;Wesle;Ashlee.Wesle@yopmail.com;1968-05-29
1946;Sidoney;Fleeta;Sidoney.Fleeta@yopmail.com;1992-09-07
1947;Florie;Hutchison;Florie.Hutchison@yopmail.com;1990-11-21
1948;Lucille;Greenwald;Lucille.Greenwald@yopmail.com;1915-10-02
1949;Roslyn;Colbert;Roslyn.Colbert@yopmail.com;1989-04-05
1950;Tami;Dearborn;Tami.Dearborn@yopmail.com;1944-06-04
1951;Roxane;Helve;Roxane.Helve@yopmail.com;1960-04-02
1952;Asia;Vary;Asia.Vary@yopmail.com;1933-01-05
1953;Kristan;Neils;Kristan.Neils@yopmail.com;1964-02-20
1954;Penelopa;Ailyn;Penelopa.Ailyn@yopmail.com;1905-09-10
1955;Tarra;Chick;Tarra.Chick@yopmail.com;2002-07-21
1956;Mariann;Whittaker;Mariann.Whittaker@yopmail.com;1946-06-18
1957;Joceline;Cimbura;Joceline.Cimbura@yopmail.com;1944-05-07
1958;Mahalia;Tyson;Mahalia.Tyson@yopmail.com;1909-02-13
1959;Gusella;Willie;Gusella.Willie@yopmail.com;1916-07-16
1960;Dorthy;Goerke;Dorthy.Goerke@yopmail.com;1925-11-14
1961;Jsandye;Grosz;Jsandye.Grosz@yopmail.com;1967-07-24
1962;Brietta;Fry;Brietta.Fry@yopmail.com;2001-10-18
1963;Marsiella;Sawtelle;Marsiella.Sawtelle@yopmail.com;1982-10-06
1964;Lita;Chick;Lita.Chick@yopmail.com;1981-10-14
1965;Rhoda;Justinn;Rhoda.Justinn@yopmail.com;1975-06-07
1966;Chickie;Truc;Chickie.Truc@yopmail.com;1965-04-05
1967;Adelle;Colp;Adelle.Colp@yopmail.com;1946-09-23
1968;Carilyn;Faso;Carilyn.Faso@yopmail.com;2011-01-15
1969;Consuela;Janene;Consuela.Janene@yopmail.com;1952-06-20
1970;Meg;Creamer;Meg.Creamer@yopmail.com;2009-05-07
1971;Drucie;Paine;Drucie.Paine@yopmail.com;2017-05-28
1972;Karlee;Silvan;Karlee.Silvan@yopmail.com;1900-10-28
1973;Lesly;Constancy;Lesly.Constancy@yopmail.com;1918-08-18
1974;Janeczka;Cleo;Janeczka.Cleo@yopmail.com;2013-04-13
1975;Lilith;Ciapas;Lilith.Ciapas@yopmail.com;1965-06-19
1976;Winifred;Bigner;Winifred.Bigner@yopmail.com;1972-11-06
1977;Orelia;Solitta;Orelia.Solitta@yopmail.com;1996-09-15
1978;Nanete;Othilia;Nanete.Othilia@yopmail.com;1973-08-06
1979;Gisela;Cadmar;Gisela.Cadmar@yopmail.com;1939-11-18
1980;Lynde;Magdalen;Lynde.Magdalen@yopmail.com;1958-07-15
1981;Violet;Zachary;Violet.Zachary@yopmail.com;1964-09-16
1982;Emylee;Jillane;Emylee.Jillane@yopmail.com;1953-10-07
1983;Jessy;Dielu;Jessy.Dielu@yopmail.com;1937-09-16
1984;Quintina;Gherardo;Quintina.Gherardo@yopmail.com;2001-08-05
1985;Sashenka;Brieta;Sashenka.Brieta@yopmail.com;1924-02-18
1986;Ana;Tice;Ana.Tice@yopmail.com;1955-07-07
1987;Dulcinea;Taima;Dulcinea.Taima@yopmail.com;1943-11-06
1988;Brooks;Stefa;Brooks.Stefa@yopmail.com;1975-04-25
1989;Mariele;Jalbert;Mariele.Jalbert@yopmail.com;1913-09-02
1990;Rhea;Braun;Rhea.Braun@yopmail.com;1936-05-18
1991;Tersina;Tacye;Tersina.Tacye@yopmail.com;1974-06-08
1992;Merry;Yuille;Merry.Yuille@yopmail.com;1963-04-19
1993;Dennie;Gerge;Dennie.Gerge@yopmail.com;1963-09-13
1994;Sam;Melony;Sam.Melony@yopmail.com;1900-07-03
1995;Sidoney;Quent;Sidoney.Quent@yopmail.com;1950-07-07
1996;Molli;Jerald;Molli.Jerald@yopmail.com;1933-10-07
1997;Malina;Afton;Malina.Afton@yopmail.com;1918-04-05
1998;Dania;Lalitta;Dania.Lalitta@yopmail.com;1947-09-05
1999;Peri;O'Carroll;Peri.O'Carroll@yopmail.com;1934-05-03