id;firstname;lastname;email;Field Name
1000;Sonni;Cloris;Sonni.Cloris@yopmail.com;1966-10-07
1001;Viviene;Riordan;Viviene.Riordan@yopmail.com;1992-01-16
1002;Hannis;Tayib;Hannis.Tayib@yopmail.com;1905-08-29
1003;Jessy;Hazlett;Jessy.Hazlett@yopmail.com;1958-11-27
1004;Nadine;Even;Nadine.Even@yopmail.com;1964-04-20
1005;Kellen;Wittie;Kellen.Wittie@yopmail.com;1952-08-22
1006;Tomasina;Whiffen;Tomasina.Whiffen@yopmail.com;2019-12-12
1007;Millie;Ardeha;Millie.Ardeha@yopmail.com;2001-10-28
1008;Veda;Taam;Veda.Taam@yopmail.com;1946-12-01
1009;Tatiania;Linehan;Tatiania.Linehan@yopmail.com;1996-03-03
1010;Amara;Holtz;Amara.Holtz@yopmail.com;1967-06-18
1011;Frank;Erlandson;Frank.Erlandson@yopmail.com;1901-02-12
1012;Maud;Grobe;Maud.Grobe@yopmail.com;2003-12-07
1013;Shaine;Lilybelle;Shaine.Lilybelle@yopmail.com;1953-09-08
1014;Sonni;Maurine;Sonni.Maurine@yopmail.com;1960-01-05
1015;Glynnis;Larochelle;Glynnis.Larochelle@yopmail.com;1952-08-31
1016;Dorthy;Sibyls;Dorthy.Sibyls@yopmail.com;1918-01-16
1017;Penelopa;Zrike;Penelopa.Zrike@yopmail.com;1992-08-08
1018;Joy;Tayib;Joy.Tayib@yopmail.com;1956-02-27
1019;Annaliese;Ax;Annaliese.Ax@yopmail.com;1988-01-02
1020;Chloris;Letsou;Chloris.Letsou@yopmail.com;1920-12-26
1021;Rochette;Center;Rochette.Center@yopmail.com;1962-08-08
1022;Odessa;Chem;Odessa.Chem@yopmail.com;1904-05-14
1023;Teddie;Douglass;Teddie.Douglass@yopmail.com;1954-04-02
1024;Nyssa;Francene;Nyssa.Francene@yopmail.com;1957-09-21
1025;Rori;Blase;Rori.Blase@yopmail.com;1987-02-16
1026;Agnese;Daveta;Agnese.Daveta@yopmail.com;1941-02-14
1027;Madalyn;Pandolfi;Madalyn.Pandolfi@yopmail.com;1961-06-27
1028;Berget;Ries;Berget.Ries@yopmail.com;1985-01-15
1029;Elena;Wesle;Elena.Wesle@yopmail.com;1973-06-20
1030;Rhoda;Presber;Rhoda.Presber@yopmail.com;1941-08-19
1031;Gianina;Bandeen;Gianina.Bandeen@yopmail.com;1905-10-28
1032;Ayn;Faust;Ayn.Faust@yopmail.com;1936-02-03
1033;Fred;Borrell;Fred.Borrell@yopmail.com;2000-04-13
1034;Tiffie;Amasa;Tiffie.Amasa@yopmail.com;1973-06-14
1035;Teddie;Hazlett;Teddie.Hazlett@yopmail.com;1908-05-07
1036;Elbertina;Toffic;Elbertina.Toffic@yopmail.com;1931-07-31
1037;Nananne;Flyn;Nananne.Flyn@yopmail.com;1993-04-28
1038;Annaliese;Wesle;Annaliese.Wesle@yopmail.com;1982-02-05
1039;Roz;Mathilde;Roz.Mathilde@yopmail.com;1984-09-23
1040;Augustine;Poll;Augustine.Poll@yopmail.com;1952-12-27
1041;Alexine;Ashok;Alexine.Ashok@yopmail.com;1938-10-30
1042;Lucille;Cavan;Lucille.Cavan@yopmail.com;1905-12-10
1043;Kristan;Ummersen;Kristan.Ummersen@yopmail.com;1915-03-26
1044;Margarette;Pozzy;Margarette.Pozzy@yopmail.com;1938-05-25
1045;Robbi;Saint;Robbi.Saint@yopmail.com;1962-10-07
1046;Leia;Egbert;Leia.Egbert@yopmail.com;2018-08-09
1047;Blinni;Prober;Blinni.Prober@yopmail.com;1979-01-29
1048;Joelly;McGrody;Joelly.McGrody@yopmail.com;1911-05-03
1049;Suzette;Grobe;Suzette.Grobe@yopmail.com;1989-11-28
1050;Gwenneth;Hoban;Gwenneth.Hoban@yopmail.com;1956-11-11
1051;Wendi;Rillings;Wendi.Rillings@yopmail.com;2015-04-06
1052;Dotty;Voletta;Dotty.Voletta@yopmail.com;1968-10-01
1053;Adele;Zachary;Adele.Zachary@yopmail.com;1974-01-09
1054;Florencia;Borrell;Florencia.Borrell@yopmail.com;1944-12-07
1055;Jacquetta;McNully;Jacquetta.McNully@yopmail.com;1961-12-01
1056;Libbie;Waite;Libbie.Waite@yopmail.com;1992-04-13
1057;Allyce;Eldrid;Allyce.Eldrid@yopmail.com;1964-07-04
1058;Shel;Stefa;Shel.Stefa@yopmail.com;1907-06-12
1059;Petronia;Berriman;Petronia.Berriman@yopmail.com;1989-07-31
1060;Robbi;Tatianas;Robbi.Tatianas@yopmail.com;1925-12-13
1061;Aryn;Korey;Aryn.Korey@yopmail.com;1999-02-02
1062;Nessie;Anselmi;Nessie.Anselmi@yopmail.com;1907-12-10
1063;Charissa;Howlyn;Charissa.Howlyn@yopmail.com;1944-04-07
1064;Carilyn;Bouchard;Carilyn.Bouchard@yopmail.com;2006-04-07
1065;Cyndie;Frodi;Cyndie.Frodi@yopmail.com;1988-03-12
1066;Dyann;Joachim;Dyann.Joachim@yopmail.com;1969-03-23
1067;Wendi;Bashemeth;Wendi.Bashemeth@yopmail.com;1939-04-25
1068;Shel;Dulciana;Shel.Dulciana@yopmail.com;1941-04-26
1069;Audrie;Atcliffe;Audrie.Atcliffe@yopmail.com;1968-04-21
1070;Leontine;Whittaker;Leontine.Whittaker@yopmail.com;1912-03-29
1071;Olwen;Natica;Olwen.Natica@yopmail.com;1956-04-17
1072;Melina;Ackerley;Melina.Ackerley@yopmail.com;1998-08-28
1073;Karlee;Denis;Karlee.Denis@yopmail.com;1976-08-31
1074;Alex;Frendel;Alex.Frendel@yopmail.com;1909-09-23
1075;Johna;Nikaniki;Johna.Nikaniki@yopmail.com;1970-08-27
1076;Rubie;Ade;Rubie.Ade@yopmail.com;2018-08-25
1077;Lucy;Bearnard;Lucy.Bearnard@yopmail.com;1937-08-19
1078;Brandise;Burnside;Brandise.Burnside@yopmail.com;1962-08-25
1079;Ursulina;Goerke;Ursulina.Goerke@yopmail.com;1910-11-06
1080;Teddie;Corilla;Teddie.Corilla@yopmail.com;1920-05-26
1081;Hermione;Kazimir;Hermione.Kazimir@yopmail.com;1967-02-25
1082;Teriann;Riva;Teriann.Riva@yopmail.com;1970-01-09
1083;Queenie;Schlosser;Queenie.Schlosser@yopmail.com;1944-12-26
1084;Etta;Drisko;Etta.Drisko@yopmail.com;2005-09-17
1085;Belva;Zola;Belva.Zola@yopmail.com;1997-01-11
1086;Lynnea;Hoban;Lynnea.Hoban@yopmail.com;1909-07-17
1087;Margalo;Ferino;Margalo.Ferino@yopmail.com;1914-06-22
1088;Melisent;Vacuva;Melisent.Vacuva@yopmail.com;1911-05-12
1089;Kittie;Cleo;Kittie.Cleo@yopmail.com;1956-06-11
1090;Kaja;Carvey;Kaja.Carvey@yopmail.com;1922-05-06
1091;Joleen;Kiersten;Joleen.Kiersten@yopmail.com;2006-02-17
1092;Mignon;Regan;Mignon.Regan@yopmail.com;1919-10-26
1093;Wendi;Naashom;Wendi.Naashom@yopmail.com;1968-07-05
1094;Feliza;Hartnett;Feliza.Hartnett@yopmail.com;1957-03-01
1095;Darci;Kesley;Darci.Kesley@yopmail.com;2019-09-12
1096;Elise;Nunci;Elise.Nunci@yopmail.com;2017-03-13
1097;Deirdre;Arquit;Deirdre.Arquit@yopmail.com;1961-06-09
1098;Bobinette;Ries;Bobinette.Ries@yopmail.com;1920-08-02
1099;Lexine;Pillsbury;Lexine.Pillsbury@yopmail.com;1927-03-18
1100;Marinna;Bertold;Marinna.Bertold@yopmail.com;1966-03-23
1101;Tracey;Rillings;Tracey.Rillings@yopmail.com;1919-09-15
1102;Donetta;Ries;Donetta.Ries@yopmail.com;1991-03-06
1103;Madalyn;Daveta;Madalyn.Daveta@yopmail.com;1946-12-18
1104;Hallie;Chauncey;Hallie.Chauncey@yopmail.com;2011-04-24
1105;Corly;Valerio;Corly.Valerio@yopmail.com;1937-01-04
1106;Brandise;Darbie;Brandise.Darbie@yopmail.com;1988-02-17
1107;Asia;Vale;Asia.Vale@yopmail.com;1939-09-18
1108;Alameda;Kazimir;Alameda.Kazimir@yopmail.com;1935-08-03
1109;Aurore;Mullane;Aurore.Mullane@yopmail.com;1911-12-24
1110;Barbara;Heidt;Barbara.Heidt@yopmail.com;1948-11-20
1111;Celene;Rozanna;Celene.Rozanna@yopmail.com;1946-09-24
1112;Cathie;Gamaliel;Cathie.Gamaliel@yopmail.com;1927-04-28
1113;Gale;Faso;Gale.Faso@yopmail.com;1947-12-29
1114;Rhoda;Sidonius;Rhoda.Sidonius@yopmail.com;1949-05-18
1115;Bee;Berriman;Bee.Berriman@yopmail.com;1921-02-02
1116;Ronna;Annabella;Ronna.Annabella@yopmail.com;1945-11-13
1117;Darci;Dielu;Darci.Dielu@yopmail.com;1928-05-29
1118;Brietta;Reidar;Brietta.Reidar@yopmail.com;1906-02-09
1119;Lory;Abbot;Lory.Abbot@yopmail.com;1944-08-26
1120;Zondra;Lymann;Zondra.Lymann@yopmail.com;1995-09-23
1121;Ingrid;Pitt;Ingrid.Pitt@yopmail.com;1956-12-30
1122;Aimil;Loeb;Aimil.Loeb@yopmail.com;1922-10-22
1123;Marcelline;Wenoa;Marcelline.Wenoa@yopmail.com;1969-11-11
1124;Jany;Screens;Jany.Screens@yopmail.com;1912-12-01
1125;Quintina;Urania;Quintina.Urania@yopmail.com;1906-12-19
1126;Lauryn;Karl;Lauryn.Karl@yopmail.com;1908-05-21
1127;Karolina;Carlson;Karolina.Carlson@yopmail.com;2018-01-03
1128;Cristabel;Chandler;Cristabel.Chandler@yopmail.com;1985-11-16
1129;Ottilie;Eben;Ottilie.Eben@yopmail.com;2010-10-23
1130;Mallory;Clywd;Mallory.Clywd@yopmail.com;1956-04-29
1131;Donnie;Jess;Donnie.Jess@yopmail.com;1930-06-06
1132;Marguerite;Weinreb;Marguerite.Weinreb@yopmail.com;1934-12-17
1133;Leanna;Edee;Leanna.Edee@yopmail.com;1933-10-12
1134;Barbi;Mike;Barbi.Mike@yopmail.com;1950-02-10
1135;Mary;Morrill;Mary.Morrill@yopmail.com;2002-08-07
1136;Donetta;Colbert;Donetta.Colbert@yopmail.com;2006-06-19
1137;Janey;Sparhawk;Janey.Sparhawk@yopmail.com;1952-01-19
1138;Hermione;Edee;Hermione.Edee@yopmail.com;1971-02-28
1139;Henriette;Loring;Henriette.Loring@yopmail.com;1997-07-15
1140;Cassondra;Ammann;Cassondra.Ammann@yopmail.com;1971-07-22
1141;Fernande;Dichy;Fernande.Dichy@yopmail.com;1960-03-24
1142;Iseabal;Tillford;Iseabal.Tillford@yopmail.com;1993-01-12
1143;Ketti;Israeli;Ketti.Israeli@yopmail.com;1927-06-30
1144;Gertrud;Juan;Gertrud.Juan@yopmail.com;1939-06-10
1145;Althea;Breed;Althea.Breed@yopmail.com;2015-03-31
1146;Agathe;Garek;Agathe.Garek@yopmail.com;1958-05-31
1147;Ardys;Jammal;Ardys.Jammal@yopmail.com;1919-04-27
1148;Hollie;Romelda;Hollie.Romelda@yopmail.com;1929-10-16
1149;Ursulina;Seligman;Ursulina.Seligman@yopmail.com;1993-12-27
1150;Gilligan;Raul;Gilligan.Raul@yopmail.com;1943-07-23
1151;Catharine;Tillford;Catharine.Tillford@yopmail.com;1996-02-12
1152;Gloria;Byrne;Gloria.Byrne@yopmail.com;1901-12-06
1153;Rubie;Margarete;Rubie.Margarete@yopmail.com;1999-08-29
1154;Ana;Hoenack;Ana.Hoenack@yopmail.com;1902-05-19
1155;Ingrid;Pitt;Ingrid.Pitt@yopmail.com;1976-04-27
1156;Dorothy;Esmaria;Dorothy.Esmaria@yopmail.com;1989-07-22
1157;Gloria;Cimbura;Gloria.Cimbura@yopmail.com;2000-01-24
1158;Lizzie;Podvin;Lizzie.Podvin@yopmail.com;1911-06-07
1159;Marinna;O'Carroll;Marinna.O'Carroll@yopmail.com;1930-10-27
1160;Minda;Reidar;Minda.Reidar@yopmail.com;1998-12-09
1161;Bernardine;Gamaliel;Bernardine.Gamaliel@yopmail.com;1952-12-11
1162;Pearline;Rozanna;Pearline.Rozanna@yopmail.com;1966-08-05
1163;Rubie;Braun;Rubie.Braun@yopmail.com;2000-07-22
1164;Karolina;Ball;Karolina.Ball@yopmail.com;1947-07-08
1165;Nataline;Waite;Nataline.Waite@yopmail.com;1954-07-13
1166;Ulrike;Bakerman;Ulrike.Bakerman@yopmail.com;2014-12-12
1167;Iseabal;Virgin;Iseabal.Virgin@yopmail.com;2013-06-27
1168;Brena;Gualtiero;Brena.Gualtiero@yopmail.com;1937-02-12
1169;Jobi;Beebe;Jobi.Beebe@yopmail.com;1949-08-03
1170;Shannah;Doig;Shannah.Doig@yopmail.com;1964-09-17
1171;Shaylyn;Carbo;Shaylyn.Carbo@yopmail.com;1983-08-31
1172;Kerrin;Buttaro;Kerrin.Buttaro@yopmail.com;1948-06-14
1173;Susette;Fabiola;Susette.Fabiola@yopmail.com;1916-03-11
1174;Shell;McAdams;Shell.McAdams@yopmail.com;1943-11-17
1175;Ursulina;Viddah;Ursulina.Viddah@yopmail.com;1957-06-08
1176;Katleen;Helfand;Katleen.Helfand@yopmail.com;1932-04-27
1177;Maisey;Grosz;Maisey.Grosz@yopmail.com;1962-11-14
1178;Olwen;Land;Olwen.Land@yopmail.com;1924-03-13
1179;Netty;Odysseus;Netty.Odysseus@yopmail.com;1988-03-19
1180;Tonia;Sekofski;Tonia.Sekofski@yopmail.com;1986-07-04
1181;Rosabelle;Gilbertson;Rosabelle.Gilbertson@yopmail.com;1950-06-27
1182;Dennie;Lane;Dennie.Lane@yopmail.com;1946-10-23
1183;Ofilia;Chinua;Ofilia.Chinua@yopmail.com;1924-07-27
1184;Kaja;Idelia;Kaja.Idelia@yopmail.com;1911-10-05
1185;Beth;Ephrem;Beth.Ephrem@yopmail.com;1958-02-23
1186;Diena;Amethist;Diena.Amethist@yopmail.com;1911-10-22
1187;Demetris;Magdalen;Demetris.Magdalen@yopmail.com;1900-01-25
1188;Alie;Lacombe;Alie.Lacombe@yopmail.com;1991-09-24
1189;Suzette;Stacy;Suzette.Stacy@yopmail.com;1923-08-12
1190;Isa;Weaks;Isa.Weaks@yopmail.com;1923-11-15
1191;Marita;Pip;Marita.Pip@yopmail.com;1933-09-07
1192;Emilia;Magdalen;Emilia.Magdalen@yopmail.com;1963-11-08
1193;Lynde;Lilas;Lynde.Lilas@yopmail.com;1999-05-10
1194;Nollie;Secrest;Nollie.Secrest@yopmail.com;1989-10-13
1195;Dede;Redmond;Dede.Redmond@yopmail.com;1911-02-13
1196;Lily;Macey;Lily.Macey@yopmail.com;2000-08-18
1197;Drucie;Kare;Drucie.Kare@yopmail.com;2013-12-04
1198;Brianna;Faria;Brianna.Faria@yopmail.com;1946-12-14
1199;Mignon;Zaslow;Mignon.Zaslow@yopmail.com;1999-10-11
1200;Roseline;Edison;Roseline.Edison@yopmail.com;2005-08-14
1201;Brynna;Seessel;Brynna.Seessel@yopmail.com;2011-01-27
1202;Teriann;Schenck;Teriann.Schenck@yopmail.com;1974-03-09
1203;Cristine;Codding;Cristine.Codding@yopmail.com;1924-11-05
1204;Natka;Isacco;Natka.Isacco@yopmail.com;1914-12-14
1205;Donetta;Sigfrid;Donetta.Sigfrid@yopmail.com;1900-01-29
1206;Brandise;Schonfeld;Brandise.Schonfeld@yopmail.com;1924-11-12
1207;Philis;Gilbertson;Philis.Gilbertson@yopmail.com;2013-03-24
1208;Penelopa;Kirstin;Penelopa.Kirstin@yopmail.com;1943-12-21
1209;Orelia;Zeeba;Orelia.Zeeba@yopmail.com;1942-10-06
1210;Laure;Nea;Laure.Nea@yopmail.com;1944-06-28
1211;Robbi;Wandie;Robbi.Wandie@yopmail.com;1922-02-11
1212;Alyda;Hebner;Alyda.Hebner@yopmail.com;1967-08-26
1213;Leeanne;Jaylene;Leeanne.Jaylene@yopmail.com;1969-04-28
1214;Carol-Jean;My;Carol-Jean.My@yopmail.com;1966-10-14
1215;Hayley;Fitzsimmons;Hayley.Fitzsimmons@yopmail.com;1973-07-26
1216;Cathyleen;Anselmi;Cathyleen.Anselmi@yopmail.com;1954-10-08
1217;Tracey;Kevon;Tracey.Kevon@yopmail.com;1987-01-03
1218;Shannah;Emmy;Shannah.Emmy@yopmail.com;2002-12-29
1219;Yvonne;Schalles;Yvonne.Schalles@yopmail.com;2005-07-31
1220;Pierette;Crudden;Pierette.Crudden@yopmail.com;1929-05-02
1221;Madelle;Buttaro;Madelle.Buttaro@yopmail.com;1931-09-21
1222;Ardenia;Berne;Ardenia.Berne@yopmail.com;2014-12-09
1223;Annora;Mayeda;Annora.Mayeda@yopmail.com;1903-06-06
1224;Arabel;Giff;Arabel.Giff@yopmail.com;1986-08-02
1225;Carilyn;Kellby;Carilyn.Kellby@yopmail.com;1901-10-05
1226;Jenda;Baylor;Jenda.Baylor@yopmail.com;1925-03-13
1227;Helena;Tayib;Helena.Tayib@yopmail.com;1956-10-23
1228;Mady;Pyle;Mady.Pyle@yopmail.com;1914-04-02
1229;Britte;Kress;Britte.Kress@yopmail.com;1990-10-26
1230;Marika;Cullin;Marika.Cullin@yopmail.com;1958-02-25
1231;Tonia;Seumas;Tonia.Seumas@yopmail.com;1974-01-05
1232;Cristabel;Destinee;Cristabel.Destinee@yopmail.com;2003-11-29
1233;Gwyneth;Reneta;Gwyneth.Reneta@yopmail.com;2009-10-18
1234;Lita;Lubin;Lita.Lubin@yopmail.com;1992-05-10
1235;Christal;Kosey;Christal.Kosey@yopmail.com;1941-01-25
1236;Johna;Natica;Johna.Natica@yopmail.com;2008-11-20
1237;Cacilie;Fadiman;Cacilie.Fadiman@yopmail.com;1913-01-05
1238;Carmela;Holbrook;Carmela.Holbrook@yopmail.com;2013-07-10
1239;Fawne;Hermes;Fawne.Hermes@yopmail.com;1936-01-29
1240;Linzy;Allina;Linzy.Allina@yopmail.com;1937-08-14
1241;Halette;Nikaniki;Halette.Nikaniki@yopmail.com;1911-04-23
1242;Kelly;Hertzfeld;Kelly.Hertzfeld@yopmail.com;1967-10-13
1243;Adore;Docilla;Adore.Docilla@yopmail.com;1951-06-18
1244;Valeda;Muriel;Valeda.Muriel@yopmail.com;1953-10-24
1245;Althea;Engdahl;Althea.Engdahl@yopmail.com;2003-10-10
1246;Gui;Elbertina;Gui.Elbertina@yopmail.com;1919-11-13
1247;Tracey;Persse;Tracey.Persse@yopmail.com;1953-08-11
1248;Maisey;Skurnik;Maisey.Skurnik@yopmail.com;1925-03-03
1249;Phylis;Harday;Phylis.Harday@yopmail.com;1952-08-25
1250;Elise;Garlinda;Elise.Garlinda@yopmail.com;1902-05-30
1251;Aubrie;Bouchard;Aubrie.Bouchard@yopmail.com;1914-08-14
1252;Lenna;Lorain;Lenna.Lorain@yopmail.com;1957-06-09
1253;Dari;Constancy;Dari.Constancy@yopmail.com;1954-06-25
1254;Ruthe;Tybald;Ruthe.Tybald@yopmail.com;2005-04-15
1255;Ada;Tarrant;Ada.Tarrant@yopmail.com;2017-10-24
1256;Chloris;Hachmin;Chloris.Hachmin@yopmail.com;1984-01-29
1257;Dari;Sothena;Dari.Sothena@yopmail.com;1926-09-07
1258;Sonni;Gemini;Sonni.Gemini@yopmail.com;2011-08-31
1259;Rani;Hirsch;Rani.Hirsch@yopmail.com;2007-01-06
1260;Latisha;Afton;Latisha.Afton@yopmail.com;1956-08-22
1261;Atlanta;Beebe;Atlanta.Beebe@yopmail.com;1908-08-26
1262;Anica;Gaulin;Anica.Gaulin@yopmail.com;1923-09-08
1263;Ardeen;Chinua;Ardeen.Chinua@yopmail.com;1902-11-11
1264;Allyce;Amasa;Allyce.Amasa@yopmail.com;1925-12-05
1265;Kelly;LaRue;Kelly.LaRue@yopmail.com;1988-08-12
1266;Veda;Gilmour;Veda.Gilmour@yopmail.com;1936-02-28
1267;Wendi;Ehrman;Wendi.Ehrman@yopmail.com;1905-03-23
1268;Harmonia;Erlandson;Harmonia.Erlandson@yopmail.com;1945-06-26
1269;Alex;Felizio;Alex.Felizio@yopmail.com;1956-02-23
1270;Ellette;Marden;Ellette.Marden@yopmail.com;1986-04-18
1271;Michaelina;Arquit;Michaelina.Arquit@yopmail.com;1972-04-30
1272;Elora;Zina;Elora.Zina@yopmail.com;1968-01-08
1273;Rori;Colp;Rori.Colp@yopmail.com;1976-11-04
1274;Sheelagh;Thema;Sheelagh.Thema@yopmail.com;1982-03-17
1275;Dede;Adrienne;Dede.Adrienne@yopmail.com;1907-05-05
1276;Ricky;Carolin;Ricky.Carolin@yopmail.com;1951-07-06
1277;Oona;Curren;Oona.Curren@yopmail.com;1995-04-17
1278;Bettine;Bivins;Bettine.Bivins@yopmail.com;1947-03-23
1279;Reeba;Erskine;Reeba.Erskine@yopmail.com;1923-01-24
1280;Leanna;Fabiola;Leanna.Fabiola@yopmail.com;1955-05-19
1281;Diena;Fink;Diena.Fink@yopmail.com;2016-10-25
1282;Inga;Modie;Inga.Modie@yopmail.com;2003-09-07
1283;Claresta;Ashok;Claresta.Ashok@yopmail.com;1991-09-26
1284;Lizzie;Vary;Lizzie.Vary@yopmail.com;1930-12-21
1285;Elfreda;Sisile;Elfreda.Sisile@yopmail.com;1946-07-28
1286;Elvira;Chandler;Elvira.Chandler@yopmail.com;1945-06-11
1287;Camile;Voletta;Camile.Voletta@yopmail.com;1905-12-16
1288;Vevay;Millda;Vevay.Millda@yopmail.com;1993-05-18
1289;Quintina;Kaete;Quintina.Kaete@yopmail.com;2006-10-14
1290;Carree;Cadmar;Carree.Cadmar@yopmail.com;2016-12-29
1291;Sharlene;Anis;Sharlene.Anis@yopmail.com;1901-03-23
1292;Meg;Redmond;Meg.Redmond@yopmail.com;2007-07-23
1293;Brietta;Fry;Brietta.Fry@yopmail.com;1949-03-22
1294;Romona;Ciro;Romona.Ciro@yopmail.com;1917-07-08
1295;Alyssa;Lowry;Alyssa.Lowry@yopmail.com;1915-11-08
1296;Chastity;Callista;Chastity.Callista@yopmail.com;1945-02-28
1297;Perry;Ludewig;Perry.Ludewig@yopmail.com;2015-02-23
1298;Jessy;Sandye;Jessy.Sandye@yopmail.com;1946-05-15
1299;Emma;Jacinda;Emma.Jacinda@yopmail.com;1937-12-04
1300;Darci;Niles;Darci.Niles@yopmail.com;1996-01-18
1301;Coral;Imelida;Coral.Imelida@yopmail.com;1948-06-10
1302;Nannie;Geffner;Nannie.Geffner@yopmail.com;2004-11-07
1303;Georgetta;Noam;Georgetta.Noam@yopmail.com;2002-04-14
1304;Sharlene;Johanna;Sharlene.Johanna@yopmail.com;1941-11-27
1305;Valeda;Thornburg;Valeda.Thornburg@yopmail.com;1926-02-13
1306;Kary;Behre;Kary.Behre@yopmail.com;1997-07-24
1307;Adore;Lalitta;Adore.Lalitta@yopmail.com;2009-12-07
1308;Cristine;O'Rourke;Cristine.O'Rourke@yopmail.com;1978-08-07
1309;Monika;Khorma;Monika.Khorma@yopmail.com;1975-08-11
1310;Tomasina;Artie;Tomasina.Artie@yopmail.com;1947-05-24
1311;Nanete;Sparhawk;Nanete.Sparhawk@yopmail.com;1963-08-16
1312;Di;Devlen;Di.Devlen@yopmail.com;1906-11-27
1313;Liana;Schwejda;Liana.Schwejda@yopmail.com;1912-04-23
1314;Lory;Hertzfeld;Lory.Hertzfeld@yopmail.com;1904-10-24
1315;Alyssa;Ursulette;Alyssa.Ursulette@yopmail.com;1954-03-27
1316;Lusa;Sharl;Lusa.Sharl@yopmail.com;1955-03-14
1317;Agathe;Modie;Agathe.Modie@yopmail.com;1904-01-16
1318;Lonnie;Slifka;Lonnie.Slifka@yopmail.com;1962-07-12
1319;Gilligan;Rhu;Gilligan.Rhu@yopmail.com;1981-07-02
1320;Babita;Fennessy;Babita.Fennessy@yopmail.com;1964-08-02
1321;Demetris;Wooster;Demetris.Wooster@yopmail.com;1928-06-04
1322;Fernande;Guthrie;Fernande.Guthrie@yopmail.com;1955-12-19
1323;Alexine;Poppy;Alexine.Poppy@yopmail.com;2005-03-25
1324;Marnia;Tengdin;Marnia.Tengdin@yopmail.com;1945-02-10
1325;Chastity;Roumell;Chastity.Roumell@yopmail.com;1940-06-17
1326;Yolane;Gusella;Yolane.Gusella@yopmail.com;1952-08-30
1327;Cassandra;Maisey;Cassandra.Maisey@yopmail.com;1900-01-30
1328;Janey;Niccolo;Janey.Niccolo@yopmail.com;2011-01-13
1329;Christal;Letsou;Christal.Letsou@yopmail.com;1985-04-02
1330;Marnia;Toor;Marnia.Toor@yopmail.com;2002-09-06
1331;Clo;Swanhildas;Clo.Swanhildas@yopmail.com;1974-11-11
1332;Marguerite;Linehan;Marguerite.Linehan@yopmail.com;2008-11-05
1333;Lynea;Marcellus;Lynea.Marcellus@yopmail.com;1909-06-10
1334;Tiffie;Tamar;Tiffie.Tamar@yopmail.com;1946-11-21
1335;Reeba;Old;Reeba.Old@yopmail.com;1956-02-03
1336;Loree;Rocray;Loree.Rocray@yopmail.com;1992-06-30
1337;Gerrie;Wandie;Gerrie.Wandie@yopmail.com;1988-04-28
1338;Rosene;Felizio;Rosene.Felizio@yopmail.com;1978-06-04
1339;Sashenka;Nester;Sashenka.Nester@yopmail.com;1963-07-05
1340;Gretal;Irmine;Gretal.Irmine@yopmail.com;1906-11-16
1341;Jackie;Fink;Jackie.Fink@yopmail.com;1930-07-24
1342;Bobbi;Alabaster;Bobbi.Alabaster@yopmail.com;2005-04-26
1343;Teddie;Brackely;Teddie.Brackely@yopmail.com;1901-05-14
1344;Clo;Elisha;Clo.Elisha@yopmail.com;1947-12-11
1345;Adriana;Tacye;Adriana.Tacye@yopmail.com;1949-10-14
1346;Lita;Hathaway;Lita.Hathaway@yopmail.com;1992-09-30
1347;Helena;Dituri;Helena.Dituri@yopmail.com;1938-05-14
1348;Lyssa;Iiette;Lyssa.Iiette@yopmail.com;1967-11-24
1349;Josephine;Pip;Josephine.Pip@yopmail.com;1964-06-21
1350;Maryellen;Arquit;Maryellen.Arquit@yopmail.com;2014-09-30
1351;Marti;Adalbert;Marti.Adalbert@yopmail.com;1999-04-03
1352;Hyacinthe;Bates;Hyacinthe.Bates@yopmail.com;1926-08-08
1353;Hermione;Skurnik;Hermione.Skurnik@yopmail.com;1981-08-15
1354;Bobbi;Harday;Bobbi.Harday@yopmail.com;1942-01-28
1355;Lesly;Raychel;Lesly.Raychel@yopmail.com;1979-12-03
1356;Mamie;Aaberg;Mamie.Aaberg@yopmail.com;1919-01-25
1357;Neila;Ralfston;Neila.Ralfston@yopmail.com;1903-06-27
1358;Olwen;Lauraine;Olwen.Lauraine@yopmail.com;1944-04-08
1359;Blondelle;Weinreb;Blondelle.Weinreb@yopmail.com;1925-08-15
1360;Daryl;Newell;Daryl.Newell@yopmail.com;1994-05-05
1361;Lynde;Linehan;Lynde.Linehan@yopmail.com;1990-08-05
1362;Nikki;Bethany;Nikki.Bethany@yopmail.com;2018-11-29
1363;Vivia;Christal;Vivia.Christal@yopmail.com;1931-04-15
1364;Maye;Mayeda;Maye.Mayeda@yopmail.com;2014-08-19
1365;Meg;Geffner;Meg.Geffner@yopmail.com;2015-11-22
1366;Kerrin;Karl;Kerrin.Karl@yopmail.com;1917-10-03
1367;Consuela;Rheingold;Consuela.Rheingold@yopmail.com;1921-09-11
1368;Carly;Baptlsta;Carly.Baptlsta@yopmail.com;1932-11-03
1369;Fina;Wareing;Fina.Wareing@yopmail.com;1966-04-11
1370;Michaelina;Pascia;Michaelina.Pascia@yopmail.com;1942-07-01
1371;Elyssa;Hertzfeld;Elyssa.Hertzfeld@yopmail.com;1986-08-29
1372;Jenilee;Woodberry;Jenilee.Woodberry@yopmail.com;1991-08-18
1373;Lily;Melleta;Lily.Melleta@yopmail.com;2010-01-05
1374;Lulita;Penelopa;Lulita.Penelopa@yopmail.com;1940-09-24
1375;Kellen;Arquit;Kellen.Arquit@yopmail.com;1965-07-19
1376;Britte;Cleo;Britte.Cleo@yopmail.com;1966-07-06
1377;Anica;Orpah;Anica.Orpah@yopmail.com;1973-05-10
1378;Charlena;Avi;Charlena.Avi@yopmail.com;1925-09-19
1379;Louella;Riva;Louella.Riva@yopmail.com;1917-09-04
1380;Kassey;Lilas;Kassey.Lilas@yopmail.com;1961-04-24
1381;Dyann;Joachim;Dyann.Joachim@yopmail.com;1903-03-24
1382;Ermengarde;Fink;Ermengarde.Fink@yopmail.com;1984-03-13
1383;Anestassia;Merna;Anestassia.Merna@yopmail.com;1996-07-20
1384;Dione;Hanshaw;Dione.Hanshaw@yopmail.com;1994-12-25
1385;Jasmina;Dunkin;Jasmina.Dunkin@yopmail.com;1921-04-26
1386;Feliza;Forrer;Feliza.Forrer@yopmail.com;1994-02-12
1387;Tierney;Elisha;Tierney.Elisha@yopmail.com;1968-10-31
1388;Aigneis;Shields;Aigneis.Shields@yopmail.com;1959-04-22
1389;Orsola;Corabella;Orsola.Corabella@yopmail.com;1967-12-06
1390;Cathyleen;Burkle;Cathyleen.Burkle@yopmail.com;1939-09-03
1391;Sara-Ann;Phaidra;Sara-Ann.Phaidra@yopmail.com;2005-12-19
1392;Theodora;Madaih;Theodora.Madaih@yopmail.com;1993-12-09
1393;Marita;Center;Marita.Center@yopmail.com;1974-02-24
1394;Amelia;Lauraine;Amelia.Lauraine@yopmail.com;1942-05-25
1395;Ronna;Croix;Ronna.Croix@yopmail.com;1979-10-18
1396;Dominga;Morrill;Dominga.Morrill@yopmail.com;1990-03-10
1397;Harrietta;Stevy;Harrietta.Stevy@yopmail.com;1960-12-31
1398;Agathe;Hirsch;Agathe.Hirsch@yopmail.com;1948-04-25
1399;Raina;Fennessy;Raina.Fennessy@yopmail.com;1926-08-16
1400;Dacia;Lindemann;Dacia.Lindemann@yopmail.com;1982-10-19
1401;Flory;Cottle;Flory.Cottle@yopmail.com;1987-01-12
1402;Netty;Japeth;Netty.Japeth@yopmail.com;1963-10-10
1403;Lindie;Berl;Lindie.Berl@yopmail.com;2003-03-24
1404;Robbi;Dielu;Robbi.Dielu@yopmail.com;2004-06-09
1405;Sharlene;Serilda;Sharlene.Serilda@yopmail.com;1956-08-02
1406;Tilly;Firmin;Tilly.Firmin@yopmail.com;1999-03-20
1407;Hildegaard;Roarke;Hildegaard.Roarke@yopmail.com;2001-03-06
1408;Letizia;Denis;Letizia.Denis@yopmail.com;1992-03-13
1409;Loree;Smitt;Loree.Smitt@yopmail.com;1988-12-19
1410;Vonny;McNully;Vonny.McNully@yopmail.com;1929-11-17
1411;Jsandye;Lacombe;Jsandye.Lacombe@yopmail.com;2014-06-10
1412;Sallie;Cath;Sallie.Cath@yopmail.com;2004-11-28
1413;Maisey;Chesna;Maisey.Chesna@yopmail.com;1901-11-23
1414;Deane;Israeli;Deane.Israeli@yopmail.com;1923-01-23
1415;Kate;An;Kate.An@yopmail.com;1916-10-01
1416;Talya;Tarrant;Talya.Tarrant@yopmail.com;1945-07-04
1417;Ruthe;Pozzy;Ruthe.Pozzy@yopmail.com;1929-12-15
1418;Viki;Seessel;Viki.Seessel@yopmail.com;1917-12-23
1419;Gusella;Masao;Gusella.Masao@yopmail.com;1937-07-01
1420;Esmeralda;Codding;Esmeralda.Codding@yopmail.com;1918-07-08
1421;Mara;Brittani;Mara.Brittani@yopmail.com;1994-01-31
1422;Marcelline;Willie;Marcelline.Willie@yopmail.com;1902-02-06
1423;Jerry;Mott;Jerry.Mott@yopmail.com;1942-10-04
1424;Chere;Doig;Chere.Doig@yopmail.com;1934-11-30
1425;Natka;Bobbee;Natka.Bobbee@yopmail.com;1913-12-01
1426;Aurelie;Shaver;Aurelie.Shaver@yopmail.com;1947-08-31
1427;Sissy;Annabella;Sissy.Annabella@yopmail.com;1936-01-16
1428;Gerianna;Maples;Gerianna.Maples@yopmail.com;1903-07-08
1429;Caritta;Thunell;Caritta.Thunell@yopmail.com;1992-10-06
1430;Zia;Gusella;Zia.Gusella@yopmail.com;2012-11-05
1431;Catharine;Stav;Catharine.Stav@yopmail.com;1919-11-04
1432;Sophia;Georgy;Sophia.Georgy@yopmail.com;2007-08-28
1433;Tera;Madaih;Tera.Madaih@yopmail.com;1936-04-18
1434;Violet;Brady;Violet.Brady@yopmail.com;1954-03-16
1435;Starla;Jacqui;Starla.Jacqui@yopmail.com;1943-12-22
1436;Karena;Angelis;Karena.Angelis@yopmail.com;1988-06-19
1437;Gusty;Terrence;Gusty.Terrence@yopmail.com;1920-09-17
1438;Jolyn;Vastah;Jolyn.Vastah@yopmail.com;1966-03-14
1439;Cordi;Cosenza;Cordi.Cosenza@yopmail.com;1922-06-07
1440;Meg;Couture;Meg.Couture@yopmail.com;1914-07-07
1441;Gusella;Jarib;Gusella.Jarib@yopmail.com;1945-11-23
1442;Elbertina;Douglass;Elbertina.Douglass@yopmail.com;1931-10-04
1443;Aubrie;Freddi;Aubrie.Freddi@yopmail.com;1959-03-16
1444;Lexine;Melony;Lexine.Melony@yopmail.com;2016-09-03
1445;Sarette;Johanna;Sarette.Johanna@yopmail.com;1934-01-13
1446;Dawn;Kauppi;Dawn.Kauppi@yopmail.com;1956-07-28
1447;Tonia;Hathaway;Tonia.Hathaway@yopmail.com;1936-11-24
1448;Dominga;Bashemeth;Dominga.Bashemeth@yopmail.com;1912-12-22
1449;Joane;Casimir;Joane.Casimir@yopmail.com;1973-01-17
1450;Addia;Kevon;Addia.Kevon@yopmail.com;1949-03-06
1451;Berget;Kauppi;Berget.Kauppi@yopmail.com;1905-03-24
1452;Elise;Alexandr;Elise.Alexandr@yopmail.com;2007-08-29
1453;Netty;Magdalen;Netty.Magdalen@yopmail.com;1951-01-23
1454;Jennica;Curren;Jennica.Curren@yopmail.com;1972-12-26
1455;Elmira;Roxanna;Elmira.Roxanna@yopmail.com;2005-09-30
1456;Daryl;Roumell;Daryl.Roumell@yopmail.com;1940-10-28
1457;Rozele;O'Carroll;Rozele.O'Carroll@yopmail.com;2008-11-30
1458;Ida;Grayce;Ida.Grayce@yopmail.com;1936-09-24
1459;Talya;Seagraves;Talya.Seagraves@yopmail.com;1929-04-12
1460;Courtnay;Plato;Courtnay.Plato@yopmail.com;1983-08-24
1461;Barbi;Gregrory;Barbi.Gregrory@yopmail.com;2007-04-17
1462;Louella;Daveta;Louella.Daveta@yopmail.com;1965-09-25
1463;Kirbee;Felecia;Kirbee.Felecia@yopmail.com;2013-07-24
1464;Rubie;Ade;Rubie.Ade@yopmail.com;1931-04-24
1465;Verla;Truc;Verla.Truc@yopmail.com;1967-10-11
1466;Juliane;Huggins;Juliane.Huggins@yopmail.com;2019-09-13
1467;Cristabel;Georas;Cristabel.Georas@yopmail.com;1984-09-24
1468;Georgina;Maribeth;Georgina.Maribeth@yopmail.com;2019-05-17
1469;Fidelia;Taam;Fidelia.Taam@yopmail.com;1924-06-01
1470;Caryl;Goerke;Caryl.Goerke@yopmail.com;1978-08-29
1471;Libbie;Neils;Libbie.Neils@yopmail.com;1978-03-25
1472;Shell;Nickola;Shell.Nickola@yopmail.com;1920-06-27
1473;Kenna;Woodberry;Kenna.Woodberry@yopmail.com;1928-11-03
1474;Susette;Toffic;Susette.Toffic@yopmail.com;1909-07-02
1475;Briney;Fadiman;Briney.Fadiman@yopmail.com;2011-11-07
1476;Kathy;Capello;Kathy.Capello@yopmail.com;1955-03-04
1477;Sandie;Pattin;Sandie.Pattin@yopmail.com;1938-08-14
1478;Ana;Lail;Ana.Lail@yopmail.com;1953-07-05
1479;Karolina;Viddah;Karolina.Viddah@yopmail.com;1948-02-11
1480;Kayla;Gilbertson;Kayla.Gilbertson@yopmail.com;1907-02-14
1481;Lynde;Gilmour;Lynde.Gilmour@yopmail.com;1998-10-05
1482;Darci;Mehalek;Darci.Mehalek@yopmail.com;1929-03-15
1483;Berget;Docilla;Berget.Docilla@yopmail.com;1979-08-21
1484;Clo;Etom;Clo.Etom@yopmail.com;1970-12-05
1485;Addia;Schlosser;Addia.Schlosser@yopmail.com;1980-01-11
1486;Karina;Schenck;Karina.Schenck@yopmail.com;1929-08-19
1487;Leona;Radu;Leona.Radu@yopmail.com;1933-03-14
1488;Isa;Douglass;Isa.Douglass@yopmail.com;1915-09-30
1489;Leia;Briney;Leia.Briney@yopmail.com;1939-02-03
1490;Yolane;Monk;Yolane.Monk@yopmail.com;2010-01-09
1491;Brandise;Riordan;Brandise.Riordan@yopmail.com;1928-10-20
1492;Lulita;Croix;Lulita.Croix@yopmail.com;1993-02-18
1493;Marylou;Madox;Marylou.Madox@yopmail.com;1961-10-22
1494;Carly;Kellby;Carly.Kellby@yopmail.com;1943-11-16
1495;Brooks;Christine;Brooks.Christine@yopmail.com;2008-11-06
1496;Gusty;Marcellus;Gusty.Marcellus@yopmail.com;1914-01-30
1497;Mariann;Esmaria;Mariann.Esmaria@yopmail.com;1993-08-29
1498;Peri;Ade;Peri.Ade@yopmail.com;1974-10-26
1499;Blinni;Kaja;Blinni.Kaja@yopmail.com;1925-02-06
1500;Janey;Seumas;Janey.Seumas@yopmail.com;1934-09-22
1501;Ardenia;Mott;Ardenia.Mott@yopmail.com;1928-09-05
1502;Latisha;Sundin;Latisha.Sundin@yopmail.com;1970-08-18
1503;Allis;Emerson;Allis.Emerson@yopmail.com;1917-03-14
1504;Bettine;Aurelio;Bettine.Aurelio@yopmail.com;1912-12-04
1505;Mignon;Vanni;Mignon.Vanni@yopmail.com;1968-12-28
1506;Ruthe;Mich;Ruthe.Mich@yopmail.com;1917-11-29
1507;Dede;Plato;Dede.Plato@yopmail.com;1914-09-18
1508;Brana;Leifeste;Brana.Leifeste@yopmail.com;2015-02-23
1509;Annecorinne;Maiah;Annecorinne.Maiah@yopmail.com;1973-07-14
1510;Edith;Aprile;Edith.Aprile@yopmail.com;1993-02-10
1511;Myrtice;Gualtiero;Myrtice.Gualtiero@yopmail.com;1921-08-27
1512;Wileen;Means;Wileen.Means@yopmail.com;2001-11-19
1513;Alejandra;Allys;Alejandra.Allys@yopmail.com;1951-10-10
1514;Lory;Kauppi;Lory.Kauppi@yopmail.com;1939-02-12
1515;Mady;Bendick;Mady.Bendick@yopmail.com;2003-02-19
1516;Elena;Drisko;Elena.Drisko@yopmail.com;1912-04-25
1517;Elfreda;Macey;Elfreda.Macey@yopmail.com;1993-02-24
1518;Elora;Cleo;Elora.Cleo@yopmail.com;1927-09-06
1519;Chere;Greenwald;Chere.Greenwald@yopmail.com;1968-12-22
1520;Madalyn;Klotz;Madalyn.Klotz@yopmail.com;1982-01-05
1521;Selia;Wallis;Selia.Wallis@yopmail.com;1974-07-29
1522;Olwen;Stoller;Olwen.Stoller@yopmail.com;1931-03-24
1523;Kara-Lynn;Bryna;Kara-Lynn.Bryna@yopmail.com;2019-12-02
1524;Lolita;Casimir;Lolita.Casimir@yopmail.com;2001-10-13
1525;Bobbi;Bluh;Bobbi.Bluh@yopmail.com;1933-08-07
1526;Gerianna;Sisile;Gerianna.Sisile@yopmail.com;1958-01-24
1527;Averyl;Dyche;Averyl.Dyche@yopmail.com;1989-11-22
1528;Joane;Meter;Joane.Meter@yopmail.com;2016-07-07
1529;Halette;Gilbertson;Halette.Gilbertson@yopmail.com;1976-05-10
1530;Marnia;Letsou;Marnia.Letsou@yopmail.com;1924-05-12
1531;Kittie;Erskine;Kittie.Erskine@yopmail.com;1942-03-30
1532;Modestia;Robertson;Modestia.Robertson@yopmail.com;1928-01-09
1533;Carolina;Konyn;Carolina.Konyn@yopmail.com;2005-08-04
1534;Sharai;Kannry;Sharai.Kannry@yopmail.com;1960-06-25
1535;Ileana;Vale;Ileana.Vale@yopmail.com;1945-10-25
1536;Britni;Briney;Britni.Briney@yopmail.com;1920-01-18
1537;Damaris;Primalia;Damaris.Primalia@yopmail.com;1979-08-02
1538;Olwen;Cloris;Olwen.Cloris@yopmail.com;1924-12-24
1539;Emma;Deegan;Emma.Deegan@yopmail.com;1998-09-30
1540;Willetta;Tamar;Willetta.Tamar@yopmail.com;1986-09-21
1541;Gerrie;Lory;Gerrie.Lory@yopmail.com;1912-08-09
1542;Blake;Plato;Blake.Plato@yopmail.com;1981-03-12
1543;Marline;Ledah;Marline.Ledah@yopmail.com;1942-05-01
1544;Ira;Beniamino;Ira.Beniamino@yopmail.com;1937-09-12
1545;Jsandye;Koehler;Jsandye.Koehler@yopmail.com;1951-06-21
1546;Donetta;Ciro;Donetta.Ciro@yopmail.com;1999-08-04
1547;Kristan;Ezar;Kristan.Ezar@yopmail.com;1923-05-06
1548;Rochette;Lasley;Rochette.Lasley@yopmail.com;1919-07-20
1549;Beatriz;Muriel;Beatriz.Muriel@yopmail.com;1994-02-12
1550;Ellette;Larochelle;Ellette.Larochelle@yopmail.com;1999-07-14
1551;Merci;Chick;Merci.Chick@yopmail.com;1905-10-16
1552;Gloria;Serilda;Gloria.Serilda@yopmail.com;1911-10-20
1553;Kimmy;Yam;Kimmy.Yam@yopmail.com;1909-10-13
1554;Carolina;Odell;Carolina.Odell@yopmail.com;1903-05-02
1555;Elmira;Burch;Elmira.Burch@yopmail.com;1922-07-08
1556;Sean;Tamsky;Sean.Tamsky@yopmail.com;1964-08-20
1557;Fanny;Gherardo;Fanny.Gherardo@yopmail.com;2002-04-16
1558;Melanie;Wenoa;Melanie.Wenoa@yopmail.com;1916-12-05
1559;Elie;Arne;Elie.Arne@yopmail.com;1975-08-08
1560;Latisha;Brotherson;Latisha.Brotherson@yopmail.com;1908-05-09
1561;Elsie;Podvin;Elsie.Podvin@yopmail.com;1902-01-24
1562;Collen;Gabrielli;Collen.Gabrielli@yopmail.com;1974-03-24
1563;Kristan;Sikorski;Kristan.Sikorski@yopmail.com;1911-12-10
1564;Concettina;Ellerey;Concettina.Ellerey@yopmail.com;1973-04-18
1565;Berget;Sharl;Berget.Sharl@yopmail.com;1917-02-08
1566;Gavrielle;Allina;Gavrielle.Allina@yopmail.com;1979-03-29
1567;Carree;Lubin;Carree.Lubin@yopmail.com;1930-03-22
1568;Consuela;Maxi;Consuela.Maxi@yopmail.com;1975-10-05
1569;Emmey;Maples;Emmey.Maples@yopmail.com;1905-10-02
1570;Evita;Love;Evita.Love@yopmail.com;2007-03-21
1571;Brynna;Mich;Brynna.Mich@yopmail.com;1903-02-13
1572;Philis;Leler;Philis.Leler@yopmail.com;1921-02-17
1573;Bill;Erminia;Bill.Erminia@yopmail.com;2005-08-04
1574;Rori;Pitt;Rori.Pitt@yopmail.com;2001-10-10
1575;Brena;Naashom;Brena.Naashom@yopmail.com;1967-06-14
1576;Xylina;Wadell;Xylina.Wadell@yopmail.com;1905-10-26
1577;Nataline;Agle;Nataline.Agle@yopmail.com;1987-10-09
1578;Nataline;Natalia;Nataline.Natalia@yopmail.com;1926-03-06
1579;Alia;Ruvolo;Alia.Ruvolo@yopmail.com;2010-11-23
1580;Brana;Sothena;Brana.Sothena@yopmail.com;1943-09-01
1581;Valeda;Valoniah;Valeda.Valoniah@yopmail.com;1940-02-21
1582;Lorie;Briney;Lorie.Briney@yopmail.com;1911-09-08
1583;Reeba;Tannie;Reeba.Tannie@yopmail.com;1989-08-28
1584;Alie;Silvan;Alie.Silvan@yopmail.com;2005-03-01
1585;Lesly;Sprage;Lesly.Sprage@yopmail.com;1997-09-14
1586;Esmeralda;Kiersten;Esmeralda.Kiersten@yopmail.com;1965-03-20
1587;Pierette;Kronfeld;Pierette.Kronfeld@yopmail.com;1927-01-24
1588;Nyssa;Sekofski;Nyssa.Sekofski@yopmail.com;1901-07-29
1589;Gwyneth;Bakerman;Gwyneth.Bakerman@yopmail.com;1992-09-08
1590;Maryellen;Bevin;Maryellen.Bevin@yopmail.com;1970-08-09
1591;Shauna;Mitzi;Shauna.Mitzi@yopmail.com;1939-03-28
1592;Ada;Daveta;Ada.Daveta@yopmail.com;1972-11-25
1593;Lauryn;Meter;Lauryn.Meter@yopmail.com;1927-04-22
1594;Claresta;Terencio;Claresta.Terencio@yopmail.com;1921-11-29
1595;Veda;Llovera;Veda.Llovera@yopmail.com;1932-05-04
1596;Isa;Lowry;Isa.Lowry@yopmail.com;1902-01-26
1597;Maisey;Thad;Maisey.Thad@yopmail.com;1930-05-13
1598;Binny;Vivle;Binny.Vivle@yopmail.com;1906-03-06
1599;Starla;Nedrud;Starla.Nedrud@yopmail.com;1906-07-30
1600;Gabriellia;Francyne;Gabriellia.Francyne@yopmail.com;2017-08-11
1601;Cassandra;Anestassia;Cassandra.Anestassia@yopmail.com;2008-01-02
1602;Gusella;Ophelia;Gusella.Ophelia@yopmail.com;1941-09-18
1603;Candy;Berl;Candy.Berl@yopmail.com;1911-01-08
1604;Christian;Agle;Christian.Agle@yopmail.com;1983-02-10
1605;Tori;Tillford;Tori.Tillford@yopmail.com;2009-08-17
1606;Veda;Regan;Veda.Regan@yopmail.com;1992-01-19
1607;Dari;Ethban;Dari.Ethban@yopmail.com;2013-02-16
1608;Quintina;Drisko;Quintina.Drisko@yopmail.com;1989-06-02
1609;Danny;Bethany;Danny.Bethany@yopmail.com;1960-06-27
1610;Kelly;McGrody;Kelly.McGrody@yopmail.com;1985-02-12
1611;Bertine;Andrel;Bertine.Andrel@yopmail.com;1904-10-03
1612;Adele;Phaidra;Adele.Phaidra@yopmail.com;1963-06-04
1613;Annaliese;McGrody;Annaliese.McGrody@yopmail.com;1912-01-24
1614;Adele;Colbert;Adele.Colbert@yopmail.com;1972-11-06
1615;Aryn;Marlie;Aryn.Marlie@yopmail.com;2018-11-30
1616;Adele;Abram;Adele.Abram@yopmail.com;1957-02-05
1617;Madalyn;Roscoe;Madalyn.Roscoe@yopmail.com;1905-12-31
1618;Melisent;Kermit;Melisent.Kermit@yopmail.com;1980-08-03
1619;Bill;Killigrew;Bill.Killigrew@yopmail.com;1947-07-11
1620;Cassandra;Primalia;Cassandra.Primalia@yopmail.com;1944-11-27
1621;Britni;Daegal;Britni.Daegal@yopmail.com;1902-08-27
1622;Genovera;Tiffa;Genovera.Tiffa@yopmail.com;1963-10-29
1623;Blake;Anton;Blake.Anton@yopmail.com;1927-07-18
1624;Dolli;Brian;Dolli.Brian@yopmail.com;1995-01-31
1625;Randa;Solitta;Randa.Solitta@yopmail.com;1922-12-05
1626;Talya;Junie;Talya.Junie@yopmail.com;2019-11-16
1627;Heida;Urania;Heida.Urania@yopmail.com;1927-03-14
1628;Blinni;Kesley;Blinni.Kesley@yopmail.com;2000-12-23
1629;Jordan;Ashok;Jordan.Ashok@yopmail.com;1926-10-29
1630;Abbie;Lea;Abbie.Lea@yopmail.com;1997-06-05
1631;Damaris;Hillel;Damaris.Hillel@yopmail.com;1989-10-23
1632;Ana;Sasnett;Ana.Sasnett@yopmail.com;1994-05-27
1633;Elmira;Saree;Elmira.Saree@yopmail.com;1905-06-09
1634;Jany;Levey;Jany.Levey@yopmail.com;1996-05-05
1635;Pierette;Morehouse;Pierette.Morehouse@yopmail.com;1950-03-05
1636;Teddie;Barbey;Teddie.Barbey@yopmail.com;1910-11-15
1637;Jennica;Hillel;Jennica.Hillel@yopmail.com;2004-09-12
1638;Mignon;Lemuela;Mignon.Lemuela@yopmail.com;1976-02-23
1639;Adriana;Raama;Adriana.Raama@yopmail.com;1954-10-31
1640;Nita;Gavrila;Nita.Gavrila@yopmail.com;1964-11-16
1641;Lucy;Minetta;Lucy.Minetta@yopmail.com;1927-09-28
1642;Valeda;Montgomery;Valeda.Montgomery@yopmail.com;1998-10-21
1643;Loree;Sidonius;Loree.Sidonius@yopmail.com;1940-10-15
1644;Myrtice;LaRue;Myrtice.LaRue@yopmail.com;2008-07-14
1645;Georgetta;Jacobah;Georgetta.Jacobah@yopmail.com;1970-04-15
1646;Agnese;Thilda;Agnese.Thilda@yopmail.com;2017-04-11
1647;Jaclyn;Old;Jaclyn.Old@yopmail.com;1958-06-14
1648;Collen;Francyne;Collen.Francyne@yopmail.com;1960-02-01
1649;Candy;Thomasina;Candy.Thomasina@yopmail.com;1900-10-18
1650;Mara;Hanleigh;Mara.Hanleigh@yopmail.com;2006-01-14
1651;Lanna;Kirstin;Lanna.Kirstin@yopmail.com;1915-08-11
1652;Vita;Durante;Vita.Durante@yopmail.com;1922-08-02
1653;Barbara;Dahlia;Barbara.Dahlia@yopmail.com;1900-11-27
1654;Clarice;Kathie;Clarice.Kathie@yopmail.com;1974-06-29
1655;Calla;Girardo;Calla.Girardo@yopmail.com;1910-08-25
1656;Arabel;Craggie;Arabel.Craggie@yopmail.com;1912-09-21
1657;Florencia;Sundin;Florencia.Sundin@yopmail.com;1988-12-22
1658;Leeanne;Fancie;Leeanne.Fancie@yopmail.com;1917-03-21
1659;Angelique;Thar;Angelique.Thar@yopmail.com;1934-05-10
1660;Laure;Romelda;Laure.Romelda@yopmail.com;1942-01-19
1661;Lorne;Margret;Lorne.Margret@yopmail.com;1922-07-02
1662;Agathe;Alice;Agathe.Alice@yopmail.com;1959-03-27
1663;Miquela;Elephus;Miquela.Elephus@yopmail.com;1986-12-22
1664;Rhoda;Rustice;Rhoda.Rustice@yopmail.com;1951-10-23
1665;Helena;Granoff;Helena.Granoff@yopmail.com;1910-03-21
1666;Vivia;Oscar;Vivia.Oscar@yopmail.com;1992-08-26
1667;Peri;Lewes;Peri.Lewes@yopmail.com;1922-05-10
1668;Philis;Killigrew;Philis.Killigrew@yopmail.com;1931-08-22
1669;Anestassia;Boehike;Anestassia.Boehike@yopmail.com;2011-10-09
1670;Marline;Prouty;Marline.Prouty@yopmail.com;1977-11-21
1671;Judy;Kenney;Judy.Kenney@yopmail.com;1940-04-25
1672;Regina;Nisbet;Regina.Nisbet@yopmail.com;2014-04-05
1673;Molli;Kirstin;Molli.Kirstin@yopmail.com;1991-10-25
1674;Hannis;Virgin;Hannis.Virgin@yopmail.com;1992-12-07
1675;Christian;Pozzy;Christian.Pozzy@yopmail.com;1990-09-18
1676;Hayley;Durware;Hayley.Durware@yopmail.com;1904-10-17
1677;Nonnah;Eachern;Nonnah.Eachern@yopmail.com;1947-02-14
1678;Emilia;Fancie;Emilia.Fancie@yopmail.com;1945-06-27
1679;Sharai;Alarise;Sharai.Alarise@yopmail.com;1986-02-22
1680;Lynea;Abernon;Lynea.Abernon@yopmail.com;1918-01-23
1681;Angelique;Constancy;Angelique.Constancy@yopmail.com;2005-10-23
1682;Suzette;Wolfgram;Suzette.Wolfgram@yopmail.com;1946-03-25
1683;Cacilie;Sothena;Cacilie.Sothena@yopmail.com;1942-07-30
1684;Annice;Isacco;Annice.Isacco@yopmail.com;1905-09-19
1685;Latisha;Bord;Latisha.Bord@yopmail.com;1920-05-15
1686;Jacenta;Vittoria;Jacenta.Vittoria@yopmail.com;1953-09-25
1687;Damaris;Stephie;Damaris.Stephie@yopmail.com;1900-07-16
1688;Kalina;Creamer;Kalina.Creamer@yopmail.com;1934-04-03
1689;Elvira;Linskey;Elvira.Linskey@yopmail.com;1942-10-18
1690;Darci;Abbot;Darci.Abbot@yopmail.com;1907-12-05
1691;Stacey;Florina;Stacey.Florina@yopmail.com;2004-07-28
1692;Blinni;O'Neill;Blinni.O'Neill@yopmail.com;1909-03-10
1693;Elvira;Velick;Elvira.Velick@yopmail.com;1933-12-18
1694;Maye;Miru;Maye.Miru@yopmail.com;2019-09-29
1695;Linzy;Suanne;Linzy.Suanne@yopmail.com;1940-07-08
1696;Iseabal;Mozelle;Iseabal.Mozelle@yopmail.com;1957-05-25
1697;Tabbatha;Kamaria;Tabbatha.Kamaria@yopmail.com;1917-01-30
1698;Joleen;Chrystel;Joleen.Chrystel@yopmail.com;1912-04-30
1699;Basia;Adlare;Basia.Adlare@yopmail.com;1903-01-28
1700;Gloria;Niles;Gloria.Niles@yopmail.com;1999-10-09
1701;Rubie;Colyer;Rubie.Colyer@yopmail.com;1918-05-24
1702;Harmonia;Havens;Harmonia.Havens@yopmail.com;1939-07-02
1703;Nerta;Stuart;Nerta.Stuart@yopmail.com;1918-04-24
1704;Heida;Janith;Heida.Janith@yopmail.com;1958-08-27
1705;Wileen;Rebecka;Wileen.Rebecka@yopmail.com;1934-02-03
1706;Glenda;Lissi;Glenda.Lissi@yopmail.com;1998-05-28
1707;Genovera;Loring;Genovera.Loring@yopmail.com;2005-04-08
1708;Mildrid;Alfons;Mildrid.Alfons@yopmail.com;1902-07-28
1709;Kristan;Pettiford;Kristan.Pettiford@yopmail.com;1907-03-28
1710;Reeba;Clarissa;Reeba.Clarissa@yopmail.com;1918-05-29
1711;Bobinette;Christine;Bobinette.Christine@yopmail.com;1985-12-09
1712;Ruthe;Ietta;Ruthe.Ietta@yopmail.com;1963-12-15
1713;Helsa;Brian;Helsa.Brian@yopmail.com;1902-07-26
1714;Tracey;Timon;Tracey.Timon@yopmail.com;1957-02-14
1715;Gabi;Lowry;Gabi.Lowry@yopmail.com;1997-02-25
1716;Carlie;Haldas;Carlie.Haldas@yopmail.com;1955-11-12
1717;Feliza;Borrell;Feliza.Borrell@yopmail.com;1918-02-11
1718;Roseline;Reidar;Roseline.Reidar@yopmail.com;1968-10-24
1719;Bibby;Erskine;Bibby.Erskine@yopmail.com;1939-07-07
1720;Winifred;Pauly;Winifred.Pauly@yopmail.com;1932-10-29
1721;Lusa;Kronfeld;Lusa.Kronfeld@yopmail.com;1965-07-07
1722;Lonnie;Vale;Lonnie.Vale@yopmail.com;2003-12-08
1723;Daphne;Leary;Daphne.Leary@yopmail.com;1970-02-02
1724;Rhea;Sherrie;Rhea.Sherrie@yopmail.com;1933-03-09
1725;Anica;Trey;Anica.Trey@yopmail.com;2014-12-24
1726;Tilly;Koehler;Tilly.Koehler@yopmail.com;1930-01-19
1727;Marylou;Carlson;Marylou.Carlson@yopmail.com;2004-12-05
1728;Deane;Meli;Deane.Meli@yopmail.com;1969-05-13
1729;Dominga;Goode;Dominga.Goode@yopmail.com;1988-08-26
1730;Eadie;Rudolph;Eadie.Rudolph@yopmail.com;1957-09-29
1731;Donnie;Ax;Donnie.Ax@yopmail.com;2013-11-11
1732;Malina;Goddard;Malina.Goddard@yopmail.com;1989-04-20
1733;Starla;Waldron;Starla.Waldron@yopmail.com;1938-06-19
1734;Elsie;Cordi;Elsie.Cordi@yopmail.com;1973-01-07
1735;Lynnea;Lowry;Lynnea.Lowry@yopmail.com;1939-01-29
1736;Lucy;Milde;Lucy.Milde@yopmail.com;1927-11-03
1737;Barbara;Hazlett;Barbara.Hazlett@yopmail.com;1975-10-31
1738;Arabel;Orlene;Arabel.Orlene@yopmail.com;1918-04-27
1739;Alexine;Bibi;Alexine.Bibi@yopmail.com;2002-08-23
1740;Ardenia;Elbertina;Ardenia.Elbertina@yopmail.com;1998-09-21
1741;Meghann;Shaver;Meghann.Shaver@yopmail.com;1948-03-18
1742;Carree;Lareena;Carree.Lareena@yopmail.com;2015-04-15
1743;Cacilie;Gregrory;Cacilie.Gregrory@yopmail.com;1943-04-24
1744;Sadie;Idelia;Sadie.Idelia@yopmail.com;1915-09-07
1745;Ada;Borrell;Ada.Borrell@yopmail.com;1932-05-30
1746;Abbie;Thornburg;Abbie.Thornburg@yopmail.com;1991-07-12
1747;Lusa;Ciapas;Lusa.Ciapas@yopmail.com;1952-06-07
1748;Emelina;Gladstone;Emelina.Gladstone@yopmail.com;1962-10-30
1749;Isa;Mich;Isa.Mich@yopmail.com;1919-07-08
1750;Krystle;Monaco;Krystle.Monaco@yopmail.com;1961-06-24
1751;Aili;Noelyn;Aili.Noelyn@yopmail.com;1926-01-30
1752;Estell;Sibyls;Estell.Sibyls@yopmail.com;1981-04-11
1753;Joeann;Noman;Joeann.Noman@yopmail.com;1949-12-30
1754;Evita;Roxanna;Evita.Roxanna@yopmail.com;1977-08-20
1755;Hannis;Ariella;Hannis.Ariella@yopmail.com;1986-03-20
1756;Mignon;Matthew;Mignon.Matthew@yopmail.com;1997-01-26
1757;Fanchon;Voletta;Fanchon.Voletta@yopmail.com;2014-09-11
1758;Shannah;Maisey;Shannah.Maisey@yopmail.com;1979-01-25
1759;Shaine;Morrill;Shaine.Morrill@yopmail.com;1931-01-05
1760;Camile;Peg;Camile.Peg@yopmail.com;2011-02-07
1761;Katharina;Aprile;Katharina.Aprile@yopmail.com;1937-05-18
1762;Fina;Rudolph;Fina.Rudolph@yopmail.com;2006-02-20
1763;Marguerite;Eno;Marguerite.Eno@yopmail.com;1973-08-23
1764;Dagmar;Matthew;Dagmar.Matthew@yopmail.com;1980-10-30
1765;Janeczka;Frodi;Janeczka.Frodi@yopmail.com;1911-10-19
1766;Beatriz;Ephrem;Beatriz.Ephrem@yopmail.com;1924-02-12
1767;Rubie;Lia;Rubie.Lia@yopmail.com;1997-05-07
1768;Suzette;Lilas;Suzette.Lilas@yopmail.com;1950-03-27
1769;Clo;Matthew;Clo.Matthew@yopmail.com;1909-04-14
1770;Sue;Ochs;Sue.Ochs@yopmail.com;1921-01-31
1771;Nadine;Jaylene;Nadine.Jaylene@yopmail.com;1981-02-02
1772;Lusa;Georas;Lusa.Georas@yopmail.com;1959-02-02
1773;Sheelagh;Cavan;Sheelagh.Cavan@yopmail.com;1975-01-10
1774;Marinna;Rozanna;Marinna.Rozanna@yopmail.com;1992-06-08
1775;Susette;Katrine;Susette.Katrine@yopmail.com;1981-10-27
1776;Melanie;Tremayne;Melanie.Tremayne@yopmail.com;1933-09-29
1777;Molli;Kylander;Molli.Kylander@yopmail.com;1918-11-01
1778;Dawn;Tryck;Dawn.Tryck@yopmail.com;2014-06-08
1779;Morganica;Roarke;Morganica.Roarke@yopmail.com;1934-11-07
1780;Tomasina;Ovid;Tomasina.Ovid@yopmail.com;1937-08-13
1781;Adele;Brackely;Adele.Brackely@yopmail.com;1949-10-31
1782;Christal;Fredi;Christal.Fredi@yopmail.com;2018-08-09
1783;Kristina;Fairweather;Kristina.Fairweather@yopmail.com;1903-04-21
1784;Letizia;Felizio;Letizia.Felizio@yopmail.com;1951-10-07
1785;Sashenka;Naor;Sashenka.Naor@yopmail.com;1964-08-18
1786;Lenna;Melony;Lenna.Melony@yopmail.com;1919-07-26
1787;Ekaterina;Arquit;Ekaterina.Arquit@yopmail.com;1920-11-04
1788;Meghann;Jethro;Meghann.Jethro@yopmail.com;1999-08-16
1789;Ninnetta;Gemini;Ninnetta.Gemini@yopmail.com;1947-08-10
1790;Gavrielle;Mozelle;Gavrielle.Mozelle@yopmail.com;1974-09-14
1791;Rayna;Ethban;Rayna.Ethban@yopmail.com;2019-08-03
1792;Jenilee;Maribeth;Jenilee.Maribeth@yopmail.com;1979-05-11
1793;Binny;Ophelia;Binny.Ophelia@yopmail.com;1949-10-12
1794;Orsola;Woodberry;Orsola.Woodberry@yopmail.com;1908-10-14
1795;Halette;Corilla;Halette.Corilla@yopmail.com;1922-05-13
1796;Lanae;Malvino;Lanae.Malvino@yopmail.com;1946-08-28
1797;Edyth;Monaco;Edyth.Monaco@yopmail.com;1901-04-18
1798;Kylynn;Wildermuth;Kylynn.Wildermuth@yopmail.com;1915-03-24
1799;Chastity;Wu;Chastity.Wu@yopmail.com;1995-08-06
1800;Johna;Center;Johna.Center@yopmail.com;1907-05-03
1801;Candy;Rhu;Candy.Rhu@yopmail.com;2018-08-11
1802;Steffane;Bollay;Steffane.Bollay@yopmail.com;1931-07-03
1803;Marjie;Carbo;Marjie.Carbo@yopmail.com;1965-04-15
1804;Ardys;Charity;Ardys.Charity@yopmail.com;1965-01-18
1805;Antonietta;Liebermann;Antonietta.Liebermann@yopmail.com;1969-07-28
1806;Angelique;Rosette;Angelique.Rosette@yopmail.com;1902-05-08
1807;Neila;Emerson;Neila.Emerson@yopmail.com;1956-04-20
1808;Fanny;Vanni;Fanny.Vanni@yopmail.com;1982-01-15
1809;Gui;Tristram;Gui.Tristram@yopmail.com;1913-11-12
1810;Aurore;Tiffa;Aurore.Tiffa@yopmail.com;1981-12-06
1811;Veda;Karl;Veda.Karl@yopmail.com;1959-04-02
1812;Raina;Talia;Raina.Talia@yopmail.com;1945-06-11
1813;Karly;Lorain;Karly.Lorain@yopmail.com;1928-09-24
1814;Lindie;Verger;Lindie.Verger@yopmail.com;1990-03-20
1815;Concettina;Jobi;Concettina.Jobi@yopmail.com;2017-05-23
1816;Priscilla;Taam;Priscilla.Taam@yopmail.com;1911-12-01
1817;Mady;Wooster;Mady.Wooster@yopmail.com;2005-11-01
1818;Laure;Sothena;Laure.Sothena@yopmail.com;1954-11-09
1819;Ada;Hachmin;Ada.Hachmin@yopmail.com;1944-01-30
1820;Kristina;Publia;Kristina.Publia@yopmail.com;1965-09-01
1821;Yvonne;Helfand;Yvonne.Helfand@yopmail.com;1928-11-03
1822;Annaliese;Zenas;Annaliese.Zenas@yopmail.com;1992-07-25
1823;Dagmar;Stevy;Dagmar.Stevy@yopmail.com;1965-01-30
1824;Karly;Cimbura;Karly.Cimbura@yopmail.com;2002-07-19
1825;Desirae;Charity;Desirae.Charity@yopmail.com;1949-10-29
1826;Bettine;Mehalek;Bettine.Mehalek@yopmail.com;1902-12-07
1827;Kirstin;Carmena;Kirstin.Carmena@yopmail.com;1920-08-01
1828;Gwyneth;Fennessy;Gwyneth.Fennessy@yopmail.com;1925-09-23
1829;Elfreda;Tybald;Elfreda.Tybald@yopmail.com;1947-09-19
1830;Babita;Engdahl;Babita.Engdahl@yopmail.com;1953-03-24
1831;Elena;Zrike;Elena.Zrike@yopmail.com;2017-09-08
1832;Ada;Sinegold;Ada.Sinegold@yopmail.com;1984-06-15
1833;Stevana;Maiah;Stevana.Maiah@yopmail.com;1962-12-18
1834;Cassondra;Catie;Cassondra.Catie@yopmail.com;1920-09-28
1835;Althea;Emanuel;Althea.Emanuel@yopmail.com;1909-11-03
1836;Juliane;Bivins;Juliane.Bivins@yopmail.com;1965-01-01
1837;Quintina;Chaing;Quintina.Chaing@yopmail.com;2013-11-05
1838;Bobinette;Slifka;Bobinette.Slifka@yopmail.com;1953-04-29
1839;Josephine;Land;Josephine.Land@yopmail.com;1916-01-31
1840;Ashlee;Percy;Ashlee.Percy@yopmail.com;1926-11-09
1841;Nelle;Bohlin;Nelle.Bohlin@yopmail.com;2000-07-03
1842;Alameda;Xerxes;Alameda.Xerxes@yopmail.com;1977-02-04
1843;Lyssa;Secrest;Lyssa.Secrest@yopmail.com;1985-12-03
1844;Charissa;Tamsky;Charissa.Tamsky@yopmail.com;1931-12-18
1845;Ernesta;Couture;Ernesta.Couture@yopmail.com;2002-05-21
1846;Dagmar;Friede;Dagmar.Friede@yopmail.com;1912-09-25
1847;Grier;Bigner;Grier.Bigner@yopmail.com;2017-02-08
1848;Dawn;Narton;Dawn.Narton@yopmail.com;1977-09-22
1849;Moyna;Tillford;Moyna.Tillford@yopmail.com;1953-04-03
1850;June;Stav;June.Stav@yopmail.com;1915-02-04
1851;Andree;Tippets;Andree.Tippets@yopmail.com;1912-07-10
1852;Kate;My;Kate.My@yopmail.com;1935-07-17
1853;Moyna;Shaddock;Moyna.Shaddock@yopmail.com;1988-11-16
1854;Brietta;Nelsen;Brietta.Nelsen@yopmail.com;1961-11-13
1855;Marguerite;Stoller;Marguerite.Stoller@yopmail.com;2010-11-16
1856;Fredericka;Eiser;Fredericka.Eiser@yopmail.com;2002-12-10
1857;Fina;Cohdwell;Fina.Cohdwell@yopmail.com;1987-10-07
1858;Carolina;Norrie;Carolina.Norrie@yopmail.com;1949-10-06
1859;Marline;Leffen;Marline.Leffen@yopmail.com;1993-08-24
1860;Gertrud;Hilbert;Gertrud.Hilbert@yopmail.com;1941-11-10
1861;Valeda;Oneida;Valeda.Oneida@yopmail.com;1963-11-18
1862;Nariko;Niccolo;Nariko.Niccolo@yopmail.com;2002-05-18
1863;Cam;Berard;Cam.Berard@yopmail.com;2001-05-22
1864;Kimberley;Michella;Kimberley.Michella@yopmail.com;2013-01-13
1865;Ardys;An;Ardys.An@yopmail.com;2013-01-04
1866;Cherrita;Hieronymus;Cherrita.Hieronymus@yopmail.com;1932-03-26
1867;Janeczka;Seagraves;Janeczka.Seagraves@yopmail.com;1980-03-20
1868;Amelia;Ovid;Amelia.Ovid@yopmail.com;1922-08-17
1869;Luci;Baylor;Luci.Baylor@yopmail.com;1989-03-26
1870;Basia;Kolnick;Basia.Kolnick@yopmail.com;1936-12-11
1871;Ileana;Bakerman;Ileana.Bakerman@yopmail.com;2013-06-19
1872;Max;Duwalt;Max.Duwalt@yopmail.com;1906-06-22
1873;Chloris;Ietta;Chloris.Ietta@yopmail.com;1963-05-16
1874;Almeta;Keelia;Almeta.Keelia@yopmail.com;1982-07-18
1875;Gusella;Stacy;Gusella.Stacy@yopmail.com;1964-11-11
1876;Selia;Tacye;Selia.Tacye@yopmail.com;1950-03-25
1877;Aubrie;Emmaline;Aubrie.Emmaline@yopmail.com;1922-01-19
1878;Maurene;Pattin;Maurene.Pattin@yopmail.com;1983-01-01
1879;Gabriellia;O'Carroll;Gabriellia.O'Carroll@yopmail.com;1900-07-24
1880;Madelle;Hanshaw;Madelle.Hanshaw@yopmail.com;1951-11-05
1881;Darci;Japeth;Darci.Japeth@yopmail.com;1910-05-01
1882;Mallory;Margret;Mallory.Margret@yopmail.com;2018-09-04
1883;Helena;Atonsah;Helena.Atonsah@yopmail.com;1997-07-10
1884;Britte;Fairweather;Britte.Fairweather@yopmail.com;1931-01-30
1885;Alie;Rodmann;Alie.Rodmann@yopmail.com;1980-10-06
1886;Charlena;Shuler;Charlena.Shuler@yopmail.com;1940-07-06
1887;Celisse;Herrera;Celisse.Herrera@yopmail.com;1931-03-24
1888;Stevana;Stevy;Stevana.Stevy@yopmail.com;1956-06-02
1889;Kalina;Calhoun;Kalina.Calhoun@yopmail.com;1951-03-11
1890;Stephanie;Magdalen;Stephanie.Magdalen@yopmail.com;1942-12-11
1891;Dominga;Taima;Dominga.Taima@yopmail.com;1934-04-17
1892;Lulita;Vacuva;Lulita.Vacuva@yopmail.com;1968-10-18
1893;Alleen;Valoniah;Alleen.Valoniah@yopmail.com;1935-06-30
1894;Dorene;Monk;Dorene.Monk@yopmail.com;1912-03-06
1895;Danika;Japeth;Danika.Japeth@yopmail.com;2015-04-26
1896;Emylee;Brandice;Emylee.Brandice@yopmail.com;1932-08-11
1897;Mignon;Brodench;Mignon.Brodench@yopmail.com;1905-11-07
1898;Libbie;Kirstin;Libbie.Kirstin@yopmail.com;1904-03-28
1899;Ann-Marie;Niles;Ann-Marie.Niles@yopmail.com;1935-03-19
1900;Robbi;Lea;Robbi.Lea@yopmail.com;1900-03-29
1901;Emmey;Wenda;Emmey.Wenda@yopmail.com;1944-02-13
1902;Michaelina;Blase;Michaelina.Blase@yopmail.com;1989-01-10
1903;Jemie;Mozelle;Jemie.Mozelle@yopmail.com;1986-01-14
1904;Madeleine;Tremayne;Madeleine.Tremayne@yopmail.com;1967-10-06
1905;Cecile;Monk;Cecile.Monk@yopmail.com;1912-09-11
1906;Christian;Cath;Christian.Cath@yopmail.com;1953-04-07
1907;Xylina;Dyche;Xylina.Dyche@yopmail.com;1903-03-14
1908;Feliza;Stoller;Feliza.Stoller@yopmail.com;2008-02-21
1909;Melisent;Linskey;Melisent.Linskey@yopmail.com;1990-05-19
1910;Aurore;Ellerey;Aurore.Ellerey@yopmail.com;1953-11-16
1911;Estell;Milson;Estell.Milson@yopmail.com;1926-12-27
1912;Bernie;Garbe;Bernie.Garbe@yopmail.com;1988-11-28
1913;Marsiella;Claudine;Marsiella.Claudine@yopmail.com;1928-08-06
1914;Genevra;Rudolph;Genevra.Rudolph@yopmail.com;1909-09-27
1915;Estell;Konyn;Estell.Konyn@yopmail.com;1983-09-20
1916;Wilma;Christine;Wilma.Christine@yopmail.com;1906-09-10
1917;Augustine;Ellord;Augustine.Ellord@yopmail.com;1971-12-14
1918;Clary;Zina;Clary.Zina@yopmail.com;2011-05-11
1919;Kirbee;Donoghue;Kirbee.Donoghue@yopmail.com;1975-10-12
1920;Jennica;Viddah;Jennica.Viddah@yopmail.com;1926-02-08
1921;Luci;Colyer;Luci.Colyer@yopmail.com;1944-12-14
1922;Maridel;Ries;Maridel.Ries@yopmail.com;1916-08-15
1923;Edee;Hanleigh;Edee.Hanleigh@yopmail.com;1966-06-01
1924;Merrie;Strephon;Merrie.Strephon@yopmail.com;1906-07-10
1925;Selma;Gordon;Selma.Gordon@yopmail.com;1930-04-26
1926;Frank;Delp;Frank.Delp@yopmail.com;1924-12-20
1927;Rori;Anselmi;Rori.Anselmi@yopmail.com;1986-06-23
1928;Lexine;Moina;Lexine.Moina@yopmail.com;1987-03-19
1929;Norine;Fosque;Norine.Fosque@yopmail.com;1971-10-29
1930;Oona;Vale;Oona.Vale@yopmail.com;1999-07-09
1931;Brena;Grosz;Brena.Grosz@yopmail.com;1926-04-22
1932;Dianemarie;Nahum;Dianemarie.Nahum@yopmail.com;1953-04-21
1933;Vere;Laverne;Vere.Laverne@yopmail.com;1967-06-23
1934;Leona;Hurley;Leona.Hurley@yopmail.com;1944-07-29
1935;Amalie;Autrey;Amalie.Autrey@yopmail.com;2009-01-01
1936;Bill;Medrek;Bill.Medrek@yopmail.com;1964-06-06
1937;Candi;Eben;Candi.Eben@yopmail.com;1963-08-10
1938;Hannis;Gunn;Hannis.Gunn@yopmail.com;2008-02-02
1939;Kaia;Behre;Kaia.Behre@yopmail.com;1907-08-02
1940;Janeczka;Rozanna;Janeczka.Rozanna@yopmail.com;1950-04-04
1941;Yolane;Gibbeon;Yolane.Gibbeon@yopmail.com;1919-06-06
1942;Inga;Hepsibah;Inga.Hepsibah@yopmail.com;1927-02-23
1943;Blinni;Boycey;Blinni.Boycey@yopmail.com;1925-11-03
1944;Lacie;Edee;Lacie.Edee@yopmail.com;1915-10-27
1945;Tera;Rodmann;Tera.Rodmann@yopmail.com;1972-12-09
1946;Siana;Cottle;Siana.Cottle@yopmail.com;1968-06-12
1947;Delilah;Alrich;Delilah.Alrich@yopmail.com;2004-01-15
1948;Constance;Richers;Constance.Richers@yopmail.com;1950-06-23
1949;Theodora;Sundin;Theodora.Sundin@yopmail.com;1917-08-07
1950;Roberta;Marcellus;Roberta.Marcellus@yopmail.com;1911-06-18
1951;Suzette;Gregrory;Suzette.Gregrory@yopmail.com;1951-12-16
1952;Julieta;Rillings;Julieta.Rillings@yopmail.com;1969-10-14
1953;Andeee;Ezar;Andeee.Ezar@yopmail.com;1942-10-02
1954;Desirae;Stilwell;Desirae.Stilwell@yopmail.com;2011-03-26
1955;Amelia;Paine;Amelia.Paine@yopmail.com;1935-09-12
1956;Hyacinthe;Delacourt;Hyacinthe.Delacourt@yopmail.com;1976-01-03
1957;Bernie;Hurley;Bernie.Hurley@yopmail.com;1929-07-27
1958;Frieda;Schalles;Frieda.Schalles@yopmail.com;1903-01-02
1959;Gisela;Stover;Gisela.Stover@yopmail.com;2018-12-18
1960;Bertine;Raychel;Bertine.Raychel@yopmail.com;1999-06-28
1961;Cherrita;Genna;Cherrita.Genna@yopmail.com;1977-04-28
1962;Joleen;Merna;Joleen.Merna@yopmail.com;2019-08-08
1963;Carol-Jean;Bury;Carol-Jean.Bury@yopmail.com;1922-06-13
1964;Fawne;Durware;Fawne.Durware@yopmail.com;1992-11-19
1965;Petronia;Ralfston;Petronia.Ralfston@yopmail.com;1964-10-06
1966;Annaliese;Daniele;Annaliese.Daniele@yopmail.com;1923-04-07
1967;Ricky;Erskine;Ricky.Erskine@yopmail.com;1999-09-04
1968;Aeriela;Briney;Aeriela.Briney@yopmail.com;1939-10-17
1969;Jeanna;Belldas;Jeanna.Belldas@yopmail.com;1986-08-11
1970;Lyssa;Saint;Lyssa.Saint@yopmail.com;1914-11-14
1971;Rivalee;Whittaker;Rivalee.Whittaker@yopmail.com;1911-06-03
1972;Alie;Karl;Alie.Karl@yopmail.com;1948-10-12
1973;Lisette;Skell;Lisette.Skell@yopmail.com;1903-07-01
1974;Nita;Shanley;Nita.Shanley@yopmail.com;1996-02-09
1975;Mathilda;Autrey;Mathilda.Autrey@yopmail.com;1998-06-04
1976;Carol-Jean;Giff;Carol-Jean.Giff@yopmail.com;1924-09-27
1977;Kial;Libna;Kial.Libna@yopmail.com;1988-03-29
1978;Chrystel;Stav;Chrystel.Stav@yopmail.com;1973-03-30
1979;Nikki;Drus;Nikki.Drus@yopmail.com;1938-12-06
1980;Emelina;Adrienne;Emelina.Adrienne@yopmail.com;2013-08-18
1981;Tami;Ackerley;Tami.Ackerley@yopmail.com;2012-11-23
1982;Hyacinthe;Ortrude;Hyacinthe.Ortrude@yopmail.com;1975-01-08
1983;Katleen;Brackely;Katleen.Brackely@yopmail.com;1969-05-29
1984;Sabina;Belldas;Sabina.Belldas@yopmail.com;2007-08-12
1985;Barbara;Travax;Barbara.Travax@yopmail.com;1937-02-03
1986;Blake;Behre;Blake.Behre@yopmail.com;1979-06-11
1987;Elora;Skurnik;Elora.Skurnik@yopmail.com;1923-02-14
1988;Mamie;Serilda;Mamie.Serilda@yopmail.com;1943-02-12
1989;Lexine;Carleen;Lexine.Carleen@yopmail.com;1924-10-05
1990;Lelah;Baylor;Lelah.Baylor@yopmail.com;1996-03-24
1991;Berget;Marijo;Berget.Marijo@yopmail.com;1997-04-19
1992;Catharine;Riva;Catharine.Riva@yopmail.com;1998-11-21
1993;Sean;Merat;Sean.Merat@yopmail.com;1974-12-31
1994;Ernesta;Lane;Ernesta.Lane@yopmail.com;2004-03-30
1995;Orsola;Zina;Orsola.Zina@yopmail.com;1945-10-22
1996;Mary;Iphlgenia;Mary.Iphlgenia@yopmail.com;1947-10-06
1997;Dorice;Capello;Dorice.Capello@yopmail.com;1993-01-08
1998;Linet;Sharl;Linet.Sharl@yopmail.com;1906-12-02
1999;Dari;Ethban;Dari.Ethban@yopmail.com;2011-11-06