id;firstname;lastname;email;Field Name
1000;Dianemarie;Mayeda;Dianemarie.Mayeda@yopmail.com;1988-09-28
1001;Nicoli;Waite;Nicoli.Waite@yopmail.com;1913-06-05
1002;Lelah;Frendel;Lelah.Frendel@yopmail.com;1985-03-01
1003;Clo;Revkah;Clo.Revkah@yopmail.com;1909-04-08
1004;Lilith;Tamar;Lilith.Tamar@yopmail.com;1910-07-01
1005;Cristine;Berriman;Cristine.Berriman@yopmail.com;1976-06-17
1006;Sandie;Olnee;Sandie.Olnee@yopmail.com;1973-06-17
1007;Sidoney;Medrek;Sidoney.Medrek@yopmail.com;2000-12-18
1008;Libbie;Solitta;Libbie.Solitta@yopmail.com;1965-02-18
1009;Keelia;Eno;Keelia.Eno@yopmail.com;2017-02-12
1010;Agathe;Sasnett;Agathe.Sasnett@yopmail.com;2019-07-26
1011;Gabriellia;Pacorro;Gabriellia.Pacorro@yopmail.com;1960-04-08
1012;Hildegaard;Bakerman;Hildegaard.Bakerman@yopmail.com;2009-05-13
1013;Konstance;Rudolph;Konstance.Rudolph@yopmail.com;1908-09-09
1014;Ana;Pillsbury;Ana.Pillsbury@yopmail.com;1951-06-02
1015;Chastity;Delila;Chastity.Delila@yopmail.com;1933-07-19
1016;Chastity;Deegan;Chastity.Deegan@yopmail.com;1917-02-28
1017;Marylou;Madaih;Marylou.Madaih@yopmail.com;2009-03-11
1018;Hayley;Nunci;Hayley.Nunci@yopmail.com;1991-01-04
1019;Melisent;Wind;Melisent.Wind@yopmail.com;1913-04-29
1020;Ebonee;Ammann;Ebonee.Ammann@yopmail.com;1933-02-01
1021;Daphne;Israeli;Daphne.Israeli@yopmail.com;1999-09-16
1022;Jolyn;Pearse;Jolyn.Pearse@yopmail.com;1910-09-07
1023;Florencia;Seessel;Florencia.Seessel@yopmail.com;1957-02-19
1024;Aaren;Maxi;Aaren.Maxi@yopmail.com;1934-12-20
1025;Ketti;Publia;Ketti.Publia@yopmail.com;1915-02-12
1026;Lizzie;Wesle;Lizzie.Wesle@yopmail.com;1913-01-05
1027;Basia;Tamsky;Basia.Tamsky@yopmail.com;2016-11-26
1028;Susette;Devlen;Susette.Devlen@yopmail.com;1900-07-22
1029;Roz;Aida;Roz.Aida@yopmail.com;1971-07-27
1030;Margarette;Yusuk;Margarette.Yusuk@yopmail.com;1919-09-11
1031;Queenie;Ricarda;Queenie.Ricarda@yopmail.com;1987-02-11
1032;Amelia;Ricki;Amelia.Ricki@yopmail.com;1903-07-10
1033;Jaime;Sundin;Jaime.Sundin@yopmail.com;1979-06-10
1034;Talya;Greyson;Talya.Greyson@yopmail.com;2015-03-14
1035;Gusella;Girardo;Gusella.Girardo@yopmail.com;1911-11-28
1036;Melodie;Palocz;Melodie.Palocz@yopmail.com;1910-01-11
1037;Angelique;Grobe;Angelique.Grobe@yopmail.com;1970-01-17
1038;Albertina;Rurik;Albertina.Rurik@yopmail.com;1979-06-03
1039;Gratia;Noam;Gratia.Noam@yopmail.com;1944-10-25
1040;Dorene;Jefferey;Dorene.Jefferey@yopmail.com;1954-05-01
1041;Sherrie;Delp;Sherrie.Delp@yopmail.com;2007-12-14
1042;Rori;Joli;Rori.Joli@yopmail.com;1963-02-01
1043;Emmey;Macey;Emmey.Macey@yopmail.com;1924-09-24
1044;Raina;Gerge;Raina.Gerge@yopmail.com;1927-09-18
1045;Leia;Ledah;Leia.Ledah@yopmail.com;1998-06-15
1046;Flory;Muriel;Flory.Muriel@yopmail.com;1944-04-10
1047;Aaren;Eliathas;Aaren.Eliathas@yopmail.com;1992-08-09
1048;Hettie;Persse;Hettie.Persse@yopmail.com;1957-10-12
1049;Marleah;Moina;Marleah.Moina@yopmail.com;2010-10-16
1050;Genevra;Goddard;Genevra.Goddard@yopmail.com;2003-01-17
1051;Ginnie;Tiffa;Ginnie.Tiffa@yopmail.com;1958-11-28
1052;Nananne;Georas;Nananne.Georas@yopmail.com;1967-02-23
1053;Blake;Gwenore;Blake.Gwenore@yopmail.com;2018-11-23
1054;Hope;Astra;Hope.Astra@yopmail.com;1952-11-14
1055;Cissiee;Carvey;Cissiee.Carvey@yopmail.com;1930-09-28
1056;Jennica;Swigart;Jennica.Swigart@yopmail.com;2010-02-17
1057;Susan;Jaylene;Susan.Jaylene@yopmail.com;1998-08-30
1058;Laure;Juliet;Laure.Juliet@yopmail.com;1933-07-08
1059;Millie;Redmond;Millie.Redmond@yopmail.com;1938-01-28
1060;Annecorinne;Sherrie;Annecorinne.Sherrie@yopmail.com;1968-08-16
1061;Joy;Jotham;Joy.Jotham@yopmail.com;2008-09-21
1062;Kary;Stoller;Kary.Stoller@yopmail.com;1932-12-16
1063;Blake;Trey;Blake.Trey@yopmail.com;1907-04-04
1064;Donnie;Maribeth;Donnie.Maribeth@yopmail.com;1942-05-13
1065;Konstance;Ries;Konstance.Ries@yopmail.com;2019-07-20
1066;Justinn;Melony;Justinn.Melony@yopmail.com;1950-03-17
1067;Brietta;Guildroy;Brietta.Guildroy@yopmail.com;1978-08-05
1068;Katleen;Weide;Katleen.Weide@yopmail.com;1968-10-16
1069;Janeczka;Croix;Janeczka.Croix@yopmail.com;1922-10-14
1070;Tressa;Bronk;Tressa.Bronk@yopmail.com;1966-04-16
1071;Nariko;Schenck;Nariko.Schenck@yopmail.com;1936-02-17
1072;Bobinette;Bach;Bobinette.Bach@yopmail.com;1922-10-12
1073;Beatriz;Susannah;Beatriz.Susannah@yopmail.com;1916-04-25
1074;Linet;Ariella;Linet.Ariella@yopmail.com;2005-04-04
1075;Tatiania;Arley;Tatiania.Arley@yopmail.com;1978-05-19
1076;Ada;Ingra;Ada.Ingra@yopmail.com;1960-05-29
1077;Lyssa;Taam;Lyssa.Taam@yopmail.com;1926-03-04
1078;Marylou;Chobot;Marylou.Chobot@yopmail.com;1958-04-07
1079;Ezmeralda;Valoniah;Ezmeralda.Valoniah@yopmail.com;1937-09-27
1080;Ethel;Keily;Ethel.Keily@yopmail.com;1964-11-04
1081;Ashlee;Phi;Ashlee.Phi@yopmail.com;2003-02-05
1082;Annora;Dash;Annora.Dash@yopmail.com;1928-01-10
1083;Rhoda;Nickola;Rhoda.Nickola@yopmail.com;2008-09-27
1084;Rani;Horan;Rani.Horan@yopmail.com;1994-02-14
1085;Madalyn;Hebner;Madalyn.Hebner@yopmail.com;1943-10-24
1086;Goldie;Jorgan;Goldie.Jorgan@yopmail.com;2001-04-04
1087;Nikki;Papageno;Nikki.Papageno@yopmail.com;1974-09-12
1088;Mariele;Terrence;Mariele.Terrence@yopmail.com;1901-11-20
1089;Paule;Latini;Paule.Latini@yopmail.com;1948-11-06
1090;Genovera;Sancho;Genovera.Sancho@yopmail.com;1943-10-07
1091;Valera;Ilka;Valera.Ilka@yopmail.com;1902-05-14
1092;Tobe;Merna;Tobe.Merna@yopmail.com;1926-01-29
1093;Gaylene;Honoria;Gaylene.Honoria@yopmail.com;1963-04-10
1094;Blinni;Bashemeth;Blinni.Bashemeth@yopmail.com;1967-04-17
1095;Lanae;Jary;Lanae.Jary@yopmail.com;2017-06-16
1096;Nessie;Nester;Nessie.Nester@yopmail.com;1965-03-09
1097;Gabi;Vins;Gabi.Vins@yopmail.com;2019-10-25
1098;Charmaine;Leopold;Charmaine.Leopold@yopmail.com;2002-03-06
1099;Thalia;Ade;Thalia.Ade@yopmail.com;2018-06-17
1100;Kenna;Tamar;Kenna.Tamar@yopmail.com;1912-09-04
1101;Luci;Borrell;Luci.Borrell@yopmail.com;2011-02-28
1102;Blinni;Kazimir;Blinni.Kazimir@yopmail.com;1960-09-16
1103;Lanae;Buttaro;Lanae.Buttaro@yopmail.com;1963-05-30
1104;Johna;Hunfredo;Johna.Hunfredo@yopmail.com;2014-08-10
1105;Lorenza;Graig;Lorenza.Graig@yopmail.com;1981-11-02
1106;Kore;Friede;Kore.Friede@yopmail.com;1961-07-19
1107;Rivalee;Aprile;Rivalee.Aprile@yopmail.com;1929-05-21
1108;Marcy;Emmy;Marcy.Emmy@yopmail.com;1909-05-30
1109;Yolane;Dunkin;Yolane.Dunkin@yopmail.com;1939-09-09
1110;Candy;Vary;Candy.Vary@yopmail.com;1954-05-20
1111;Teddie;Dowski;Teddie.Dowski@yopmail.com;1940-06-02
1112;Georgina;Trinetta;Georgina.Trinetta@yopmail.com;2013-06-28
1113;Micheline;Rolf;Micheline.Rolf@yopmail.com;1934-02-03
1114;Alyssa;Rad;Alyssa.Rad@yopmail.com;1923-07-29
1115;Rori;Sikorski;Rori.Sikorski@yopmail.com;1944-11-21
1116;Claresta;O'Neill;Claresta.O'Neill@yopmail.com;1960-08-31
1117;Dolli;Magdalen;Dolli.Magdalen@yopmail.com;1948-07-02
1118;Cherilyn;Sawtelle;Cherilyn.Sawtelle@yopmail.com;1910-11-21
1119;Starla;Kaja;Starla.Kaja@yopmail.com;1966-02-03
1120;Correy;Federica;Correy.Federica@yopmail.com;2008-09-04
1121;Elyssa;Poll;Elyssa.Poll@yopmail.com;1984-11-17
1122;Corly;Raychel;Corly.Raychel@yopmail.com;1920-11-17
1123;Dominga;Joeann;Dominga.Joeann@yopmail.com;1911-04-30
1124;Roslyn;Pauly;Roslyn.Pauly@yopmail.com;1994-06-20
1125;Cyb;Jacqui;Cyb.Jacqui@yopmail.com;1937-06-17
1126;Roz;Dosia;Roz.Dosia@yopmail.com;1953-12-16
1127;Kirbee;Linehan;Kirbee.Linehan@yopmail.com;2009-05-30
1128;Harrietta;Francene;Harrietta.Francene@yopmail.com;2016-07-29
1129;Jessamyn;Avi;Jessamyn.Avi@yopmail.com;1937-01-02
1130;Libbie;Gerge;Libbie.Gerge@yopmail.com;1929-05-15
1131;Modestia;Sallyann;Modestia.Sallyann@yopmail.com;2001-07-28
1132;Elora;Jacqui;Elora.Jacqui@yopmail.com;2013-11-10
1133;Mellicent;Brian;Mellicent.Brian@yopmail.com;1930-08-26
1134;Josephine;Konyn;Josephine.Konyn@yopmail.com;1939-01-29
1135;Arabel;Lasley;Arabel.Lasley@yopmail.com;1952-06-16
1136;Nickie;Diogenes;Nickie.Diogenes@yopmail.com;1971-01-16
1137;Sheree;Artie;Sheree.Artie@yopmail.com;2004-07-22
1138;Nariko;Brunell;Nariko.Brunell@yopmail.com;1958-01-13
1139;Ayn;Klotz;Ayn.Klotz@yopmail.com;1930-01-25
1140;Corina;Schalles;Corina.Schalles@yopmail.com;1948-05-04
1141;Adore;Shaver;Adore.Shaver@yopmail.com;1933-10-04
1142;Odessa;Philipp;Odessa.Philipp@yopmail.com;1905-08-28
1143;Sibella;Billye;Sibella.Billye@yopmail.com;2017-03-02
1144;Katharina;Liebermann;Katharina.Liebermann@yopmail.com;1999-01-16
1145;Deirdre;Graig;Deirdre.Graig@yopmail.com;1947-05-15
1146;Orsola;Jerold;Orsola.Jerold@yopmail.com;1971-02-03
1147;Concettina;Andrel;Concettina.Andrel@yopmail.com;2016-09-20
1148;Sibella;Wandie;Sibella.Wandie@yopmail.com;2004-10-29
1149;Eadie;Himelman;Eadie.Himelman@yopmail.com;1948-05-16
1150;Nariko;Wolfgram;Nariko.Wolfgram@yopmail.com;1985-06-26
1151;Adore;Kevon;Adore.Kevon@yopmail.com;1932-09-06
1152;Myriam;Torray;Myriam.Torray@yopmail.com;1981-10-07
1153;Cyb;Hedve;Cyb.Hedve@yopmail.com;1914-05-17
1154;Gisela;Poppy;Gisela.Poppy@yopmail.com;1982-06-10
1155;Fayre;Bonucci;Fayre.Bonucci@yopmail.com;1929-08-26
1156;Gloria;Janith;Gloria.Janith@yopmail.com;1996-01-08
1157;Florencia;Roxanna;Florencia.Roxanna@yopmail.com;1917-09-28
1158;Averyl;Lemuela;Averyl.Lemuela@yopmail.com;1929-12-30
1159;Rosene;Pulsifer;Rosene.Pulsifer@yopmail.com;1976-12-28
1160;Tami;Juan;Tami.Juan@yopmail.com;1974-07-16
1161;Sheree;Johanna;Sheree.Johanna@yopmail.com;1937-06-03
1162;Roslyn;Hunfredo;Roslyn.Hunfredo@yopmail.com;1930-08-09
1163;Malina;Ax;Malina.Ax@yopmail.com;2008-09-09
1164;Thalia;Naashom;Thalia.Naashom@yopmail.com;1995-09-18
1165;Wanda;Hoenack;Wanda.Hoenack@yopmail.com;2017-06-14
1166;Concettina;Llovera;Concettina.Llovera@yopmail.com;2018-10-21
1167;Aubrie;Hortensia;Aubrie.Hortensia@yopmail.com;1972-02-24
1168;Mildrid;Gino;Mildrid.Gino@yopmail.com;1943-11-15
1169;Anestassia;Teryn;Anestassia.Teryn@yopmail.com;2003-06-07
1170;Lenna;Fitzsimmons;Lenna.Fitzsimmons@yopmail.com;2002-01-06
1171;Amelia;Sandye;Amelia.Sandye@yopmail.com;2000-02-17
1172;Mariele;Pascia;Mariele.Pascia@yopmail.com;1969-06-10
1173;Jaclyn;Gabrielli;Jaclyn.Gabrielli@yopmail.com;2012-07-30
1174;Kylynn;Jacinda;Kylynn.Jacinda@yopmail.com;1945-08-13
1175;Amii;Bryna;Amii.Bryna@yopmail.com;1906-12-24
1176;Annora;Dash;Annora.Dash@yopmail.com;1947-11-02
1177;Dotty;Pierette;Dotty.Pierette@yopmail.com;1948-04-18
1178;Brooks;Imelida;Brooks.Imelida@yopmail.com;1974-06-11
1179;Katleen;Hermes;Katleen.Hermes@yopmail.com;1941-02-11
1180;Katuscha;Zuzana;Katuscha.Zuzana@yopmail.com;1911-02-13
1181;Linzy;Lindemann;Linzy.Lindemann@yopmail.com;1993-03-16
1182;Lilith;Parsaye;Lilith.Parsaye@yopmail.com;2006-11-26
1183;Merrie;Joeann;Merrie.Joeann@yopmail.com;1986-02-01
1184;Carly;Buckler;Carly.Buckler@yopmail.com;1958-11-12
1185;Lorie;Oriana;Lorie.Oriana@yopmail.com;1915-07-29
1186;Celisse;Olnee;Celisse.Olnee@yopmail.com;1930-04-26
1187;Georgetta;Publia;Georgetta.Publia@yopmail.com;1988-09-06
1188;Briney;Brieta;Briney.Brieta@yopmail.com;2005-01-30
1189;Alameda;Morehouse;Alameda.Morehouse@yopmail.com;1942-05-14
1190;Edith;Fax;Edith.Fax@yopmail.com;1978-12-13
1191;Shaylyn;Tjon;Shaylyn.Tjon@yopmail.com;2015-10-20
1192;Marylou;Cimbura;Marylou.Cimbura@yopmail.com;1933-10-14
1193;Gratia;Hertzfeld;Gratia.Hertzfeld@yopmail.com;1911-11-25
1194;Lynnea;Kravits;Lynnea.Kravits@yopmail.com;1916-05-19
1195;Darlleen;Demitria;Darlleen.Demitria@yopmail.com;1910-08-05
1196;Jerry;Brenn;Jerry.Brenn@yopmail.com;1966-03-22
1197;Ileana;Harriman;Ileana.Harriman@yopmail.com;1964-10-19
1198;Halette;Zitvaa;Halette.Zitvaa@yopmail.com;1974-05-17
1199;Dawn;Madaih;Dawn.Madaih@yopmail.com;1949-03-29
1200;Viviene;Soneson;Viviene.Soneson@yopmail.com;1948-11-29
1201;Devina;Sophronia;Devina.Sophronia@yopmail.com;1969-06-25
1202;Bertine;Hollingsworth;Bertine.Hollingsworth@yopmail.com;2017-11-15
1203;Sheree;Syd;Sheree.Syd@yopmail.com;1934-05-13
1204;Mady;Shaddock;Mady.Shaddock@yopmail.com;2006-10-01
1205;Justinn;Adamsen;Justinn.Adamsen@yopmail.com;1991-10-10
1206;Reeba;Keelia;Reeba.Keelia@yopmail.com;1901-03-27
1207;Mady;Richers;Mady.Richers@yopmail.com;1903-08-17
1208;Janis;Trace;Janis.Trace@yopmail.com;1913-02-13
1209;Babita;Adore;Babita.Adore@yopmail.com;1924-12-21
1210;Melina;Fry;Melina.Fry@yopmail.com;1963-04-08
1211;Jerry;Estella;Jerry.Estella@yopmail.com;1972-03-02
1212;Jillayne;Agle;Jillayne.Agle@yopmail.com;1982-11-16
1213;Collen;Cohdwell;Collen.Cohdwell@yopmail.com;1983-05-03
1214;Sharai;Stephie;Sharai.Stephie@yopmail.com;1990-08-02
1215;Lelah;Neils;Lelah.Neils@yopmail.com;2005-02-04
1216;Binny;Bandeen;Binny.Bandeen@yopmail.com;1913-10-10
1217;Gratia;Thilda;Gratia.Thilda@yopmail.com;2018-12-03
1218;Nicoli;Haymes;Nicoli.Haymes@yopmail.com;1946-08-17
1219;Jsandye;Ajay;Jsandye.Ajay@yopmail.com;2003-04-11
1220;Rebeca;Joli;Rebeca.Joli@yopmail.com;1967-12-07
1221;Dorthy;Albertine;Dorthy.Albertine@yopmail.com;1986-05-21
1222;Melanie;Himelman;Melanie.Himelman@yopmail.com;1913-03-27
1223;Raf;Linskey;Raf.Linskey@yopmail.com;1946-09-21
1224;Joane;Albertine;Joane.Albertine@yopmail.com;1968-01-09
1225;Corry;Israeli;Corry.Israeli@yopmail.com;1990-01-19
1226;Hallie;Dorcy;Hallie.Dorcy@yopmail.com;1966-02-22
1227;Binny;Bertold;Binny.Bertold@yopmail.com;1970-10-21
1228;Nelle;Sprage;Nelle.Sprage@yopmail.com;1956-05-27
1229;Katleen;Ivens;Katleen.Ivens@yopmail.com;2012-01-24
1230;Kenna;Vins;Kenna.Vins@yopmail.com;1986-08-23
1231;Lauryn;Erminia;Lauryn.Erminia@yopmail.com;1904-05-18
1232;Sean;Diogenes;Sean.Diogenes@yopmail.com;1991-12-31
1233;Christian;Saunderson;Christian.Saunderson@yopmail.com;1942-01-06
1234;Rosene;Skurnik;Rosene.Skurnik@yopmail.com;1959-07-14
1235;Millie;Wyn;Millie.Wyn@yopmail.com;1926-08-14
1236;Inga;Paine;Inga.Paine@yopmail.com;1965-07-27
1237;Jinny;Ludewig;Jinny.Ludewig@yopmail.com;1914-12-29
1238;Jeanna;Joni;Jeanna.Joni@yopmail.com;1970-02-11
1239;Siana;Tarrant;Siana.Tarrant@yopmail.com;1950-11-20
1240;Andeee;Poll;Andeee.Poll@yopmail.com;1903-06-14
1241;Dania;Denis;Dania.Denis@yopmail.com;2006-11-17
1242;Karina;Anyah;Karina.Anyah@yopmail.com;1930-10-10
1243;Dode;Si;Dode.Si@yopmail.com;2003-03-11
1244;Sam;Charmine;Sam.Charmine@yopmail.com;1962-05-21
1245;Dianemarie;Anderea;Dianemarie.Anderea@yopmail.com;1920-09-10
1246;Anica;Merell;Anica.Merell@yopmail.com;1974-05-23
1247;Nyssa;Cyrie;Nyssa.Cyrie@yopmail.com;2000-06-12
1248;Donetta;Doig;Donetta.Doig@yopmail.com;2008-08-17
1249;Michaelina;Gwenore;Michaelina.Gwenore@yopmail.com;1930-06-14
1250;Meg;Izaak;Meg.Izaak@yopmail.com;1953-05-23
1251;Orelia;Means;Orelia.Means@yopmail.com;1966-03-01
1252;Aeriela;Delacourt;Aeriela.Delacourt@yopmail.com;1974-02-14
1253;Tierney;Tannie;Tierney.Tannie@yopmail.com;2018-04-04
1254;Claudina;Cynar;Claudina.Cynar@yopmail.com;1933-03-11
1255;Orsola;Nahum;Orsola.Nahum@yopmail.com;1913-11-20
1256;Berta;Marcellus;Berta.Marcellus@yopmail.com;1981-05-10
1257;Pearline;Grayce;Pearline.Grayce@yopmail.com;1901-03-23
1258;Oona;Anton;Oona.Anton@yopmail.com;1977-08-02
1259;Grier;Chandler;Grier.Chandler@yopmail.com;1973-06-07
1260;Daune;Bouchard;Daune.Bouchard@yopmail.com;1954-11-16
1261;Petronia;Fax;Petronia.Fax@yopmail.com;1924-09-07
1262;Annice;Ortrude;Annice.Ortrude@yopmail.com;1971-05-27
1263;Tori;Trace;Tori.Trace@yopmail.com;1916-02-14
1264;Ellette;Amand;Ellette.Amand@yopmail.com;2015-11-21
1265;Kara-Lynn;Bluh;Kara-Lynn.Bluh@yopmail.com;1985-02-14
1266;Meghann;Rebecka;Meghann.Rebecka@yopmail.com;1957-07-23
1267;Tamqrah;Timon;Tamqrah.Timon@yopmail.com;2010-03-26
1268;Emilia;Seligman;Emilia.Seligman@yopmail.com;1932-11-03
1269;Teddie;Dom;Teddie.Dom@yopmail.com;1961-10-06
1270;Reeba;Creamer;Reeba.Creamer@yopmail.com;1908-06-15
1271;Liana;Ries;Liana.Ries@yopmail.com;1990-05-12
1272;Grier;Bettine;Grier.Bettine@yopmail.com;1976-05-04
1273;Sindee;Hillel;Sindee.Hillel@yopmail.com;1922-09-19
1274;Nikki;Tjon;Nikki.Tjon@yopmail.com;2007-08-20
1275;Jany;Gaal;Jany.Gaal@yopmail.com;1988-01-23
1276;Chastity;Phi;Chastity.Phi@yopmail.com;1911-08-05
1277;Moyna;Ackerley;Moyna.Ackerley@yopmail.com;2013-07-31
1278;Blake;Lay;Blake.Lay@yopmail.com;1906-03-23
1279;Selia;Medrek;Selia.Medrek@yopmail.com;1931-07-29
1280;Tatiania;Jagir;Tatiania.Jagir@yopmail.com;1932-11-03
1281;Dorothy;Eno;Dorothy.Eno@yopmail.com;1981-03-02
1282;Benita;Albertine;Benita.Albertine@yopmail.com;1915-10-03
1283;Marcy;Pascia;Marcy.Pascia@yopmail.com;1941-02-05
1284;Catharine;Parsaye;Catharine.Parsaye@yopmail.com;1966-07-20
1285;Rozele;Lenny;Rozele.Lenny@yopmail.com;1911-01-22
1286;Valeda;Rozanna;Valeda.Rozanna@yopmail.com;1904-05-03
1287;Nananne;Earlie;Nananne.Earlie@yopmail.com;1940-03-10
1288;Edith;Mata;Edith.Mata@yopmail.com;2006-05-03
1289;Phylis;Gino;Phylis.Gino@yopmail.com;1934-05-23
1290;Gabriellia;Masao;Gabriellia.Masao@yopmail.com;1986-01-09
1291;Jere;Sophronia;Jere.Sophronia@yopmail.com;1943-07-23
1292;Marcelline;Edee;Marcelline.Edee@yopmail.com;1977-03-31
1293;Cassandra;Zaslow;Cassandra.Zaslow@yopmail.com;1925-09-04
1294;Lynea;Aloise;Lynea.Aloise@yopmail.com;1949-03-05
1295;Aigneis;Joeann;Aigneis.Joeann@yopmail.com;1940-02-21
1296;Ann-Marie;Robertson;Ann-Marie.Robertson@yopmail.com;1939-12-21
1297;Anallese;Cornelia;Anallese.Cornelia@yopmail.com;1930-03-17
1298;Iseabal;Haerr;Iseabal.Haerr@yopmail.com;2003-04-07
1299;Agathe;Fennessy;Agathe.Fennessy@yopmail.com;1954-04-12
1300;Sheree;Zenas;Sheree.Zenas@yopmail.com;1981-10-13
1301;Letizia;Dahlia;Letizia.Dahlia@yopmail.com;2009-08-13
1302;Beth;Thunell;Beth.Thunell@yopmail.com;1962-10-24
1303;Netty;Lumbard;Netty.Lumbard@yopmail.com;1984-12-01
1304;Georgina;Donoghue;Georgina.Donoghue@yopmail.com;2016-04-08
1305;Constance;Seessel;Constance.Seessel@yopmail.com;2003-11-19
1306;Carol-Jean;Anderea;Carol-Jean.Anderea@yopmail.com;1913-07-22
1307;Lila;Nester;Lila.Nester@yopmail.com;1977-08-03
1308;Gertrud;Gino;Gertrud.Gino@yopmail.com;1997-12-14
1309;Kristina;Olin;Kristina.Olin@yopmail.com;1985-01-29
1310;Lenna;Gerge;Lenna.Gerge@yopmail.com;1994-12-29
1311;Nonnah;Colp;Nonnah.Colp@yopmail.com;1928-06-10
1312;Brena;Gordon;Brena.Gordon@yopmail.com;1921-03-13
1313;Di;Wyn;Di.Wyn@yopmail.com;1905-03-02
1314;Cristine;Euridice;Cristine.Euridice@yopmail.com;1939-02-28
1315;Kathy;Annabella;Kathy.Annabella@yopmail.com;1970-03-29
1316;Lisette;Odysseus;Lisette.Odysseus@yopmail.com;1940-12-07
1317;Yvonne;Marijo;Yvonne.Marijo@yopmail.com;2000-09-08
1318;Jolyn;Giff;Jolyn.Giff@yopmail.com;1943-12-07
1319;Marjie;Sisile;Marjie.Sisile@yopmail.com;1927-07-18
1320;Ofilia;Callista;Ofilia.Callista@yopmail.com;1982-05-15
1321;Devina;Dimitris;Devina.Dimitris@yopmail.com;1974-08-30
1322;Clarice;Sperling;Clarice.Sperling@yopmail.com;1932-06-27
1323;Cassandra;Destinee;Cassandra.Destinee@yopmail.com;1983-02-27
1324;Nadine;Eldrid;Nadine.Eldrid@yopmail.com;1982-10-01
1325;Ketti;Truc;Ketti.Truc@yopmail.com;1953-11-21
1326;Evita;Olin;Evita.Olin@yopmail.com;1906-10-12
1327;Wanda;Kinnard;Wanda.Kinnard@yopmail.com;1917-09-25
1328;Kalina;Trace;Kalina.Trace@yopmail.com;1972-08-12
1329;Vonny;Chem;Vonny.Chem@yopmail.com;1977-05-16
1330;Cyndie;Payson;Cyndie.Payson@yopmail.com;2004-10-22
1331;Kellen;Markman;Kellen.Markman@yopmail.com;1929-07-04
1332;Justinn;Goddard;Justinn.Goddard@yopmail.com;1973-01-09
1333;Wilma;Fillbert;Wilma.Fillbert@yopmail.com;2013-03-28
1334;Ricky;Carbo;Ricky.Carbo@yopmail.com;1913-02-03
1335;Lynea;Malanie;Lynea.Malanie@yopmail.com;1959-11-01
1336;Ileana;Vastah;Ileana.Vastah@yopmail.com;1998-04-07
1337;Malina;Jobi;Malina.Jobi@yopmail.com;1912-03-30
1338;Sharlene;Hazlett;Sharlene.Hazlett@yopmail.com;1989-12-25
1339;Joane;Bigner;Joane.Bigner@yopmail.com;1974-07-07
1340;Esmeralda;Carbo;Esmeralda.Carbo@yopmail.com;1942-08-31
1341;Gilligan;Rolf;Gilligan.Rolf@yopmail.com;2000-04-21
1342;Dawn;Tjon;Dawn.Tjon@yopmail.com;1904-05-03
1343;Mariele;Wesle;Mariele.Wesle@yopmail.com;1947-03-29
1344;Zia;Halsey;Zia.Halsey@yopmail.com;1921-11-08
1345;Cathyleen;Astra;Cathyleen.Astra@yopmail.com;1930-06-24
1346;Abbie;Ledah;Abbie.Ledah@yopmail.com;1956-12-25
1347;Tersina;Erlandson;Tersina.Erlandson@yopmail.com;1998-10-10
1348;Noelle;Lauraine;Noelle.Lauraine@yopmail.com;1917-01-10
1349;Malina;Paine;Malina.Paine@yopmail.com;2009-06-22
1350;Brana;Saunderson;Brana.Saunderson@yopmail.com;2016-01-13
1351;Kirbee;Schlosser;Kirbee.Schlosser@yopmail.com;1994-05-28
1352;Karolina;Vivle;Karolina.Vivle@yopmail.com;1916-03-25
1353;Meg;Kolnick;Meg.Kolnick@yopmail.com;1967-06-27
1354;Melina;Hull;Melina.Hull@yopmail.com;1981-02-01
1355;Sidoney;Erminia;Sidoney.Erminia@yopmail.com;1921-01-30
1356;Lacie;Tayib;Lacie.Tayib@yopmail.com;1954-04-17
1357;Katleen;Fosque;Katleen.Fosque@yopmail.com;1944-08-05
1358;Olwen;Gower;Olwen.Gower@yopmail.com;1948-05-26
1359;Sarette;Carleen;Sarette.Carleen@yopmail.com;1907-10-02
1360;Brietta;Dichy;Brietta.Dichy@yopmail.com;1970-05-13
1361;Codie;Halsey;Codie.Halsey@yopmail.com;2013-12-20
1362;Juliane;Halsey;Juliane.Halsey@yopmail.com;1993-12-01
1363;Maisey;Klemperer;Maisey.Klemperer@yopmail.com;1976-03-25
1364;Cristine;Marijo;Cristine.Marijo@yopmail.com;1961-08-05
1365;Almeta;Rugen;Almeta.Rugen@yopmail.com;1917-02-16
1366;Meghann;Lasley;Meghann.Lasley@yopmail.com;1920-12-02
1367;Hyacinthe;Bari;Hyacinthe.Bari@yopmail.com;2010-02-22
1368;Jaime;Gilmour;Jaime.Gilmour@yopmail.com;1932-10-23
1369;Beverley;Taam;Beverley.Taam@yopmail.com;1949-09-17
1370;Lanna;Niccolo;Lanna.Niccolo@yopmail.com;1939-04-18
1371;Christal;Wyn;Christal.Wyn@yopmail.com;2008-05-19
1372;Nonnah;Garrison;Nonnah.Garrison@yopmail.com;1963-02-09
1373;Marinna;Romelda;Marinna.Romelda@yopmail.com;1906-09-14
1374;Maurene;Aldric;Maurene.Aldric@yopmail.com;1945-08-16
1375;Janis;Rubie;Janis.Rubie@yopmail.com;1931-03-23
1376;Harmonia;Clie;Harmonia.Clie@yopmail.com;2018-11-30
1377;Silvana;Goerke;Silvana.Goerke@yopmail.com;2014-11-11
1378;Moyna;Truc;Moyna.Truc@yopmail.com;1912-11-12
1379;Fawne;Hutchison;Fawne.Hutchison@yopmail.com;1993-08-17
1380;Elyssa;Bakerman;Elyssa.Bakerman@yopmail.com;1966-02-17
1381;Steffane;Riva;Steffane.Riva@yopmail.com;1988-03-31
1382;Annaliese;Ariella;Annaliese.Ariella@yopmail.com;2007-08-16
1383;Tera;Merat;Tera.Merat@yopmail.com;1999-05-09
1384;Hallie;Bronk;Hallie.Bronk@yopmail.com;1929-09-20
1385;Cherrita;Milson;Cherrita.Milson@yopmail.com;1992-11-28
1386;Doralynne;Sperling;Doralynne.Sperling@yopmail.com;1985-12-10
1387;Barbara;Thilda;Barbara.Thilda@yopmail.com;1900-07-21
1388;Ginnie;Fancie;Ginnie.Fancie@yopmail.com;1968-06-16
1389;Alameda;Joli;Alameda.Joli@yopmail.com;1969-02-19
1390;Esmeralda;Docilla;Esmeralda.Docilla@yopmail.com;1954-07-31
1391;Charissa;Brian;Charissa.Brian@yopmail.com;2012-09-22
1392;Gilligan;Schalles;Gilligan.Schalles@yopmail.com;1927-07-16
1393;Madeleine;Zeeba;Madeleine.Zeeba@yopmail.com;1921-07-28
1394;Addia;Glovsky;Addia.Glovsky@yopmail.com;1900-06-22
1395;Michaelina;Rese;Michaelina.Rese@yopmail.com;1980-07-16
1396;Max;Jaylene;Max.Jaylene@yopmail.com;1943-12-07
1397;Lusa;Eno;Lusa.Eno@yopmail.com;2002-08-24
1398;Emylee;Bakerman;Emylee.Bakerman@yopmail.com;1922-08-16
1399;Marti;Amethist;Marti.Amethist@yopmail.com;1900-08-11
1400;Meriel;Yusuk;Meriel.Yusuk@yopmail.com;1956-04-09
1401;Joceline;Granoff;Joceline.Granoff@yopmail.com;1958-12-14
1402;Nariko;Borrell;Nariko.Borrell@yopmail.com;1989-01-29
1403;Randa;Eben;Randa.Eben@yopmail.com;1919-10-15
1404;Fernande;Aurelio;Fernande.Aurelio@yopmail.com;1909-07-27
1405;Kirbee;Loring;Kirbee.Loring@yopmail.com;1955-10-04
1406;Liana;Trinetta;Liana.Trinetta@yopmail.com;1903-04-27
1407;Joelly;Sekofski;Joelly.Sekofski@yopmail.com;1984-07-29
1408;Moyna;Roumell;Moyna.Roumell@yopmail.com;1947-08-24
1409;Madeleine;Lia;Madeleine.Lia@yopmail.com;1923-06-02
1410;Melina;Euridice;Melina.Euridice@yopmail.com;1957-10-14
1411;Gerianna;Lorain;Gerianna.Lorain@yopmail.com;1946-04-12
1412;Sophia;Tryck;Sophia.Tryck@yopmail.com;1987-09-06
1413;Anestassia;Anyah;Anestassia.Anyah@yopmail.com;1900-02-01
1414;Taffy;Rillings;Taffy.Rillings@yopmail.com;1938-11-19
1415;June;Felecia;June.Felecia@yopmail.com;1962-05-31
1416;Petronia;Maroney;Petronia.Maroney@yopmail.com;1922-10-27
1417;Asia;Jacqui;Asia.Jacqui@yopmail.com;2019-03-20
1418;Vinita;Hebner;Vinita.Hebner@yopmail.com;1939-07-31
1419;Adore;Boehike;Adore.Boehike@yopmail.com;1902-12-24
1420;Chere;Dyche;Chere.Dyche@yopmail.com;2014-01-04
1421;Sadie;Hutchison;Sadie.Hutchison@yopmail.com;2010-01-02
1422;Louella;Kamaria;Louella.Kamaria@yopmail.com;1934-12-27
1423;Nelle;Brodench;Nelle.Brodench@yopmail.com;1986-06-27
1424;Annabela;Carvey;Annabela.Carvey@yopmail.com;1990-09-14
1425;Nonnah;Dyche;Nonnah.Dyche@yopmail.com;1962-01-13
1426;Robbi;Gino;Robbi.Gino@yopmail.com;1975-12-01
1427;Olwen;Philipp;Olwen.Philipp@yopmail.com;1992-05-28
1428;Shandie;Damarra;Shandie.Damarra@yopmail.com;1906-06-16
1429;Oralee;Edvard;Oralee.Edvard@yopmail.com;1951-05-10
1430;Iseabal;Dermott;Iseabal.Dermott@yopmail.com;2017-12-16
1431;Evaleen;Nerita;Evaleen.Nerita@yopmail.com;1929-08-08
1432;Nicoli;Doig;Nicoli.Doig@yopmail.com;1921-12-19
1433;Jessy;Lubin;Jessy.Lubin@yopmail.com;2019-01-19
1434;Hope;Germann;Hope.Germann@yopmail.com;1967-07-15
1435;Marguerite;Medrek;Marguerite.Medrek@yopmail.com;1944-02-12
1436;Theodora;Borrell;Theodora.Borrell@yopmail.com;1906-04-16
1437;Jacquetta;Firmin;Jacquetta.Firmin@yopmail.com;1921-05-03
1438;Basia;Jagir;Basia.Jagir@yopmail.com;1901-06-21
1439;Claresta;Azeria;Claresta.Azeria@yopmail.com;1907-05-18
1440;Vere;Evvie;Vere.Evvie@yopmail.com;1986-04-24
1441;Glynnis;Moseley;Glynnis.Moseley@yopmail.com;1926-12-23
1442;Keelia;Pauly;Keelia.Pauly@yopmail.com;1913-05-07
1443;Letizia;Dorcy;Letizia.Dorcy@yopmail.com;1925-09-22
1444;Kirstin;Lamoree;Kirstin.Lamoree@yopmail.com;2003-02-17
1445;Frieda;Masao;Frieda.Masao@yopmail.com;1925-10-07
1446;Chloris;Virgin;Chloris.Virgin@yopmail.com;1925-10-13
1447;Flory;Eachern;Flory.Eachern@yopmail.com;1913-11-06
1448;Meg;Fiester;Meg.Fiester@yopmail.com;1989-05-08
1449;Almeta;Merna;Almeta.Merna@yopmail.com;2018-02-20
1450;Shandie;Sacken;Shandie.Sacken@yopmail.com;1910-07-13
1451;Jaime;Oscar;Jaime.Oscar@yopmail.com;1942-10-11
1452;Emmey;Willie;Emmey.Willie@yopmail.com;1921-04-29
1453;Laurene;Marcellus;Laurene.Marcellus@yopmail.com;1975-05-14
1454;Chastity;Lymann;Chastity.Lymann@yopmail.com;1942-12-06
1455;Bobbi;Honoria;Bobbi.Honoria@yopmail.com;2016-03-09
1456;Flory;Andrel;Flory.Andrel@yopmail.com;1923-09-13
1457;Barbara;Sandye;Barbara.Sandye@yopmail.com;1911-03-25
1458;Christal;Hull;Christal.Hull@yopmail.com;1927-06-24
1459;Misha;Calhoun;Misha.Calhoun@yopmail.com;1940-11-27
1460;Cissiee;Pozzy;Cissiee.Pozzy@yopmail.com;2001-09-03
1461;Adelle;Syd;Adelle.Syd@yopmail.com;1933-02-24
1462;Tatiania;Bohlin;Tatiania.Bohlin@yopmail.com;1925-03-17
1463;Willetta;Joeann;Willetta.Joeann@yopmail.com;1936-05-26
1464;Clarice;Rubie;Clarice.Rubie@yopmail.com;1916-06-15
1465;Aryn;Bearnard;Aryn.Bearnard@yopmail.com;1955-07-16
1466;Ingrid;Miru;Ingrid.Miru@yopmail.com;1978-08-15
1467;Mara;Nadia;Mara.Nadia@yopmail.com;1906-09-15
1468;Bee;Merell;Bee.Merell@yopmail.com;1931-11-19
1469;Renie;Reinke;Renie.Reinke@yopmail.com;1940-05-05
1470;Libbie;Chem;Libbie.Chem@yopmail.com;1939-07-12
1471;Sarette;Madaih;Sarette.Madaih@yopmail.com;1984-02-11
1472;Blinni;Docilla;Blinni.Docilla@yopmail.com;1921-10-31
1473;Harmonia;Geffner;Harmonia.Geffner@yopmail.com;1998-09-19
1474;Ardys;Winthorpe;Ardys.Winthorpe@yopmail.com;1903-01-06
1475;Frances;Georgy;Frances.Georgy@yopmail.com;1932-07-29
1476;Jacquetta;Kellby;Jacquetta.Kellby@yopmail.com;1949-03-04
1477;Gavrielle;Rudolph;Gavrielle.Rudolph@yopmail.com;1919-02-19
1478;Melisent;Lail;Melisent.Lail@yopmail.com;1932-11-29
1479;Lucille;Chobot;Lucille.Chobot@yopmail.com;1956-10-17
1480;Roxane;Mandler;Roxane.Mandler@yopmail.com;1939-04-21
1481;Joane;Drisko;Joane.Drisko@yopmail.com;1992-12-16
1482;Jessamyn;Kaete;Jessamyn.Kaete@yopmail.com;1987-10-22
1483;Dorothy;Forrer;Dorothy.Forrer@yopmail.com;1901-06-12
1484;Cristabel;Blake;Cristabel.Blake@yopmail.com;1937-01-11
1485;Brianna;Muriel;Brianna.Muriel@yopmail.com;1993-08-02
1486;Andeee;Larochelle;Andeee.Larochelle@yopmail.com;1987-02-25
1487;Vita;McCutcheon;Vita.McCutcheon@yopmail.com;1999-07-14
1488;Yvonne;Chapland;Yvonne.Chapland@yopmail.com;2009-07-11
1489;Chloris;Helfand;Chloris.Helfand@yopmail.com;1994-12-09
1490;Sheelagh;Haerr;Sheelagh.Haerr@yopmail.com;1952-11-15
1491;Dari;Martguerita;Dari.Martguerita@yopmail.com;1995-04-26
1492;Chastity;Dudley;Chastity.Dudley@yopmail.com;1905-01-12
1493;Asia;Kamaria;Asia.Kamaria@yopmail.com;1927-09-05
1494;Myriam;Vharat;Myriam.Vharat@yopmail.com;1906-03-28
1495;Damaris;Howlyn;Damaris.Howlyn@yopmail.com;2018-04-04
1496;Fredericka;Engdahl;Fredericka.Engdahl@yopmail.com;2013-01-03
1497;Anthia;Malanie;Anthia.Malanie@yopmail.com;1978-07-14
1498;Selma;Lauraine;Selma.Lauraine@yopmail.com;1997-10-03
1499;Charlena;Olnee;Charlena.Olnee@yopmail.com;2007-06-07
1500;Anica;Tatianas;Anica.Tatianas@yopmail.com;2004-04-13
1501;Fina;Destinee;Fina.Destinee@yopmail.com;1969-12-25
1502;Desirae;Maribeth;Desirae.Maribeth@yopmail.com;1991-08-09
1503;Hayley;Rozanna;Hayley.Rozanna@yopmail.com;2017-07-06
1504;Vere;Zrike;Vere.Zrike@yopmail.com;1944-11-21
1505;Mariele;Hilbert;Mariele.Hilbert@yopmail.com;1993-08-09
1506;Hermione;Letsou;Hermione.Letsou@yopmail.com;1984-08-13
1507;Chloris;Arathorn;Chloris.Arathorn@yopmail.com;1920-06-11
1508;Winifred;Kelula;Winifred.Kelula@yopmail.com;2012-12-05
1509;Krystle;Holbrook;Krystle.Holbrook@yopmail.com;1995-11-05
1510;Regina;Devlen;Regina.Devlen@yopmail.com;1927-12-26
1511;Lulita;Dielu;Lulita.Dielu@yopmail.com;1906-11-22
1512;Krystle;Willie;Krystle.Willie@yopmail.com;2001-02-12
1513;Paola;Blisse;Paola.Blisse@yopmail.com;1953-02-13
1514;Dominga;Bonilla;Dominga.Bonilla@yopmail.com;1966-05-14
1515;Marinna;Briney;Marinna.Briney@yopmail.com;1954-06-09
1516;Carol-Jean;Emerson;Carol-Jean.Emerson@yopmail.com;1961-12-22
1517;Dorothy;Sasnett;Dorothy.Sasnett@yopmail.com;1943-08-13
1518;Ira;Ovid;Ira.Ovid@yopmail.com;1985-09-23
1519;Adore;Bari;Adore.Bari@yopmail.com;1926-07-31
1520;Brena;Ranjiv;Brena.Ranjiv@yopmail.com;2004-07-31
1521;Gabriellia;Joni;Gabriellia.Joni@yopmail.com;2004-12-06
1522;Clarice;Fax;Clarice.Fax@yopmail.com;1967-07-01
1523;Asia;Jalbert;Asia.Jalbert@yopmail.com;2011-12-25
1524;Maud;Hartnett;Maud.Hartnett@yopmail.com;1906-03-16
1525;Valeda;Hirsch;Valeda.Hirsch@yopmail.com;1903-10-07
1526;Aubrie;Liva;Aubrie.Liva@yopmail.com;1982-09-26
1527;Brena;Amadas;Brena.Amadas@yopmail.com;1967-06-17
1528;Alisha;Mott;Alisha.Mott@yopmail.com;1983-04-06
1529;Courtnay;Callista;Courtnay.Callista@yopmail.com;2005-01-08
1530;Annabela;Atcliffe;Annabela.Atcliffe@yopmail.com;1954-01-20
1531;Florencia;Neva;Florencia.Neva@yopmail.com;1914-12-12
1532;Christy;Khorma;Christy.Khorma@yopmail.com;1928-08-06
1533;Dione;Lauraine;Dione.Lauraine@yopmail.com;2005-03-13
1534;Donnie;Rheingold;Donnie.Rheingold@yopmail.com;1962-06-18
1535;Bertine;Glovsky;Bertine.Glovsky@yopmail.com;1952-01-01
1536;Karly;Craggie;Karly.Craggie@yopmail.com;1905-03-22
1537;Mariann;Stav;Mariann.Stav@yopmail.com;1999-08-22
1538;Linet;Sabella;Linet.Sabella@yopmail.com;1986-12-27
1539;Mary;Tice;Mary.Tice@yopmail.com;1953-09-17
1540;Joane;Giule;Joane.Giule@yopmail.com;1936-01-17
1541;Peri;Hull;Peri.Hull@yopmail.com;1957-04-15
1542;Shandie;Krystle;Shandie.Krystle@yopmail.com;2000-08-27
1543;Constance;Grosz;Constance.Grosz@yopmail.com;1907-05-17
1544;Alia;Rodmann;Alia.Rodmann@yopmail.com;1916-01-08
1545;Fayre;Yam;Fayre.Yam@yopmail.com;1907-12-06
1546;Jenilee;Kolnick;Jenilee.Kolnick@yopmail.com;1920-07-21
1547;Janey;Henrie;Janey.Henrie@yopmail.com;1966-10-08
1548;Lisette;Sinegold;Lisette.Sinegold@yopmail.com;1930-04-05
1549;Annecorinne;Oriana;Annecorinne.Oriana@yopmail.com;1938-11-08
1550;Ericka;Emanuel;Ericka.Emanuel@yopmail.com;1993-07-26
1551;Jillayne;Whittaker;Jillayne.Whittaker@yopmail.com;1966-04-23
1552;Ginnie;Melan;Ginnie.Melan@yopmail.com;1960-06-04
1553;Gwenneth;Martguerita;Gwenneth.Martguerita@yopmail.com;1930-05-02
1554;Chickie;Berriman;Chickie.Berriman@yopmail.com;2007-05-29
1555;Dulce;Carvey;Dulce.Carvey@yopmail.com;1949-11-03
1556;Lacie;Fontana;Lacie.Fontana@yopmail.com;1918-08-08
1557;Meriel;Faro;Meriel.Faro@yopmail.com;1944-01-22
1558;Amii;Prouty;Amii.Prouty@yopmail.com;1917-07-10
1559;Yvonne;Rona;Yvonne.Rona@yopmail.com;1913-10-22
1560;Goldie;Stilwell;Goldie.Stilwell@yopmail.com;1902-01-28
1561;Tomasina;Cherianne;Tomasina.Cherianne@yopmail.com;1918-01-05
1562;Nariko;Maroney;Nariko.Maroney@yopmail.com;2011-06-04
1563;Abbie;Kylander;Abbie.Kylander@yopmail.com;1913-09-13
1564;Joeann;Center;Joeann.Center@yopmail.com;2007-01-20
1565;Charlena;Jerald;Charlena.Jerald@yopmail.com;2000-05-06
1566;Tiffie;Cullin;Tiffie.Cullin@yopmail.com;1974-01-24
1567;Concettina;Nerita;Concettina.Nerita@yopmail.com;1923-09-20
1568;Estell;Ivens;Estell.Ivens@yopmail.com;1906-08-05
1569;Gusty;Schonfeld;Gusty.Schonfeld@yopmail.com;1941-01-20
1570;Britte;Rheingold;Britte.Rheingold@yopmail.com;1955-10-18
1571;Augustine;Fax;Augustine.Fax@yopmail.com;1903-11-06
1572;Jillayne;Elvyn;Jillayne.Elvyn@yopmail.com;1903-07-08
1573;Eugine;Schonfeld;Eugine.Schonfeld@yopmail.com;2016-10-30
1574;Candi;Cullin;Candi.Cullin@yopmail.com;1955-01-13
1575;Korrie;Melleta;Korrie.Melleta@yopmail.com;1994-05-04
1576;Latisha;Han;Latisha.Han@yopmail.com;2008-06-07
1577;Luci;Barney;Luci.Barney@yopmail.com;1972-05-25
1578;Karena;Quent;Karena.Quent@yopmail.com;1998-10-29
1579;Melodie;Federica;Melodie.Federica@yopmail.com;1996-10-10
1580;Nollie;Torray;Nollie.Torray@yopmail.com;1974-02-05
1581;Esmeralda;Elsinore;Esmeralda.Elsinore@yopmail.com;1972-07-13
1582;Florencia;Vary;Florencia.Vary@yopmail.com;1991-10-26
1583;Tarra;Bonucci;Tarra.Bonucci@yopmail.com;1985-04-24
1584;Rochette;Morgun;Rochette.Morgun@yopmail.com;1998-03-01
1585;Tami;Sancho;Tami.Sancho@yopmail.com;2017-06-16
1586;Melisent;Freddi;Melisent.Freddi@yopmail.com;2008-01-07
1587;Ivett;Trey;Ivett.Trey@yopmail.com;1906-10-17
1588;Starla;Hazlett;Starla.Hazlett@yopmail.com;1935-04-05
1589;Ivett;Nance;Ivett.Nance@yopmail.com;1908-12-28
1590;Kylynn;Colleen;Kylynn.Colleen@yopmail.com;1948-04-03
1591;Celene;Tomasina;Celene.Tomasina@yopmail.com;1931-12-23
1592;Regina;Trey;Regina.Trey@yopmail.com;1958-08-07
1593;Catrina;Lubin;Catrina.Lubin@yopmail.com;1960-08-09
1594;Sonni;Nikaniki;Sonni.Nikaniki@yopmail.com;1934-05-04
1595;Laure;Goth;Laure.Goth@yopmail.com;2016-05-14
1596;Larine;Trace;Larine.Trace@yopmail.com;1923-07-12
1597;Myrtice;Haerr;Myrtice.Haerr@yopmail.com;1961-10-01
1598;Lilith;Herrera;Lilith.Herrera@yopmail.com;1972-10-12
1599;Kassey;Seagraves;Kassey.Seagraves@yopmail.com;1991-05-16
1600;Renae;Orpah;Renae.Orpah@yopmail.com;2015-01-20
1601;Ketti;Rese;Ketti.Rese@yopmail.com;2017-03-23
1602;Jinny;Faso;Jinny.Faso@yopmail.com;1981-08-30
1603;Shell;Yusuk;Shell.Yusuk@yopmail.com;1926-10-14
1604;Caressa;Gilbertson;Caressa.Gilbertson@yopmail.com;1944-12-13
1605;Dianemarie;Roscoe;Dianemarie.Roscoe@yopmail.com;1904-09-29
1606;Rubie;Pip;Rubie.Pip@yopmail.com;1910-09-18
1607;Brianna;Bow;Brianna.Bow@yopmail.com;1932-05-17
1608;Corly;Jorgan;Corly.Jorgan@yopmail.com;1949-02-17
1609;Latisha;Winthorpe;Latisha.Winthorpe@yopmail.com;1950-05-27
1610;Aurelie;Ezar;Aurelie.Ezar@yopmail.com;1911-12-27
1611;Brana;Euridice;Brana.Euridice@yopmail.com;2001-03-13
1612;Alleen;Aloise;Alleen.Aloise@yopmail.com;1954-01-30
1613;Roxane;Ader;Roxane.Ader@yopmail.com;1940-02-12
1614;Alyda;Gillan;Alyda.Gillan@yopmail.com;1957-06-28
1615;Malina;Anyah;Malina.Anyah@yopmail.com;2004-01-29
1616;Nicoli;Raffo;Nicoli.Raffo@yopmail.com;2002-08-18
1617;Ebonee;Heisel;Ebonee.Heisel@yopmail.com;1952-06-16
1618;Jessy;Jorgan;Jessy.Jorgan@yopmail.com;1978-03-27
1619;Cissiee;Fosque;Cissiee.Fosque@yopmail.com;1998-05-26
1620;Jean;Constancy;Jean.Constancy@yopmail.com;1950-05-01
1621;Sidoney;Wiener;Sidoney.Wiener@yopmail.com;1945-01-18
1622;Moyna;Pernick;Moyna.Pernick@yopmail.com;1903-09-02
1623;Vita;Kristi;Vita.Kristi@yopmail.com;1954-05-28
1624;Jessamyn;Jerold;Jessamyn.Jerold@yopmail.com;1904-06-29
1625;Carilyn;Screens;Carilyn.Screens@yopmail.com;1903-06-14
1626;Amara;Armanda;Amara.Armanda@yopmail.com;1994-11-15
1627;Dulce;Georgy;Dulce.Georgy@yopmail.com;1908-10-09
1628;Aurore;Carri;Aurore.Carri@yopmail.com;1914-04-05
1629;Vevay;Mandler;Vevay.Mandler@yopmail.com;1992-10-25
1630;Maridel;Juan;Maridel.Juan@yopmail.com;1988-11-12
1631;Madalyn;Madelene;Madalyn.Madelene@yopmail.com;1969-01-17
1632;Stevana;Girardo;Stevana.Girardo@yopmail.com;1931-11-28
1633;Gianina;Taima;Gianina.Taima@yopmail.com;1958-05-18
1634;Cyndie;Gaal;Cyndie.Gaal@yopmail.com;1992-04-15
1635;Annaliese;Tacye;Annaliese.Tacye@yopmail.com;1906-05-06
1636;Addia;Olin;Addia.Olin@yopmail.com;1965-11-23
1637;Madeleine;Prouty;Madeleine.Prouty@yopmail.com;1986-08-05
1638;Doro;Narton;Doro.Narton@yopmail.com;2001-12-06
1639;Nollie;Anis;Nollie.Anis@yopmail.com;1901-10-28
1640;Gerianna;Kalinda;Gerianna.Kalinda@yopmail.com;1934-03-05
1641;Eugine;Zeeba;Eugine.Zeeba@yopmail.com;1902-08-20
1642;Esmeralda;Whittaker;Esmeralda.Whittaker@yopmail.com;1929-12-03
1643;Ivett;Erb;Ivett.Erb@yopmail.com;1940-02-01
1644;Cherilyn;Faria;Cherilyn.Faria@yopmail.com;1986-01-07
1645;Josephine;Parsaye;Josephine.Parsaye@yopmail.com;1930-03-22
1646;Miquela;Marsden;Miquela.Marsden@yopmail.com;1924-08-26
1647;Katharina;Belanger;Katharina.Belanger@yopmail.com;2009-06-15
1648;Merle;Anselmi;Merle.Anselmi@yopmail.com;1901-09-12
1649;Berta;Mike;Berta.Mike@yopmail.com;1957-02-26
1650;Arabel;Avi;Arabel.Avi@yopmail.com;1975-01-11
1651;Ruthe;Nahum;Ruthe.Nahum@yopmail.com;1944-06-10
1652;Farrah;Seagraves;Farrah.Seagraves@yopmail.com;2015-02-16
1653;Regina;Cyrie;Regina.Cyrie@yopmail.com;1925-03-31
1654;Celestyna;Jethro;Celestyna.Jethro@yopmail.com;1950-03-03
1655;Sallie;Blisse;Sallie.Blisse@yopmail.com;1958-05-10
1656;Alyssa;Carvey;Alyssa.Carvey@yopmail.com;1908-03-16
1657;Eugine;Cutlerr;Eugine.Cutlerr@yopmail.com;1984-05-08
1658;Kary;Braun;Kary.Braun@yopmail.com;1973-11-27
1659;Blondelle;Janith;Blondelle.Janith@yopmail.com;1909-12-01
1660;Viki;Wandie;Viki.Wandie@yopmail.com;1915-12-15
1661;Natka;Chick;Natka.Chick@yopmail.com;2019-10-25
1662;Gale;Liva;Gale.Liva@yopmail.com;1974-02-18
1663;Lita;Cornelia;Lita.Cornelia@yopmail.com;1943-11-14
1664;Tobe;Myrilla;Tobe.Myrilla@yopmail.com;2017-08-23
1665;Edee;Brittani;Edee.Brittani@yopmail.com;1983-04-09
1666;Fernande;Vilma;Fernande.Vilma@yopmail.com;2016-11-16
1667;Rivalee;Rurik;Rivalee.Rurik@yopmail.com;2006-08-18
1668;Briney;Eno;Briney.Eno@yopmail.com;1924-09-24
1669;Dotty;Marden;Dotty.Marden@yopmail.com;1951-09-11
1670;Sabina;Skell;Sabina.Skell@yopmail.com;1928-07-18
1671;Ermengarde;An;Ermengarde.An@yopmail.com;1908-10-02
1672;Wendi;Reidar;Wendi.Reidar@yopmail.com;1966-08-13
1673;Cindelyn;Kress;Cindelyn.Kress@yopmail.com;2006-09-08
1674;Mignon;Gillan;Mignon.Gillan@yopmail.com;1954-09-17
1675;Lolita;Raffo;Lolita.Raffo@yopmail.com;2008-08-03
1676;Kimmy;Ciapas;Kimmy.Ciapas@yopmail.com;1958-10-24
1677;Letizia;Suk;Letizia.Suk@yopmail.com;1930-03-06
1678;Kerrin;Bergman;Kerrin.Bergman@yopmail.com;1970-07-15
1679;Nonnah;Tengdin;Nonnah.Tengdin@yopmail.com;1980-09-03
1680;Shauna;Wyn;Shauna.Wyn@yopmail.com;1961-04-18
1681;Melisent;Boycey;Melisent.Boycey@yopmail.com;1904-03-20
1682;Sadie;Presber;Sadie.Presber@yopmail.com;1903-12-10
1683;Rani;Liebermann;Rani.Liebermann@yopmail.com;1939-09-25
1684;Mureil;Ambrosia;Mureil.Ambrosia@yopmail.com;1955-12-20
1685;Orelia;Nedrud;Orelia.Nedrud@yopmail.com;1929-03-04
1686;Zaria;Firmin;Zaria.Firmin@yopmail.com;1914-12-05
1687;Lanna;Narton;Lanna.Narton@yopmail.com;1984-05-04
1688;Lizzie;Fleeta;Lizzie.Fleeta@yopmail.com;1931-05-03
1689;Correy;Khorma;Correy.Khorma@yopmail.com;1983-01-20
1690;Merrie;Euridice;Merrie.Euridice@yopmail.com;1997-06-02
1691;Jessy;McLaughlin;Jessy.McLaughlin@yopmail.com;1935-08-28
1692;Gloria;Kelula;Gloria.Kelula@yopmail.com;1976-03-17
1693;Melina;Delacourt;Melina.Delacourt@yopmail.com;1985-11-16
1694;Averyl;Maroney;Averyl.Maroney@yopmail.com;1930-03-30
1695;Heddie;Natica;Heddie.Natica@yopmail.com;1914-12-17
1696;Etta;Stilwell;Etta.Stilwell@yopmail.com;1958-02-24
1697;Cordi;Rosette;Cordi.Rosette@yopmail.com;1989-12-23
1698;Zia;Cohdwell;Zia.Cohdwell@yopmail.com;1923-01-08
1699;Hyacinthe;Tice;Hyacinthe.Tice@yopmail.com;2011-05-23
1700;Lynnea;Zina;Lynnea.Zina@yopmail.com;2007-10-05
1701;Merry;Bury;Merry.Bury@yopmail.com;1921-11-19
1702;Alisha;Cyrie;Alisha.Cyrie@yopmail.com;2004-03-03
1703;Verla;Elsinore;Verla.Elsinore@yopmail.com;1954-10-24
1704;Quintina;Payson;Quintina.Payson@yopmail.com;1932-06-03
1705;Dianemarie;Aloise;Dianemarie.Aloise@yopmail.com;1982-10-11
1706;Frieda;Nerita;Frieda.Nerita@yopmail.com;1981-06-04
1707;Lisette;Tomasina;Lisette.Tomasina@yopmail.com;1998-07-17
1708;Johna;Uird;Johna.Uird@yopmail.com;1989-09-07
1709;Daryl;Melleta;Daryl.Melleta@yopmail.com;2009-09-21
1710;Sean;Winnick;Sean.Winnick@yopmail.com;1978-07-23
1711;Chandra;Gaal;Chandra.Gaal@yopmail.com;1941-05-29
1712;Danny;Trace;Danny.Trace@yopmail.com;2000-04-21
1713;Gui;Joni;Gui.Joni@yopmail.com;2015-11-30
1714;Dulcinea;Weide;Dulcinea.Weide@yopmail.com;1934-08-17
1715;Ricky;Leler;Ricky.Leler@yopmail.com;1994-10-18
1716;Gilligan;Naor;Gilligan.Naor@yopmail.com;2014-03-09
1717;Meriel;O'Rourke;Meriel.O'Rourke@yopmail.com;1933-09-24
1718;Zondra;Pond;Zondra.Pond@yopmail.com;1905-02-04
1719;Leona;Ailyn;Leona.Ailyn@yopmail.com;1996-09-18
1720;Janeczka;Codding;Janeczka.Codding@yopmail.com;1969-05-23
1721;Brietta;Newell;Brietta.Newell@yopmail.com;1932-08-10
1722;Willetta;Madox;Willetta.Madox@yopmail.com;1959-08-14
1723;Loree;Imelida;Loree.Imelida@yopmail.com;1924-09-01
1724;Yvonne;Cottle;Yvonne.Cottle@yopmail.com;1984-04-29
1725;Joelly;Riordan;Joelly.Riordan@yopmail.com;1916-01-08
1726;Heida;Bandeen;Heida.Bandeen@yopmail.com;2009-10-04
1727;Tomasina;Ephrem;Tomasina.Ephrem@yopmail.com;1957-04-15
1728;Althea;Parette;Althea.Parette@yopmail.com;1904-11-17
1729;Correy;Byrne;Correy.Byrne@yopmail.com;1942-05-05
1730;Leia;Keily;Leia.Keily@yopmail.com;1960-10-28
1731;Queenie;Aprile;Queenie.Aprile@yopmail.com;1942-04-07
1732;Cordi;Rubie;Cordi.Rubie@yopmail.com;1918-02-15
1733;Britte;Erlandson;Britte.Erlandson@yopmail.com;1948-10-19
1734;Evaleen;Chaing;Evaleen.Chaing@yopmail.com;2019-06-13
1735;Orelia;Cristi;Orelia.Cristi@yopmail.com;1957-07-06
1736;Paulita;Kazimir;Paulita.Kazimir@yopmail.com;1992-11-08
1737;Karina;Lemuela;Karina.Lemuela@yopmail.com;1967-06-29
1738;Ekaterina;Gilbertson;Ekaterina.Gilbertson@yopmail.com;1996-06-05
1739;Edyth;Goode;Edyth.Goode@yopmail.com;2013-10-27
1740;Tabbatha;Tannie;Tabbatha.Tannie@yopmail.com;1939-06-18
1741;Marita;Shanley;Marita.Shanley@yopmail.com;2014-11-14
1742;Chere;Sallyann;Chere.Sallyann@yopmail.com;1905-12-11
1743;Lusa;Douglass;Lusa.Douglass@yopmail.com;1977-06-01
1744;Noelle;Durware;Noelle.Durware@yopmail.com;2004-10-03
1745;Dari;Regan;Dari.Regan@yopmail.com;1901-02-06
1746;Micheline;Jobi;Micheline.Jobi@yopmail.com;1912-04-03
1747;Lelah;Serilda;Lelah.Serilda@yopmail.com;1927-01-30
1748;Elyssa;Warthman;Elyssa.Warthman@yopmail.com;1976-06-24
1749;Benita;Elbertina;Benita.Elbertina@yopmail.com;1925-05-24
1750;Adore;Myrilla;Adore.Myrilla@yopmail.com;1971-10-05
1751;Sean;Ambrosia;Sean.Ambrosia@yopmail.com;1932-03-30
1752;Cyndie;Hylan;Cyndie.Hylan@yopmail.com;1921-04-04
1753;Zaria;Couture;Zaria.Couture@yopmail.com;1998-10-09
1754;Kathi;Henrie;Kathi.Henrie@yopmail.com;1990-06-12
1755;Netty;Miru;Netty.Miru@yopmail.com;1979-04-15
1756;Mureil;Hieronymus;Mureil.Hieronymus@yopmail.com;2006-06-15
1757;Codie;Krystle;Codie.Krystle@yopmail.com;1959-06-13
1758;Priscilla;Kronfeld;Priscilla.Kronfeld@yopmail.com;1962-09-01
1759;Modestia;Xerxes;Modestia.Xerxes@yopmail.com;1903-11-21
1760;Marti;Rhu;Marti.Rhu@yopmail.com;2019-04-07
1761;Henriette;Bluh;Henriette.Bluh@yopmail.com;2018-07-11
1762;Ardenia;Monk;Ardenia.Monk@yopmail.com;1929-03-04
1763;Olwen;Tacye;Olwen.Tacye@yopmail.com;1927-06-16
1764;Joy;Georas;Joy.Georas@yopmail.com;2017-07-28
1765;Florencia;Nea;Florencia.Nea@yopmail.com;2001-08-27
1766;Nyssa;Georas;Nyssa.Georas@yopmail.com;2019-05-25
1767;Orelia;Delacourt;Orelia.Delacourt@yopmail.com;1980-07-03
1768;Christian;Rebecka;Christian.Rebecka@yopmail.com;1936-02-17
1769;Consuela;Fadiman;Consuela.Fadiman@yopmail.com;1966-09-10
1770;Netty;Talia;Netty.Talia@yopmail.com;1963-08-12
1771;Joy;Ortrude;Joy.Ortrude@yopmail.com;1980-06-07
1772;Addia;Lymann;Addia.Lymann@yopmail.com;1910-08-09
1773;Leona;Klotz;Leona.Klotz@yopmail.com;1944-07-01
1774;Joceline;Kinnard;Joceline.Kinnard@yopmail.com;1986-04-25
1775;Stacey;Kosey;Stacey.Kosey@yopmail.com;1997-03-19
1776;Max;Rona;Max.Rona@yopmail.com;1923-04-22
1777;Lyssa;Adalbert;Lyssa.Adalbert@yopmail.com;1952-08-05
1778;Dede;Madaih;Dede.Madaih@yopmail.com;2007-08-15
1779;Daphne;Carri;Daphne.Carri@yopmail.com;2014-03-03
1780;Alyda;Standing;Alyda.Standing@yopmail.com;1948-12-01
1781;Augustine;Larochelle;Augustine.Larochelle@yopmail.com;1919-03-03
1782;Jinny;Crudden;Jinny.Crudden@yopmail.com;1973-01-11
1783;Renae;Ingra;Renae.Ingra@yopmail.com;1961-10-09
1784;Moyna;Meter;Moyna.Meter@yopmail.com;1989-05-24
1785;Bee;Serilda;Bee.Serilda@yopmail.com;1907-07-04
1786;Lesly;McCutcheon;Lesly.McCutcheon@yopmail.com;1973-07-28
1787;Aryn;Remmer;Aryn.Remmer@yopmail.com;1987-01-23
1788;Goldie;Hamil;Goldie.Hamil@yopmail.com;1937-05-31
1789;Chastity;Ackerley;Chastity.Ackerley@yopmail.com;1928-08-17
1790;Mady;Flyn;Mady.Flyn@yopmail.com;2015-01-26
1791;Dania;Hubert;Dania.Hubert@yopmail.com;1986-09-12
1792;Consuela;Cleo;Consuela.Cleo@yopmail.com;1974-12-07
1793;Rosene;Emanuel;Rosene.Emanuel@yopmail.com;1945-11-14
1794;Cissiee;Adalbert;Cissiee.Adalbert@yopmail.com;2012-02-01
1795;Renie;Lanita;Renie.Lanita@yopmail.com;2016-05-16
1796;Belva;Madelene;Belva.Madelene@yopmail.com;1921-09-01
1797;Jordan;Rogerio;Jordan.Rogerio@yopmail.com;1909-09-28
1798;Chickie;Sophronia;Chickie.Sophronia@yopmail.com;2014-03-30
1799;Rubie;Pip;Rubie.Pip@yopmail.com;1913-10-04
1800;Nyssa;Regan;Nyssa.Regan@yopmail.com;1914-04-25
1801;Elfreda;Loleta;Elfreda.Loleta@yopmail.com;1955-12-31
1802;Donetta;Adalbert;Donetta.Adalbert@yopmail.com;1953-10-24
1803;Marnia;Norrie;Marnia.Norrie@yopmail.com;1994-02-07
1804;Gwyneth;Croix;Gwyneth.Croix@yopmail.com;1969-02-15
1805;Leona;Felizio;Leona.Felizio@yopmail.com;1980-04-01
1806;Elora;Abernon;Elora.Abernon@yopmail.com;1991-07-27
1807;Agnese;Euridice;Agnese.Euridice@yopmail.com;2000-02-17
1808;Orsola;Erb;Orsola.Erb@yopmail.com;1946-12-29
1809;Meghann;Hedve;Meghann.Hedve@yopmail.com;1992-08-03
1810;Jasmina;Pascia;Jasmina.Pascia@yopmail.com;1967-09-28
1811;Brena;Fontana;Brena.Fontana@yopmail.com;1987-02-13
1812;Clementine;Pierette;Clementine.Pierette@yopmail.com;1988-08-24
1813;Hallie;Dearborn;Hallie.Dearborn@yopmail.com;1988-03-14
1814;Ottilie;Pernick;Ottilie.Pernick@yopmail.com;1948-07-28
1815;Marcy;Rad;Marcy.Rad@yopmail.com;2011-11-30
1816;Aili;Niles;Aili.Niles@yopmail.com;1992-03-21
1817;Ginnie;Horan;Ginnie.Horan@yopmail.com;1901-08-21
1818;Cissiee;Judye;Cissiee.Judye@yopmail.com;1985-01-01
1819;Fernande;Gaynor;Fernande.Gaynor@yopmail.com;1973-03-30
1820;Jemie;Bakerman;Jemie.Bakerman@yopmail.com;1946-01-22
1821;Hollie;Francene;Hollie.Francene@yopmail.com;1916-01-22
1822;Corina;Pelagias;Corina.Pelagias@yopmail.com;2018-09-16
1823;Constance;Ovid;Constance.Ovid@yopmail.com;2019-08-23
1824;Wilma;Marijo;Wilma.Marijo@yopmail.com;1976-06-26
1825;Robbi;Anton;Robbi.Anton@yopmail.com;1905-09-18
1826;Marnia;Argus;Marnia.Argus@yopmail.com;1979-06-06
1827;Adelle;Norvol;Adelle.Norvol@yopmail.com;1969-11-08
1828;Rayna;Vary;Rayna.Vary@yopmail.com;1903-08-29
1829;Correy;Olympium;Correy.Olympium@yopmail.com;1971-03-11
1830;Leeanne;Nelsen;Leeanne.Nelsen@yopmail.com;1929-09-13
1831;Dania;Vorster;Dania.Vorster@yopmail.com;2002-09-11
1832;Donetta;Malvino;Donetta.Malvino@yopmail.com;1991-01-30
1833;Deane;Lindemann;Deane.Lindemann@yopmail.com;1927-09-23
1834;Debee;Paton;Debee.Paton@yopmail.com;1976-08-23
1835;Jaime;Harday;Jaime.Harday@yopmail.com;2018-08-19
1836;Deane;Lymann;Deane.Lymann@yopmail.com;1919-08-23
1837;Britni;Hollingsworth;Britni.Hollingsworth@yopmail.com;1977-04-17
1838;Ayn;Fiester;Ayn.Fiester@yopmail.com;1954-03-22
1839;Annice;Joseph;Annice.Joseph@yopmail.com;2006-05-31
1840;Janenna;Joeann;Janenna.Joeann@yopmail.com;1959-07-09
1841;Joy;Mayeda;Joy.Mayeda@yopmail.com;1976-07-10
1842;Josephine;Longfellow;Josephine.Longfellow@yopmail.com;2007-08-13
1843;Layla;Colleen;Layla.Colleen@yopmail.com;1901-12-29
1844;Lynde;Carleen;Lynde.Carleen@yopmail.com;1969-09-15
1845;Ileana;Abram;Ileana.Abram@yopmail.com;1990-04-13
1846;Anestassia;Mathilde;Anestassia.Mathilde@yopmail.com;1950-11-17
1847;Thalia;Adore;Thalia.Adore@yopmail.com;1905-05-24
1848;Nicoli;Billye;Nicoli.Billye@yopmail.com;1974-09-03
1849;Drucie;Lindemann;Drucie.Lindemann@yopmail.com;1925-05-25
1850;Vonny;Natica;Vonny.Natica@yopmail.com;1984-01-10
1851;Tobe;Shields;Tobe.Shields@yopmail.com;2019-12-27
1852;Constance;Standing;Constance.Standing@yopmail.com;1968-11-01
1853;Dione;Deny;Dione.Deny@yopmail.com;1918-04-30
1854;Tersina;Keily;Tersina.Keily@yopmail.com;2012-04-24
1855;Tressa;Dannye;Tressa.Dannye@yopmail.com;2003-03-28
1856;Georgina;Amadas;Georgina.Amadas@yopmail.com;1996-03-05
1857;Cherilyn;Marisa;Cherilyn.Marisa@yopmail.com;1969-03-29
1858;Farrah;Etom;Farrah.Etom@yopmail.com;1999-05-30
1859;Kristina;Durware;Kristina.Durware@yopmail.com;1941-05-31
1860;Dyann;Valoniah;Dyann.Valoniah@yopmail.com;1997-04-03
1861;Desirae;Barrus;Desirae.Barrus@yopmail.com;1961-12-24
1862;Kristan;Millda;Kristan.Millda@yopmail.com;1937-01-28
1863;Frances;Anyah;Frances.Anyah@yopmail.com;1927-06-29
1864;Raina;Clara;Raina.Clara@yopmail.com;1988-02-12
1865;Sean;Giff;Sean.Giff@yopmail.com;1971-01-25
1866;Alyssa;Fancie;Alyssa.Fancie@yopmail.com;2017-03-28
1867;Isa;Hailee;Isa.Hailee@yopmail.com;1954-06-23
1868;Belinda;Honoria;Belinda.Honoria@yopmail.com;1922-06-18
1869;Johna;Olnee;Johna.Olnee@yopmail.com;1923-05-22
1870;Yvonne;Constancy;Yvonne.Constancy@yopmail.com;1995-09-03
1871;Bernie;Ioab;Bernie.Ioab@yopmail.com;1961-07-23
1872;Maryellen;Kravits;Maryellen.Kravits@yopmail.com;1961-11-28
1873;Sheree;Brackely;Sheree.Brackely@yopmail.com;1946-05-11
1874;Ann-Marie;Wittie;Ann-Marie.Wittie@yopmail.com;1991-10-15
1875;Gabriellia;Waldron;Gabriellia.Waldron@yopmail.com;1958-12-26
1876;Ana;Mozelle;Ana.Mozelle@yopmail.com;1932-02-16
1877;Hettie;Si;Hettie.Si@yopmail.com;1961-06-02
1878;Trixi;Rocray;Trixi.Rocray@yopmail.com;1950-10-23
1879;Willetta;Lytton;Willetta.Lytton@yopmail.com;2017-08-23
1880;Cathyleen;Teddman;Cathyleen.Teddman@yopmail.com;1922-12-05
1881;Lanna;Ovid;Lanna.Ovid@yopmail.com;1955-04-27
1882;Cecile;Angelis;Cecile.Angelis@yopmail.com;1901-08-27
1883;Nelle;Georas;Nelle.Georas@yopmail.com;1936-12-25
1884;Clementine;Sidonius;Clementine.Sidonius@yopmail.com;1981-10-09
1885;Angela;Rese;Angela.Rese@yopmail.com;1984-02-21
1886;Inga;Brodench;Inga.Brodench@yopmail.com;1966-06-17
1887;Viki;Daniele;Viki.Daniele@yopmail.com;1991-06-12
1888;Goldie;Pernick;Goldie.Pernick@yopmail.com;1923-02-12
1889;Agnese;Holtz;Agnese.Holtz@yopmail.com;1904-04-06
1890;Charmaine;Ophelia;Charmaine.Ophelia@yopmail.com;1943-05-20
1891;Leanna;Simmonds;Leanna.Simmonds@yopmail.com;1910-02-23
1892;Nadine;Sacken;Nadine.Sacken@yopmail.com;1961-01-28
1893;Ronna;Reinke;Ronna.Reinke@yopmail.com;1952-09-12
1894;Vonny;Wesle;Vonny.Wesle@yopmail.com;1930-07-15
1895;Sheree;Chobot;Sheree.Chobot@yopmail.com;2015-07-15
1896;Orsola;Hazlett;Orsola.Hazlett@yopmail.com;2017-12-17
1897;Nicoli;Schonfeld;Nicoli.Schonfeld@yopmail.com;1970-01-12
1898;Neila;Noam;Neila.Noam@yopmail.com;1990-03-10
1899;Aili;Sigfrid;Aili.Sigfrid@yopmail.com;1912-12-17
1900;Tracey;Annabella;Tracey.Annabella@yopmail.com;1913-07-17
1901;Krystle;Astra;Krystle.Astra@yopmail.com;1973-06-01
1902;Cam;Devlen;Cam.Devlen@yopmail.com;1928-04-09
1903;Gui;Valerio;Gui.Valerio@yopmail.com;1962-06-01
1904;Gwyneth;Gamaliel;Gwyneth.Gamaliel@yopmail.com;1961-05-12
1905;Audrie;Girardo;Audrie.Girardo@yopmail.com;1907-11-20
1906;Doro;Eckblad;Doro.Eckblad@yopmail.com;2005-01-06
1907;Danny;Curren;Danny.Curren@yopmail.com;1960-06-06
1908;Micheline;Fax;Micheline.Fax@yopmail.com;1925-09-19
1909;Dania;Fancie;Dania.Fancie@yopmail.com;1905-11-24
1910;Caryl;Sallyann;Caryl.Sallyann@yopmail.com;1996-03-16
1911;Karlee;Hessler;Karlee.Hessler@yopmail.com;1927-03-24
1912;Philis;Giff;Philis.Giff@yopmail.com;1907-06-07
1913;Sheelagh;Honoria;Sheelagh.Honoria@yopmail.com;1901-05-03
1914;Maurene;Eiser;Maurene.Eiser@yopmail.com;1962-03-16
1915;Rani;Cristi;Rani.Cristi@yopmail.com;1977-12-04
1916;Rubie;Teryn;Rubie.Teryn@yopmail.com;2014-04-16
1917;Silvana;Bibi;Silvana.Bibi@yopmail.com;1914-05-04
1918;Vevay;Voletta;Vevay.Voletta@yopmail.com;1912-09-22
1919;Mariele;Nikaniki;Mariele.Nikaniki@yopmail.com;1935-10-22
1920;Phedra;Nance;Phedra.Nance@yopmail.com;1989-09-19
1921;Brana;Vivle;Brana.Vivle@yopmail.com;1947-11-22
1922;Shannah;Hylan;Shannah.Hylan@yopmail.com;1999-01-29
1923;Dulcinea;Ferrell;Dulcinea.Ferrell@yopmail.com;1992-06-23
1924;Nariko;Howlyn;Nariko.Howlyn@yopmail.com;1926-03-19
1925;Angela;Ammann;Angela.Ammann@yopmail.com;2011-10-31
1926;Desirae;Allare;Desirae.Allare@yopmail.com;2019-02-19
1927;Halette;Donoghue;Halette.Donoghue@yopmail.com;1941-08-15
1928;Rhea;Tengdin;Rhea.Tengdin@yopmail.com;1939-09-09
1929;Brana;Burch;Brana.Burch@yopmail.com;1956-11-30
1930;Stacey;Ashok;Stacey.Ashok@yopmail.com;1972-04-08
1931;Aurelie;Bartlett;Aurelie.Bartlett@yopmail.com;1917-02-22
1932;Edyth;Yuille;Edyth.Yuille@yopmail.com;1915-06-27
1933;Shirlee;Klemperer;Shirlee.Klemperer@yopmail.com;1941-08-29
1934;Doralynne;Margret;Doralynne.Margret@yopmail.com;1906-05-06
1935;Fidelia;Dreda;Fidelia.Dreda@yopmail.com;1921-06-15
1936;Lelah;Chem;Lelah.Chem@yopmail.com;1918-08-21
1937;Kirbee;Frodi;Kirbee.Frodi@yopmail.com;1946-12-13
1938;Elise;Hedve;Elise.Hedve@yopmail.com;1905-12-31
1939;Brynna;Gibbeon;Brynna.Gibbeon@yopmail.com;1905-08-07
1940;Jobi;Palocz;Jobi.Palocz@yopmail.com;1960-01-14
1941;Ethel;Aloise;Ethel.Aloise@yopmail.com;1979-01-31
1942;Vere;Rhu;Vere.Rhu@yopmail.com;1911-06-09
1943;Renie;Merell;Renie.Merell@yopmail.com;1956-05-26
1944;Fredericka;Ahab;Fredericka.Ahab@yopmail.com;1926-04-14
1945;Lisette;Korey;Lisette.Korey@yopmail.com;1945-03-16
1946;Tera;Dosia;Tera.Dosia@yopmail.com;1904-11-15
1947;Brooks;Stover;Brooks.Stover@yopmail.com;1991-05-05
1948;Emma;Iaverne;Emma.Iaverne@yopmail.com;1924-09-20
1949;Dennie;Lamoree;Dennie.Lamoree@yopmail.com;1982-07-05
1950;Lila;Craggie;Lila.Craggie@yopmail.com;1916-12-07
1951;Hallie;Anyah;Hallie.Anyah@yopmail.com;1982-03-21
1952;Nollie;Cynar;Nollie.Cynar@yopmail.com;1936-03-04
1953;Sue;Latini;Sue.Latini@yopmail.com;1988-03-25
1954;Daphne;Tryck;Daphne.Tryck@yopmail.com;1956-03-13
1955;Shirlee;Urias;Shirlee.Urias@yopmail.com;2000-05-29
1956;Luci;Nore;Luci.Nore@yopmail.com;1940-11-17
1957;Joane;Sibyls;Joane.Sibyls@yopmail.com;2005-09-26
1958;Gerrie;Faro;Gerrie.Faro@yopmail.com;2001-09-19
1959;Augustine;Kirbee;Augustine.Kirbee@yopmail.com;2014-12-17
1960;Angelique;Nadia;Angelique.Nadia@yopmail.com;2017-12-17
1961;Christal;Lamoree;Christal.Lamoree@yopmail.com;1907-11-13
1962;Liana;Magnolia;Liana.Magnolia@yopmail.com;1983-10-29
1963;Beverley;Alabaster;Beverley.Alabaster@yopmail.com;1921-08-12
1964;Caryl;Harned;Caryl.Harned@yopmail.com;1959-09-22
1965;Edyth;Hull;Edyth.Hull@yopmail.com;1920-01-23
1966;Daryl;Plato;Daryl.Plato@yopmail.com;1948-01-25
1967;Tonia;Heidt;Tonia.Heidt@yopmail.com;1971-08-02
1968;Tatiania;Helfand;Tatiania.Helfand@yopmail.com;1991-03-15
1969;Bobinette;Larochelle;Bobinette.Larochelle@yopmail.com;2008-01-09
1970;Asia;Bonilla;Asia.Bonilla@yopmail.com;1971-03-13
1971;Emmey;Weinreb;Emmey.Weinreb@yopmail.com;1993-01-10
1972;Regina;Garbe;Regina.Garbe@yopmail.com;1925-08-22
1973;Hermione;Sadowski;Hermione.Sadowski@yopmail.com;1990-09-12
1974;Hildegaard;Calhoun;Hildegaard.Calhoun@yopmail.com;1946-09-28
1975;Chere;Holbrook;Chere.Holbrook@yopmail.com;1907-10-08
1976;Marika;Vastah;Marika.Vastah@yopmail.com;2019-04-02
1977;Ursulina;Verger;Ursulina.Verger@yopmail.com;1900-04-11
1978;Marnia;Macey;Marnia.Macey@yopmail.com;1925-09-23
1979;Sheelagh;Pillsbury;Sheelagh.Pillsbury@yopmail.com;1994-01-11
1980;Kimberley;Arley;Kimberley.Arley@yopmail.com;1998-04-01
1981;Tarra;Corabella;Tarra.Corabella@yopmail.com;1933-04-09
1982;Hettie;Demitria;Hettie.Demitria@yopmail.com;1918-10-03
1983;Alie;McLaughlin;Alie.McLaughlin@yopmail.com;1918-09-03
1984;Ida;Moina;Ida.Moina@yopmail.com;1937-02-27
1985;Di;Ethban;Di.Ethban@yopmail.com;1937-03-11
1986;Riannon;Heidt;Riannon.Heidt@yopmail.com;1998-05-05
1987;Glenda;Kalinda;Glenda.Kalinda@yopmail.com;2010-01-03
1988;Donnie;Ax;Donnie.Ax@yopmail.com;1961-02-14
1989;Veda;Devlen;Veda.Devlen@yopmail.com;1964-04-22
1990;Joane;Daegal;Joane.Daegal@yopmail.com;1915-01-05
1991;Frank;Cullin;Frank.Cullin@yopmail.com;1900-01-06
1992;Addia;Scammon;Addia.Scammon@yopmail.com;1991-10-01
1993;Trudie;Standing;Trudie.Standing@yopmail.com;1900-06-13
1994;Celestyna;Schenck;Celestyna.Schenck@yopmail.com;1994-09-13
1995;Adele;Cavan;Adele.Cavan@yopmail.com;1909-09-30
1996;Audrie;Ophelia;Audrie.Ophelia@yopmail.com;1920-12-10
1997;Bettine;Hubert;Bettine.Hubert@yopmail.com;1953-04-20
1998;Jenda;Yam;Jenda.Yam@yopmail.com;1987-04-06
1999;Jany;Glenden;Jany.Glenden@yopmail.com;1936-12-26