firstname;lastname;email;Field Name
Britte;Caitlin;Britte.Caitlin@yopmail.com;1908-08-24
Lolita;Frendel;Lolita.Frendel@yopmail.com;1933-01-16
Millie;Kesley;Millie.Kesley@yopmail.com;2001-10-22
Gusty;Zachary;Gusty.Zachary@yopmail.com;1978-03-12
Carmela;Gladstone;Carmela.Gladstone@yopmail.com;2007-04-26
Harrietta;Rooney;Harrietta.Rooney@yopmail.com;1973-08-02
Oralee;Wareing;Oralee.Wareing@yopmail.com;2010-09-19
Vanessa;Sheedy;Vanessa.Sheedy@yopmail.com;1934-12-19
Esmeralda;Angelis;Esmeralda.Angelis@yopmail.com;1920-12-28
Xylina;McLaughlin;Xylina.McLaughlin@yopmail.com;1989-02-15
Abbie;Belanger;Abbie.Belanger@yopmail.com;1968-04-24
Pearline;Valoniah;Pearline.Valoniah@yopmail.com;1982-10-04
Sophia;Halla;Sophia.Halla@yopmail.com;1965-09-21
Joceline;Cleavland;Joceline.Cleavland@yopmail.com;1982-06-23
Katuscha;Diogenes;Katuscha.Diogenes@yopmail.com;1971-01-28
Dulcinea;Center;Dulcinea.Center@yopmail.com;1966-03-19
Christal;Tufts;Christal.Tufts@yopmail.com;2010-04-22
Kerrin;Brittani;Kerrin.Brittani@yopmail.com;1947-12-02
Kimmy;Goddard;Kimmy.Goddard@yopmail.com;2019-04-01
Letizia;Melleta;Letizia.Melleta@yopmail.com;1995-02-25
Belva;Kylander;Belva.Kylander@yopmail.com;1982-04-08
Fawne;Bennie;Fawne.Bennie@yopmail.com;1959-03-29
Belva;Amand;Belva.Amand@yopmail.com;1939-04-02
Kassey;Luhe;Kassey.Luhe@yopmail.com;1970-08-15
Etta;Fancie;Etta.Fancie@yopmail.com;2005-02-11
Randa;Sidonius;Randa.Sidonius@yopmail.com;1998-10-23
Camile;Gibbeon;Camile.Gibbeon@yopmail.com;1938-06-14
Mahalia;Riva;Mahalia.Riva@yopmail.com;1977-10-17
Juliane;Birdella;Juliane.Birdella@yopmail.com;1995-07-21
Rosanne;Goth;Rosanne.Goth@yopmail.com;1967-10-25
Sharlene;Glovsky;Sharlene.Glovsky@yopmail.com;1931-04-29
Codie;Hamil;Codie.Hamil@yopmail.com;1990-02-05
Di;Himelman;Di.Himelman@yopmail.com;1950-02-13
Ruthe;Ventre;Ruthe.Ventre@yopmail.com;1943-10-15
Ileana;Dielu;Ileana.Dielu@yopmail.com;1943-06-18
Ashlee;Sawtelle;Ashlee.Sawtelle@yopmail.com;1924-09-15
Elvira;Lail;Elvira.Lail@yopmail.com;1945-05-08
Leanna;Maurine;Leanna.Maurine@yopmail.com;1973-10-02
Maisey;Philipp;Maisey.Philipp@yopmail.com;1987-10-19
Lynde;Mullane;Lynde.Mullane@yopmail.com;1928-07-27
Kathi;Deegan;Kathi.Deegan@yopmail.com;1949-10-10
Georgina;Jethro;Georgina.Jethro@yopmail.com;2015-08-12
Tierney;Adrienne;Tierney.Adrienne@yopmail.com;1966-04-30
Ericka;Ajay;Ericka.Ajay@yopmail.com;1929-08-28
Elfreda;Himelman;Elfreda.Himelman@yopmail.com;1953-08-21
Amara;Garrison;Amara.Garrison@yopmail.com;1955-07-11
Elbertina;Lattie;Elbertina.Lattie@yopmail.com;1971-03-20
Brana;Dearborn;Brana.Dearborn@yopmail.com;1933-03-26
Elsie;Stav;Elsie.Stav@yopmail.com;1904-11-20
Caritta;Daegal;Caritta.Daegal@yopmail.com;2012-11-27
Madalyn;Nore;Madalyn.Nore@yopmail.com;1995-02-04
Belva;Stanwood;Belva.Stanwood@yopmail.com;1939-10-26
Arabel;Rosemary;Arabel.Rosemary@yopmail.com;1934-06-23
Jasmina;Wesle;Jasmina.Wesle@yopmail.com;1939-09-04
Margalo;Ellord;Margalo.Ellord@yopmail.com;1947-11-11
Fidelia;Martsen;Fidelia.Martsen@yopmail.com;1914-02-14
Tilly;Mendez;Tilly.Mendez@yopmail.com;1949-03-09
Rosanne;Shama;Rosanne.Shama@yopmail.com;1923-12-21
Adriana;Alabaster;Adriana.Alabaster@yopmail.com;1977-09-01
Cissiee;Zaslow;Cissiee.Zaslow@yopmail.com;1974-01-18
Annaliese;Bobbee;Annaliese.Bobbee@yopmail.com;1952-12-28
Gusella;Gaspard;Gusella.Gaspard@yopmail.com;1909-09-10
Adelle;Rheingold;Adelle.Rheingold@yopmail.com;1908-01-23
Clo;Beniamino;Clo.Beniamino@yopmail.com;1950-08-16
Jessy;Verger;Jessy.Verger@yopmail.com;1970-07-24
Christian;Sophronia;Christian.Sophronia@yopmail.com;1962-09-01
Minne;Travax;Minne.Travax@yopmail.com;2004-02-16
Carolina;Vanni;Carolina.Vanni@yopmail.com;1948-01-30
Nataline;Zuzana;Nataline.Zuzana@yopmail.com;1948-12-06
Brietta;Sholley;Brietta.Sholley@yopmail.com;1999-11-05
Patricia;Hedve;Patricia.Hedve@yopmail.com;1978-01-25
Jany;Brenn;Jany.Brenn@yopmail.com;1936-10-07
Alex;Hortensia;Alex.Hortensia@yopmail.com;2003-01-23
Bobbi;Wyn;Bobbi.Wyn@yopmail.com;1955-02-07
Melodie;Medrek;Melodie.Medrek@yopmail.com;1929-08-09
Gilda;Bonilla;Gilda.Bonilla@yopmail.com;2014-04-20
Bee;Louanna;Bee.Louanna@yopmail.com;1963-07-07
Aryn;Eckblad;Aryn.Eckblad@yopmail.com;1948-12-07
Cecile;Waldron;Cecile.Waldron@yopmail.com;1912-03-23
Iseabal;Nerita;Iseabal.Nerita@yopmail.com;1932-06-02
Tamqrah;Pearse;Tamqrah.Pearse@yopmail.com;1974-05-11
Letizia;Erb;Letizia.Erb@yopmail.com;1968-11-17
Viviene;Abram;Viviene.Abram@yopmail.com;2002-08-31
Zaria;Sholley;Zaria.Sholley@yopmail.com;1919-10-19
Gilda;Adalbert;Gilda.Adalbert@yopmail.com;1922-11-12
Fred;Euridice;Fred.Euridice@yopmail.com;2006-04-13
Cacilie;Marisa;Cacilie.Marisa@yopmail.com;1981-07-19
Sheree;Parette;Sheree.Parette@yopmail.com;1929-11-07
Jenda;Dannye;Jenda.Dannye@yopmail.com;1946-04-02
Jasmina;Bergman;Jasmina.Bergman@yopmail.com;1964-09-11
Inga;Selway;Inga.Selway@yopmail.com;1975-03-13
Sara-Ann;Longfellow;Sara-Ann.Longfellow@yopmail.com;1966-03-20
Kamilah;Shelba;Kamilah.Shelba@yopmail.com;1951-11-04
Gaylene;Beniamino;Gaylene.Beniamino@yopmail.com;1959-03-14
Emilia;Wittie;Emilia.Wittie@yopmail.com;2005-07-01
Almeta;Marlie;Almeta.Marlie@yopmail.com;1913-11-21
Sashenka;Ralfston;Sashenka.Ralfston@yopmail.com;2007-08-25
Marinna;Allare;Marinna.Allare@yopmail.com;1972-05-15
Mellicent;Gombach;Mellicent.Gombach@yopmail.com;1958-02-19
Angela;Morgun;Angela.Morgun@yopmail.com;1988-07-18
Teddie;Marlie;Teddie.Marlie@yopmail.com;1969-10-22
Wileen;Wildermuth;Wileen.Wildermuth@yopmail.com;1949-10-17
Desirae;Ferrell;Desirae.Ferrell@yopmail.com;1910-02-01
Eve;Afton;Eve.Afton@yopmail.com;2006-01-10
Clementine;Arne;Clementine.Arne@yopmail.com;1978-04-08
Lauryn;Magnolia;Lauryn.Magnolia@yopmail.com;1927-03-17
Hayley;Payson;Hayley.Payson@yopmail.com;1991-09-03
Jenilee;Janene;Jenilee.Janene@yopmail.com;2007-10-19
Mellicent;Rheingold;Mellicent.Rheingold@yopmail.com;2007-12-15
Lolita;Kenwood;Lolita.Kenwood@yopmail.com;1983-01-13
Aeriela;Zaslow;Aeriela.Zaslow@yopmail.com;1925-02-20
Gusty;Melleta;Gusty.Melleta@yopmail.com;1962-08-18
Clarice;Hamil;Clarice.Hamil@yopmail.com;1906-07-28
Gratia;Wolfgram;Gratia.Wolfgram@yopmail.com;1938-11-26
Hettie;Rosemary;Hettie.Rosemary@yopmail.com;1930-11-06
Arabel;Ludewig;Arabel.Ludewig@yopmail.com;1910-09-18
Roslyn;Jerold;Roslyn.Jerold@yopmail.com;1987-09-25
Deirdre;Kiersten;Deirdre.Kiersten@yopmail.com;1900-04-10
Gavrielle;Hylan;Gavrielle.Hylan@yopmail.com;1914-03-13
Charissa;Merell;Charissa.Merell@yopmail.com;1947-04-13
Elie;Secrest;Elie.Secrest@yopmail.com;1936-04-24
Adelle;Hull;Adelle.Hull@yopmail.com;1940-05-15
Aimil;Pacorro;Aimil.Pacorro@yopmail.com;1908-09-28
Teddie;Huggins;Teddie.Huggins@yopmail.com;1968-05-14
Carolina;Arquit;Carolina.Arquit@yopmail.com;2009-06-06
Sue;Cornelia;Sue.Cornelia@yopmail.com;1942-12-17
Jessamyn;Sheng;Jessamyn.Sheng@yopmail.com;1901-05-07
Ann-Marie;Faust;Ann-Marie.Faust@yopmail.com;2000-12-24
Gale;Darbie;Gale.Darbie@yopmail.com;1962-05-02
Vere;Sasnett;Vere.Sasnett@yopmail.com;1963-01-08
Felice;Bultman;Felice.Bultman@yopmail.com;1971-02-12
Patricia;Jerold;Patricia.Jerold@yopmail.com;1979-12-22
Chastity;Howlyn;Chastity.Howlyn@yopmail.com;1933-02-19
Sandie;Cath;Sandie.Cath@yopmail.com;1958-07-27
Louella;Yusuk;Louella.Yusuk@yopmail.com;1907-05-08
Corina;Dannye;Corina.Dannye@yopmail.com;1972-09-29
Felice;Jorgan;Felice.Jorgan@yopmail.com;1947-10-26
Lila;Newell;Lila.Newell@yopmail.com;1912-12-12
Natka;Faust;Natka.Faust@yopmail.com;1947-07-27
Lacie;Rozanna;Lacie.Rozanna@yopmail.com;1976-10-27
Concettina;Cottle;Concettina.Cottle@yopmail.com;1969-05-09
Lexine;Carmena;Lexine.Carmena@yopmail.com;1987-12-26
Calla;Alexandr;Calla.Alexandr@yopmail.com;2004-07-13
Belva;Ariella;Belva.Ariella@yopmail.com;1907-09-04
Laure;Monk;Laure.Monk@yopmail.com;1907-01-08
Janis;Colyer;Janis.Colyer@yopmail.com;1985-04-18
Odessa;Elephus;Odessa.Elephus@yopmail.com;1904-01-21
Frances;Carmena;Frances.Carmena@yopmail.com;2016-01-03
Sidoney;Alisia;Sidoney.Alisia@yopmail.com;2010-09-12
Maud;Ramona;Maud.Ramona@yopmail.com;2019-03-13
Pamella;Jena;Pamella.Jena@yopmail.com;1908-11-26
Gale;Manolo;Gale.Manolo@yopmail.com;1950-03-03
Rori;Hartnett;Rori.Hartnett@yopmail.com;1914-06-09
Valera;Lenny;Valera.Lenny@yopmail.com;1987-01-13
Marsiella;Chobot;Marsiella.Chobot@yopmail.com;1977-02-03
Wendi;Francene;Wendi.Francene@yopmail.com;1945-07-22
Ellette;Oster;Ellette.Oster@yopmail.com;1994-01-22
Concettina;Daegal;Concettina.Daegal@yopmail.com;1927-09-06
Jinny;Abernon;Jinny.Abernon@yopmail.com;1934-07-08
Phylis;Peti;Phylis.Peti@yopmail.com;1968-07-30
Gusty;Sekofski;Gusty.Sekofski@yopmail.com;1946-11-07
Yvonne;Newell;Yvonne.Newell@yopmail.com;2018-05-15
Cathie;Lasley;Cathie.Lasley@yopmail.com;1913-03-06
Katuscha;Granoff;Katuscha.Granoff@yopmail.com;1993-08-20
Rosanne;Stevy;Rosanne.Stevy@yopmail.com;1910-01-15
Nicoli;Berl;Nicoli.Berl@yopmail.com;1958-10-22
Dolli;Edmund;Dolli.Edmund@yopmail.com;1972-08-24
Addia;Wittie;Addia.Wittie@yopmail.com;1948-11-26
Valera;Fadiman;Valera.Fadiman@yopmail.com;2012-12-27
Kamilah;Croix;Kamilah.Croix@yopmail.com;2000-05-09
Arlena;Bartlett;Arlena.Bartlett@yopmail.com;1979-12-02
Sam;Berl;Sam.Berl@yopmail.com;1958-12-28
Peri;Brandice;Peri.Brandice@yopmail.com;1996-09-10
Teriann;Gavrila;Teriann.Gavrila@yopmail.com;1972-01-25
Carmela;Amethist;Carmela.Amethist@yopmail.com;2011-09-18
Brana;Ball;Brana.Ball@yopmail.com;1999-08-05
Gusty;Rebecka;Gusty.Rebecka@yopmail.com;2002-09-17
Renie;Yate;Renie.Yate@yopmail.com;1932-11-15
Gaylene;Presber;Gaylene.Presber@yopmail.com;1977-04-17
Daphne;Leffen;Daphne.Leffen@yopmail.com;1975-03-13
Kristina;Timon;Kristina.Timon@yopmail.com;1947-04-28
Stephanie;Fry;Stephanie.Fry@yopmail.com;1931-05-02
Janenna;Ardeha;Janenna.Ardeha@yopmail.com;1925-09-14
Hannis;Rosette;Hannis.Rosette@yopmail.com;1911-11-15
Mady;Dex;Mady.Dex@yopmail.com;1904-01-31
Robinia;Rudolph;Robinia.Rudolph@yopmail.com;1955-05-16
Melodie;Vilma;Melodie.Vilma@yopmail.com;1937-10-05
Ulrike;Dichy;Ulrike.Dichy@yopmail.com;1927-08-29
Libbie;Darrell;Libbie.Darrell@yopmail.com;1924-10-10
Yvonne;Meli;Yvonne.Meli@yopmail.com;2006-03-05
Dominga;Delacourt;Dominga.Delacourt@yopmail.com;1984-10-16
Karena;Rubie;Karena.Rubie@yopmail.com;1977-02-18
Sara-Ann;Warthman;Sara-Ann.Warthman@yopmail.com;1933-06-22
Jenilee;Schonfeld;Jenilee.Schonfeld@yopmail.com;1931-09-06
Meg;Dunkin;Meg.Dunkin@yopmail.com;1943-06-12
Viviene;Halla;Viviene.Halla@yopmail.com;1921-06-26
Felice;Wooster;Felice.Wooster@yopmail.com;1933-06-29
Steffane;Ulphia;Steffane.Ulphia@yopmail.com;1934-09-19
Julieta;Hepsibah;Julieta.Hepsibah@yopmail.com;1971-09-23
Roseline;Ricarda;Roseline.Ricarda@yopmail.com;1968-12-14
Sheree;Iiette;Sheree.Iiette@yopmail.com;1984-03-09
Annora;Salvidor;Annora.Salvidor@yopmail.com;2013-05-28
Binny;Viddah;Binny.Viddah@yopmail.com;2010-11-11
Kore;Doig;Kore.Doig@yopmail.com;1980-12-29
Kassey;Concha;Kassey.Concha@yopmail.com;1961-08-16
Averyl;Palocz;Averyl.Palocz@yopmail.com;1947-02-20
Cassandra;Delp;Cassandra.Delp@yopmail.com;1929-03-18
Mary;Keelia;Mary.Keelia@yopmail.com;1918-09-09
Andeee;Astra;Andeee.Astra@yopmail.com;2017-12-18
Dorice;Daniele;Dorice.Daniele@yopmail.com;1999-09-17
Melanie;Dannye;Melanie.Dannye@yopmail.com;1984-06-11
Gertrud;Jobi;Gertrud.Jobi@yopmail.com;1938-08-27
Aimil;Whiffen;Aimil.Whiffen@yopmail.com;1903-02-06
Carmencita;Sacken;Carmencita.Sacken@yopmail.com;1934-01-26
Dari;Chaing;Dari.Chaing@yopmail.com;1929-03-27
Bettine;Nikaniki;Bettine.Nikaniki@yopmail.com;1965-09-18
Maridel;Fabiola;Maridel.Fabiola@yopmail.com;1941-01-27
Rori;Valerio;Rori.Valerio@yopmail.com;1906-04-28
Evita;Timon;Evita.Timon@yopmail.com;1919-03-15
Dede;Christine;Dede.Christine@yopmail.com;2003-09-21
Helsa;Whiffen;Helsa.Whiffen@yopmail.com;1936-06-07
Willetta;Colleen;Willetta.Colleen@yopmail.com;1992-02-12
Jaclyn;Zachary;Jaclyn.Zachary@yopmail.com;2000-09-16
Yvonne;Ax;Yvonne.Ax@yopmail.com;2018-04-12
Ginnie;Ilka;Ginnie.Ilka@yopmail.com;1978-05-20
Jaclyn;Libna;Jaclyn.Libna@yopmail.com;1983-10-31
Rebeca;Cleavland;Rebeca.Cleavland@yopmail.com;1929-12-28
Teddie;Nea;Teddie.Nea@yopmail.com;2018-03-01
Donetta;Rosemary;Donetta.Rosemary@yopmail.com;1900-03-19
Deirdre;Noelyn;Deirdre.Noelyn@yopmail.com;1971-12-24
Pollyanna;Verger;Pollyanna.Verger@yopmail.com;1949-04-13
Brooks;Olin;Brooks.Olin@yopmail.com;1959-04-06
Anestassia;Kermit;Anestassia.Kermit@yopmail.com;1973-08-13
Flo;Fax;Flo.Fax@yopmail.com;2011-06-12
Florie;Vastah;Florie.Vastah@yopmail.com;1910-04-03
Letizia;Gino;Letizia.Gino@yopmail.com;1956-10-28
Aeriela;Guthrie;Aeriela.Guthrie@yopmail.com;1979-06-26
Sindee;Regan;Sindee.Regan@yopmail.com;1923-09-20
Vanessa;Decato;Vanessa.Decato@yopmail.com;2005-09-09
Adore;Mayeda;Adore.Mayeda@yopmail.com;1998-04-07
Sissy;Garlinda;Sissy.Garlinda@yopmail.com;2001-06-24
Cassandra;Arvo;Cassandra.Arvo@yopmail.com;1963-06-28
Zondra;Paton;Zondra.Paton@yopmail.com;1948-11-27
Genovera;Therine;Genovera.Therine@yopmail.com;1947-06-16
Rani;Grayce;Rani.Grayce@yopmail.com;1929-12-16
Jordan;Wildermuth;Jordan.Wildermuth@yopmail.com;2018-09-27
Livvyy;Olnee;Livvyy.Olnee@yopmail.com;1974-01-25
Stacey;Colleen;Stacey.Colleen@yopmail.com;1989-04-29
Agathe;Lay;Agathe.Lay@yopmail.com;1960-10-31
Mariann;Glovsky;Mariann.Glovsky@yopmail.com;1967-09-04
Shandie;Tyson;Shandie.Tyson@yopmail.com;1956-04-02
Trudie;Kosey;Trudie.Kosey@yopmail.com;2015-01-31
Ronna;Lesley;Ronna.Lesley@yopmail.com;1980-04-02
Mignon;Cloris;Mignon.Cloris@yopmail.com;1912-08-31
Farrah;Gwenore;Farrah.Gwenore@yopmail.com;1960-11-13
Belinda;Kendrick;Belinda.Kendrick@yopmail.com;1958-06-16
Patricia;Daveta;Patricia.Daveta@yopmail.com;1911-09-22
Roseline;Hedve;Roseline.Hedve@yopmail.com;1969-04-03
Veda;Redmond;Veda.Redmond@yopmail.com;1972-06-08
Gerrie;Read;Gerrie.Read@yopmail.com;1901-09-28
Hildegaard;Buffum;Hildegaard.Buffum@yopmail.com;1921-07-13
Randa;Izaak;Randa.Izaak@yopmail.com;1987-01-19
Lanae;Leffen;Lanae.Leffen@yopmail.com;1907-01-26
Sindee;Wenoa;Sindee.Wenoa@yopmail.com;1914-05-06
Doro;McGrody;Doro.McGrody@yopmail.com;1984-03-12
Tobe;Virgin;Tobe.Virgin@yopmail.com;1916-07-20
Sam;Bearnard;Sam.Bearnard@yopmail.com;1945-03-01
Romona;Levey;Romona.Levey@yopmail.com;1994-07-27
Siana;Emerson;Siana.Emerson@yopmail.com;1906-03-15
Rubie;Sholley;Rubie.Sholley@yopmail.com;1925-09-02
Catharine;Bergman;Catharine.Bergman@yopmail.com;1932-10-15
Angela;Thad;Angela.Thad@yopmail.com;1900-05-16
Silvana;Orpah;Silvana.Orpah@yopmail.com;1949-05-25
Nadine;Kimmie;Nadine.Kimmie@yopmail.com;1970-08-30
Danika;Rad;Danika.Rad@yopmail.com;1949-07-14
Nataline;Geffner;Nataline.Geffner@yopmail.com;1990-03-01
Ginnie;Orlene;Ginnie.Orlene@yopmail.com;2012-02-19
Raina;Cavan;Raina.Cavan@yopmail.com;1974-09-28
Christal;Raseda;Christal.Raseda@yopmail.com;1938-08-20
Selma;Soneson;Selma.Soneson@yopmail.com;1977-03-15
Camile;Elo;Camile.Elo@yopmail.com;1901-07-09
Debee;Stoller;Debee.Stoller@yopmail.com;1959-07-09
Amalie;Hortensia;Amalie.Hortensia@yopmail.com;1900-08-06
Larine;Brotherson;Larine.Brotherson@yopmail.com;1965-01-08
Viki;Chobot;Viki.Chobot@yopmail.com;1949-02-26
Mara;Carleen;Mara.Carleen@yopmail.com;1973-08-20
Bettine;Loleta;Bettine.Loleta@yopmail.com;1901-03-02
Ileana;Teryn;Ileana.Teryn@yopmail.com;2006-12-22
Catrina;Uird;Catrina.Uird@yopmail.com;1935-11-28
Belva;Douglass;Belva.Douglass@yopmail.com;1907-06-01
Deloria;Fennessy;Deloria.Fennessy@yopmail.com;1909-06-18
Cathie;Margarete;Cathie.Margarete@yopmail.com;1901-10-10
Aryn;Whiffen;Aryn.Whiffen@yopmail.com;1920-08-11
Jorry;Sibyls;Jorry.Sibyls@yopmail.com;1974-07-19
Lexine;Harl;Lexine.Harl@yopmail.com;1923-01-31
Verla;Cloris;Verla.Cloris@yopmail.com;2004-11-03
Florencia;Blake;Florencia.Blake@yopmail.com;2002-10-29
Merci;Federica;Merci.Federica@yopmail.com;1964-02-15
Valeda;Velick;Valeda.Velick@yopmail.com;2005-03-05
Cyb;Harned;Cyb.Harned@yopmail.com;1945-06-18
Starla;Peg;Starla.Peg@yopmail.com;1903-01-25
Tamqrah;Ilka;Tamqrah.Ilka@yopmail.com;1943-12-07
Kirbee;Cassius;Kirbee.Cassius@yopmail.com;2017-01-03
Sean;Wesle;Sean.Wesle@yopmail.com;1919-11-16
Tori;Meter;Tori.Meter@yopmail.com;1947-12-29
Lindie;Arvo;Lindie.Arvo@yopmail.com;2000-08-06
Doralynne;Naor;Doralynne.Naor@yopmail.com;1974-09-30
Amalie;Ehrman;Amalie.Ehrman@yopmail.com;1921-08-27
Barbi;Screens;Barbi.Screens@yopmail.com;2000-05-04
Evaleen;Trinetta;Evaleen.Trinetta@yopmail.com;1976-09-07
Micheline;Felecia;Micheline.Felecia@yopmail.com;1917-02-22
Glynnis;Pip;Glynnis.Pip@yopmail.com;2005-01-09
Max;Telfer;Max.Telfer@yopmail.com;1983-10-30
Catharine;Daniele;Catharine.Daniele@yopmail.com;1971-10-29
Sissy;Merell;Sissy.Merell@yopmail.com;1995-12-13
Brietta;Wesle;Brietta.Wesle@yopmail.com;1970-05-12
Chrystel;Weitman;Chrystel.Weitman@yopmail.com;2016-01-03
Consuela;Merna;Consuela.Merna@yopmail.com;2016-03-25
Nadine;Cavan;Nadine.Cavan@yopmail.com;1967-02-27
Kalina;My;Kalina.My@yopmail.com;1904-10-13
Celestyna;Melony;Celestyna.Melony@yopmail.com;2013-03-15
Gui;Clara;Gui.Clara@yopmail.com;1949-08-27
Kathi;Ackerley;Kathi.Ackerley@yopmail.com;2011-07-14
Lelah;Glenden;Lelah.Glenden@yopmail.com;1916-02-22
Nessie;Tybald;Nessie.Tybald@yopmail.com;1906-07-15
Ulrike;Amasa;Ulrike.Amasa@yopmail.com;1936-01-14
Fredericka;Marden;Fredericka.Marden@yopmail.com;1922-01-22
Ulrike;Federica;Ulrike.Federica@yopmail.com;1996-03-04
Emmey;Anton;Emmey.Anton@yopmail.com;1903-06-01
Kellen;Huggins;Kellen.Huggins@yopmail.com;2000-06-08
Chere;Leary;Chere.Leary@yopmail.com;1925-11-23
Mariele;Cleo;Mariele.Cleo@yopmail.com;1983-06-18
Annora;Flyn;Annora.Flyn@yopmail.com;1939-12-06
Nananne;Briney;Nananne.Briney@yopmail.com;1930-11-20
Joceline;Dermott;Joceline.Dermott@yopmail.com;1951-09-21
Kassey;Liva;Kassey.Liva@yopmail.com;1969-12-02
Lizzie;Croix;Lizzie.Croix@yopmail.com;2010-06-04
Mureil;Annabella;Mureil.Annabella@yopmail.com;1942-09-27
Kathy;Vittoria;Kathy.Vittoria@yopmail.com;1926-01-09
Collen;Lubin;Collen.Lubin@yopmail.com;1960-11-14
Sonni;Stevy;Sonni.Stevy@yopmail.com;2001-04-29
Lyssa;Naor;Lyssa.Naor@yopmail.com;2013-12-27
Ginnie;Delila;Ginnie.Delila@yopmail.com;1972-07-15
Evaleen;Nickola;Evaleen.Nickola@yopmail.com;2008-05-09
Ermengarde;Grosz;Ermengarde.Grosz@yopmail.com;1931-02-14
Lynnea;Erminia;Lynnea.Erminia@yopmail.com;1979-02-12
Kelly;Cutlerr;Kelly.Cutlerr@yopmail.com;1946-01-22
Alleen;Medrek;Alleen.Medrek@yopmail.com;1917-03-19
Vivia;Joeann;Vivia.Joeann@yopmail.com;2004-09-30
Liana;Madox;Liana.Madox@yopmail.com;1921-04-14
Marline;Schonfeld;Marline.Schonfeld@yopmail.com;1965-08-28
Dotty;Zaslow;Dotty.Zaslow@yopmail.com;1905-11-06
Zaria;Ralfston;Zaria.Ralfston@yopmail.com;1983-10-09
Henriette;Gillan;Henriette.Gillan@yopmail.com;1940-02-14
Bernardine;Secrest;Bernardine.Secrest@yopmail.com;1982-07-26
Eve;Mitzi;Eve.Mitzi@yopmail.com;1959-06-01
Margette;Avi;Margette.Avi@yopmail.com;1965-12-05
Marline;Middleton;Marline.Middleton@yopmail.com;1995-12-13
Winifred;Letsou;Winifred.Letsou@yopmail.com;1947-04-03
Jerry;Morrill;Jerry.Morrill@yopmail.com;1961-05-27
Gabriellia;Chabot;Gabriellia.Chabot@yopmail.com;1929-04-27
Xylina;Jillane;Xylina.Jillane@yopmail.com;1900-01-25
Kerrin;Bebe;Kerrin.Bebe@yopmail.com;1915-10-11
Rori;Kiersten;Rori.Kiersten@yopmail.com;2006-10-07
Heddie;Gemini;Heddie.Gemini@yopmail.com;2009-09-10
Inga;Martsen;Inga.Martsen@yopmail.com;1903-04-26
Adele;Iaverne;Adele.Iaverne@yopmail.com;1945-09-26
Karolina;Travax;Karolina.Travax@yopmail.com;1907-04-21
Glynnis;Alfons;Glynnis.Alfons@yopmail.com;2018-07-23
Clary;Danby;Clary.Danby@yopmail.com;1906-05-31
Andree;Leifeste;Andree.Leifeste@yopmail.com;1942-11-09
Riannon;Sigfrid;Riannon.Sigfrid@yopmail.com;2015-07-17
Daryl;Grosz;Daryl.Grosz@yopmail.com;1906-03-21
Sean;Erich;Sean.Erich@yopmail.com;1980-06-17
Zia;Caitlin;Zia.Caitlin@yopmail.com;1971-01-27
Alejandra;Alva;Alejandra.Alva@yopmail.com;2019-07-22
Giustina;Dannye;Giustina.Dannye@yopmail.com;1975-05-17
Shirlee;Saint;Shirlee.Saint@yopmail.com;1927-10-02
Augustine;Ortrude;Augustine.Ortrude@yopmail.com;1982-12-20
Arabel;Lareena;Arabel.Lareena@yopmail.com;1913-01-31
Caressa;Ahab;Caressa.Ahab@yopmail.com;2000-06-02
Kimmy;Vins;Kimmy.Vins@yopmail.com;1954-07-06
Cathyleen;Andrel;Cathyleen.Andrel@yopmail.com;1974-01-10
Trixi;Kaete;Trixi.Kaete@yopmail.com;1979-04-14
Meg;Arathorn;Meg.Arathorn@yopmail.com;1966-08-11
Robbi;Darian;Robbi.Darian@yopmail.com;2017-09-19
Marti;Eugenia;Marti.Eugenia@yopmail.com;1958-11-30
Myriam;Iaverne;Myriam.Iaverne@yopmail.com;1942-08-20
Tina;Allina;Tina.Allina@yopmail.com;1978-10-28
Nikki;Hazlett;Nikki.Hazlett@yopmail.com;1962-01-03
Magdalena;Eugenia;Magdalena.Eugenia@yopmail.com;2012-07-24
Gratia;Greenwald;Gratia.Greenwald@yopmail.com;2008-12-25
Zondra;Sheedy;Zondra.Sheedy@yopmail.com;1995-10-26
Cassandra;Richers;Cassandra.Richers@yopmail.com;1934-09-15
Hollie;Westphal;Hollie.Westphal@yopmail.com;1902-05-24
Trudie;Virgin;Trudie.Virgin@yopmail.com;1937-12-02
Eadie;Melan;Eadie.Melan@yopmail.com;2009-02-16
Marcelline;Sinegold;Marcelline.Sinegold@yopmail.com;1918-07-14
Fawne;Kaja;Fawne.Kaja@yopmail.com;1996-03-11
Goldie;Engdahl;Goldie.Engdahl@yopmail.com;2017-10-16
Linet;Cimbura;Linet.Cimbura@yopmail.com;1947-09-22
Valeda;Wareing;Valeda.Wareing@yopmail.com;1985-12-24
Frances;Joli;Frances.Joli@yopmail.com;1906-01-15
Layla;Mehalek;Layla.Mehalek@yopmail.com;2007-11-10
Addia;Lunsford;Addia.Lunsford@yopmail.com;1972-02-17
Wanda;Lea;Wanda.Lea@yopmail.com;1952-06-17
Katharina;Clarissa;Katharina.Clarissa@yopmail.com;2013-03-12
Celisse;Chick;Celisse.Chick@yopmail.com;1942-05-01
Ariela;Saint;Ariela.Saint@yopmail.com;1927-08-28
Anestassia;Hoban;Anestassia.Hoban@yopmail.com;1936-08-13
Dede;Argus;Dede.Argus@yopmail.com;1910-09-25
Ira;Leffen;Ira.Leffen@yopmail.com;2015-12-22
Margette;Lissi;Margette.Lissi@yopmail.com;1943-08-10
Corly;Verger;Corly.Verger@yopmail.com;1976-07-28
Georgina;Pacorro;Georgina.Pacorro@yopmail.com;1962-09-01
Gloria;Nikaniki;Gloria.Nikaniki@yopmail.com;1958-02-09
Nariko;Naashom;Nariko.Naashom@yopmail.com;1966-04-14
Wileen;Toffic;Wileen.Toffic@yopmail.com;1965-03-24
Riannon;Raama;Riannon.Raama@yopmail.com;1987-03-07
Nerta;Paton;Nerta.Paton@yopmail.com;1935-02-11
Ileana;Papageno;Ileana.Papageno@yopmail.com;1918-01-18
Hermione;Rheingold;Hermione.Rheingold@yopmail.com;1950-09-09
Ermengarde;Wilkinson;Ermengarde.Wilkinson@yopmail.com;1975-01-21
Marleah;Charity;Marleah.Charity@yopmail.com;1907-10-13
Leanna;Pearse;Leanna.Pearse@yopmail.com;1990-01-07
Marinna;Valoniah;Marinna.Valoniah@yopmail.com;1902-03-18
Demetris;Lory;Demetris.Lory@yopmail.com;1999-07-24
Elsie;Pitt;Elsie.Pitt@yopmail.com;1991-06-18
Dode;Bari;Dode.Bari@yopmail.com;1965-07-03
Molli;Couture;Molli.Couture@yopmail.com;1974-01-25
Ingrid;Tarrant;Ingrid.Tarrant@yopmail.com;1921-04-11
Chandra;Soneson;Chandra.Soneson@yopmail.com;1926-04-05
Collen;Colp;Collen.Colp@yopmail.com;2000-07-19
Kaja;Warthman;Kaja.Warthman@yopmail.com;1943-09-17
Vonny;Adrienne;Vonny.Adrienne@yopmail.com;1965-12-13
Veda;Laurianne;Veda.Laurianne@yopmail.com;1929-07-02
Morganica;Dex;Morganica.Dex@yopmail.com;2007-12-20
Gui;Adrienne;Gui.Adrienne@yopmail.com;1909-09-30
Maryellen;Sidonius;Maryellen.Sidonius@yopmail.com;1954-10-08
Marinna;Barbey;Marinna.Barbey@yopmail.com;1925-06-20
Damaris;McLaughlin;Damaris.McLaughlin@yopmail.com;1954-07-14
Caressa;Palocz;Caressa.Palocz@yopmail.com;1951-06-16
Gabriellia;Urias;Gabriellia.Urias@yopmail.com;2010-05-22
Dolli;Barney;Dolli.Barney@yopmail.com;2000-11-29
Lenna;Izaak;Lenna.Izaak@yopmail.com;1938-08-16
Bettine;Gwenore;Bettine.Gwenore@yopmail.com;1945-07-19
Hermione;Harned;Hermione.Harned@yopmail.com;2010-05-15
Valeda;Suk;Valeda.Suk@yopmail.com;1952-04-14
Heddie;Ramona;Heddie.Ramona@yopmail.com;1988-07-16
Gianina;Danby;Gianina.Danby@yopmail.com;1991-03-06
Catharine;Keelia;Catharine.Keelia@yopmail.com;2007-11-03
Tobe;Robertson;Tobe.Robertson@yopmail.com;1948-10-20
Dode;Gale;Dode.Gale@yopmail.com;1928-03-25
Berget;Buckler;Berget.Buckler@yopmail.com;1959-01-02
Anallese;Anestassia;Anallese.Anestassia@yopmail.com;1938-06-01
Sarette;Juliet;Sarette.Juliet@yopmail.com;1920-08-27
Viviene;Nance;Viviene.Nance@yopmail.com;1961-01-20
Lolita;Merell;Lolita.Merell@yopmail.com;1948-12-22
Cindelyn;Emanuel;Cindelyn.Emanuel@yopmail.com;2010-02-21
Roz;Christine;Roz.Christine@yopmail.com;1914-10-03
Ketti;Aloise;Ketti.Aloise@yopmail.com;1985-03-22
June;Frendel;June.Frendel@yopmail.com;1971-06-20
Babita;Ellerey;Babita.Ellerey@yopmail.com;2007-11-30
Joceline;Ade;Joceline.Ade@yopmail.com;1901-03-23
Almeta;Valerio;Almeta.Valerio@yopmail.com;1958-04-25
Selia;Syd;Selia.Syd@yopmail.com;1957-09-30
Renae;Weitman;Renae.Weitman@yopmail.com;1938-04-07
Dominga;Brenn;Dominga.Brenn@yopmail.com;1920-12-13
Carree;Brenn;Carree.Brenn@yopmail.com;1904-08-31
Michaelina;Jacqui;Michaelina.Jacqui@yopmail.com;1938-05-21
Harmonia;Loleta;Harmonia.Loleta@yopmail.com;1968-12-12
Albertina;McAdams;Albertina.McAdams@yopmail.com;1903-07-23
Fernande;Malvino;Fernande.Malvino@yopmail.com;1911-08-27
Abbie;Croix;Abbie.Croix@yopmail.com;1933-08-25
Ernesta;Eldrid;Ernesta.Eldrid@yopmail.com;1979-08-08
Lelah;Bethany;Lelah.Bethany@yopmail.com;1963-07-04
Tani;Latini;Tani.Latini@yopmail.com;1936-05-16
Tamqrah;Sperling;Tamqrah.Sperling@yopmail.com;1906-12-24
Almeta;Andrel;Almeta.Andrel@yopmail.com;1938-10-02
Sissy;Helve;Sissy.Helve@yopmail.com;1961-03-18
Rivalee;Turne;Rivalee.Turne@yopmail.com;1909-04-01
Agathe;Screens;Agathe.Screens@yopmail.com;1914-04-21
Estell;Cyrie;Estell.Cyrie@yopmail.com;1962-03-26
Aigneis;Saint;Aigneis.Saint@yopmail.com;1901-06-15
Sadie;Brieta;Sadie.Brieta@yopmail.com;1912-06-10
Marjie;Amethist;Marjie.Amethist@yopmail.com;1953-06-30
Gratia;Yerkovich;Gratia.Yerkovich@yopmail.com;1970-08-04
Sybille;Syd;Sybille.Syd@yopmail.com;2006-09-18
Vinita;Wittie;Vinita.Wittie@yopmail.com;1955-09-01
Heida;Bahr;Heida.Bahr@yopmail.com;1993-02-06
Anallese;Aprile;Anallese.Aprile@yopmail.com;1941-07-01
Jaclyn;Thema;Jaclyn.Thema@yopmail.com;2005-08-18
Ira;Dunkin;Ira.Dunkin@yopmail.com;1965-05-21
Winifred;Bord;Winifred.Bord@yopmail.com;1992-02-26
Orelia;Soneson;Orelia.Soneson@yopmail.com;1960-03-03
Merci;Wilkinson;Merci.Wilkinson@yopmail.com;1995-02-12
Rosaline;Even;Rosaline.Even@yopmail.com;1905-04-07
Alyssa;Goddard;Alyssa.Goddard@yopmail.com;1929-09-28
Ada;Natalia;Ada.Natalia@yopmail.com;1997-12-02
Orsola;Shuler;Orsola.Shuler@yopmail.com;2006-07-30
Vinita;Holbrook;Vinita.Holbrook@yopmail.com;1996-03-04
Karlee;Kermit;Karlee.Kermit@yopmail.com;1961-10-11
Carolina;Dex;Carolina.Dex@yopmail.com;2011-04-15
Madelle;Nance;Madelle.Nance@yopmail.com;1928-03-18
Maurene;Claudine;Maurene.Claudine@yopmail.com;1981-09-21
Alia;Imelida;Alia.Imelida@yopmail.com;2006-08-02
Quintina;Zuzana;Quintina.Zuzana@yopmail.com;1933-05-23
Diena;Loeb;Diena.Loeb@yopmail.com;1954-11-28
Marjie;Gherardo;Marjie.Gherardo@yopmail.com;2008-04-11
Dorice;Chauncey;Dorice.Chauncey@yopmail.com;1986-09-14
Lizzie;Sabella;Lizzie.Sabella@yopmail.com;2010-07-19
Tera;Schonfeld;Tera.Schonfeld@yopmail.com;1918-12-19
Hyacinthe;Alarise;Hyacinthe.Alarise@yopmail.com;1966-05-03
Mildrid;Koziara;Mildrid.Koziara@yopmail.com;1954-07-30
Valeda;Sibyls;Valeda.Sibyls@yopmail.com;1942-04-09
Suzette;Tamsky;Suzette.Tamsky@yopmail.com;1941-11-30
Giustina;Colp;Giustina.Colp@yopmail.com;2016-01-04
Netty;Jammal;Netty.Jammal@yopmail.com;1925-11-11
Genovera;Birdella;Genovera.Birdella@yopmail.com;1997-01-25
Amara;Niles;Amara.Niles@yopmail.com;1998-10-02
Cherrita;Wallis;Cherrita.Wallis@yopmail.com;1944-11-17
Verla;Sidonius;Verla.Sidonius@yopmail.com;1989-08-01
Sidoney;McLaughlin;Sidoney.McLaughlin@yopmail.com;1960-10-02
Aryn;Merell;Aryn.Merell@yopmail.com;1921-04-24
Gilda;Nunci;Gilda.Nunci@yopmail.com;1981-07-27
Brietta;Albertine;Brietta.Albertine@yopmail.com;2010-01-11
Demetris;Seumas;Demetris.Seumas@yopmail.com;2014-10-24
Kary;Jotham;Kary.Jotham@yopmail.com;1993-03-29
Codie;Zachary;Codie.Zachary@yopmail.com;1921-11-11
Ofilia;Richers;Ofilia.Richers@yopmail.com;1983-12-03
Pierette;Colbert;Pierette.Colbert@yopmail.com;1982-12-14
Sissy;Peti;Sissy.Peti@yopmail.com;1981-11-14
Vonny;Ahab;Vonny.Ahab@yopmail.com;1968-07-21
Marita;Liebermann;Marita.Liebermann@yopmail.com;1989-03-03
Gerianna;Lutero;Gerianna.Lutero@yopmail.com;2010-10-16
Gilda;Thar;Gilda.Thar@yopmail.com;1978-05-28
Dorene;Simmonds;Dorene.Simmonds@yopmail.com;1920-01-31
Myrtice;Damarra;Myrtice.Damarra@yopmail.com;1925-12-24
Elmira;Valerio;Elmira.Valerio@yopmail.com;1931-04-06
Luci;Darbie;Luci.Darbie@yopmail.com;1955-01-17
Leanna;Mitzi;Leanna.Mitzi@yopmail.com;1921-03-05
Edyth;Killigrew;Edyth.Killigrew@yopmail.com;1906-10-09
Claudina;Cordi;Claudina.Cordi@yopmail.com;2007-03-28
Gloria;Audly;Gloria.Audly@yopmail.com;1905-02-22
Leontine;Mitzi;Leontine.Mitzi@yopmail.com;2007-05-26
Tierney;Eachern;Tierney.Eachern@yopmail.com;1911-06-28
Nickie;Kirbee;Nickie.Kirbee@yopmail.com;1906-06-03
Wynne;Kimmie;Wynne.Kimmie@yopmail.com;1951-03-21
Quintina;Stanwood;Quintina.Stanwood@yopmail.com;1948-11-16
Alie;Ax;Alie.Ax@yopmail.com;1975-06-19
Gaylene;Lorain;Gaylene.Lorain@yopmail.com;1943-11-07
Barbara;Stevy;Barbara.Stevy@yopmail.com;1943-05-17
Aubrie;Mullane;Aubrie.Mullane@yopmail.com;2003-05-11
Shannah;Llovera;Shannah.Llovera@yopmail.com;1963-09-30
Jennica;Romelda;Jennica.Romelda@yopmail.com;1982-06-22
Dyann;Demitria;Dyann.Demitria@yopmail.com;1973-02-18
Lynea;Bari;Lynea.Bari@yopmail.com;1938-06-13
Frank;Douglass;Frank.Douglass@yopmail.com;1910-09-21
Sharlene;Anastatius;Sharlene.Anastatius@yopmail.com;2006-07-31
Nariko;Gombach;Nariko.Gombach@yopmail.com;1904-01-12
Johna;Darian;Johna.Darian@yopmail.com;1981-10-27
Aigneis;Winnick;Aigneis.Winnick@yopmail.com;1942-11-04
Annice;Callista;Annice.Callista@yopmail.com;1980-04-13
Pearline;Alrich;Pearline.Alrich@yopmail.com;1924-12-28
Danny;Medrek;Danny.Medrek@yopmail.com;1944-02-08
Beverley;Braun;Beverley.Braun@yopmail.com;1987-11-01
Corina;Candy;Corina.Candy@yopmail.com;1914-12-11
Livvyy;Kellby;Livvyy.Kellby@yopmail.com;1994-12-23
Dorene;Shanley;Dorene.Shanley@yopmail.com;1999-11-27
Raf;Alcott;Raf.Alcott@yopmail.com;1981-11-29
Leanna;Blisse;Leanna.Blisse@yopmail.com;2005-01-17
Albertina;Schonfeld;Albertina.Schonfeld@yopmail.com;1918-06-03
Isa;Bendick;Isa.Bendick@yopmail.com;1918-12-23
Ida;Percy;Ida.Percy@yopmail.com;1909-11-04
Lexine;Wareing;Lexine.Wareing@yopmail.com;1971-01-24
Tierney;Ellerey;Tierney.Ellerey@yopmail.com;2004-09-18
Lenna;Belldas;Lenna.Belldas@yopmail.com;2015-10-09
Shannah;Joeann;Shannah.Joeann@yopmail.com;1948-11-21
Dorothy;Primalia;Dorothy.Primalia@yopmail.com;1994-06-18
Beth;Federica;Beth.Federica@yopmail.com;1979-06-25
Bettine;Morehouse;Bettine.Morehouse@yopmail.com;1918-01-11
Emylee;Barrus;Emylee.Barrus@yopmail.com;1965-09-27
Konstance;Bates;Konstance.Bates@yopmail.com;1901-08-29
Cordi;Darrell;Cordi.Darrell@yopmail.com;1984-04-08
June;Bebe;June.Bebe@yopmail.com;1914-03-22
Gilligan;Anderea;Gilligan.Anderea@yopmail.com;1939-08-04
Janenna;Jenness;Janenna.Jenness@yopmail.com;1924-03-24
Chere;Howlyn;Chere.Howlyn@yopmail.com;1906-11-24
Linzy;Bibi;Linzy.Bibi@yopmail.com;1987-04-09
Jasmina;Carlson;Jasmina.Carlson@yopmail.com;1921-07-16
Bernie;Dom;Bernie.Dom@yopmail.com;1922-08-03
Jobi;Tjon;Jobi.Tjon@yopmail.com;1996-07-15
Jobi;Pozzy;Jobi.Pozzy@yopmail.com;2016-05-30
Halette;Lemuela;Halette.Lemuela@yopmail.com;2013-06-27
Madalyn;Naor;Madalyn.Naor@yopmail.com;1944-09-06
Jessamyn;Amasa;Jessamyn.Amasa@yopmail.com;1997-03-05
Gilligan;Kenwood;Gilligan.Kenwood@yopmail.com;1934-12-12
Evaleen;Malina;Evaleen.Malina@yopmail.com;1902-10-07
Bernie;Flita;Bernie.Flita@yopmail.com;1969-11-08
Kayla;Harriman;Kayla.Harriman@yopmail.com;2017-06-24
Flory;Carey;Flory.Carey@yopmail.com;1936-09-02
Vita;Gower;Vita.Gower@yopmail.com;1962-01-07
Sharai;Sharl;Sharai.Sharl@yopmail.com;1944-09-28
Alameda;Brian;Alameda.Brian@yopmail.com;1941-12-21
Trixi;Mintz;Trixi.Mintz@yopmail.com;1907-08-25
Tierney;Sherrie;Tierney.Sherrie@yopmail.com;1917-05-15
Marnia;Warthman;Marnia.Warthman@yopmail.com;1924-12-05
Hildegaard;Ochs;Hildegaard.Ochs@yopmail.com;1949-12-01
Nelle;Natalia;Nelle.Natalia@yopmail.com;1911-12-26
Deane;Wooster;Deane.Wooster@yopmail.com;1978-10-17
Raina;Martsen;Raina.Martsen@yopmail.com;1999-12-21
Merle;Esmaria;Merle.Esmaria@yopmail.com;1925-10-04
Chere;Ferino;Chere.Ferino@yopmail.com;2018-07-05
Claresta;Pettiford;Claresta.Pettiford@yopmail.com;1965-07-16
Margarette;Sawtelle;Margarette.Sawtelle@yopmail.com;1941-08-30
Leontine;Millda;Leontine.Millda@yopmail.com;1903-06-07
Flory;Honoria;Flory.Honoria@yopmail.com;1975-09-17
Lorie;Blisse;Lorie.Blisse@yopmail.com;1918-06-10
Rosabelle;Maroney;Rosabelle.Maroney@yopmail.com;1982-11-19
Jorry;Charmine;Jorry.Charmine@yopmail.com;2017-11-05
Jasmina;Stacy;Jasmina.Stacy@yopmail.com;1916-09-24
Briney;Shama;Briney.Shama@yopmail.com;1901-09-07
Misha;Gunn;Misha.Gunn@yopmail.com;1975-01-24
Marsiella;Bates;Marsiella.Bates@yopmail.com;1965-12-18
Margette;Tjon;Margette.Tjon@yopmail.com;1982-05-23
Johna;Berriman;Johna.Berriman@yopmail.com;2002-04-01
Stephanie;Gert;Stephanie.Gert@yopmail.com;1952-01-02
Wilma;Pattin;Wilma.Pattin@yopmail.com;1932-02-08
Bernardine;Fancie;Bernardine.Fancie@yopmail.com;1957-03-11
Nariko;Bobbee;Nariko.Bobbee@yopmail.com;1910-12-28
Louella;Madox;Louella.Madox@yopmail.com;1968-11-10
Margarette;Liva;Margarette.Liva@yopmail.com;1997-07-06
Pearline;Fairweather;Pearline.Fairweather@yopmail.com;1932-01-13
Gale;Drisko;Gale.Drisko@yopmail.com;1936-12-17
Asia;Rillings;Asia.Rillings@yopmail.com;1996-03-20
Fredericka;Parsaye;Fredericka.Parsaye@yopmail.com;1992-11-24
Fredericka;Soneson;Fredericka.Soneson@yopmail.com;1979-01-27
Fayre;Elbertina;Fayre.Elbertina@yopmail.com;1972-10-10
Gretal;Leary;Gretal.Leary@yopmail.com;1942-10-05
Keelia;Calhoun;Keelia.Calhoun@yopmail.com;1942-11-04
Kirstin;Barney;Kirstin.Barney@yopmail.com;1910-07-14
Mary;Minetta;Mary.Minetta@yopmail.com;1915-03-27
Nariko;Gino;Nariko.Gino@yopmail.com;1970-07-31
Pollyanna;Martguerita;Pollyanna.Martguerita@yopmail.com;1968-03-16
Arlina;Sophronia;Arlina.Sophronia@yopmail.com;1901-12-10
Annabela;Fax;Annabela.Fax@yopmail.com;2019-09-13
Karlee;Payson;Karlee.Payson@yopmail.com;1956-06-06
Kate;Ade;Kate.Ade@yopmail.com;1963-07-29
Ekaterina;Germann;Ekaterina.Germann@yopmail.com;1962-03-25
Taffy;Burnside;Taffy.Burnside@yopmail.com;1971-04-29
Glynnis;Baylor;Glynnis.Baylor@yopmail.com;1949-09-29
Hollie;Olympium;Hollie.Olympium@yopmail.com;1975-11-05
Hollie;Sacken;Hollie.Sacken@yopmail.com;1961-07-26
Ana;Argus;Ana.Argus@yopmail.com;1904-03-29
Leia;Raul;Leia.Raul@yopmail.com;1988-07-18
Donetta;Papageno;Donetta.Papageno@yopmail.com;1954-04-12
Marjie;Leary;Marjie.Leary@yopmail.com;2002-08-05
Julieta;Zrike;Julieta.Zrike@yopmail.com;1963-11-16
Therine;Turne;Therine.Turne@yopmail.com;1974-11-16
Correy;Stefa;Correy.Stefa@yopmail.com;1996-09-15
Jenda;Carey;Jenda.Carey@yopmail.com;2005-11-15
Darci;Podvin;Darci.Podvin@yopmail.com;2006-08-23
Bobinette;Charmine;Bobinette.Charmine@yopmail.com;2017-03-25
Darlleen;Dash;Darlleen.Dash@yopmail.com;1908-07-14
Anthia;Greyson;Anthia.Greyson@yopmail.com;2012-12-12
Gilda;Berl;Gilda.Berl@yopmail.com;1903-10-03
Cassandra;Ventre;Cassandra.Ventre@yopmail.com;2016-01-13
Arabel;Craggie;Arabel.Craggie@yopmail.com;1947-05-02
Cherrita;Cyrie;Cherrita.Cyrie@yopmail.com;2001-03-25
Dotty;Kare;Dotty.Kare@yopmail.com;1982-06-18
Georgina;Hermes;Georgina.Hermes@yopmail.com;1941-06-25
Kristan;Grosz;Kristan.Grosz@yopmail.com;1936-08-12
Nyssa;Gladstone;Nyssa.Gladstone@yopmail.com;1902-08-19
Phylis;Cornelia;Phylis.Cornelia@yopmail.com;2011-08-29
Gerrie;Hirsch;Gerrie.Hirsch@yopmail.com;1951-12-07
Deloria;Nunci;Deloria.Nunci@yopmail.com;2015-03-18
Chickie;Braun;Chickie.Braun@yopmail.com;1973-09-15
Petronia;Michella;Petronia.Michella@yopmail.com;1901-10-27
Pearline;Melan;Pearline.Melan@yopmail.com;1909-11-10
Nananne;Cloris;Nananne.Cloris@yopmail.com;1926-01-02
Aaren;Evvie;Aaren.Evvie@yopmail.com;2006-10-07
Brana;Juan;Brana.Juan@yopmail.com;1958-08-30
Talya;Capello;Talya.Capello@yopmail.com;1920-10-08
Kittie;Rolf;Kittie.Rolf@yopmail.com;1914-01-15
Ruthe;Edison;Ruthe.Edison@yopmail.com;1995-07-23
Lauryn;Hamil;Lauryn.Hamil@yopmail.com;1965-04-12
Anthia;Tamar;Anthia.Tamar@yopmail.com;1954-03-27
Violet;Laurianne;Violet.Laurianne@yopmail.com;1909-12-18
Tarra;Zrike;Tarra.Zrike@yopmail.com;1902-12-25
Constance;Brodench;Constance.Brodench@yopmail.com;2008-06-07
Alex;Amand;Alex.Amand@yopmail.com;1944-04-15
Brandise;Hortensia;Brandise.Hortensia@yopmail.com;1956-12-01
Paola;Serilda;Paola.Serilda@yopmail.com;1928-09-13
Roseline;Edmund;Roseline.Edmund@yopmail.com;1935-04-07
Agathe;Nadia;Agathe.Nadia@yopmail.com;1902-06-01
Di;Gahl;Di.Gahl@yopmail.com;2010-05-10
Adele;Hillel;Adele.Hillel@yopmail.com;1998-03-04
Dyann;Alwin;Dyann.Alwin@yopmail.com;1958-03-16
Winny;Bettine;Winny.Bettine@yopmail.com;1937-06-23
Candy;Burnside;Candy.Burnside@yopmail.com;1902-01-11
Maye;Liva;Maye.Liva@yopmail.com;1963-01-18
Zaria;Dielu;Zaria.Dielu@yopmail.com;1934-06-27
Heddie;Annice;Heddie.Annice@yopmail.com;1935-11-03
Janenna;Revkah;Janenna.Revkah@yopmail.com;1910-10-04
Sherrie;Lowry;Sherrie.Lowry@yopmail.com;1963-04-29
Jeanna;Milson;Jeanna.Milson@yopmail.com;2016-02-19
Ileana;Gherardo;Ileana.Gherardo@yopmail.com;1935-11-20
Bettine;Mendez;Bettine.Mendez@yopmail.com;1946-07-18
Chastity;Lytton;Chastity.Lytton@yopmail.com;1953-05-03
Tina;Marijo;Tina.Marijo@yopmail.com;1900-01-14
Keelia;Parette;Keelia.Parette@yopmail.com;1908-05-14
Maryellen;Bettine;Maryellen.Bettine@yopmail.com;2010-02-12
Henriette;Valerio;Henriette.Valerio@yopmail.com;1902-12-14
Desirae;Kalinda;Desirae.Kalinda@yopmail.com;1919-06-30
Marita;Couture;Marita.Couture@yopmail.com;1924-12-27
Yvonne;Reinke;Yvonne.Reinke@yopmail.com;1915-05-20
Livvyy;Michella;Livvyy.Michella@yopmail.com;1976-04-23
Claresta;Jacqui;Claresta.Jacqui@yopmail.com;1990-05-26
Fidelia;Lynn;Fidelia.Lynn@yopmail.com;1905-06-26
Renie;Muriel;Renie.Muriel@yopmail.com;1955-07-10
Amelia;Bartlett;Amelia.Bartlett@yopmail.com;1951-12-13
Kamilah;Stevy;Kamilah.Stevy@yopmail.com;1935-09-26
Celestyna;Iaverne;Celestyna.Iaverne@yopmail.com;1926-12-20
Chickie;Wolfgram;Chickie.Wolfgram@yopmail.com;1988-04-03
Violet;Bryna;Violet.Bryna@yopmail.com;2013-12-23
Carmela;Ahab;Carmela.Ahab@yopmail.com;1927-01-15
Sadie;Mich;Sadie.Mich@yopmail.com;1966-10-26
Millie;Lowry;Millie.Lowry@yopmail.com;1939-12-29
Mignon;Wattenberg;Mignon.Wattenberg@yopmail.com;1931-03-31
Janey;Chick;Janey.Chick@yopmail.com;1920-05-26
Dotty;Alice;Dotty.Alice@yopmail.com;1926-11-21
Jasmina;Yorick;Jasmina.Yorick@yopmail.com;1951-01-16
Pearline;Lytton;Pearline.Lytton@yopmail.com;1909-06-15
Agnese;Tyson;Agnese.Tyson@yopmail.com;1929-06-12
Oralee;Iaverne;Oralee.Iaverne@yopmail.com;1935-10-31
Inga;Kunin;Inga.Kunin@yopmail.com;1911-06-30
Ekaterina;Elsinore;Ekaterina.Elsinore@yopmail.com;1954-06-03
Isa;Arvo;Isa.Arvo@yopmail.com;1996-04-26
Brena;Swigart;Brena.Swigart@yopmail.com;1916-10-07
Kial;Zrike;Kial.Zrike@yopmail.com;1978-11-05
Gianina;Ethban;Gianina.Ethban@yopmail.com;1910-02-04
Katuscha;Jorgan;Katuscha.Jorgan@yopmail.com;1940-05-18
Charmaine;Sadowski;Charmaine.Sadowski@yopmail.com;1900-06-18
Aubrie;Moina;Aubrie.Moina@yopmail.com;1923-03-17
Daryl;Bivins;Daryl.Bivins@yopmail.com;1979-06-11
Tonia;Milde;Tonia.Milde@yopmail.com;2013-10-04
Consuela;Suanne;Consuela.Suanne@yopmail.com;1967-05-07
Livvyy;Wilona;Livvyy.Wilona@yopmail.com;1994-06-18
Bettine;Phyllis;Bettine.Phyllis@yopmail.com;2008-05-26
Berta;Alabaster;Berta.Alabaster@yopmail.com;1941-02-13
Tressa;Lynn;Tressa.Lynn@yopmail.com;1999-10-31
Ethel;Carri;Ethel.Carri@yopmail.com;1994-05-30
Amalie;Rogerio;Amalie.Rogerio@yopmail.com;1930-03-30
Mary;Monk;Mary.Monk@yopmail.com;1942-04-11
Zia;Buckler;Zia.Buckler@yopmail.com;1959-11-13
Lanae;Mallon;Lanae.Mallon@yopmail.com;1933-03-22
Mellicent;Zaslow;Mellicent.Zaslow@yopmail.com;2001-03-02
Tabbatha;Helve;Tabbatha.Helve@yopmail.com;1906-03-24
Emmey;Lauraine;Emmey.Lauraine@yopmail.com;1945-01-25
Anestassia;Bahr;Anestassia.Bahr@yopmail.com;1910-02-24
Emilia;Raychel;Emilia.Raychel@yopmail.com;1954-04-16
Doro;Pip;Doro.Pip@yopmail.com;2013-10-06
Bertine;Warthman;Bertine.Warthman@yopmail.com;1938-04-11
Leontine;Bashemeth;Leontine.Bashemeth@yopmail.com;2000-12-27
Queenie;Carmena;Queenie.Carmena@yopmail.com;1932-01-28
Cristine;Schonfeld;Cristine.Schonfeld@yopmail.com;2012-05-25
Binny;Bashemeth;Binny.Bashemeth@yopmail.com;1990-06-13
Kimmy;Kress;Kimmy.Kress@yopmail.com;1947-03-04
Jan;Ricki;Jan.Ricki@yopmail.com;1921-06-30
Lexine;Vacuva;Lexine.Vacuva@yopmail.com;1987-10-20
Desirae;Gert;Desirae.Gert@yopmail.com;1913-10-19
Gianina;Wildermuth;Gianina.Wildermuth@yopmail.com;1999-01-01
Elbertina;Dominy;Elbertina.Dominy@yopmail.com;1919-03-21
Rhoda;Fulmer;Rhoda.Fulmer@yopmail.com;1964-12-24
Shannah;Fax;Shannah.Fax@yopmail.com;1977-10-04
Deloria;McLaughlin;Deloria.McLaughlin@yopmail.com;1901-03-14
Vinita;Rooney;Vinita.Rooney@yopmail.com;1958-10-08
Daryl;Joeann;Daryl.Joeann@yopmail.com;1914-04-10
Adriana;Hirsch;Adriana.Hirsch@yopmail.com;1930-08-13
Bee;Nester;Bee.Nester@yopmail.com;1919-09-01
Dawn;Raffo;Dawn.Raffo@yopmail.com;1972-04-23
Lilith;Ariella;Lilith.Ariella@yopmail.com;2008-12-05
Ada;Christal;Ada.Christal@yopmail.com;1930-12-12
Jolyn;Crudden;Jolyn.Crudden@yopmail.com;1908-04-16
Clo;Maurine;Clo.Maurine@yopmail.com;1904-03-06
Ashlee;Gaynor;Ashlee.Gaynor@yopmail.com;1904-08-26
Cathyleen;Wolfgram;Cathyleen.Wolfgram@yopmail.com;1976-05-17
Melisent;Charmine;Melisent.Charmine@yopmail.com;1917-04-19
Karlee;Kinnard;Karlee.Kinnard@yopmail.com;1941-03-23
Codie;Klemperer;Codie.Klemperer@yopmail.com;1912-10-19
Ana;Rad;Ana.Rad@yopmail.com;1916-10-18
Michaelina;Valoniah;Michaelina.Valoniah@yopmail.com;1904-06-27
Aili;Naor;Aili.Naor@yopmail.com;1958-04-06
Tamqrah;Linskey;Tamqrah.Linskey@yopmail.com;1918-10-25
Elena;Lilybelle;Elena.Lilybelle@yopmail.com;1965-12-31
Janis;Alcott;Janis.Alcott@yopmail.com;2006-09-10
Gianina;Tristram;Gianina.Tristram@yopmail.com;1981-02-16
Corly;Daveta;Corly.Daveta@yopmail.com;2005-11-22
Jessy;Primalia;Jessy.Primalia@yopmail.com;2016-06-04
Philis;Ahab;Philis.Ahab@yopmail.com;1906-07-15
Tonia;Atonsah;Tonia.Atonsah@yopmail.com;1954-03-04
Alejandra;Kellby;Alejandra.Kellby@yopmail.com;1991-12-14
Halette;Carleen;Halette.Carleen@yopmail.com;1952-12-11
Dominga;Smitt;Dominga.Smitt@yopmail.com;2017-02-10
Jenilee;Concha;Jenilee.Concha@yopmail.com;1926-08-17
Allyce;Malanie;Allyce.Malanie@yopmail.com;2002-05-08
Maryellen;Oriana;Maryellen.Oriana@yopmail.com;1961-10-30
Jaime;Moseley;Jaime.Moseley@yopmail.com;2010-03-15
Althea;Bonilla;Althea.Bonilla@yopmail.com;1927-01-28
Karlee;Chauncey;Karlee.Chauncey@yopmail.com;1941-01-01
Elbertina;Natica;Elbertina.Natica@yopmail.com;1981-12-04
Silvana;Wenda;Silvana.Wenda@yopmail.com;1948-06-16
Sashenka;Tjon;Sashenka.Tjon@yopmail.com;1949-03-21
Pierette;Phaidra;Pierette.Phaidra@yopmail.com;2006-09-30
Susette;Ariella;Susette.Ariella@yopmail.com;1953-06-28
Viki;Yoko;Viki.Yoko@yopmail.com;2001-03-12
Jaime;Behre;Jaime.Behre@yopmail.com;2015-10-15
Tierney;Abram;Tierney.Abram@yopmail.com;1934-04-23
Alia;Jess;Alia.Jess@yopmail.com;2001-04-13
Zia;Melony;Zia.Melony@yopmail.com;1942-01-05
Quintina;Iphlgenia;Quintina.Iphlgenia@yopmail.com;1968-04-28
Kenna;Morgun;Kenna.Morgun@yopmail.com;1906-03-19
Ekaterina;Shaver;Ekaterina.Shaver@yopmail.com;1900-08-22
Cherilyn;Papageno;Cherilyn.Papageno@yopmail.com;1950-11-30
Jinny;Daegal;Jinny.Daegal@yopmail.com;2015-06-29
Elena;Johanna;Elena.Johanna@yopmail.com;1964-05-11
Babita;Edison;Babita.Edison@yopmail.com;1948-01-03
Goldie;Ade;Goldie.Ade@yopmail.com;1909-09-02
Hyacinthe;Swigart;Hyacinthe.Swigart@yopmail.com;1902-04-01
Darlleen;Brenn;Darlleen.Brenn@yopmail.com;2018-06-05
Lusa;Cutlerr;Lusa.Cutlerr@yopmail.com;1950-09-27
Aryn;Thomasina;Aryn.Thomasina@yopmail.com;1991-01-31
Nollie;Maribeth;Nollie.Maribeth@yopmail.com;1902-02-04
Beverley;Joachim;Beverley.Joachim@yopmail.com;1979-09-26
Audrie;Pozzy;Audrie.Pozzy@yopmail.com;1984-01-27
Wendi;Shields;Wendi.Shields@yopmail.com;2017-05-13
Shaine;Armanda;Shaine.Armanda@yopmail.com;2014-10-01
Basia;Saint;Basia.Saint@yopmail.com;1920-08-20
Bobinette;Deegan;Bobinette.Deegan@yopmail.com;1913-10-31
Cassandra;Scammon;Cassandra.Scammon@yopmail.com;1945-06-15
Ana;Gilmour;Ana.Gilmour@yopmail.com;1935-07-02
Fayre;Estella;Fayre.Estella@yopmail.com;2003-06-04
Constance;Bartlett;Constance.Bartlett@yopmail.com;1970-06-29
Annabela;Secrest;Annabela.Secrest@yopmail.com;1927-10-03
Kimberley;Leonard;Kimberley.Leonard@yopmail.com;1934-03-16
Maridel;Shuler;Maridel.Shuler@yopmail.com;2013-05-21
Aryn;Hillel;Aryn.Hillel@yopmail.com;1910-11-12
Arabel;Newell;Arabel.Newell@yopmail.com;1930-03-08
Tilly;Gale;Tilly.Gale@yopmail.com;1985-06-19
Lizzie;Wadell;Lizzie.Wadell@yopmail.com;1900-11-22
Camile;Delila;Camile.Delila@yopmail.com;1935-12-25
Brana;Sheng;Brana.Sheng@yopmail.com;1955-01-22
Jany;Miru;Jany.Miru@yopmail.com;1921-07-24
Calla;Tiffa;Calla.Tiffa@yopmail.com;1974-02-21
Kittie;Chauncey;Kittie.Chauncey@yopmail.com;1933-07-21
Sara-Ann;Raama;Sara-Ann.Raama@yopmail.com;1992-07-19
Alisha;Saint;Alisha.Saint@yopmail.com;1994-12-03
Mara;Xerxes;Mara.Xerxes@yopmail.com;1920-10-18
Estell;Monk;Estell.Monk@yopmail.com;1926-04-04
Millie;Cordi;Millie.Cordi@yopmail.com;1989-08-01
Genevra;Rogerio;Genevra.Rogerio@yopmail.com;1941-08-25
Di;Jess;Di.Jess@yopmail.com;1971-11-05
Winny;Percy;Winny.Percy@yopmail.com;1916-06-07
Jacenta;Shirberg;Jacenta.Shirberg@yopmail.com;1925-06-01
Jan;Chandler;Jan.Chandler@yopmail.com;1993-06-03
Joleen;Francene;Joleen.Francene@yopmail.com;1929-01-07
Jean;Dahlia;Jean.Dahlia@yopmail.com;1917-12-30
Brana;Buttaro;Brana.Buttaro@yopmail.com;1955-09-16
Melodie;Bonucci;Melodie.Bonucci@yopmail.com;1933-03-03
Katuscha;Fiann;Katuscha.Fiann@yopmail.com;2013-02-02
Danny;Olnee;Danny.Olnee@yopmail.com;1919-07-06
Bettine;Wattenberg;Bettine.Wattenberg@yopmail.com;2012-06-05
Marti;Felecia;Marti.Felecia@yopmail.com;1982-01-27
Sashenka;Ietta;Sashenka.Ietta@yopmail.com;1965-05-02
Marline;Schonfeld;Marline.Schonfeld@yopmail.com;1944-01-22
Nessie;Bevin;Nessie.Bevin@yopmail.com;1925-08-23
Tressa;Daegal;Tressa.Daegal@yopmail.com;1909-01-27
Elora;Kolnick;Elora.Kolnick@yopmail.com;1908-03-01
Lanae;Shaver;Lanae.Shaver@yopmail.com;1980-12-06
Agathe;Rad;Agathe.Rad@yopmail.com;1918-04-05
Genovera;Hourigan;Genovera.Hourigan@yopmail.com;2019-10-25
Lelah;Redmond;Lelah.Redmond@yopmail.com;1932-10-14
Silvana;Hurley;Silvana.Hurley@yopmail.com;2005-01-10
Quintina;Ummersen;Quintina.Ummersen@yopmail.com;1995-12-18
Randa;Weitman;Randa.Weitman@yopmail.com;1946-05-10
Rosene;Han;Rosene.Han@yopmail.com;2010-05-29
Evaleen;Even;Evaleen.Even@yopmail.com;1908-07-22
Melodie;Gaulin;Melodie.Gaulin@yopmail.com;1916-07-27
Ileana;Fink;Ileana.Fink@yopmail.com;1950-11-30
Romona;Tomasina;Romona.Tomasina@yopmail.com;1965-03-22
Raf;Sharl;Raf.Sharl@yopmail.com;2017-08-12
Roseline;Seessel;Roseline.Seessel@yopmail.com;2011-08-03
Marleah;Izaak;Marleah.Izaak@yopmail.com;1959-03-17
Elora;Means;Elora.Means@yopmail.com;2012-08-24
Edyth;Madelene;Edyth.Madelene@yopmail.com;2001-04-13
Lanae;Kaete;Lanae.Kaete@yopmail.com;1917-02-24
Tina;Beniamino;Tina.Beniamino@yopmail.com;2001-10-23
Dennie;Syd;Dennie.Syd@yopmail.com;2001-07-13
Mary;Neva;Mary.Neva@yopmail.com;1921-07-16
Madalyn;Santoro;Madalyn.Santoro@yopmail.com;1969-01-15
Teddie;Chapland;Teddie.Chapland@yopmail.com;1999-08-23
Alex;Jenness;Alex.Jenness@yopmail.com;1970-09-20
Neila;Bryna;Neila.Bryna@yopmail.com;1933-02-05
Sam;Anderea;Sam.Anderea@yopmail.com;1906-12-30
Fidelia;Stelle;Fidelia.Stelle@yopmail.com;1955-06-23
Selia;Orlene;Selia.Orlene@yopmail.com;1928-11-10
Claresta;Poll;Claresta.Poll@yopmail.com;2014-01-23
Larine;Breed;Larine.Breed@yopmail.com;1981-12-22
Fanny;Alejoa;Fanny.Alejoa@yopmail.com;1905-10-17
Barbara;Blase;Barbara.Blase@yopmail.com;1945-12-22
Cathie;Brieta;Cathie.Brieta@yopmail.com;1924-11-02
Susan;Louanna;Susan.Louanna@yopmail.com;1983-06-02
Robbi;Fennessy;Robbi.Fennessy@yopmail.com;1954-11-19
Ardeen;Newell;Ardeen.Newell@yopmail.com;1940-07-06
Darci;Codding;Darci.Codding@yopmail.com;1998-09-24
Rayna;Malvino;Rayna.Malvino@yopmail.com;1910-08-04
Marcy;Dudley;Marcy.Dudley@yopmail.com;1946-06-19
Riannon;Bakerman;Riannon.Bakerman@yopmail.com;1923-11-19
Nollie;Milde;Nollie.Milde@yopmail.com;2014-04-17
Queenie;Suk;Queenie.Suk@yopmail.com;1997-11-21
Pierette;Lutero;Pierette.Lutero@yopmail.com;1953-06-01
Courtnay;Orlene;Courtnay.Orlene@yopmail.com;2006-12-30
Elmira;Edee;Elmira.Edee@yopmail.com;1993-08-16
Beatriz;Joni;Beatriz.Joni@yopmail.com;1968-11-07
Alejandra;Merat;Alejandra.Merat@yopmail.com;1952-12-05
Max;Masao;Max.Masao@yopmail.com;2017-08-29
Steffane;Hedve;Steffane.Hedve@yopmail.com;2015-08-11
Daryl;Israeli;Daryl.Israeli@yopmail.com;1941-12-12
Ada;Casimir;Ada.Casimir@yopmail.com;2014-06-14
Mary;Obed;Mary.Obed@yopmail.com;1973-12-31
Elyssa;Bluh;Elyssa.Bluh@yopmail.com;1953-08-07
Charissa;Breed;Charissa.Breed@yopmail.com;1910-01-24
Babita;Belldas;Babita.Belldas@yopmail.com;1992-10-15
Harrietta;Heisel;Harrietta.Heisel@yopmail.com;2019-03-22
Pearline;Hutchison;Pearline.Hutchison@yopmail.com;1921-05-18
Lacie;Riordan;Lacie.Riordan@yopmail.com;1939-06-02
Jenilee;Gale;Jenilee.Gale@yopmail.com;1910-05-17
Etta;Malvino;Etta.Malvino@yopmail.com;1994-09-05
Di;Dannye;Di.Dannye@yopmail.com;1937-09-11
Robinia;Sammons;Robinia.Sammons@yopmail.com;1905-01-17
Gabi;Chesna;Gabi.Chesna@yopmail.com;2009-09-23
Ursulina;Regan;Ursulina.Regan@yopmail.com;2013-06-01
Dale;Sharl;Dale.Sharl@yopmail.com;2015-07-13
Ninnetta;Peti;Ninnetta.Peti@yopmail.com;1910-03-15
Jillayne;Payson;Jillayne.Payson@yopmail.com;1990-01-19
Zondra;Bord;Zondra.Bord@yopmail.com;1922-05-22
Lanae;Grobe;Lanae.Grobe@yopmail.com;1984-11-13
Rani;Shaddock;Rani.Shaddock@yopmail.com;1956-10-26
Blondelle;Valoniah;Blondelle.Valoniah@yopmail.com;1983-06-16
Kayla;Genna;Kayla.Genna@yopmail.com;1928-05-03
Deane;Vorster;Deane.Vorster@yopmail.com;1954-11-23
Carly;Turne;Carly.Turne@yopmail.com;1926-11-17
Ira;Macey;Ira.Macey@yopmail.com;1906-10-14
Demetris;Sandye;Demetris.Sandye@yopmail.com;1946-12-27
Nataline;Camden;Nataline.Camden@yopmail.com;1989-10-25
Ursulina;Jotham;Ursulina.Jotham@yopmail.com;1968-12-28
Nannie;Dominy;Nannie.Dominy@yopmail.com;1973-03-18
Gale;Olnee;Gale.Olnee@yopmail.com;1961-08-04
Livvyy;Cavan;Livvyy.Cavan@yopmail.com;1967-11-22
Kathi;Goddard;Kathi.Goddard@yopmail.com;1969-05-10
Kamilah;Chem;Kamilah.Chem@yopmail.com;1966-07-31
Gale;Kussell;Gale.Kussell@yopmail.com;1917-07-24
Roxane;Fiann;Roxane.Fiann@yopmail.com;2001-04-24
Libbie;Naashom;Libbie.Naashom@yopmail.com;2017-06-17
Adore;Breed;Adore.Breed@yopmail.com;1900-04-30
Danny;Janene;Danny.Janene@yopmail.com;2008-04-03
Dyann;Jerold;Dyann.Jerold@yopmail.com;1914-04-07
Hyacinthe;Lenny;Hyacinthe.Lenny@yopmail.com;1966-08-09
Clementine;Imelida;Clementine.Imelida@yopmail.com;1923-07-12
Nataline;Rossner;Nataline.Rossner@yopmail.com;1982-10-16
Romona;Codding;Romona.Codding@yopmail.com;1957-07-18
Mariele;Brieta;Mariele.Brieta@yopmail.com;1927-04-05
Deirdre;Hachmin;Deirdre.Hachmin@yopmail.com;1956-08-22
Corly;Jaylene;Corly.Jaylene@yopmail.com;1994-06-06
Deane;Sigfrid;Deane.Sigfrid@yopmail.com;1943-10-11
Constance;Raychel;Constance.Raychel@yopmail.com;1909-09-22
Gwenneth;Shaver;Gwenneth.Shaver@yopmail.com;1932-02-22
Viki;Ade;Viki.Ade@yopmail.com;1925-04-27
Ericka;Jalbert;Ericka.Jalbert@yopmail.com;1909-12-15
Claresta;Thar;Claresta.Thar@yopmail.com;1964-01-03
Florie;Land;Florie.Land@yopmail.com;1971-09-13
Harrietta;Gualtiero;Harrietta.Gualtiero@yopmail.com;2019-07-30
Kate;Liebermann;Kate.Liebermann@yopmail.com;1924-03-18
Gwyneth;Hoenack;Gwyneth.Hoenack@yopmail.com;1932-03-11
Donnie;Belanger;Donnie.Belanger@yopmail.com;1901-09-13
Sarette;Irmine;Sarette.Irmine@yopmail.com;1989-03-12
Ernesta;Curren;Ernesta.Curren@yopmail.com;1985-03-18
Benita;Connelly;Benita.Connelly@yopmail.com;1925-06-29
Karlee;Seagraves;Karlee.Seagraves@yopmail.com;1924-03-01
Flory;Lay;Flory.Lay@yopmail.com;1962-12-16
Clo;Katrine;Clo.Katrine@yopmail.com;1972-08-18
Lexine;Paine;Lexine.Paine@yopmail.com;1973-05-19
Sam;Lareena;Sam.Lareena@yopmail.com;2001-09-18
Delilah;Malina;Delilah.Malina@yopmail.com;1973-03-25
Henriette;Gilbertson;Henriette.Gilbertson@yopmail.com;2008-12-14
Candy;Kirbee;Candy.Kirbee@yopmail.com;1938-03-23
Beatriz;Pettiford;Beatriz.Pettiford@yopmail.com;1930-04-17
Rochette;Melony;Rochette.Melony@yopmail.com;1980-04-02
Kalina;Wu;Kalina.Wu@yopmail.com;2000-08-17
Kaia;Deny;Kaia.Deny@yopmail.com;2019-11-15