firstname;lastname;email;Field Name
Britte;Cavan;Britte.Cavan@yopmail.com;1910-05-23
Rubie;Zola;Rubie.Zola@yopmail.com;1949-04-05
Nananne;Zeeba;Nananne.Zeeba@yopmail.com;1919-01-02
Wanda;Ardeha;Wanda.Ardeha@yopmail.com;1912-09-24
Nessie;Concha;Nessie.Concha@yopmail.com;1966-10-03
Ingrid;Eliathas;Ingrid.Eliathas@yopmail.com;1903-06-02
Audrie;Judye;Audrie.Judye@yopmail.com;1904-10-31
Cissiee;Minetta;Cissiee.Minetta@yopmail.com;1950-08-09
Jacenta;Wilkinson;Jacenta.Wilkinson@yopmail.com;1945-11-06
Yetty;Pattin;Yetty.Pattin@yopmail.com;1935-01-10
Melisent;Hunfredo;Melisent.Hunfredo@yopmail.com;1996-02-15
Tybie;Croix;Tybie.Croix@yopmail.com;1918-02-01
Phedra;Lasley;Phedra.Lasley@yopmail.com;1972-10-23
Ardenia;Janith;Ardenia.Janith@yopmail.com;1943-06-20
Ada;Lacombe;Ada.Lacombe@yopmail.com;2005-12-06
Chandra;Bergman;Chandra.Bergman@yopmail.com;1940-11-14
Benita;Turne;Benita.Turne@yopmail.com;1900-12-13
Bertine;Stoller;Bertine.Stoller@yopmail.com;1976-06-07
Queenie;Clarissa;Queenie.Clarissa@yopmail.com;1952-07-04
Hallie;Gerge;Hallie.Gerge@yopmail.com;2001-09-26
Danika;Hachmin;Danika.Hachmin@yopmail.com;1981-03-23
Danny;Weaks;Danny.Weaks@yopmail.com;2009-11-10
Kalina;Simmonds;Kalina.Simmonds@yopmail.com;1949-04-18
Tressa;Wesle;Tressa.Wesle@yopmail.com;1912-12-30
Aryn;Gahl;Aryn.Gahl@yopmail.com;1973-04-17
Calla;Bergman;Calla.Bergman@yopmail.com;1958-07-12
Lacie;Bates;Lacie.Bates@yopmail.com;1971-06-04
Maridel;Shaddock;Maridel.Shaddock@yopmail.com;1910-09-04
Leanna;Evangelia;Leanna.Evangelia@yopmail.com;1957-07-02
Bernardine;Erminia;Bernardine.Erminia@yopmail.com;2002-05-27
Gavrielle;Gahl;Gavrielle.Gahl@yopmail.com;1996-03-01
Nikki;Carleen;Nikki.Carleen@yopmail.com;1936-06-21
Kirstin;Pascia;Kirstin.Pascia@yopmail.com;1973-11-08
Annora;Pond;Annora.Pond@yopmail.com;1980-10-27
Kimberley;Markman;Kimberley.Markman@yopmail.com;1953-01-27
Wilma;Amasa;Wilma.Amasa@yopmail.com;1951-10-23
Emilia;Ackerley;Emilia.Ackerley@yopmail.com;1909-08-31
Ricky;Edee;Ricky.Edee@yopmail.com;1988-08-15
Marika;Winnick;Marika.Winnick@yopmail.com;1956-09-20
Pierette;Rheingold;Pierette.Rheingold@yopmail.com;1905-01-11
Louella;Amand;Louella.Amand@yopmail.com;1971-09-22
Shannah;Destinee;Shannah.Destinee@yopmail.com;1973-06-08
Sandie;Vacuva;Sandie.Vacuva@yopmail.com;1987-12-11
Debee;Hanleigh;Debee.Hanleigh@yopmail.com;1992-11-25
Hayley;Tillford;Hayley.Tillford@yopmail.com;2019-07-20
Jeanna;Dorine;Jeanna.Dorine@yopmail.com;1903-10-27
Estell;Aldric;Estell.Aldric@yopmail.com;1962-03-20
Lelah;Wilkinson;Lelah.Wilkinson@yopmail.com;1952-10-08
Joy;Flita;Joy.Flita@yopmail.com;1905-06-06
Sabina;Waite;Sabina.Waite@yopmail.com;2011-09-09
Cecile;Nikaniki;Cecile.Nikaniki@yopmail.com;1954-10-30
Pollyanna;Wooster;Pollyanna.Wooster@yopmail.com;1970-04-14
Marsiella;Nelsen;Marsiella.Nelsen@yopmail.com;2016-07-12
Michaelina;Maryanne;Michaelina.Maryanne@yopmail.com;1991-11-12
Maridel;Thomasina;Maridel.Thomasina@yopmail.com;1911-04-12
Bobbi;Newell;Bobbi.Newell@yopmail.com;1987-02-26
Cyndie;Xerxes;Cyndie.Xerxes@yopmail.com;2009-01-19
Lusa;Alfons;Lusa.Alfons@yopmail.com;1934-02-20
Alameda;Zitvaa;Alameda.Zitvaa@yopmail.com;1942-12-05
Cassondra;Hurley;Cassondra.Hurley@yopmail.com;1989-02-21
Damaris;O'Carroll;Damaris.O'Carroll@yopmail.com;1966-06-04
Jenda;Andrel;Jenda.Andrel@yopmail.com;1903-05-27
Flory;Wareing;Flory.Wareing@yopmail.com;2000-01-08
Carmencita;Vastah;Carmencita.Vastah@yopmail.com;1932-12-19
Karly;Talia;Karly.Talia@yopmail.com;1924-10-10
Rubie;Regan;Rubie.Regan@yopmail.com;1963-12-26
Alisha;Zrike;Alisha.Zrike@yopmail.com;1996-06-14
Dode;Maryanne;Dode.Maryanne@yopmail.com;1916-04-23
Katuscha;Brenn;Katuscha.Brenn@yopmail.com;2007-12-08
Elie;Pulsifer;Elie.Pulsifer@yopmail.com;1985-04-19
Theodora;Haldas;Theodora.Haldas@yopmail.com;1908-07-03
Gui;Demitria;Gui.Demitria@yopmail.com;1954-12-16
Kristina;Hourigan;Kristina.Hourigan@yopmail.com;1989-12-30
Rhoda;Meter;Rhoda.Meter@yopmail.com;1980-10-03
Althea;Roche;Althea.Roche@yopmail.com;1969-12-18
Daryl;Jarib;Daryl.Jarib@yopmail.com;1947-08-26
Mallory;Hull;Mallory.Hull@yopmail.com;1915-03-22
Tina;Toni;Tina.Toni@yopmail.com;1915-10-13
Donetta;Annabella;Donetta.Annabella@yopmail.com;1944-01-16
Kristan;Amand;Kristan.Amand@yopmail.com;1905-02-13
Lucille;Malvino;Lucille.Malvino@yopmail.com;1928-12-08
Gilda;Herrera;Gilda.Herrera@yopmail.com;1979-05-18
Randa;Sharl;Randa.Sharl@yopmail.com;1987-10-02
Rosaline;Amand;Rosaline.Amand@yopmail.com;1985-10-10
Britni;Gamaliel;Britni.Gamaliel@yopmail.com;1916-07-29
Hermione;Dimitris;Hermione.Dimitris@yopmail.com;2013-07-19
Constance;Secrest;Constance.Secrest@yopmail.com;1930-07-08
Binny;Alcott;Binny.Alcott@yopmail.com;2004-12-24
Emelina;Eliathas;Emelina.Eliathas@yopmail.com;1929-01-29
Ruthe;Merriott;Ruthe.Merriott@yopmail.com;2002-05-10
Binny;Gamaliel;Binny.Gamaliel@yopmail.com;1998-07-12
Nickie;Suzetta;Nickie.Suzetta@yopmail.com;1982-10-03
Selma;Joeann;Selma.Joeann@yopmail.com;1979-03-04
Margalo;Hebner;Margalo.Hebner@yopmail.com;1977-06-16
Nananne;Hillel;Nananne.Hillel@yopmail.com;1976-10-04
Andree;Nance;Andree.Nance@yopmail.com;1922-05-18
Sindee;Minetta;Sindee.Minetta@yopmail.com;1968-07-03
Alejandra;Goth;Alejandra.Goth@yopmail.com;1989-05-16
Frank;Richers;Frank.Richers@yopmail.com;1995-01-09
Alex;Trey;Alex.Trey@yopmail.com;1994-07-10
Stevana;Belanger;Stevana.Belanger@yopmail.com;1993-10-22
Orelia;Charity;Orelia.Charity@yopmail.com;1979-02-25
Zsa Zsa;Heidt;Zsa Zsa.Heidt@yopmail.com;1969-12-07
Kial;Tomasina;Kial.Tomasina@yopmail.com;2002-01-10
Ayn;Marsden;Ayn.Marsden@yopmail.com;1943-06-15
Addia;Standing;Addia.Standing@yopmail.com;1934-09-05
Cherilyn;Bennie;Cherilyn.Bennie@yopmail.com;1933-03-16
Brena;Deegan;Brena.Deegan@yopmail.com;1972-10-10
Estell;Hailee;Estell.Hailee@yopmail.com;1982-09-20
Heida;Yuille;Heida.Yuille@yopmail.com;1936-05-01
Yolane;Nikaniki;Yolane.Nikaniki@yopmail.com;1987-11-22
Ira;Kamaria;Ira.Kamaria@yopmail.com;1903-11-09
Bertine;Briney;Bertine.Briney@yopmail.com;1957-04-25
Rebeca;Henrie;Rebeca.Henrie@yopmail.com;1991-07-30
Petronia;Nickola;Petronia.Nickola@yopmail.com;1941-12-01
Helena;Tremayne;Helena.Tremayne@yopmail.com;1989-08-25
Lynnea;Gunn;Lynnea.Gunn@yopmail.com;1949-06-03
Deedee;Weinreb;Deedee.Weinreb@yopmail.com;1977-09-04
Shaine;Soneson;Shaine.Soneson@yopmail.com;1932-01-17
Emelina;Cimbura;Emelina.Cimbura@yopmail.com;1917-08-01
Caryl;Gale;Caryl.Gale@yopmail.com;1943-01-14
Micheline;LaRue;Micheline.LaRue@yopmail.com;1924-08-16
Nessie;Strephon;Nessie.Strephon@yopmail.com;1963-09-01
Cyndie;Himelman;Cyndie.Himelman@yopmail.com;2006-04-15
Eadie;Hepsibah;Eadie.Hepsibah@yopmail.com;1990-07-05
Sam;Nahum;Sam.Nahum@yopmail.com;2004-11-29
Layla;Agle;Layla.Agle@yopmail.com;1900-12-01
Zsa Zsa;Pearse;Zsa Zsa.Pearse@yopmail.com;1975-05-19
Mellicent;Emanuel;Mellicent.Emanuel@yopmail.com;1934-04-12
Leanna;Hedve;Leanna.Hedve@yopmail.com;1962-12-21
Janenna;Rosemary;Janenna.Rosemary@yopmail.com;1996-09-03
Brooks;Kendrick;Brooks.Kendrick@yopmail.com;2014-11-24
Debee;Maxi;Debee.Maxi@yopmail.com;1978-07-12
Dagmar;Niccolo;Dagmar.Niccolo@yopmail.com;1948-08-26
Consuela;Serilda;Consuela.Serilda@yopmail.com;1985-08-10
Janenna;Rad;Janenna.Rad@yopmail.com;1912-03-01
Fernande;Ruvolo;Fernande.Ruvolo@yopmail.com;1983-07-12
Siana;Mott;Siana.Mott@yopmail.com;1927-10-23
Viki;Brittani;Viki.Brittani@yopmail.com;1948-06-08
Jessy;Nadia;Jessy.Nadia@yopmail.com;1926-03-26
Merle;Garbe;Merle.Garbe@yopmail.com;1905-05-15
Gerrie;Lalitta;Gerrie.Lalitta@yopmail.com;1935-03-01
Georgetta;Narton;Georgetta.Narton@yopmail.com;1955-05-31
Larine;Shuler;Larine.Shuler@yopmail.com;2008-11-25
Fanchon;Ahab;Fanchon.Ahab@yopmail.com;1978-08-19
Augustine;Bouchard;Augustine.Bouchard@yopmail.com;1989-02-16
Tracey;Borrell;Tracey.Borrell@yopmail.com;1935-07-16
Claudina;Primalia;Claudina.Primalia@yopmail.com;1927-12-15
Corina;Thomasina;Corina.Thomasina@yopmail.com;1955-01-07
Lulita;Nance;Lulita.Nance@yopmail.com;1973-03-05
Katuscha;Loleta;Katuscha.Loleta@yopmail.com;2010-08-29
Tabbatha;Fairweather;Tabbatha.Fairweather@yopmail.com;1968-04-09
Shel;Curren;Shel.Curren@yopmail.com;1904-04-16
Lisette;Merat;Lisette.Merat@yopmail.com;2005-09-05
Moyna;Lane;Moyna.Lane@yopmail.com;2003-12-14
Krystle;Oscar;Krystle.Oscar@yopmail.com;1987-07-20
Kimberley;Yerkovich;Kimberley.Yerkovich@yopmail.com;1911-02-09
Sara-Ann;Remmer;Sara-Ann.Remmer@yopmail.com;2019-11-20
Damaris;Zuzana;Damaris.Zuzana@yopmail.com;1958-09-04
Aubrie;Craggie;Aubrie.Craggie@yopmail.com;1982-02-25
Adriana;Whittaker;Adriana.Whittaker@yopmail.com;1942-04-10
Orsola;Durante;Orsola.Durante@yopmail.com;1906-06-06
Dorthy;Lumbard;Dorthy.Lumbard@yopmail.com;2010-02-26
Daphne;Chick;Daphne.Chick@yopmail.com;1918-04-21
Kristan;Sadowski;Kristan.Sadowski@yopmail.com;1917-04-26
Deedee;Marlie;Deedee.Marlie@yopmail.com;1932-03-15
Di;Goth;Di.Goth@yopmail.com;1919-07-24
Daphne;Pacorro;Daphne.Pacorro@yopmail.com;1914-11-05
Monika;Secrest;Monika.Secrest@yopmail.com;1947-09-18
Isa;Lilybelle;Isa.Lilybelle@yopmail.com;1985-12-07
Elora;Garrison;Elora.Garrison@yopmail.com;2007-02-10
Judy;Bebe;Judy.Bebe@yopmail.com;2009-03-18
Frank;Land;Frank.Land@yopmail.com;1955-08-04
Kamilah;Redmond;Kamilah.Redmond@yopmail.com;1972-06-05
Merry;Orpah;Merry.Orpah@yopmail.com;1901-05-31
Chloris;Lorain;Chloris.Lorain@yopmail.com;2011-02-13
Clo;Lia;Clo.Lia@yopmail.com;1912-10-02
Jobi;Lemuela;Jobi.Lemuela@yopmail.com;1946-06-11
Micheline;Nance;Micheline.Nance@yopmail.com;1911-01-08
Dari;Emerson;Dari.Emerson@yopmail.com;1941-08-26
Elena;Grobe;Elena.Grobe@yopmail.com;1927-06-12
Brana;Gaynor;Brana.Gaynor@yopmail.com;2002-08-01
Ira;Nester;Ira.Nester@yopmail.com;2019-04-20
Andree;Bronk;Andree.Bronk@yopmail.com;2009-10-13
Gianina;Sidonius;Gianina.Sidonius@yopmail.com;1970-10-07
Melodie;Garbe;Melodie.Garbe@yopmail.com;1959-01-27
Letizia;Gert;Letizia.Gert@yopmail.com;1962-11-11
Lucy;Jehu;Lucy.Jehu@yopmail.com;1953-11-20
Raquela;Bigner;Raquela.Bigner@yopmail.com;2001-04-23
Hildegaard;Vilma;Hildegaard.Vilma@yopmail.com;1941-03-13
Tracey;Rad;Tracey.Rad@yopmail.com;1924-01-23
Darci;Olnee;Darci.Olnee@yopmail.com;1902-04-26
Amelia;Tippets;Amelia.Tippets@yopmail.com;1944-04-10
Rivalee;Fadiman;Rivalee.Fadiman@yopmail.com;1919-06-30
Hayley;Eliathas;Hayley.Eliathas@yopmail.com;1960-10-23
Gilligan;Wu;Gilligan.Wu@yopmail.com;2019-11-01
Jobi;Carmena;Jobi.Carmena@yopmail.com;1986-10-30
Meriel;Longfellow;Meriel.Longfellow@yopmail.com;1995-01-06
Helsa;Anselmi;Helsa.Anselmi@yopmail.com;1997-11-27
Sherrie;Helfand;Sherrie.Helfand@yopmail.com;1972-02-27
June;Millda;June.Millda@yopmail.com;1954-02-08
Daryl;Even;Daryl.Even@yopmail.com;1998-12-22
Myriam;Joseph;Myriam.Joseph@yopmail.com;2007-11-15
Kore;Ardra;Kore.Ardra@yopmail.com;1927-04-10
Vinita;Elo;Vinita.Elo@yopmail.com;2012-06-04
Jacenta;Ephrem;Jacenta.Ephrem@yopmail.com;1962-10-06
Margette;McCutcheon;Margette.McCutcheon@yopmail.com;1907-10-06
Lorenza;Lacombe;Lorenza.Lacombe@yopmail.com;1973-10-25
Lorie;Burnside;Lorie.Burnside@yopmail.com;1928-02-10
Tierney;Markman;Tierney.Markman@yopmail.com;1901-04-10
Randa;Anestassia;Randa.Anestassia@yopmail.com;1920-03-30
Ilse;Margret;Ilse.Margret@yopmail.com;1987-02-20
Adore;Suanne;Adore.Suanne@yopmail.com;1977-02-11
Ilse;Couture;Ilse.Couture@yopmail.com;1922-01-07
Rebeca;Sinegold;Rebeca.Sinegold@yopmail.com;1949-01-09
Amara;Mauer;Amara.Mauer@yopmail.com;1974-09-02
Binny;Elephus;Binny.Elephus@yopmail.com;1960-01-07
Dede;Ioab;Dede.Ioab@yopmail.com;1984-10-13
Silvana;Fiann;Silvana.Fiann@yopmail.com;2005-03-16
Tomasina;Halsey;Tomasina.Halsey@yopmail.com;1988-01-17
Althea;Junie;Althea.Junie@yopmail.com;1916-09-16
Loree;Shelba;Loree.Shelba@yopmail.com;2013-12-24
Clementine;Kermit;Clementine.Kermit@yopmail.com;2003-03-01
Liana;Middleton;Liana.Middleton@yopmail.com;2017-12-16
Shaine;Nore;Shaine.Nore@yopmail.com;1984-05-06
Mariann;Maryanne;Mariann.Maryanne@yopmail.com;1962-10-13
Morganica;Winnick;Morganica.Winnick@yopmail.com;1914-09-23
Benita;Dowski;Benita.Dowski@yopmail.com;1948-10-08
Eadie;Gladstone;Eadie.Gladstone@yopmail.com;1933-01-21
Ursulina;Glovsky;Ursulina.Glovsky@yopmail.com;1950-12-04
Inga;Margarete;Inga.Margarete@yopmail.com;1995-07-18
Rhea;Prober;Rhea.Prober@yopmail.com;2007-03-31
Carree;Lorenz;Carree.Lorenz@yopmail.com;1950-10-31
Lynnea;Philoo;Lynnea.Philoo@yopmail.com;1988-12-04
Alia;Smitt;Alia.Smitt@yopmail.com;1916-01-28
Kittie;Colbert;Kittie.Colbert@yopmail.com;1955-04-13
Dulcinea;Nester;Dulcinea.Nester@yopmail.com;1992-07-30
Alie;Howlyn;Alie.Howlyn@yopmail.com;1966-06-25
Beth;Forrer;Beth.Forrer@yopmail.com;2000-02-04
Elbertina;Rossner;Elbertina.Rossner@yopmail.com;1965-03-23
Mathilda;Sholley;Mathilda.Sholley@yopmail.com;1942-03-31
Valli;Larochelle;Valli.Larochelle@yopmail.com;1986-01-05
Sarette;Yoko;Sarette.Yoko@yopmail.com;1922-09-04
Georgina;Juliet;Georgina.Juliet@yopmail.com;2015-04-29
Lorie;Briney;Lorie.Briney@yopmail.com;1968-09-20
Nataline;Tamar;Nataline.Tamar@yopmail.com;2015-01-14
Melisent;Noelyn;Melisent.Noelyn@yopmail.com;1963-09-22
Cyb;Linskey;Cyb.Linskey@yopmail.com;1909-02-14
Ursulina;Latini;Ursulina.Latini@yopmail.com;1930-12-11
Sharai;Erlandson;Sharai.Erlandson@yopmail.com;1931-02-03
Marcy;Norrie;Marcy.Norrie@yopmail.com;2009-04-02
Eugine;Dosia;Eugine.Dosia@yopmail.com;2012-01-24
Alex;Hirsch;Alex.Hirsch@yopmail.com;1972-02-27
Natka;Revkah;Natka.Revkah@yopmail.com;1984-04-02
Sidoney;Marijo;Sidoney.Marijo@yopmail.com;1909-06-17
Shaine;Mehalek;Shaine.Mehalek@yopmail.com;1948-02-16
Gerianna;Stoller;Gerianna.Stoller@yopmail.com;1967-04-02
Hollie;McAdams;Hollie.McAdams@yopmail.com;2013-10-02
Zia;Bonilla;Zia.Bonilla@yopmail.com;2007-08-16
Alie;Hashim;Alie.Hashim@yopmail.com;1906-05-01
Mathilda;Monk;Mathilda.Monk@yopmail.com;1907-03-02
Betta;Briney;Betta.Briney@yopmail.com;1991-02-11
Lynea;Kauppi;Lynea.Kauppi@yopmail.com;2008-01-15
Lelah;Marsden;Lelah.Marsden@yopmail.com;2012-04-05
Kimberley;Tacye;Kimberley.Tacye@yopmail.com;1942-01-25
Nerta;Hertzfeld;Nerta.Hertzfeld@yopmail.com;1985-03-14
Glenda;Lilybelle;Glenda.Lilybelle@yopmail.com;1987-05-11
Trixi;Ophelia;Trixi.Ophelia@yopmail.com;1927-06-11
Michaelina;Publia;Michaelina.Publia@yopmail.com;1992-10-10
Layla;Cornelia;Layla.Cornelia@yopmail.com;1912-08-01
Angelique;Stevy;Angelique.Stevy@yopmail.com;1907-07-02
Priscilla;Berriman;Priscilla.Berriman@yopmail.com;1943-05-31
Gratia;Myrilla;Gratia.Myrilla@yopmail.com;2018-12-29
Jessamyn;Jalbert;Jessamyn.Jalbert@yopmail.com;1954-03-01
Drucie;Shaver;Drucie.Shaver@yopmail.com;2006-02-21
Chandra;Raimondo;Chandra.Raimondo@yopmail.com;1978-02-17
Lila;Philipp;Lila.Philipp@yopmail.com;1943-02-22
Juliane;Richers;Juliane.Richers@yopmail.com;1969-06-19
Elsie;Madelene;Elsie.Madelene@yopmail.com;1909-01-28
Liana;Rad;Liana.Rad@yopmail.com;1961-10-24
Ellette;Tyson;Ellette.Tyson@yopmail.com;1944-09-29
Joleen;Casimir;Joleen.Casimir@yopmail.com;1961-01-17
Reeba;Sisile;Reeba.Sisile@yopmail.com;1990-10-19
Wilma;Denis;Wilma.Denis@yopmail.com;2011-03-08
Lolita;Rosemary;Lolita.Rosemary@yopmail.com;2014-04-10
Kaia;Drus;Kaia.Drus@yopmail.com;1950-04-19
Vonny;Sperling;Vonny.Sperling@yopmail.com;1921-02-10
Caryl;Timon;Caryl.Timon@yopmail.com;2006-11-09
Corina;Uird;Corina.Uird@yopmail.com;1947-10-31
Lucille;Ciro;Lucille.Ciro@yopmail.com;1907-05-23
Etta;Chem;Etta.Chem@yopmail.com;2003-09-26
Rhea;Ioab;Rhea.Ioab@yopmail.com;1991-04-23
Dotty;LaRue;Dotty.LaRue@yopmail.com;1909-09-12
Max;Margret;Max.Margret@yopmail.com;1995-08-08
Beth;Vins;Beth.Vins@yopmail.com;1986-09-13
Aeriela;Wooster;Aeriela.Wooster@yopmail.com;1986-03-17
Mara;Dorcy;Mara.Dorcy@yopmail.com;1976-08-14
Minda;Emerson;Minda.Emerson@yopmail.com;1956-12-24
Lorie;Chrystel;Lorie.Chrystel@yopmail.com;1937-06-15
Daphne;Allys;Daphne.Allys@yopmail.com;2004-10-08
Winifred;Mandler;Winifred.Mandler@yopmail.com;1900-09-09
Kellen;Magnolia;Kellen.Magnolia@yopmail.com;1965-07-28
Ricky;Narton;Ricky.Narton@yopmail.com;1931-06-05
Louella;Ambrosia;Louella.Ambrosia@yopmail.com;1965-04-21
Mildrid;Wittie;Mildrid.Wittie@yopmail.com;2001-07-20
Kellen;Stanwood;Kellen.Stanwood@yopmail.com;1910-05-21
Tressa;Brunell;Tressa.Brunell@yopmail.com;1917-05-04
Robbi;Charmine;Robbi.Charmine@yopmail.com;2017-05-20
Demetris;Randene;Demetris.Randene@yopmail.com;2011-06-08
Arlena;Hunfredo;Arlena.Hunfredo@yopmail.com;1914-08-30
Perry;Garek;Perry.Garek@yopmail.com;1923-08-09
Rhoda;Faria;Rhoda.Faria@yopmail.com;1990-02-09
Cindelyn;Tyson;Cindelyn.Tyson@yopmail.com;1964-09-24
Marnia;Old;Marnia.Old@yopmail.com;2010-08-28
Nelle;Lilybelle;Nelle.Lilybelle@yopmail.com;1928-07-10
Neila;Camden;Neila.Camden@yopmail.com;1906-03-13
Genovera;Ricarda;Genovera.Ricarda@yopmail.com;1986-02-27
Margette;Tamsky;Margette.Tamsky@yopmail.com;1975-10-02
Fayre;Lynn;Fayre.Lynn@yopmail.com;1916-09-29
Kimberley;Jacinda;Kimberley.Jacinda@yopmail.com;1978-09-16
Liana;Tristram;Liana.Tristram@yopmail.com;1929-03-27
Fred;Ardra;Fred.Ardra@yopmail.com;1901-02-11
Fernande;Winnick;Fernande.Winnick@yopmail.com;1918-04-21
Ginnie;Zachary;Ginnie.Zachary@yopmail.com;1959-09-22
Alexine;Mandler;Alexine.Mandler@yopmail.com;1941-07-22
Angelique;Bartlett;Angelique.Bartlett@yopmail.com;1948-06-18
Loree;Nerita;Loree.Nerita@yopmail.com;1982-12-06
Esmeralda;Guthrie;Esmeralda.Guthrie@yopmail.com;1939-01-30
Danny;Kamaria;Danny.Kamaria@yopmail.com;1941-11-07
Annecorinne;Bultman;Annecorinne.Bultman@yopmail.com;1981-08-08
Almeta;Darian;Almeta.Darian@yopmail.com;1959-02-10
Marylou;Zuzana;Marylou.Zuzana@yopmail.com;2014-04-24
Konstance;Kare;Konstance.Kare@yopmail.com;1928-05-03
Joelly;Wooster;Joelly.Wooster@yopmail.com;1925-06-22
Dorice;Wenoa;Dorice.Wenoa@yopmail.com;1957-02-02
Jinny;Moina;Jinny.Moina@yopmail.com;2001-01-26
Ilse;Lubin;Ilse.Lubin@yopmail.com;1906-07-23
Fanny;Ietta;Fanny.Ietta@yopmail.com;1917-02-14
Andeee;Pandolfi;Andeee.Pandolfi@yopmail.com;1904-04-24
Vinita;Fiann;Vinita.Fiann@yopmail.com;1965-10-02
Dione;Bord;Dione.Bord@yopmail.com;1989-03-03
Briney;Skell;Briney.Skell@yopmail.com;2000-02-09
Nikki;Suzetta;Nikki.Suzetta@yopmail.com;2007-02-27
Alyssa;Tound;Alyssa.Tound@yopmail.com;1984-10-31
Candy;Crudden;Candy.Crudden@yopmail.com;1928-01-10
Camile;Jarib;Camile.Jarib@yopmail.com;1962-03-23
Arabel;Dorothy;Arabel.Dorothy@yopmail.com;1980-07-15
Ada;Edee;Ada.Edee@yopmail.com;1990-04-30
Basia;Lilybelle;Basia.Lilybelle@yopmail.com;1917-02-05
Meriel;Janene;Meriel.Janene@yopmail.com;1963-01-17
Shannah;Vacuva;Shannah.Vacuva@yopmail.com;2016-10-05
Sherrie;Leary;Sherrie.Leary@yopmail.com;1977-03-15
Isa;Thad;Isa.Thad@yopmail.com;1971-10-02
Keelia;Alarise;Keelia.Alarise@yopmail.com;1951-08-26
Tiffie;Shields;Tiffie.Shields@yopmail.com;2009-10-23
Sadie;Ehrman;Sadie.Ehrman@yopmail.com;1975-07-27
Lily;Orelee;Lily.Orelee@yopmail.com;1918-04-12
Hermione;Lay;Hermione.Lay@yopmail.com;1974-05-13
Corly;Wenda;Corly.Wenda@yopmail.com;1998-10-24
Fanchon;Pelagias;Fanchon.Pelagias@yopmail.com;1947-04-29
Odessa;Ramona;Odessa.Ramona@yopmail.com;1998-02-13
Deane;Alcott;Deane.Alcott@yopmail.com;1952-11-28
Anallese;Sinegold;Anallese.Sinegold@yopmail.com;1986-08-13
Cacilie;Socha;Cacilie.Socha@yopmail.com;1911-10-21
Rori;Jagir;Rori.Jagir@yopmail.com;1953-12-06
Livvyy;Markman;Livvyy.Markman@yopmail.com;1937-06-10
Dagmar;Scammon;Dagmar.Scammon@yopmail.com;1925-09-10
Kassey;Penelopa;Kassey.Penelopa@yopmail.com;1925-04-09
Adele;Dash;Adele.Dash@yopmail.com;2003-06-10
Amara;Means;Amara.Means@yopmail.com;1956-05-31
Arabel;Monk;Arabel.Monk@yopmail.com;1950-01-26
Rozele;Bebe;Rozele.Bebe@yopmail.com;1974-01-13
Kaia;Gerge;Kaia.Gerge@yopmail.com;1924-01-22
Sam;Taima;Sam.Taima@yopmail.com;2000-02-20
Mamie;Zitvaa;Mamie.Zitvaa@yopmail.com;1912-08-14
Lily;Nelsen;Lily.Nelsen@yopmail.com;1921-03-06
Anthia;Hebner;Anthia.Hebner@yopmail.com;1953-04-18
Vonny;Jotham;Vonny.Jotham@yopmail.com;1970-10-30
Katharina;Teddman;Katharina.Teddman@yopmail.com;2013-06-18
Brana;Gino;Brana.Gino@yopmail.com;2000-07-10
Lauryn;Wattenberg;Lauryn.Wattenberg@yopmail.com;1977-03-15
Paola;Schlosser;Paola.Schlosser@yopmail.com;1977-06-16
Rozele;Klemperer;Rozele.Klemperer@yopmail.com;2017-11-08
Arabel;Telfer;Arabel.Telfer@yopmail.com;1972-08-10
Kate;Terrence;Kate.Terrence@yopmail.com;1944-07-24
Sibella;Callista;Sibella.Callista@yopmail.com;1944-10-08
Ricky;Thilda;Ricky.Thilda@yopmail.com;1960-01-18
Lucy;Bord;Lucy.Bord@yopmail.com;1914-09-06
Aigneis;Iphlgenia;Aigneis.Iphlgenia@yopmail.com;1926-02-28
Fawne;Stuart;Fawne.Stuart@yopmail.com;1923-12-14
Arlina;Gusella;Arlina.Gusella@yopmail.com;2010-04-04
Gabriellia;Cynar;Gabriellia.Cynar@yopmail.com;1972-07-28
Norine;Gahl;Norine.Gahl@yopmail.com;1958-01-20
Marita;Ietta;Marita.Ietta@yopmail.com;1968-02-19
Miquela;Mintz;Miquela.Mintz@yopmail.com;1913-05-20
Janis;Maryanne;Janis.Maryanne@yopmail.com;1902-11-30
Marline;Guildroy;Marline.Guildroy@yopmail.com;1933-01-26
Isa;Talia;Isa.Talia@yopmail.com;1934-05-13
Jeanna;Eliathas;Jeanna.Eliathas@yopmail.com;1912-09-10
Orsola;Milson;Orsola.Milson@yopmail.com;2000-03-29
Elena;Ferrell;Elena.Ferrell@yopmail.com;1948-10-02
Devina;Fennessy;Devina.Fennessy@yopmail.com;1905-10-14
Sarette;Roxanna;Sarette.Roxanna@yopmail.com;2017-12-14
Ingrid;Andrel;Ingrid.Andrel@yopmail.com;1901-05-28
Rosaline;Santoro;Rosaline.Santoro@yopmail.com;2001-11-13
Audrie;Ambrosia;Audrie.Ambrosia@yopmail.com;1900-10-05
Catharine;Leonard;Catharine.Leonard@yopmail.com;2008-04-16
Bettine;Olnee;Bettine.Olnee@yopmail.com;1906-06-04
Consuela;Selway;Consuela.Selway@yopmail.com;1938-06-19
Georgetta;Merriott;Georgetta.Merriott@yopmail.com;1989-12-18
Dagmar;Hailee;Dagmar.Hailee@yopmail.com;1904-05-03
Mara;Decato;Mara.Decato@yopmail.com;1943-02-10
Bobinette;Socha;Bobinette.Socha@yopmail.com;2008-01-25
Marinna;Dominy;Marinna.Dominy@yopmail.com;1951-12-21
Trudie;Ferino;Trudie.Ferino@yopmail.com;1943-10-22
Joceline;Holbrook;Joceline.Holbrook@yopmail.com;2003-03-07
Ermengarde;Bluh;Ermengarde.Bluh@yopmail.com;1910-10-16
Edyth;Wiener;Edyth.Wiener@yopmail.com;2017-01-03
Celestyna;Eno;Celestyna.Eno@yopmail.com;1992-05-30
Lonnie;Othilia;Lonnie.Othilia@yopmail.com;1957-03-23
Madeleine;Berl;Madeleine.Berl@yopmail.com;1949-07-20
Shirlee;Seessel;Shirlee.Seessel@yopmail.com;1946-11-10
Isa;Lareena;Isa.Lareena@yopmail.com;1945-01-05
Fred;Ummersen;Fred.Ummersen@yopmail.com;1980-10-23
Chickie;Franza;Chickie.Franza@yopmail.com;1990-10-19
Minne;Lattie;Minne.Lattie@yopmail.com;1948-01-22
Genovera;Joseph;Genovera.Joseph@yopmail.com;2016-04-29
Roz;Reinke;Roz.Reinke@yopmail.com;1938-04-27
Korrie;Eckblad;Korrie.Eckblad@yopmail.com;1978-06-22
Ellette;Kolnick;Ellette.Kolnick@yopmail.com;1933-10-25
Darci;Selway;Darci.Selway@yopmail.com;1976-06-29
Elyssa;Madaih;Elyssa.Madaih@yopmail.com;2013-08-11
Lanae;Madelene;Lanae.Madelene@yopmail.com;1904-07-23
Leontine;Leffen;Leontine.Leffen@yopmail.com;1900-10-12
Georgina;Orelee;Georgina.Orelee@yopmail.com;1924-06-13
Farrah;Leffen;Farrah.Leffen@yopmail.com;1917-03-08
Consuela;Elo;Consuela.Elo@yopmail.com;1935-05-22
Charmaine;Teddman;Charmaine.Teddman@yopmail.com;2015-08-30
Celestyna;Riva;Celestyna.Riva@yopmail.com;1982-04-18
Kirstin;Sisile;Kirstin.Sisile@yopmail.com;2010-03-01
Mary;Eiser;Mary.Eiser@yopmail.com;1923-11-30
Tani;Hirsch;Tani.Hirsch@yopmail.com;1967-05-15
Kirstin;Sidonius;Kirstin.Sidonius@yopmail.com;1988-02-02
Gretal;Merna;Gretal.Merna@yopmail.com;1959-07-15
Dianemarie;Wilona;Dianemarie.Wilona@yopmail.com;1999-08-16
Kirstin;Mitzi;Kirstin.Mitzi@yopmail.com;1919-12-25
Fernande;Oriana;Fernande.Oriana@yopmail.com;1926-03-31
Katharina;Cutlerr;Katharina.Cutlerr@yopmail.com;2011-08-19
Tarra;Kalinda;Tarra.Kalinda@yopmail.com;2003-02-11
Raquela;Beebe;Raquela.Beebe@yopmail.com;1912-08-02
Caressa;Richers;Caressa.Richers@yopmail.com;1984-10-29
Berta;Alva;Berta.Alva@yopmail.com;1991-09-12
Sharlene;Burnside;Sharlene.Burnside@yopmail.com;1970-05-09
Audrie;Hubert;Audrie.Hubert@yopmail.com;1983-12-26
Dede;Gherardo;Dede.Gherardo@yopmail.com;1997-02-26
Tressa;Borrell;Tressa.Borrell@yopmail.com;1980-07-12
Doro;Barney;Doro.Barney@yopmail.com;1989-03-05
Fina;Schenck;Fina.Schenck@yopmail.com;1980-10-11
Di;Faso;Di.Faso@yopmail.com;1984-11-13
Brynna;Cookie;Brynna.Cookie@yopmail.com;1901-08-22
Rubie;Anestassia;Rubie.Anestassia@yopmail.com;1990-02-28
Sallie;Kinnard;Sallie.Kinnard@yopmail.com;1985-09-17
Desirae;Melan;Desirae.Melan@yopmail.com;1970-11-28
Mellicent;Darrell;Mellicent.Darrell@yopmail.com;1973-06-13
Sheelagh;Dielu;Sheelagh.Dielu@yopmail.com;1992-12-11
Sharai;Chick;Sharai.Chick@yopmail.com;2017-12-29
Malina;Truc;Malina.Truc@yopmail.com;1916-07-11
Florencia;Noam;Florencia.Noam@yopmail.com;1964-06-18
Lauryn;Kirstin;Lauryn.Kirstin@yopmail.com;1947-02-18
Maurene;Kravits;Maurene.Kravits@yopmail.com;1967-08-02
Hollie;Pillsbury;Hollie.Pillsbury@yopmail.com;1913-11-15
Penelopa;Swigart;Penelopa.Swigart@yopmail.com;1940-04-22
Kaia;Maribeth;Kaia.Maribeth@yopmail.com;1967-07-21
Berget;Kylander;Berget.Kylander@yopmail.com;1967-06-04
Petronia;Ax;Petronia.Ax@yopmail.com;1901-02-08
Robinia;Ingra;Robinia.Ingra@yopmail.com;1924-01-04
Camile;Karl;Camile.Karl@yopmail.com;1935-03-01
Lily;Read;Lily.Read@yopmail.com;1952-11-14
Arlena;Freddi;Arlena.Freddi@yopmail.com;2005-11-22
Fanchon;Verger;Fanchon.Verger@yopmail.com;1904-04-29
Blake;Land;Blake.Land@yopmail.com;1962-03-23
Donetta;Vilma;Donetta.Vilma@yopmail.com;1903-08-12
Yolane;Brenn;Yolane.Brenn@yopmail.com;1907-07-21
Kirbee;Sawtelle;Kirbee.Sawtelle@yopmail.com;1962-06-21
Nelle;Hedve;Nelle.Hedve@yopmail.com;1922-08-23
Eolanda;Francene;Eolanda.Francene@yopmail.com;1907-06-12
Rhea;Rillings;Rhea.Rillings@yopmail.com;1932-02-06
Tina;Standing;Tina.Standing@yopmail.com;1978-04-06
Selia;Tarrant;Selia.Tarrant@yopmail.com;1917-04-23
Ivett;Atcliffe;Ivett.Atcliffe@yopmail.com;1910-11-19
Agathe;Jefferey;Agathe.Jefferey@yopmail.com;1900-03-30
Noelle;Bendick;Noelle.Bendick@yopmail.com;1951-11-01
Lory;Hull;Lory.Hull@yopmail.com;1989-01-22
Dotty;Atonsah;Dotty.Atonsah@yopmail.com;1991-11-04
Odessa;Gherardo;Odessa.Gherardo@yopmail.com;1985-07-10
Reeba;Screens;Reeba.Screens@yopmail.com;1967-07-13
Ada;Bluh;Ada.Bluh@yopmail.com;1949-04-19
Annice;Lay;Annice.Lay@yopmail.com;1977-03-06
Adore;Gahl;Adore.Gahl@yopmail.com;2012-12-17
Lynde;Tamar;Lynde.Tamar@yopmail.com;1935-07-03
Lynea;Johanna;Lynea.Johanna@yopmail.com;1940-04-03
Florencia;Nerita;Florencia.Nerita@yopmail.com;1966-11-15
Merci;Stuart;Merci.Stuart@yopmail.com;1987-07-28
Jordan;Alabaster;Jordan.Alabaster@yopmail.com;1951-10-10
Noelle;Stevy;Noelle.Stevy@yopmail.com;1959-07-08
Marsiella;Geffner;Marsiella.Geffner@yopmail.com;2000-06-26
Isa;Sacken;Isa.Sacken@yopmail.com;1955-02-26
Briney;Ursulette;Briney.Ursulette@yopmail.com;1902-10-17
Beatriz;Bergman;Beatriz.Bergman@yopmail.com;1951-02-14
Sheelagh;Thornburg;Sheelagh.Thornburg@yopmail.com;2018-05-30
Myrtice;Dorine;Myrtice.Dorine@yopmail.com;1964-07-08
Beverley;Cimbura;Beverley.Cimbura@yopmail.com;1920-03-27
Florencia;Tarrant;Florencia.Tarrant@yopmail.com;1937-03-01
Olivette;Regan;Olivette.Regan@yopmail.com;2004-07-23
Daune;Ade;Daune.Ade@yopmail.com;1925-05-27
Etta;Cookie;Etta.Cookie@yopmail.com;1978-06-26
Robbi;Evvie;Robbi.Evvie@yopmail.com;1929-05-23
Ardenia;Riva;Ardenia.Riva@yopmail.com;1965-04-28
Emilia;Faria;Emilia.Faria@yopmail.com;1990-06-09
Alex;Grimbly;Alex.Grimbly@yopmail.com;1926-09-15
Ericka;Carleen;Ericka.Carleen@yopmail.com;1975-01-02
Berget;Maiah;Berget.Maiah@yopmail.com;1971-07-21
Karolina;Douglass;Karolina.Douglass@yopmail.com;1942-11-19
Talya;Cutlerr;Talya.Cutlerr@yopmail.com;1954-09-05
Mary;Kesley;Mary.Kesley@yopmail.com;1956-08-15
Ivett;Hessler;Ivett.Hessler@yopmail.com;1918-12-03
Danny;Chobot;Danny.Chobot@yopmail.com;1918-06-18
Letizia;Dex;Letizia.Dex@yopmail.com;1963-08-04
Roslyn;Philoo;Roslyn.Philoo@yopmail.com;1952-09-04
Viviene;Alarise;Viviene.Alarise@yopmail.com;1929-01-14
Dode;Dulciana;Dode.Dulciana@yopmail.com;2009-08-05
Doro;Vastah;Doro.Vastah@yopmail.com;1975-10-25
Maurene;Byrne;Maurene.Byrne@yopmail.com;1982-05-30
Alia;Douglass;Alia.Douglass@yopmail.com;1991-10-04
Eugine;Dituri;Eugine.Dituri@yopmail.com;1951-11-02
Loree;Magdalen;Loree.Magdalen@yopmail.com;1907-09-27
Halette;Georgy;Halette.Georgy@yopmail.com;1981-06-16
Jinny;Vale;Jinny.Vale@yopmail.com;1929-10-01
Clarice;Therine;Clarice.Therine@yopmail.com;1974-09-22
Ronna;Hirsch;Ronna.Hirsch@yopmail.com;1984-06-13
Kayla;Pearse;Kayla.Pearse@yopmail.com;1985-07-13
Netty;Presber;Netty.Presber@yopmail.com;1914-02-01
Stephanie;Hurley;Stephanie.Hurley@yopmail.com;1987-05-12
Starla;Kiyoshi;Starla.Kiyoshi@yopmail.com;1934-04-29
Jinny;Mendez;Jinny.Mendez@yopmail.com;1906-03-13
Elka;Crudden;Elka.Crudden@yopmail.com;1903-11-01
Bernardine;Kendrick;Bernardine.Kendrick@yopmail.com;1996-02-13
Anestassia;Hailee;Anestassia.Hailee@yopmail.com;1974-08-05
Tybie;Nea;Tybie.Nea@yopmail.com;2014-08-19
Kate;Travax;Kate.Travax@yopmail.com;2018-03-04
Dorothy;Beebe;Dorothy.Beebe@yopmail.com;2003-05-10
Lesly;Laverne;Lesly.Laverne@yopmail.com;1967-03-19
Emylee;Dermott;Emylee.Dermott@yopmail.com;1916-01-08
Neila;Elo;Neila.Elo@yopmail.com;1953-08-10
Selma;Forrer;Selma.Forrer@yopmail.com;1967-10-16
Elie;Daveta;Elie.Daveta@yopmail.com;1928-01-28
Courtnay;Stevy;Courtnay.Stevy@yopmail.com;1949-10-30
Ottilie;Burnside;Ottilie.Burnside@yopmail.com;1974-04-02
Basia;Melony;Basia.Melony@yopmail.com;2012-09-27
Babita;Center;Babita.Center@yopmail.com;1942-10-29
Gertrud;Seagraves;Gertrud.Seagraves@yopmail.com;2001-10-28
Maye;Brodench;Maye.Brodench@yopmail.com;1947-10-18
Jorry;Stav;Jorry.Stav@yopmail.com;1976-09-27
Frank;Jagir;Frank.Jagir@yopmail.com;1923-07-11
Nanete;Eachern;Nanete.Eachern@yopmail.com;1908-07-11
Corina;Jacobah;Corina.Jacobah@yopmail.com;1985-06-11
Cassandra;An;Cassandra.An@yopmail.com;1996-07-12
Charlena;Niccolo;Charlena.Niccolo@yopmail.com;1936-11-06
Marika;Lemuela;Marika.Lemuela@yopmail.com;1911-07-10
Marleah;Edison;Marleah.Edison@yopmail.com;1955-12-15
Paola;Fairweather;Paola.Fairweather@yopmail.com;2002-10-07
Flory;Harned;Flory.Harned@yopmail.com;1930-12-12
Tobe;Sophronia;Tobe.Sophronia@yopmail.com;1909-11-09
Jeanna;Alrich;Jeanna.Alrich@yopmail.com;1964-08-23
Maryellen;Uund;Maryellen.Uund@yopmail.com;1949-07-28
Gabriellia;Madox;Gabriellia.Madox@yopmail.com;1995-03-08
Shandie;Hermes;Shandie.Hermes@yopmail.com;1952-12-05
Sophia;Kat;Sophia.Kat@yopmail.com;1946-08-07
Ericka;Christal;Ericka.Christal@yopmail.com;2014-08-24
Jennica;Gaspard;Jennica.Gaspard@yopmail.com;1900-05-27
Anallese;Codding;Anallese.Codding@yopmail.com;1906-03-06
Kate;Japeth;Kate.Japeth@yopmail.com;1968-10-19
Leontine;Stanwood;Leontine.Stanwood@yopmail.com;1940-05-29
Tarra;Odysseus;Tarra.Odysseus@yopmail.com;1980-07-03
Cassondra;Jerold;Cassondra.Jerold@yopmail.com;1932-04-10
Philis;Bonilla;Philis.Bonilla@yopmail.com;1936-12-03
Elie;Goth;Elie.Goth@yopmail.com;1987-12-22
Olivette;Center;Olivette.Center@yopmail.com;1918-04-15
Viki;Papageno;Viki.Papageno@yopmail.com;1969-05-05
Orsola;Madelene;Orsola.Madelene@yopmail.com;1998-04-25
Natka;Emanuel;Natka.Emanuel@yopmail.com;1941-08-25
Abbie;Adore;Abbie.Adore@yopmail.com;1946-01-08
Catharine;Turne;Catharine.Turne@yopmail.com;1910-04-13
Paule;Colyer;Paule.Colyer@yopmail.com;1918-03-30
Petronia;Clie;Petronia.Clie@yopmail.com;1934-05-15
Petronia;Germann;Petronia.Germann@yopmail.com;1952-05-12
Rhea;Ashok;Rhea.Ashok@yopmail.com;1914-03-30
Heida;Dearborn;Heida.Dearborn@yopmail.com;1949-08-06
Iseabal;Glovsky;Iseabal.Glovsky@yopmail.com;1901-03-01
Hollie;Haymes;Hollie.Haymes@yopmail.com;1931-01-22
Damaris;Sabella;Damaris.Sabella@yopmail.com;1956-08-17
Corina;Fairweather;Corina.Fairweather@yopmail.com;1912-02-03
Gavrielle;Valoniah;Gavrielle.Valoniah@yopmail.com;1969-01-22
Dale;Audly;Dale.Audly@yopmail.com;1942-09-26
Lonnie;Jacqui;Lonnie.Jacqui@yopmail.com;1939-09-15
Jan;Drisko;Jan.Drisko@yopmail.com;2017-01-18
Veda;Morehouse;Veda.Morehouse@yopmail.com;1959-04-14
Brietta;Harl;Brietta.Harl@yopmail.com;1967-05-10
Linet;Cornelia;Linet.Cornelia@yopmail.com;2013-07-02
Millie;Marden;Millie.Marden@yopmail.com;1969-11-16
Marleah;Alfons;Marleah.Alfons@yopmail.com;1987-10-06
Laure;Bonilla;Laure.Bonilla@yopmail.com;1932-07-13
Judy;Carmena;Judy.Carmena@yopmail.com;1911-07-28
Farrah;Vacuva;Farrah.Vacuva@yopmail.com;1959-03-27
Fina;Monk;Fina.Monk@yopmail.com;1912-10-27
Blinni;Chick;Blinni.Chick@yopmail.com;2003-09-15
Siana;Mallon;Siana.Mallon@yopmail.com;1922-06-18
Kellen;Orlene;Kellen.Orlene@yopmail.com;1900-01-16
Rhea;Jacqui;Rhea.Jacqui@yopmail.com;1926-07-02
Diena;Lymann;Diena.Lymann@yopmail.com;1908-04-14
Tarra;Zola;Tarra.Zola@yopmail.com;1937-04-17
Starla;Poppy;Starla.Poppy@yopmail.com;2009-08-11
Zsa Zsa;Albertine;Zsa Zsa.Albertine@yopmail.com;1935-02-08
Vivia;Halsey;Vivia.Halsey@yopmail.com;1974-12-20
Netty;Sparhawk;Netty.Sparhawk@yopmail.com;1908-01-31
Juliane;Bollay;Juliane.Bollay@yopmail.com;2003-08-01
Concettina;Audly;Concettina.Audly@yopmail.com;2001-02-25
Sheree;Lindemann;Sheree.Lindemann@yopmail.com;1904-10-15
Sandie;Kenwood;Sandie.Kenwood@yopmail.com;1997-01-12
Winifred;Zaslow;Winifred.Zaslow@yopmail.com;1934-05-12
Kate;Burkle;Kate.Burkle@yopmail.com;1994-06-22
Frances;Niles;Frances.Niles@yopmail.com;1917-04-04
Roslyn;Auberbach;Roslyn.Auberbach@yopmail.com;1954-01-22
Althea;Fry;Althea.Fry@yopmail.com;2004-02-24
Maisey;Ortrude;Maisey.Ortrude@yopmail.com;2003-01-19
Meg;Zrike;Meg.Zrike@yopmail.com;1927-11-05
Dania;Anselmi;Dania.Anselmi@yopmail.com;1998-07-07
Antonietta;Slifka;Antonietta.Slifka@yopmail.com;2014-11-27
Nelle;Fennessy;Nelle.Fennessy@yopmail.com;1949-02-10
Jemie;Shelba;Jemie.Shelba@yopmail.com;1951-09-05
Asia;Madelene;Asia.Madelene@yopmail.com;1921-11-24
Ottilie;Margarete;Ottilie.Margarete@yopmail.com;1910-09-05
Maisey;Bigner;Maisey.Bigner@yopmail.com;2019-02-08
Luci;Killigrew;Luci.Killigrew@yopmail.com;1958-05-05
Linzy;Sawtelle;Linzy.Sawtelle@yopmail.com;1987-02-27
Brena;Wooster;Brena.Wooster@yopmail.com;1972-10-26
Shell;Means;Shell.Means@yopmail.com;1991-02-20
Mahalia;Ammann;Mahalia.Ammann@yopmail.com;1902-12-04
Fernande;Pozzy;Fernande.Pozzy@yopmail.com;1928-12-25
Leanna;Darian;Leanna.Darian@yopmail.com;1916-11-27
Bibby;Marlie;Bibby.Marlie@yopmail.com;1945-11-29
Judy;Hourigan;Judy.Hourigan@yopmail.com;1927-08-12
Eadie;Lesley;Eadie.Lesley@yopmail.com;2013-02-16
Farrah;Wilona;Farrah.Wilona@yopmail.com;1952-06-14
Miquela;Orelee;Miquela.Orelee@yopmail.com;1957-03-04
Sibella;Linskey;Sibella.Linskey@yopmail.com;1976-04-29
Queenie;Charity;Queenie.Charity@yopmail.com;1920-09-25
Merrie;Garbe;Merrie.Garbe@yopmail.com;1928-07-18
Eugine;Mich;Eugine.Mich@yopmail.com;1903-12-21
Madalyn;Fredi;Madalyn.Fredi@yopmail.com;1951-10-04
Ana;Ellerey;Ana.Ellerey@yopmail.com;1920-01-28
Penelopa;Mendez;Penelopa.Mendez@yopmail.com;1996-03-16
Hallie;Bluh;Hallie.Bluh@yopmail.com;1932-12-17
Luci;Neils;Luci.Neils@yopmail.com;1911-12-25
Janeczka;Justinn;Janeczka.Justinn@yopmail.com;1928-04-16
Bobbi;Ferino;Bobbi.Ferino@yopmail.com;1957-06-09
Melanie;Kellby;Melanie.Kellby@yopmail.com;1991-04-23
Teddie;Brieta;Teddie.Brieta@yopmail.com;1989-03-04
Lexine;Sekofski;Lexine.Sekofski@yopmail.com;1989-04-25
Josephine;Hewitt;Josephine.Hewitt@yopmail.com;2010-04-25
Aurelie;Schroth;Aurelie.Schroth@yopmail.com;1908-11-21
Corry;Neva;Corry.Neva@yopmail.com;1985-03-13
Zaria;Craggie;Zaria.Craggie@yopmail.com;1918-03-15
Felice;McNully;Felice.McNully@yopmail.com;1920-06-06
Hermione;Jeanne;Hermione.Jeanne@yopmail.com;1950-01-27
Therine;Tayib;Therine.Tayib@yopmail.com;1913-07-02
Sibella;Lesley;Sibella.Lesley@yopmail.com;1969-12-17
Leona;Bendick;Leona.Bendick@yopmail.com;1924-03-30
Lonnie;Torray;Lonnie.Torray@yopmail.com;2014-09-11
Amii;O'Neill;Amii.O'Neill@yopmail.com;1973-08-24
Anica;Levey;Anica.Levey@yopmail.com;1904-08-21
Livvyy;Lenny;Livvyy.Lenny@yopmail.com;1956-04-21
Gwyneth;Blake;Gwyneth.Blake@yopmail.com;1940-12-11
Malina;Roscoe;Malina.Roscoe@yopmail.com;1939-03-30
Marcelline;Papageno;Marcelline.Papageno@yopmail.com;2003-01-06
Deedee;Seagraves;Deedee.Seagraves@yopmail.com;1961-06-01
Roxane;Hashim;Roxane.Hashim@yopmail.com;1913-08-22
Teriann;Lilas;Teriann.Lilas@yopmail.com;1984-01-26
Jaclyn;Darian;Jaclyn.Darian@yopmail.com;1985-09-17
Gaylene;Lunsford;Gaylene.Lunsford@yopmail.com;1943-11-22
Joy;Gerge;Joy.Gerge@yopmail.com;1946-06-15
Lulita;Iiette;Lulita.Iiette@yopmail.com;2015-12-31
Suzette;Jaylene;Suzette.Jaylene@yopmail.com;2013-03-23
Janey;Karylin;Janey.Karylin@yopmail.com;2004-06-17
Heddie;Kermit;Heddie.Kermit@yopmail.com;2009-05-03
Mildrid;Madelene;Mildrid.Madelene@yopmail.com;1913-04-08
Gusella;Olnee;Gusella.Olnee@yopmail.com;1980-11-06
Margalo;Seessel;Margalo.Seessel@yopmail.com;1923-01-29
Olwen;Matthew;Olwen.Matthew@yopmail.com;1914-04-04
Jemie;Hewitt;Jemie.Hewitt@yopmail.com;1947-04-20
Ricky;Valoniah;Ricky.Valoniah@yopmail.com;2013-06-21
Chrystel;Meter;Chrystel.Meter@yopmail.com;1938-09-20
Deane;Warthman;Deane.Warthman@yopmail.com;1935-12-17
Betta;Rheingold;Betta.Rheingold@yopmail.com;1912-03-11
Katuscha;Tippets;Katuscha.Tippets@yopmail.com;1986-01-09
Rosabelle;Bryna;Rosabelle.Bryna@yopmail.com;1984-07-18
Goldie;Fennessy;Goldie.Fennessy@yopmail.com;1946-11-13
Melodie;Giule;Melodie.Giule@yopmail.com;2009-03-12
Shaine;Hutchison;Shaine.Hutchison@yopmail.com;2014-04-30
Bernardine;Ortrude;Bernardine.Ortrude@yopmail.com;1955-08-25
Ezmeralda;Llovera;Ezmeralda.Llovera@yopmail.com;1955-12-30
Debee;Krystle;Debee.Krystle@yopmail.com;1954-04-10
Catrina;Means;Catrina.Means@yopmail.com;1945-08-02
Lizzie;Annabella;Lizzie.Annabella@yopmail.com;1919-11-24
Corina;Brenn;Corina.Brenn@yopmail.com;2001-05-22
Belinda;Garlinda;Belinda.Garlinda@yopmail.com;1938-05-29
Corina;Berriman;Corina.Berriman@yopmail.com;1962-05-03
Drucie;Fennessy;Drucie.Fennessy@yopmail.com;2007-06-20
Orelia;Soneson;Orelia.Soneson@yopmail.com;1979-08-17
Perry;Hessler;Perry.Hessler@yopmail.com;1928-02-29
Mallory;Eno;Mallory.Eno@yopmail.com;1933-03-15
Briney;Chrystel;Briney.Chrystel@yopmail.com;1989-02-05
Brooks;Raseda;Brooks.Raseda@yopmail.com;1915-10-28
Rubie;Noam;Rubie.Noam@yopmail.com;1911-09-26
Latisha;Glovsky;Latisha.Glovsky@yopmail.com;1956-05-01
Keelia;Sperling;Keelia.Sperling@yopmail.com;1924-03-21
Genovera;Diann;Genovera.Diann@yopmail.com;2001-04-06
Heddie;Barrus;Heddie.Barrus@yopmail.com;1907-10-10
Kore;Harday;Kore.Harday@yopmail.com;1941-05-20
Emmey;Iphlgenia;Emmey.Iphlgenia@yopmail.com;1940-06-22
Elvira;Sophronia;Elvira.Sophronia@yopmail.com;2009-05-31
Brena;Nahum;Brena.Nahum@yopmail.com;1929-06-17
Teddie;Dawkins;Teddie.Dawkins@yopmail.com;1966-06-22
Margalo;Egbert;Margalo.Egbert@yopmail.com;1990-12-30
Coral;Dorine;Coral.Dorine@yopmail.com;1955-09-02
Celestyna;Darian;Celestyna.Darian@yopmail.com;1971-07-06
Imojean;Wesle;Imojean.Wesle@yopmail.com;1979-02-12
Jillayne;Darian;Jillayne.Darian@yopmail.com;2015-08-22
Zondra;Carleen;Zondra.Carleen@yopmail.com;1900-12-19
Penelopa;Wareing;Penelopa.Wareing@yopmail.com;1925-09-21
Charmaine;Kellby;Charmaine.Kellby@yopmail.com;2007-04-13
Susette;Bahr;Susette.Bahr@yopmail.com;1985-05-12
Kerrin;Oster;Kerrin.Oster@yopmail.com;1901-10-07
Marinna;Chabot;Marinna.Chabot@yopmail.com;1970-11-08
Karly;Bultman;Karly.Bultman@yopmail.com;1968-03-25
Vere;Frendel;Vere.Frendel@yopmail.com;1992-09-27
Chere;Argus;Chere.Argus@yopmail.com;2014-05-18
Kathi;Quent;Kathi.Quent@yopmail.com;2010-06-28
Tani;Lattie;Tani.Lattie@yopmail.com;1990-02-07
Misha;Sammons;Misha.Sammons@yopmail.com;1911-06-17
Verla;Halsey;Verla.Halsey@yopmail.com;1969-03-17
Mamie;Edison;Mamie.Edison@yopmail.com;1923-09-26
Bettine;Hermes;Bettine.Hermes@yopmail.com;1954-01-20
Lelah;Sidonius;Lelah.Sidonius@yopmail.com;2004-10-18
Dotty;Haldas;Dotty.Haldas@yopmail.com;1978-12-19
Kara-Lynn;Harriman;Kara-Lynn.Harriman@yopmail.com;1992-10-08
Tonia;Merell;Tonia.Merell@yopmail.com;1976-08-02
Sam;Connelly;Sam.Connelly@yopmail.com;1926-05-18
Vonny;Linehan;Vonny.Linehan@yopmail.com;2009-05-28
Trixi;Germann;Trixi.Germann@yopmail.com;2015-10-11
Lacie;Jotham;Lacie.Jotham@yopmail.com;1981-11-04
Desirae;Hutchison;Desirae.Hutchison@yopmail.com;1941-08-30
Dede;Belanger;Dede.Belanger@yopmail.com;1932-08-24
Kalina;Jeanne;Kalina.Jeanne@yopmail.com;1982-12-29
Kittie;Klotz;Kittie.Klotz@yopmail.com;1925-10-26
Miquela;Alice;Miquela.Alice@yopmail.com;1984-04-26
Rhea;Artie;Rhea.Artie@yopmail.com;2011-07-20
Chickie;Hunfredo;Chickie.Hunfredo@yopmail.com;1968-07-16
Calla;Hebner;Calla.Hebner@yopmail.com;1964-11-05
Allyce;Gahl;Allyce.Gahl@yopmail.com;1989-03-09
Cristabel;Bari;Cristabel.Bari@yopmail.com;1978-08-13
Ofilia;Rese;Ofilia.Rese@yopmail.com;1932-11-19
Heddie;Knowling;Heddie.Knowling@yopmail.com;1901-07-14
Myriam;Ethban;Myriam.Ethban@yopmail.com;1941-09-09
Teriann;Dunkin;Teriann.Dunkin@yopmail.com;1988-02-11
Gratia;Wenoa;Gratia.Wenoa@yopmail.com;1902-07-25
Julieta;Borrell;Julieta.Borrell@yopmail.com;1926-10-29
Moyna;Erich;Moyna.Erich@yopmail.com;1938-09-20
Lila;Heidt;Lila.Heidt@yopmail.com;1996-03-14
Hermione;Sandye;Hermione.Sandye@yopmail.com;1917-02-18
Aili;Freddi;Aili.Freddi@yopmail.com;1926-11-15
Jessamyn;Briney;Jessamyn.Briney@yopmail.com;1948-09-17
Winifred;Bord;Winifred.Bord@yopmail.com;1930-02-27
Jacquetta;Gillan;Jacquetta.Gillan@yopmail.com;1940-12-28
Emmey;Tristram;Emmey.Tristram@yopmail.com;1923-12-14
Devina;Gunn;Devina.Gunn@yopmail.com;1916-02-18
Daryl;Modie;Daryl.Modie@yopmail.com;1970-01-06
Lynea;Nisbet;Lynea.Nisbet@yopmail.com;1933-11-05
Mariele;Joseph;Mariele.Joseph@yopmail.com;1976-02-25
Frieda;Ioab;Frieda.Ioab@yopmail.com;1974-11-23
Sandie;Si;Sandie.Si@yopmail.com;1902-09-08
Ardeen;Dunkin;Ardeen.Dunkin@yopmail.com;1980-07-05
Cam;Winthorpe;Cam.Winthorpe@yopmail.com;1951-01-21
Priscilla;Gualtiero;Priscilla.Gualtiero@yopmail.com;1978-03-18
Starla;Leonard;Starla.Leonard@yopmail.com;1984-09-16
Krystle;Lalitta;Krystle.Lalitta@yopmail.com;1945-07-18
Tami;Korey;Tami.Korey@yopmail.com;1940-10-08
Augustine;Orlene;Augustine.Orlene@yopmail.com;1921-11-30
Keelia;Alcott;Keelia.Alcott@yopmail.com;1945-11-21
Felice;Linehan;Felice.Linehan@yopmail.com;2000-05-12
Calla;McAdams;Calla.McAdams@yopmail.com;1942-08-09
Janeczka;Kinnard;Janeczka.Kinnard@yopmail.com;1919-06-11
Ruthe;O'Rourke;Ruthe.O'Rourke@yopmail.com;2009-06-09
Bernardine;Pond;Bernardine.Pond@yopmail.com;1979-06-11
Fina;Gordon;Fina.Gordon@yopmail.com;2001-04-11
Jacenta;Blisse;Jacenta.Blisse@yopmail.com;1901-06-10
Cathyleen;Diann;Cathyleen.Diann@yopmail.com;1951-04-23
Zaria;Curren;Zaria.Curren@yopmail.com;2005-10-23
Tami;Bollay;Tami.Bollay@yopmail.com;1932-01-31
Trixi;Fleeta;Trixi.Fleeta@yopmail.com;1966-11-23
Gabriellia;Dash;Gabriellia.Dash@yopmail.com;2002-03-09
Jessy;Cullin;Jessy.Cullin@yopmail.com;1967-03-15
Amii;Vilma;Amii.Vilma@yopmail.com;1983-10-29
Myriam;Atonsah;Myriam.Atonsah@yopmail.com;1931-02-04
Celisse;Millda;Celisse.Millda@yopmail.com;1997-03-26
Chrystel;Faso;Chrystel.Faso@yopmail.com;1946-12-31
Amalie;Zetta;Amalie.Zetta@yopmail.com;1903-12-01
Kary;Kristi;Kary.Kristi@yopmail.com;1974-03-07
Liana;Erlandson;Liana.Erlandson@yopmail.com;1922-09-19
Shell;Montgomery;Shell.Montgomery@yopmail.com;1933-12-24
Renae;Baudin;Renae.Baudin@yopmail.com;2019-12-17
Glynnis;Xerxes;Glynnis.Xerxes@yopmail.com;2015-03-22
Daryl;Maples;Daryl.Maples@yopmail.com;1906-08-25
Verla;Larochelle;Verla.Larochelle@yopmail.com;1922-03-22
Jacenta;Eno;Jacenta.Eno@yopmail.com;1945-12-26
Malina;Paton;Malina.Paton@yopmail.com;1999-09-19
Regina;Riva;Regina.Riva@yopmail.com;1939-03-25
Micheline;Hieronymus;Micheline.Hieronymus@yopmail.com;1926-11-15
Dale;Erskine;Dale.Erskine@yopmail.com;2004-12-20
Danika;Kravits;Danika.Kravits@yopmail.com;1953-03-28
Lusa;Lissi;Lusa.Lissi@yopmail.com;1924-12-10
Xylina;Ioab;Xylina.Ioab@yopmail.com;1994-02-17
Daphne;Arley;Daphne.Arley@yopmail.com;1992-08-02
Micheline;Florina;Micheline.Florina@yopmail.com;2010-06-19
Emylee;Alisia;Emylee.Alisia@yopmail.com;1968-09-20
Leona;Corabella;Leona.Corabella@yopmail.com;1930-11-15
Starla;Lory;Starla.Lory@yopmail.com;1950-07-27
Jasmina;Allare;Jasmina.Allare@yopmail.com;1949-11-01
Orsola;Sheedy;Orsola.Sheedy@yopmail.com;2011-10-30
Vinita;Gert;Vinita.Gert@yopmail.com;2008-03-02
Ulrike;Pattin;Ulrike.Pattin@yopmail.com;2013-03-28
Selia;Azeria;Selia.Azeria@yopmail.com;1902-04-07
Louella;Johanna;Louella.Johanna@yopmail.com;1929-10-17
Wilma;Goddard;Wilma.Goddard@yopmail.com;1914-10-28
Marline;Boehike;Marline.Boehike@yopmail.com;2014-05-15
Donnie;Kamaria;Donnie.Kamaria@yopmail.com;1973-04-01
Fredericka;Odysseus;Fredericka.Odysseus@yopmail.com;2014-08-12
Minda;Phi;Minda.Phi@yopmail.com;1928-11-13
Valeda;Jena;Valeda.Jena@yopmail.com;1960-04-29
Benita;Wallis;Benita.Wallis@yopmail.com;1957-11-09
Cherilyn;Leifeste;Cherilyn.Leifeste@yopmail.com;1991-02-17
Lanae;Iaverne;Lanae.Iaverne@yopmail.com;2017-04-29
Wanda;Orpah;Wanda.Orpah@yopmail.com;1948-06-26
Ariela;Zachary;Ariela.Zachary@yopmail.com;1971-03-25
Lanae;Bertold;Lanae.Bertold@yopmail.com;1935-06-06
Dede;Stacy;Dede.Stacy@yopmail.com;1939-09-24
Ida;Morgun;Ida.Morgun@yopmail.com;1908-02-24
Shirlee;Tybald;Shirlee.Tybald@yopmail.com;1948-03-06
Oralee;Andrel;Oralee.Andrel@yopmail.com;2013-01-13
Lanae;Simmonds;Lanae.Simmonds@yopmail.com;1978-04-06
Latisha;Olympium;Latisha.Olympium@yopmail.com;1914-06-21
Fred;Vastah;Fred.Vastah@yopmail.com;1994-07-15
Pearline;Zitvaa;Pearline.Zitvaa@yopmail.com;1917-06-26
Catrina;Dorine;Catrina.Dorine@yopmail.com;1967-12-20
Carmela;Elo;Carmela.Elo@yopmail.com;2001-07-20
Vanessa;Danby;Vanessa.Danby@yopmail.com;2000-04-29
Atlanta;Stanwood;Atlanta.Stanwood@yopmail.com;1977-09-17
Sandie;O'Neill;Sandie.O'Neill@yopmail.com;2017-03-19
Sophia;Aldric;Sophia.Aldric@yopmail.com;1904-11-17
Gusty;Ludewig;Gusty.Ludewig@yopmail.com;1904-06-14
Theodora;Yorick;Theodora.Yorick@yopmail.com;1934-11-16
Jordan;Plato;Jordan.Plato@yopmail.com;1962-02-05
Kaia;Faro;Kaia.Faro@yopmail.com;1933-05-03
Roz;Rona;Roz.Rona@yopmail.com;1946-05-24
Paulita;Joli;Paulita.Joli@yopmail.com;1938-12-09
Kenna;Toor;Kenna.Toor@yopmail.com;1913-07-27
Courtnay;Harday;Courtnay.Harday@yopmail.com;2016-10-18
Vita;Boycey;Vita.Boycey@yopmail.com;1933-02-15
Darlleen;Ogren;Darlleen.Ogren@yopmail.com;1907-07-19
Evaleen;Shuler;Evaleen.Shuler@yopmail.com;1998-07-22
Mildrid;Carey;Mildrid.Carey@yopmail.com;1915-06-07
Christal;Pelagias;Christal.Pelagias@yopmail.com;2011-11-07
Barbara;Fillbert;Barbara.Fillbert@yopmail.com;1951-06-15
Emylee;Gaulin;Emylee.Gaulin@yopmail.com;1992-11-06
Tiffie;Sherrie;Tiffie.Sherrie@yopmail.com;1932-07-08
Doralynne;Dom;Doralynne.Dom@yopmail.com;1920-07-07
Isa;Margarete;Isa.Margarete@yopmail.com;1981-06-18
Shandie;Pitt;Shandie.Pitt@yopmail.com;1974-12-01
Brena;Socha;Brena.Socha@yopmail.com;2011-07-08
Correy;Gombach;Correy.Gombach@yopmail.com;1908-03-04
Sarette;O'Neill;Sarette.O'Neill@yopmail.com;1967-03-17
Chastity;Brackely;Chastity.Brackely@yopmail.com;1975-08-25
Esmeralda;Calhoun;Esmeralda.Calhoun@yopmail.com;2015-09-23
Dione;Borrell;Dione.Borrell@yopmail.com;1915-07-04
Winny;Vittoria;Winny.Vittoria@yopmail.com;2018-12-02
Jan;Bonucci;Jan.Bonucci@yopmail.com;1974-11-28
Flory;Meli;Flory.Meli@yopmail.com;1970-12-16
Joelly;Desai;Joelly.Desai@yopmail.com;1946-12-05
Sandie;Kermit;Sandie.Kermit@yopmail.com;2001-03-11
Misha;Bonilla;Misha.Bonilla@yopmail.com;1962-11-20
Jessy;Carleen;Jessy.Carleen@yopmail.com;1984-11-02
Elvira;Cohdwell;Elvira.Cohdwell@yopmail.com;1914-04-04
Nariko;Fax;Nariko.Fax@yopmail.com;1967-02-21
Chloris;Corilla;Chloris.Corilla@yopmail.com;1912-01-14
Andeee;Melleta;Andeee.Melleta@yopmail.com;1958-01-30
Modestia;Levey;Modestia.Levey@yopmail.com;1903-05-13
Lorne;Leffen;Lorne.Leffen@yopmail.com;1909-11-18
Tersina;Christal;Tersina.Christal@yopmail.com;2011-02-23
Mireielle;Cavan;Mireielle.Cavan@yopmail.com;1916-01-28
Teddie;Lail;Teddie.Lail@yopmail.com;2004-04-03
Donnie;Ietta;Donnie.Ietta@yopmail.com;1960-01-02
Nikki;Philoo;Nikki.Philoo@yopmail.com;1963-05-01
Charmaine;Meter;Charmaine.Meter@yopmail.com;1934-08-12
Harmonia;Juan;Harmonia.Juan@yopmail.com;1970-12-08
Fawne;Margret;Fawne.Margret@yopmail.com;1965-12-13
Elie;Lalitta;Elie.Lalitta@yopmail.com;1935-06-07
Hayley;Morrill;Hayley.Morrill@yopmail.com;1937-05-31
Marguerite;Euridice;Marguerite.Euridice@yopmail.com;1934-08-14
Merry;Suk;Merry.Suk@yopmail.com;1950-12-13
Fred;Jacinda;Fred.Jacinda@yopmail.com;2005-01-15
Micheline;Marijo;Micheline.Marijo@yopmail.com;1955-12-17
Maridel;Sacken;Maridel.Sacken@yopmail.com;1928-07-03
Annecorinne;Dearborn;Annecorinne.Dearborn@yopmail.com;1991-05-01
Kenna;Raul;Kenna.Raul@yopmail.com;2007-10-13
Ofilia;Viddah;Ofilia.Viddah@yopmail.com;1933-06-22
Gui;Brady;Gui.Brady@yopmail.com;1917-07-05
Tobe;Callista;Tobe.Callista@yopmail.com;1961-10-18
Allyce;Cynar;Allyce.Cynar@yopmail.com;1924-09-29
Evita;Revkah;Evita.Revkah@yopmail.com;2017-03-12
Almeta;Clarissa;Almeta.Clarissa@yopmail.com;1940-12-22
Fernande;Secrest;Fernande.Secrest@yopmail.com;1935-07-21
Meriel;Haerr;Meriel.Haerr@yopmail.com;2011-02-10
Madalyn;Bach;Madalyn.Bach@yopmail.com;1953-07-04
Chloris;Bibi;Chloris.Bibi@yopmail.com;1972-01-09
Chickie;Schwejda;Chickie.Schwejda@yopmail.com;1998-08-19
Feliza;Ioab;Feliza.Ioab@yopmail.com;1905-08-18
Alejandra;Ephrem;Alejandra.Ephrem@yopmail.com;1999-01-03
Christian;Mayeda;Christian.Mayeda@yopmail.com;1944-11-04
Elka;Hutchison;Elka.Hutchison@yopmail.com;1940-09-21
Fernande;Belldas;Fernande.Belldas@yopmail.com;1923-12-13
Allis;Lumbard;Allis.Lumbard@yopmail.com;1981-12-08
Gabi;Mauer;Gabi.Mauer@yopmail.com;1938-07-23
Shirlee;Harriman;Shirlee.Harriman@yopmail.com;1998-11-20
Kristan;Anderea;Kristan.Anderea@yopmail.com;1970-12-31
Siana;Hilbert;Siana.Hilbert@yopmail.com;2014-06-06
Fredericka;Crudden;Fredericka.Crudden@yopmail.com;1980-01-18
Dale;Ashely;Dale.Ashely@yopmail.com;1942-04-20
Lita;Tiffa;Lita.Tiffa@yopmail.com;1905-06-08
Kelly;Percy;Kelly.Percy@yopmail.com;1904-03-17
Paulita;Philoo;Paulita.Philoo@yopmail.com;1914-06-09
Jaclyn;Jillane;Jaclyn.Jillane@yopmail.com;1961-02-20
Janey;Edmund;Janey.Edmund@yopmail.com;1936-09-24
Luci;Schonfeld;Luci.Schonfeld@yopmail.com;1998-07-14
Jan;Smitt;Jan.Smitt@yopmail.com;1934-08-07
Arabel;Pulsifer;Arabel.Pulsifer@yopmail.com;1988-09-16
Damaris;Brittani;Damaris.Brittani@yopmail.com;2016-11-29
Dulcinea;Donoghue;Dulcinea.Donoghue@yopmail.com;1960-02-21
Eve;Bow;Eve.Bow@yopmail.com;2005-10-08
Cordi;Eno;Cordi.Eno@yopmail.com;1991-08-11
Anica;Pitt;Anica.Pitt@yopmail.com;1981-06-03
Amalie;Trey;Amalie.Trey@yopmail.com;1955-04-03
Melina;Uund;Melina.Uund@yopmail.com;1961-05-27
Violet;Glovsky;Violet.Glovsky@yopmail.com;2007-06-09
Farrah;Natica;Farrah.Natica@yopmail.com;1933-02-27
Beth;Hartnett;Beth.Hartnett@yopmail.com;1971-10-13
Xylina;Buffum;Xylina.Buffum@yopmail.com;1975-02-21
Odessa;Lesley;Odessa.Lesley@yopmail.com;1919-12-28
Melodie;Hollingsworth;Melodie.Hollingsworth@yopmail.com;1930-09-20
Lucy;Kaete;Lucy.Kaete@yopmail.com;2015-01-07
Trixi;Diogenes;Trixi.Diogenes@yopmail.com;2017-08-30
Fayre;Aprile;Fayre.Aprile@yopmail.com;1934-04-01
Teriann;Ciro;Teriann.Ciro@yopmail.com;1955-04-18
Noelle;Colbert;Noelle.Colbert@yopmail.com;1915-04-14
Tersina;Phaidra;Tersina.Phaidra@yopmail.com;1917-10-19
Teddie;Friede;Teddie.Friede@yopmail.com;1954-11-07
Ketti;Hamil;Ketti.Hamil@yopmail.com;1928-10-01
Iseabal;Flyn;Iseabal.Flyn@yopmail.com;1958-01-07
Michaelina;Septima;Michaelina.Septima@yopmail.com;2019-03-15
Pollyanna;Cadmar;Pollyanna.Cadmar@yopmail.com;1942-04-23
Aurore;Wandie;Aurore.Wandie@yopmail.com;1902-06-02
Priscilla;Mich;Priscilla.Mich@yopmail.com;1984-04-04
Perry;Larochelle;Perry.Larochelle@yopmail.com;1961-12-25
Georgetta;Burch;Georgetta.Burch@yopmail.com;1946-07-18
Merrie;Velick;Merrie.Velick@yopmail.com;1915-12-27
Mathilda;Bronk;Mathilda.Bronk@yopmail.com;2016-05-14
Caryl;Geffner;Caryl.Geffner@yopmail.com;1936-07-13
Willetta;Kolnick;Willetta.Kolnick@yopmail.com;1901-08-22
Ariela;Eckblad;Ariela.Eckblad@yopmail.com;1988-01-18
Ebonee;Adlare;Ebonee.Adlare@yopmail.com;1955-11-09
Margarette;Brian;Margarette.Brian@yopmail.com;1955-08-19
Anestassia;Jethro;Anestassia.Jethro@yopmail.com;1980-08-24
Di;Dom;Di.Dom@yopmail.com;1905-09-12
Carree;Genna;Carree.Genna@yopmail.com;1901-01-20
Dianemarie;Thornburg;Dianemarie.Thornburg@yopmail.com;1904-09-17
Dagmar;Ethban;Dagmar.Ethban@yopmail.com;1914-12-29
Lorenza;Loring;Lorenza.Loring@yopmail.com;1924-07-19
Asia;Shirberg;Asia.Shirberg@yopmail.com;1925-11-18
Donetta;Zenas;Donetta.Zenas@yopmail.com;1930-01-13
Robbi;Janith;Robbi.Janith@yopmail.com;1958-12-16
Isa;Solitta;Isa.Solitta@yopmail.com;1924-07-14