firstname;lastname;email;Field Name
Ilse;Hourigan;Ilse.Hourigan@yopmail.com;1934-10-18
Penelopa;Muriel;Penelopa.Muriel@yopmail.com;1970-08-19
Petronia;Medrek;Petronia.Medrek@yopmail.com;1942-08-25
Blake;Ortrude;Blake.Ortrude@yopmail.com;2013-03-26
Aaren;Stoller;Aaren.Stoller@yopmail.com;1949-05-25
Cherrita;Lipson;Cherrita.Lipson@yopmail.com;1982-09-30
Ada;Yusuk;Ada.Yusuk@yopmail.com;1909-01-30
Selma;Corrine;Selma.Corrine@yopmail.com;1962-03-09
Lily;Wolfgram;Lily.Wolfgram@yopmail.com;1933-06-10
Cathie;Federica;Cathie.Federica@yopmail.com;1935-04-17
Marnia;Claudine;Marnia.Claudine@yopmail.com;1919-04-21
Drucie;Kunin;Drucie.Kunin@yopmail.com;1976-12-22
Aimil;Zetta;Aimil.Zetta@yopmail.com;2019-04-29
Mady;Eiser;Mady.Eiser@yopmail.com;1905-01-15
Karlee;Eben;Karlee.Eben@yopmail.com;1932-03-18
Antonietta;Pitt;Antonietta.Pitt@yopmail.com;1975-03-16
Antonietta;Katrine;Antonietta.Katrine@yopmail.com;1950-05-22
Christal;Maurine;Christal.Maurine@yopmail.com;1938-06-23
Arlina;Barney;Arlina.Barney@yopmail.com;1917-04-08
Livvyy;Cecile;Livvyy.Cecile@yopmail.com;1988-12-26
Kristina;Karl;Kristina.Karl@yopmail.com;1977-09-04
Kellen;Harl;Kellen.Harl@yopmail.com;1939-03-08
Philis;Corilla;Philis.Corilla@yopmail.com;1940-08-07
Maridel;Durante;Maridel.Durante@yopmail.com;1901-07-20
Lindie;Ahab;Lindie.Ahab@yopmail.com;1909-08-11
Vonny;Gaynor;Vonny.Gaynor@yopmail.com;1922-01-21
Sandie;Olnee;Sandie.Olnee@yopmail.com;1916-10-30
Beatriz;Lilybelle;Beatriz.Lilybelle@yopmail.com;1926-10-22
Aubrie;Merna;Aubrie.Merna@yopmail.com;2001-01-02
Maye;Adore;Maye.Adore@yopmail.com;2010-06-09
Nannie;Monaco;Nannie.Monaco@yopmail.com;2005-05-21
Aili;Irmine;Aili.Irmine@yopmail.com;2000-07-17
Trixi;Odell;Trixi.Odell@yopmail.com;1961-06-21
Nannie;Wittie;Nannie.Wittie@yopmail.com;1929-11-08
Carmencita;Wilkinson;Carmencita.Wilkinson@yopmail.com;1965-02-28
Allis;Alarise;Allis.Alarise@yopmail.com;1963-03-01
Chickie;Trace;Chickie.Trace@yopmail.com;1923-09-03
Brianna;Ephrem;Brianna.Ephrem@yopmail.com;1999-04-20
Carilyn;Ciro;Carilyn.Ciro@yopmail.com;1916-02-25
Emmey;Ethban;Emmey.Ethban@yopmail.com;2000-12-12
Moyna;Sandye;Moyna.Sandye@yopmail.com;1956-11-18
Ivett;Mott;Ivett.Mott@yopmail.com;1937-10-14
Jinny;Carmena;Jinny.Carmena@yopmail.com;1944-03-24
Chloris;Riordan;Chloris.Riordan@yopmail.com;1988-07-29
Helena;Nikaniki;Helena.Nikaniki@yopmail.com;1993-02-14
Kelly;Havens;Kelly.Havens@yopmail.com;1989-07-01
Dulce;An;Dulce.An@yopmail.com;1947-09-07
Sharai;Lindemann;Sharai.Lindemann@yopmail.com;1931-12-27
Gratia;Margarete;Gratia.Margarete@yopmail.com;1956-09-12
Celisse;Weitman;Celisse.Weitman@yopmail.com;1920-02-18
Averyl;Johnsson;Averyl.Johnsson@yopmail.com;1989-05-26
Kathi;Bergman;Kathi.Bergman@yopmail.com;1955-12-20
Edith;Corrine;Edith.Corrine@yopmail.com;1922-11-14
Cassondra;Bollay;Cassondra.Bollay@yopmail.com;1962-10-11
Britte;Dom;Britte.Dom@yopmail.com;2002-06-08
Jenilee;Corabella;Jenilee.Corabella@yopmail.com;2009-10-10
Magdalena;Bonilla;Magdalena.Bonilla@yopmail.com;1933-12-22
Emmey;Carvey;Emmey.Carvey@yopmail.com;1992-03-26
Tressa;Dalli;Tressa.Dalli@yopmail.com;1964-03-28
Alia;Toni;Alia.Toni@yopmail.com;1910-08-11
Viviene;Rheingold;Viviene.Rheingold@yopmail.com;1957-10-06
Peri;Baptlsta;Peri.Baptlsta@yopmail.com;2007-11-15
Krystle;Heisel;Krystle.Heisel@yopmail.com;1974-05-01
Bernardine;Leffen;Bernardine.Leffen@yopmail.com;1900-11-22
Barbi;Abbot;Barbi.Abbot@yopmail.com;1980-01-01
Dania;Roarke;Dania.Roarke@yopmail.com;1970-10-26
Lorne;Fitzsimmons;Lorne.Fitzsimmons@yopmail.com;1948-10-09
Brianna;Malvino;Brianna.Malvino@yopmail.com;1948-03-17
Adele;Orpah;Adele.Orpah@yopmail.com;1987-10-16
Lexine;Sharl;Lexine.Sharl@yopmail.com;2004-09-28
Dorene;Burkle;Dorene.Burkle@yopmail.com;1961-12-24
Trudie;Hillel;Trudie.Hillel@yopmail.com;1932-03-05
Edee;Mintz;Edee.Mintz@yopmail.com;2004-02-14
Jessamyn;Camden;Jessamyn.Camden@yopmail.com;1913-11-26
Dari;Baylor;Dari.Baylor@yopmail.com;1975-12-03
Tarra;Greyson;Tarra.Greyson@yopmail.com;1977-04-30
Doralynne;MacIntosh;Doralynne.MacIntosh@yopmail.com;1900-05-04
Andeee;Lilas;Andeee.Lilas@yopmail.com;1995-08-18
Ulrike;Duwalt;Ulrike.Duwalt@yopmail.com;1968-03-30
Sissy;Kirstin;Sissy.Kirstin@yopmail.com;1911-03-23
Jinny;Vins;Jinny.Vins@yopmail.com;1916-03-16
Cyndie;Lubin;Cyndie.Lubin@yopmail.com;1927-12-15
Larine;Garlinda;Larine.Garlinda@yopmail.com;1993-07-10
Arabel;Maroney;Arabel.Maroney@yopmail.com;1924-02-05
Wendi;Eachern;Wendi.Eachern@yopmail.com;1907-04-16
Demetris;Parette;Demetris.Parette@yopmail.com;1953-10-05
Shel;Shama;Shel.Shama@yopmail.com;1907-04-26
Kaia;Cordi;Kaia.Cordi@yopmail.com;1934-02-02
Mariele;Kronfeld;Mariele.Kronfeld@yopmail.com;2005-07-24
Clarice;Morgun;Clarice.Morgun@yopmail.com;2003-03-22
Blake;Chinua;Blake.Chinua@yopmail.com;1956-11-24
Lonnie;Reneta;Lonnie.Reneta@yopmail.com;1939-11-04
Kayla;Roumell;Kayla.Roumell@yopmail.com;1942-08-23
Mara;Jethro;Mara.Jethro@yopmail.com;1958-08-05
Kristan;Santoro;Kristan.Santoro@yopmail.com;1943-07-03
Lacie;Arley;Lacie.Arley@yopmail.com;1981-12-25
Harrietta;Bandeen;Harrietta.Bandeen@yopmail.com;2018-06-17
Rani;Martsen;Rani.Martsen@yopmail.com;1918-11-21
Tybie;Kussell;Tybie.Kussell@yopmail.com;1991-11-13
Mildrid;Vittoria;Mildrid.Vittoria@yopmail.com;1958-05-16
Etta;Dermott;Etta.Dermott@yopmail.com;1987-01-21
Aryn;Parsaye;Aryn.Parsaye@yopmail.com;1931-12-22
Esmeralda;Persse;Esmeralda.Persse@yopmail.com;1992-11-09
Frieda;Cressida;Frieda.Cressida@yopmail.com;1990-08-19
Cathyleen;Rogerio;Cathyleen.Rogerio@yopmail.com;1978-03-06
Sharlene;Hazlett;Sharlene.Hazlett@yopmail.com;1927-11-17
Florie;Bach;Florie.Bach@yopmail.com;1956-04-27
Clo;Larochelle;Clo.Larochelle@yopmail.com;1974-06-30
Darci;Zetta;Darci.Zetta@yopmail.com;1923-04-29
Monika;Hessler;Monika.Hessler@yopmail.com;1939-10-13
Brynna;Ietta;Brynna.Ietta@yopmail.com;1903-07-02
Frieda;Bohlin;Frieda.Bohlin@yopmail.com;1967-11-08
Lizzie;Edee;Lizzie.Edee@yopmail.com;1961-08-05
Mallory;Kaete;Mallory.Kaete@yopmail.com;1963-04-16
Celisse;Keily;Celisse.Keily@yopmail.com;1912-09-15
Edyth;Kaja;Edyth.Kaja@yopmail.com;1959-06-11
Olwen;Leopold;Olwen.Leopold@yopmail.com;1924-10-19
Bertine;Sothena;Bertine.Sothena@yopmail.com;2010-02-21
Jaclyn;Rozanna;Jaclyn.Rozanna@yopmail.com;1964-04-28
Teriann;Catie;Teriann.Catie@yopmail.com;1938-06-05
Delilah;Suzetta;Delilah.Suzetta@yopmail.com;1965-04-02
Starla;Nester;Starla.Nester@yopmail.com;1998-11-29
Coral;Euridice;Coral.Euridice@yopmail.com;1944-01-15
Jan;Suanne;Jan.Suanne@yopmail.com;1967-09-23
Alia;Kermit;Alia.Kermit@yopmail.com;1934-04-23
Aurore;Letsou;Aurore.Letsou@yopmail.com;1908-04-25
Ekaterina;Wildermuth;Ekaterina.Wildermuth@yopmail.com;1913-04-20
Nonnah;Gilbertson;Nonnah.Gilbertson@yopmail.com;1971-11-17
Deloria;Andrel;Deloria.Andrel@yopmail.com;1926-05-14
Elfreda;Millda;Elfreda.Millda@yopmail.com;1963-01-18
Hermione;Plato;Hermione.Plato@yopmail.com;2006-02-18
Gusty;Suzetta;Gusty.Suzetta@yopmail.com;1915-07-22
Gilligan;Morrill;Gilligan.Morrill@yopmail.com;1967-02-01
Teddie;Ummersen;Teddie.Ummersen@yopmail.com;2015-05-28
Berget;Reinke;Berget.Reinke@yopmail.com;1989-12-05
Mallory;Allare;Mallory.Allare@yopmail.com;2018-03-16
Kaia;Orlene;Kaia.Orlene@yopmail.com;1933-07-08
Mildrid;Alisia;Mildrid.Alisia@yopmail.com;1947-07-11
Roseline;Philipp;Roseline.Philipp@yopmail.com;1987-06-18
Benita;Pettiford;Benita.Pettiford@yopmail.com;1993-06-05
Barbi;Jaylene;Barbi.Jaylene@yopmail.com;1953-07-20
Leanna;Chobot;Leanna.Chobot@yopmail.com;1992-03-24
Ellette;Afton;Ellette.Afton@yopmail.com;1902-12-12
Aeriela;Jess;Aeriela.Jess@yopmail.com;1990-08-17
Ardenia;Germann;Ardenia.Germann@yopmail.com;2002-11-18
Elise;Tufts;Elise.Tufts@yopmail.com;1940-04-10
Romona;Naashom;Romona.Naashom@yopmail.com;1917-01-01
Ilse;Laverne;Ilse.Laverne@yopmail.com;1914-01-05
Zondra;Hanleigh;Zondra.Hanleigh@yopmail.com;1985-10-08
Briney;Ferrell;Briney.Ferrell@yopmail.com;1915-08-29
Jaime;Sammons;Jaime.Sammons@yopmail.com;1948-05-28
Johna;Dosia;Johna.Dosia@yopmail.com;1990-11-29
Lexine;Niccolo;Lexine.Niccolo@yopmail.com;1998-04-07
Dolli;Alva;Dolli.Alva@yopmail.com;2011-10-26
Jenilee;Thunell;Jenilee.Thunell@yopmail.com;1978-09-25
Ann-Marie;Kiyoshi;Ann-Marie.Kiyoshi@yopmail.com;1966-08-29
Cristine;Urania;Cristine.Urania@yopmail.com;1978-01-08
Donetta;Madelene;Donetta.Madelene@yopmail.com;1914-10-08
Althea;Holbrook;Althea.Holbrook@yopmail.com;2000-05-02
Taffy;Joni;Taffy.Joni@yopmail.com;1993-10-31
Petronia;Swigart;Petronia.Swigart@yopmail.com;1981-10-22
Luci;Gamaliel;Luci.Gamaliel@yopmail.com;2001-10-31
Benita;Engdahl;Benita.Engdahl@yopmail.com;1958-12-17
Janey;Thunell;Janey.Thunell@yopmail.com;1936-08-10
Debee;Erlandson;Debee.Erlandson@yopmail.com;1964-09-08
Millie;Pernick;Millie.Pernick@yopmail.com;1997-01-02
Sadie;Gale;Sadie.Gale@yopmail.com;1913-01-17
Candy;Schonfeld;Candy.Schonfeld@yopmail.com;1997-06-24
Constance;Erich;Constance.Erich@yopmail.com;1929-02-18
Agnese;Loleta;Agnese.Loleta@yopmail.com;1980-11-11
Maryellen;Ardeha;Maryellen.Ardeha@yopmail.com;1921-05-16
Carol-Jean;Dex;Carol-Jean.Dex@yopmail.com;1900-08-30
Candi;Thornburg;Candi.Thornburg@yopmail.com;2010-01-22
Goldie;Emanuel;Goldie.Emanuel@yopmail.com;2017-02-04
Pearline;Stacy;Pearline.Stacy@yopmail.com;2014-09-18
Dyann;Haerr;Dyann.Haerr@yopmail.com;1953-05-19
Lanna;Darbie;Lanna.Darbie@yopmail.com;1905-10-26
Cassondra;Ardra;Cassondra.Ardra@yopmail.com;2019-12-31
Kalina;Zola;Kalina.Zola@yopmail.com;1915-03-15
Sharlene;Urania;Sharlene.Urania@yopmail.com;1922-08-17
Kimberley;Nelsen;Kimberley.Nelsen@yopmail.com;2007-08-26
Natka;Sperling;Natka.Sperling@yopmail.com;1925-01-30
Ilse;Ahab;Ilse.Ahab@yopmail.com;1958-02-08
Gaylene;Keily;Gaylene.Keily@yopmail.com;1936-04-12
Caritta;Buckler;Caritta.Buckler@yopmail.com;1993-05-29
Dari;Regan;Dari.Regan@yopmail.com;1953-11-02
Jessy;Jarib;Jessy.Jarib@yopmail.com;1976-01-22
Orelia;Rolf;Orelia.Rolf@yopmail.com;1987-07-14
Eve;Burnside;Eve.Burnside@yopmail.com;1945-07-08
Andeee;Septima;Andeee.Septima@yopmail.com;1996-03-29
Mara;Shelba;Mara.Shelba@yopmail.com;1992-02-23
Marika;Barney;Marika.Barney@yopmail.com;1968-03-21
Lilith;Hepsibah;Lilith.Hepsibah@yopmail.com;1997-08-07
Gretal;Brunell;Gretal.Brunell@yopmail.com;1968-12-30
Candy;Jaylene;Candy.Jaylene@yopmail.com;1914-10-12
Tina;Bivins;Tina.Bivins@yopmail.com;1936-08-03
Donetta;Jefferey;Donetta.Jefferey@yopmail.com;1900-07-16
Theodora;Dudley;Theodora.Dudley@yopmail.com;1969-08-09
Ethel;Ulphia;Ethel.Ulphia@yopmail.com;1900-03-01
Chastity;Ethban;Chastity.Ethban@yopmail.com;1906-10-01
Merry;Kamaria;Merry.Kamaria@yopmail.com;1920-06-15
Tierney;Edmund;Tierney.Edmund@yopmail.com;1988-03-26
Georgina;Deegan;Georgina.Deegan@yopmail.com;1928-01-21
Gavrielle;Merell;Gavrielle.Merell@yopmail.com;1905-08-10
Philis;Merat;Philis.Merat@yopmail.com;2002-12-09
Sharai;Alwin;Sharai.Alwin@yopmail.com;1968-09-05
Eve;Leifeste;Eve.Leifeste@yopmail.com;1951-08-13
Daryl;Rese;Daryl.Rese@yopmail.com;1916-05-12
Lorenza;Genna;Lorenza.Genna@yopmail.com;1978-02-08
Drucie;Modie;Drucie.Modie@yopmail.com;1915-12-13
Monika;Gabrielli;Monika.Gabrielli@yopmail.com;2016-03-13
Trudie;Glenden;Trudie.Glenden@yopmail.com;1927-10-20
Emilia;Stoller;Emilia.Stoller@yopmail.com;1931-07-16
Ira;Gordon;Ira.Gordon@yopmail.com;1929-03-04
Claudina;Burkle;Claudina.Burkle@yopmail.com;1990-04-17
Di;Jess;Di.Jess@yopmail.com;1976-06-08
Winifred;Romelda;Winifred.Romelda@yopmail.com;1996-05-09
Cassandra;Weide;Cassandra.Weide@yopmail.com;1938-10-03
Lory;Laurianne;Lory.Laurianne@yopmail.com;1959-01-14
Britte;Greenwald;Britte.Greenwald@yopmail.com;1938-05-15
Aryn;Kylander;Aryn.Kylander@yopmail.com;1931-08-28
Keelia;Bach;Keelia.Bach@yopmail.com;2004-03-29
Annecorinne;Schalles;Annecorinne.Schalles@yopmail.com;1907-01-16
Elora;Gert;Elora.Gert@yopmail.com;1908-12-01
Tani;Joachim;Tani.Joachim@yopmail.com;1902-08-30
Ebonee;Cutlerr;Ebonee.Cutlerr@yopmail.com;1994-09-15
Corina;McLaughlin;Corina.McLaughlin@yopmail.com;1911-12-19
Anallese;Sprage;Anallese.Sprage@yopmail.com;1967-02-18
Farrah;Uird;Farrah.Uird@yopmail.com;1978-02-03
Melina;Ax;Melina.Ax@yopmail.com;1976-06-01
Dorthy;Leffen;Dorthy.Leffen@yopmail.com;1974-11-15
Estell;Thar;Estell.Thar@yopmail.com;1959-08-20
Shel;Blake;Shel.Blake@yopmail.com;1988-10-09
Asia;Colleen;Asia.Colleen@yopmail.com;2004-05-30
Gabi;Rugen;Gabi.Rugen@yopmail.com;2001-09-29
Malina;Darbie;Malina.Darbie@yopmail.com;1934-03-06
Kathy;Konyn;Kathy.Konyn@yopmail.com;1946-07-25
Shaylyn;Sadowski;Shaylyn.Sadowski@yopmail.com;1936-03-29
Estell;Shaddock;Estell.Shaddock@yopmail.com;2011-08-21
Cassandra;Lubin;Cassandra.Lubin@yopmail.com;2003-07-20
Lanae;Barney;Lanae.Barney@yopmail.com;1994-10-06
Benita;Argus;Benita.Argus@yopmail.com;2003-07-09
Max;Nea;Max.Nea@yopmail.com;1922-12-14
Petronia;Lea;Petronia.Lea@yopmail.com;1928-11-19
Alie;Daniele;Alie.Daniele@yopmail.com;2003-03-20
Deirdre;Dunkin;Deirdre.Dunkin@yopmail.com;2001-04-18
Janeczka;Lubin;Janeczka.Lubin@yopmail.com;2010-11-01
Dorthy;Raseda;Dorthy.Raseda@yopmail.com;1940-04-02
Lory;Franza;Lory.Franza@yopmail.com;1950-03-10
Carly;Decato;Carly.Decato@yopmail.com;1930-06-01
Annice;Campball;Annice.Campball@yopmail.com;2011-07-07
Valeda;Hieronymus;Valeda.Hieronymus@yopmail.com;1902-11-13
Max;Dash;Max.Dash@yopmail.com;1902-12-08
Meg;Edison;Meg.Edison@yopmail.com;1998-12-14
Frank;Hubert;Frank.Hubert@yopmail.com;1925-05-19
Joy;Hourigan;Joy.Hourigan@yopmail.com;2010-12-31
Nerta;Hunfredo;Nerta.Hunfredo@yopmail.com;1973-04-06
Dorthy;Vorster;Dorthy.Vorster@yopmail.com;1991-02-23
Cherrita;Schroth;Cherrita.Schroth@yopmail.com;1931-02-21
Minne;Neva;Minne.Neva@yopmail.com;1993-01-31
Cyndie;Drus;Cyndie.Drus@yopmail.com;1980-12-17
Kore;Nerita;Kore.Nerita@yopmail.com;1916-05-13
Margette;Aprile;Margette.Aprile@yopmail.com;1927-02-09
Mildrid;Pierette;Mildrid.Pierette@yopmail.com;1906-02-21
Dotty;Thomasina;Dotty.Thomasina@yopmail.com;2007-03-12
Ira;Fairweather;Ira.Fairweather@yopmail.com;1982-05-19
Stevana;Germann;Stevana.Germann@yopmail.com;1986-08-20
Arabel;Lilybelle;Arabel.Lilybelle@yopmail.com;1917-11-02
Ada;Devlen;Ada.Devlen@yopmail.com;1908-05-29
Renie;Whiffen;Renie.Whiffen@yopmail.com;1993-12-31
Sean;Esmaria;Sean.Esmaria@yopmail.com;1991-06-03
Iseabal;Chesna;Iseabal.Chesna@yopmail.com;2019-05-04
Vinita;Ummersen;Vinita.Ummersen@yopmail.com;1915-06-16
Molli;Blake;Molli.Blake@yopmail.com;2007-05-03
Penelopa;Bandeen;Penelopa.Bandeen@yopmail.com;1912-05-21
Hermione;Joseph;Hermione.Joseph@yopmail.com;1988-12-02
Ana;Reinke;Ana.Reinke@yopmail.com;1940-04-27
Alex;Thornburg;Alex.Thornburg@yopmail.com;1943-05-26
Gui;Hubert;Gui.Hubert@yopmail.com;1969-05-03
Jany;Schalles;Jany.Schalles@yopmail.com;1991-01-09
Joleen;Capello;Joleen.Capello@yopmail.com;2002-05-22
Fanchon;Penelopa;Fanchon.Penelopa@yopmail.com;1950-03-08
Merle;Primalia;Merle.Primalia@yopmail.com;2010-10-07
Joeann;Konyn;Joeann.Konyn@yopmail.com;1909-07-02
Ninnetta;Wittie;Ninnetta.Wittie@yopmail.com;1983-03-23
Ricky;Jerold;Ricky.Jerold@yopmail.com;1902-08-28
Aeriela;Terencio;Aeriela.Terencio@yopmail.com;1961-11-14
Yetty;Schonfeld;Yetty.Schonfeld@yopmail.com;1921-11-29
Annora;Stevy;Annora.Stevy@yopmail.com;1992-11-17
Carol-Jean;Wallis;Carol-Jean.Wallis@yopmail.com;1990-04-30
Fanchon;Guildroy;Fanchon.Guildroy@yopmail.com;1921-02-24
Ethel;Arquit;Ethel.Arquit@yopmail.com;1916-05-06
Meg;Matthew;Meg.Matthew@yopmail.com;2016-10-19
Ezmeralda;Hubert;Ezmeralda.Hubert@yopmail.com;2008-07-03
Madeleine;Fredi;Madeleine.Fredi@yopmail.com;2006-12-27
Edee;Francene;Edee.Francene@yopmail.com;2011-01-31
Hannis;Natalia;Hannis.Natalia@yopmail.com;2013-11-24
Damaris;Merell;Damaris.Merell@yopmail.com;1918-07-11
Ariela;Pillsbury;Ariela.Pillsbury@yopmail.com;2017-06-19
Roz;Dalli;Roz.Dalli@yopmail.com;1914-08-09
Ingrid;Chobot;Ingrid.Chobot@yopmail.com;1994-03-08
Fidelia;Jefferey;Fidelia.Jefferey@yopmail.com;1904-04-22
Clary;Medrek;Clary.Medrek@yopmail.com;1939-03-08
Annaliese;Leffen;Annaliese.Leffen@yopmail.com;2011-09-05
Vonny;Helve;Vonny.Helve@yopmail.com;1980-05-05
Hildegaard;Kauppi;Hildegaard.Kauppi@yopmail.com;1956-02-27
Noelle;Hepsibah;Noelle.Hepsibah@yopmail.com;1997-09-19
Jessy;Ellerey;Jessy.Ellerey@yopmail.com;2012-06-08
Danika;Monk;Danika.Monk@yopmail.com;1991-09-12
Aeriela;Norrie;Aeriela.Norrie@yopmail.com;1919-10-30
Maryellen;Toffic;Maryellen.Toffic@yopmail.com;2008-04-28
Kellen;Tengdin;Kellen.Tengdin@yopmail.com;2016-06-20
Candi;Loeb;Candi.Loeb@yopmail.com;1987-01-24
Moyna;Nea;Moyna.Nea@yopmail.com;1904-02-26
Bee;Afton;Bee.Afton@yopmail.com;1995-10-28
Rosanne;Danby;Rosanne.Danby@yopmail.com;2008-04-14
Fawne;Cordi;Fawne.Cordi@yopmail.com;1967-03-05
Dennie;Israeli;Dennie.Israeli@yopmail.com;1953-06-11
Briney;Maiah;Briney.Maiah@yopmail.com;1972-07-19
Maisey;Rolf;Maisey.Rolf@yopmail.com;1907-02-04
Candy;Infield;Candy.Infield@yopmail.com;1911-08-03
Jenilee;Andrel;Jenilee.Andrel@yopmail.com;1915-08-02
Katuscha;Kiersten;Katuscha.Kiersten@yopmail.com;1939-05-06
Althea;Ade;Althea.Ade@yopmail.com;1996-03-02
Michaelina;Noman;Michaelina.Noman@yopmail.com;1938-07-01
Quintina;Burkle;Quintina.Burkle@yopmail.com;1994-06-02
Merci;Pettiford;Merci.Pettiford@yopmail.com;1955-12-25
Jobi;Shaddock;Jobi.Shaddock@yopmail.com;1944-03-24
Stephanie;Bivins;Stephanie.Bivins@yopmail.com;2009-01-08
Trudie;Vilma;Trudie.Vilma@yopmail.com;1913-04-15
Kaia;Jagir;Kaia.Jagir@yopmail.com;1933-08-16
Barbi;Hathaway;Barbi.Hathaway@yopmail.com;2001-04-13
Henriette;Felecia;Henriette.Felecia@yopmail.com;1951-11-14
Vinita;Gerge;Vinita.Gerge@yopmail.com;1955-05-21
Sallie;Cherianne;Sallie.Cherianne@yopmail.com;2019-08-20
Jere;Krystle;Jere.Krystle@yopmail.com;1955-04-03
Sindee;Manolo;Sindee.Manolo@yopmail.com;1931-01-14
Jorry;Lewes;Jorry.Lewes@yopmail.com;1938-12-24
Jobi;Damarra;Jobi.Damarra@yopmail.com;1921-08-26
Gwyneth;Roarke;Gwyneth.Roarke@yopmail.com;1995-10-19
Katleen;Joni;Katleen.Joni@yopmail.com;1978-08-13
Elyssa;Lynn;Elyssa.Lynn@yopmail.com;2006-01-20
Antonietta;Dalli;Antonietta.Dalli@yopmail.com;1991-07-28
Sharlene;Chandler;Sharlene.Chandler@yopmail.com;1977-07-22
Halette;Eno;Halette.Eno@yopmail.com;2017-05-17
Eugine;Sacken;Eugine.Sacken@yopmail.com;1924-10-25
Carmencita;Konyn;Carmencita.Konyn@yopmail.com;1982-11-02
Ileana;Anyah;Ileana.Anyah@yopmail.com;1967-11-29
Albertina;Cadmar;Albertina.Cadmar@yopmail.com;1912-06-09
Jean;Ajay;Jean.Ajay@yopmail.com;1990-11-04
Gerianna;Bendick;Gerianna.Bendick@yopmail.com;1988-01-09
Kylynn;Mich;Kylynn.Mich@yopmail.com;1963-12-31
Brooks;Mitzi;Brooks.Mitzi@yopmail.com;1928-12-09
Jeanna;Earlie;Jeanna.Earlie@yopmail.com;1924-08-27
Janey;Cutlerr;Janey.Cutlerr@yopmail.com;1940-02-14
Carmela;Friede;Carmela.Friede@yopmail.com;1927-12-30
Sarette;Gaulin;Sarette.Gaulin@yopmail.com;1945-07-02
Gratia;Carvey;Gratia.Carvey@yopmail.com;1947-05-14
Kittie;Hieronymus;Kittie.Hieronymus@yopmail.com;1911-05-13
Dione;Tremayne;Dione.Tremayne@yopmail.com;1937-04-08
Donnie;Tristram;Donnie.Tristram@yopmail.com;1943-08-10
Lita;Fontana;Lita.Fontana@yopmail.com;1999-09-23
Bernardine;Stover;Bernardine.Stover@yopmail.com;1933-06-29
Priscilla;Dulciana;Priscilla.Dulciana@yopmail.com;1912-10-15
Alleen;Albertine;Alleen.Albertine@yopmail.com;1976-02-09
Lulita;Whittaker;Lulita.Whittaker@yopmail.com;2016-10-05
Emma;Talia;Emma.Talia@yopmail.com;1954-12-26
Fidelia;Imelida;Fidelia.Imelida@yopmail.com;1994-03-01
Florie;Libna;Florie.Libna@yopmail.com;2014-02-10
Daune;Dom;Daune.Dom@yopmail.com;1983-11-09
Olwen;Giff;Olwen.Giff@yopmail.com;1958-10-09
Dorene;Mott;Dorene.Mott@yopmail.com;1954-11-27
Tobe;Chandler;Tobe.Chandler@yopmail.com;2010-06-19
Kylynn;Manolo;Kylynn.Manolo@yopmail.com;1975-11-28
Rori;Lutero;Rori.Lutero@yopmail.com;1981-12-04
Ingrid;Cyrie;Ingrid.Cyrie@yopmail.com;2009-07-24
Aryn;Sothena;Aryn.Sothena@yopmail.com;1919-05-29
Leia;Goth;Leia.Goth@yopmail.com;1996-05-02
Rani;Percy;Rani.Percy@yopmail.com;1921-10-26
Mallory;Pearse;Mallory.Pearse@yopmail.com;1935-05-22
Daryl;Helve;Daryl.Helve@yopmail.com;1989-10-06
Beatriz;Elephus;Beatriz.Elephus@yopmail.com;2010-03-17
Max;Noelyn;Max.Noelyn@yopmail.com;2002-04-24
Candy;Manolo;Candy.Manolo@yopmail.com;1994-03-24
Stacey;Raama;Stacey.Raama@yopmail.com;1900-08-15
Nanete;Raul;Nanete.Raul@yopmail.com;1964-08-28
Elyssa;Raul;Elyssa.Raul@yopmail.com;1957-01-17
Lisette;Trinetta;Lisette.Trinetta@yopmail.com;2009-02-09
Maye;Maisey;Maye.Maisey@yopmail.com;2004-04-22
Paulita;Wilona;Paulita.Wilona@yopmail.com;2006-10-24
Claresta;Xerxes;Claresta.Xerxes@yopmail.com;2008-09-16
Ursulina;Hunfredo;Ursulina.Hunfredo@yopmail.com;1931-11-09
Tiffie;Persse;Tiffie.Persse@yopmail.com;2011-11-15
Sophia;Baptlsta;Sophia.Baptlsta@yopmail.com;1936-02-06
Pearline;Donell;Pearline.Donell@yopmail.com;1908-04-04
Teriann;Adamsen;Teriann.Adamsen@yopmail.com;1986-01-09
Elise;Podvin;Elise.Podvin@yopmail.com;1963-07-27
Althea;Pitt;Althea.Pitt@yopmail.com;1982-03-24
Miquela;Greyson;Miquela.Greyson@yopmail.com;1999-02-17
Kirstin;Kendrick;Kirstin.Kendrick@yopmail.com;1983-03-26
Jordan;Nicoline;Jordan.Nicoline@yopmail.com;1929-10-13
Briney;Brackely;Briney.Brackely@yopmail.com;1986-05-18
Lyssa;Munn;Lyssa.Munn@yopmail.com;1938-01-25
Katuscha;Leifeste;Katuscha.Leifeste@yopmail.com;1958-01-26
Wilma;Chaing;Wilma.Chaing@yopmail.com;1916-03-16
Sheelagh;Fancie;Sheelagh.Fancie@yopmail.com;1976-01-15
Annora;Curren;Annora.Curren@yopmail.com;1985-08-30
Calla;Bevin;Calla.Bevin@yopmail.com;1944-11-12
Danika;Norrie;Danika.Norrie@yopmail.com;1903-06-23
Anthia;Wenda;Anthia.Wenda@yopmail.com;1934-08-27
Elvira;Norvol;Elvira.Norvol@yopmail.com;1957-04-04
Noelle;Magnolia;Noelle.Magnolia@yopmail.com;1927-06-15
Lucy;Freddi;Lucy.Freddi@yopmail.com;1997-08-04
Jobi;Ariella;Jobi.Ariella@yopmail.com;1996-03-09
Feliza;Dulciana;Feliza.Dulciana@yopmail.com;1973-04-27
Penelopa;Cadmar;Penelopa.Cadmar@yopmail.com;1903-05-31
Mildrid;Diogenes;Mildrid.Diogenes@yopmail.com;1942-12-11
Vevay;Loleta;Vevay.Loleta@yopmail.com;1976-04-03
Cathie;Kinnard;Cathie.Kinnard@yopmail.com;1937-03-31
Renae;Trace;Renae.Trace@yopmail.com;1914-07-23
Mahalia;Willie;Mahalia.Willie@yopmail.com;2010-07-06
Gretal;Pelagias;Gretal.Pelagias@yopmail.com;1959-02-15
Misha;Bahr;Misha.Bahr@yopmail.com;1969-02-27
Di;Kendrick;Di.Kendrick@yopmail.com;1943-01-11
Marcy;Bigner;Marcy.Bigner@yopmail.com;1933-12-11
Mellicent;Gower;Mellicent.Gower@yopmail.com;1963-01-30
Nessie;Lipson;Nessie.Lipson@yopmail.com;2019-04-09
Aurelie;Couture;Aurelie.Couture@yopmail.com;2012-08-02
Myriam;Henrie;Myriam.Henrie@yopmail.com;1912-11-07
Rhea;Louanna;Rhea.Louanna@yopmail.com;1923-11-03
Sandie;Keelia;Sandie.Keelia@yopmail.com;1940-09-01
Micheline;Narton;Micheline.Narton@yopmail.com;1975-08-25
Barbara;Barney;Barbara.Barney@yopmail.com;2013-03-03
Starla;Judye;Starla.Judye@yopmail.com;2013-05-30
Hollie;Bryna;Hollie.Bryna@yopmail.com;1927-04-28
Lusa;Publia;Lusa.Publia@yopmail.com;2016-12-01
Dulce;Eachern;Dulce.Eachern@yopmail.com;1910-02-17
Gianina;Argus;Gianina.Argus@yopmail.com;2003-02-23
Yvonne;Lane;Yvonne.Lane@yopmail.com;2013-11-01
Ekaterina;Henrie;Ekaterina.Henrie@yopmail.com;1908-06-03
Alie;Magdalen;Alie.Magdalen@yopmail.com;1921-06-01
Trixi;Carri;Trixi.Carri@yopmail.com;1993-01-26
Basia;Pond;Basia.Pond@yopmail.com;1936-05-29
Gianina;Gale;Gianina.Gale@yopmail.com;1907-11-22
Mureil;Millda;Mureil.Millda@yopmail.com;1953-01-16
Louella;Saint;Louella.Saint@yopmail.com;1926-10-14
Donnie;Granoff;Donnie.Granoff@yopmail.com;1968-06-22
Gusella;Tice;Gusella.Tice@yopmail.com;1946-01-12
Ninnetta;Margarete;Ninnetta.Margarete@yopmail.com;1914-05-19
Ricky;Marcellus;Ricky.Marcellus@yopmail.com;1931-01-25
Dorice;Meli;Dorice.Meli@yopmail.com;1930-03-09
Sara-Ann;Oneida;Sara-Ann.Oneida@yopmail.com;1996-05-02
Fidelia;Loeb;Fidelia.Loeb@yopmail.com;1957-11-27
Robbi;Koziara;Robbi.Koziara@yopmail.com;1976-08-12
Frieda;Estella;Frieda.Estella@yopmail.com;1946-10-14
Hallie;Macey;Hallie.Macey@yopmail.com;1965-08-12
Dorthy;Avi;Dorthy.Avi@yopmail.com;1983-04-10
Vevay;Mozelle;Vevay.Mozelle@yopmail.com;1929-12-24
Cassondra;Monk;Cassondra.Monk@yopmail.com;1998-05-10
Bernie;Redmond;Bernie.Redmond@yopmail.com;1991-06-26
Kellen;Dannye;Kellen.Dannye@yopmail.com;2016-05-03
Amara;Tacye;Amara.Tacye@yopmail.com;1946-04-18
Gwenneth;Fennessy;Gwenneth.Fennessy@yopmail.com;1939-04-03
Dyann;Slifka;Dyann.Slifka@yopmail.com;1971-09-11
Jemie;Casimir;Jemie.Casimir@yopmail.com;1963-03-14
Hermione;Natica;Hermione.Natica@yopmail.com;1904-10-27
Dorene;Natalia;Dorene.Natalia@yopmail.com;1905-06-20
Emylee;Teddman;Emylee.Teddman@yopmail.com;1905-03-24
Siana;Auberbach;Siana.Auberbach@yopmail.com;1919-02-03
Sindee;Gale;Sindee.Gale@yopmail.com;2016-08-19
Agathe;Uird;Agathe.Uird@yopmail.com;1959-05-12
Carmela;Gerge;Carmela.Gerge@yopmail.com;1956-05-22
Priscilla;Zola;Priscilla.Zola@yopmail.com;2017-08-04
Ofilia;Mitzi;Ofilia.Mitzi@yopmail.com;1915-12-30
Lucy;Johanna;Lucy.Johanna@yopmail.com;1997-04-16
Dacia;Selway;Dacia.Selway@yopmail.com;2006-01-02
Cam;Fabiola;Cam.Fabiola@yopmail.com;1979-03-26
Kristina;Madox;Kristina.Madox@yopmail.com;1910-07-15
Gratia;Teddman;Gratia.Teddman@yopmail.com;1981-04-07
Amii;Fleeta;Amii.Fleeta@yopmail.com;1986-12-11
Georgetta;Tiffa;Georgetta.Tiffa@yopmail.com;1980-01-26
Dorene;Moseley;Dorene.Moseley@yopmail.com;1921-11-08
Karlee;Eldrid;Karlee.Eldrid@yopmail.com;1976-07-21
Pamella;Fink;Pamella.Fink@yopmail.com;1942-09-29
Susette;Isidore;Susette.Isidore@yopmail.com;1983-12-28
Katleen;Brunell;Katleen.Brunell@yopmail.com;1914-05-11
Elie;Tacye;Elie.Tacye@yopmail.com;2003-08-04
Gratia;Merna;Gratia.Merna@yopmail.com;1918-11-01
Belva;Wooster;Belva.Wooster@yopmail.com;1931-04-07
Carree;Martsen;Carree.Martsen@yopmail.com;1998-12-13
Jolyn;Ackerley;Jolyn.Ackerley@yopmail.com;1984-03-30
Gwenneth;Regan;Gwenneth.Regan@yopmail.com;2017-01-02
Bernie;Mata;Bernie.Mata@yopmail.com;1970-01-04
Nollie;Rona;Nollie.Rona@yopmail.com;2006-09-15
Beth;Marlie;Beth.Marlie@yopmail.com;1971-01-23
Valera;Wilkinson;Valera.Wilkinson@yopmail.com;1923-10-09
Kenna;Pearse;Kenna.Pearse@yopmail.com;1983-08-12
Taffy;Ciro;Taffy.Ciro@yopmail.com;1943-07-12
Paule;Lorain;Paule.Lorain@yopmail.com;1952-04-29
Tersina;Kinnard;Tersina.Kinnard@yopmail.com;1935-07-01
Wynne;Raama;Wynne.Raama@yopmail.com;1901-02-11
Laure;Belanger;Laure.Belanger@yopmail.com;2019-09-27
Tina;Estella;Tina.Estella@yopmail.com;1932-06-02
Florencia;Estella;Florencia.Estella@yopmail.com;1966-07-09
Dorothy;Levey;Dorothy.Levey@yopmail.com;2002-07-11
Gloria;Rossner;Gloria.Rossner@yopmail.com;1916-11-29
Tami;Myrilla;Tami.Myrilla@yopmail.com;1963-03-11
Morganica;Brotherson;Morganica.Brotherson@yopmail.com;2012-12-09
Berta;Allina;Berta.Allina@yopmail.com;1990-11-13
Dotty;Wittie;Dotty.Wittie@yopmail.com;1920-03-28
Elora;Carvey;Elora.Carvey@yopmail.com;1938-07-31
Lanae;Hartnett;Lanae.Hartnett@yopmail.com;1988-04-11
Viki;Raffo;Viki.Raffo@yopmail.com;1994-04-11
Shaine;Mata;Shaine.Mata@yopmail.com;1925-04-07
Noelle;Bettine;Noelle.Bettine@yopmail.com;1930-03-24
Kristan;Barrus;Kristan.Barrus@yopmail.com;1902-12-28
Peri;Margarete;Peri.Margarete@yopmail.com;1945-07-31
Sibella;Ardeha;Sibella.Ardeha@yopmail.com;1973-08-22
Moyna;Serilda;Moyna.Serilda@yopmail.com;1967-03-17
Lolita;Scammon;Lolita.Scammon@yopmail.com;2013-08-25
Iseabal;Stover;Iseabal.Stover@yopmail.com;1958-11-23
Andree;Bohlin;Andree.Bohlin@yopmail.com;1979-07-14
Maisey;Taam;Maisey.Taam@yopmail.com;1931-02-18
Renae;Hanshaw;Renae.Hanshaw@yopmail.com;2015-12-11
Althea;Gaal;Althea.Gaal@yopmail.com;1974-03-15
Karina;Baptlsta;Karina.Baptlsta@yopmail.com;1977-10-06
Kenna;Afton;Kenna.Afton@yopmail.com;1952-06-25
Catrina;Fiann;Catrina.Fiann@yopmail.com;2010-09-05
Alyssa;Pernick;Alyssa.Pernick@yopmail.com;1941-11-08
Etta;Holtz;Etta.Holtz@yopmail.com;1915-11-06
Amii;Gordon;Amii.Gordon@yopmail.com;1951-08-14
Merci;Auberbach;Merci.Auberbach@yopmail.com;2004-09-21
Myriam;Natalia;Myriam.Natalia@yopmail.com;2001-03-01
Mallory;Chauncey;Mallory.Chauncey@yopmail.com;1939-12-23
Joeann;Poppy;Joeann.Poppy@yopmail.com;1993-11-02
Corene;Valerio;Corene.Valerio@yopmail.com;1953-04-21
Florie;Kenney;Florie.Kenney@yopmail.com;1905-03-29
Sophia;Mata;Sophia.Mata@yopmail.com;1981-07-16
Dulcinea;Crudden;Dulcinea.Crudden@yopmail.com;1968-11-07
Heddie;Felizio;Heddie.Felizio@yopmail.com;1915-04-08
Katharina;O'Rourke;Katharina.O'Rourke@yopmail.com;2016-05-29
Merle;Rosemary;Merle.Rosemary@yopmail.com;1989-04-25
Roxane;Fabiola;Roxane.Fabiola@yopmail.com;1999-11-06
Tracey;Anis;Tracey.Anis@yopmail.com;1948-11-18
Selma;Rodmann;Selma.Rodmann@yopmail.com;1992-08-05
Adore;Jacobah;Adore.Jacobah@yopmail.com;2010-12-21
Patricia;Tice;Patricia.Tice@yopmail.com;1905-05-29
Beatriz;Raama;Beatriz.Raama@yopmail.com;1953-12-30
Lisette;Kimmie;Lisette.Kimmie@yopmail.com;1922-12-11
Priscilla;Llovera;Priscilla.Llovera@yopmail.com;1915-12-27
Lauryn;Emmaline;Lauryn.Emmaline@yopmail.com;1961-04-27
Carlie;Chauncey;Carlie.Chauncey@yopmail.com;1910-09-11
Cyndie;Zenas;Cyndie.Zenas@yopmail.com;1997-08-31
Joelly;Naor;Joelly.Naor@yopmail.com;1929-03-24
Rhea;Eachern;Rhea.Eachern@yopmail.com;1946-03-11
Basia;Wilona;Basia.Wilona@yopmail.com;1904-01-14
Nadine;Durante;Nadine.Durante@yopmail.com;1996-03-27
Tomasina;Longfellow;Tomasina.Longfellow@yopmail.com;2002-11-11
Chandra;Dominy;Chandra.Dominy@yopmail.com;1958-06-06
Starla;Pulsifer;Starla.Pulsifer@yopmail.com;1970-06-24
Johna;Ioab;Johna.Ioab@yopmail.com;1903-05-26
Sissy;Schroth;Sissy.Schroth@yopmail.com;1926-05-22
Livvyy;Posner;Livvyy.Posner@yopmail.com;1981-11-30
Danny;Carvey;Danny.Carvey@yopmail.com;1952-06-01
Nickie;Saint;Nickie.Saint@yopmail.com;1985-12-09
Aaren;Fairweather;Aaren.Fairweather@yopmail.com;1926-03-12
Tera;Felizio;Tera.Felizio@yopmail.com;2018-09-08
Hollie;Thar;Hollie.Thar@yopmail.com;2016-09-11
Valera;Jillane;Valera.Jillane@yopmail.com;1990-07-16
Winifred;Nickola;Winifred.Nickola@yopmail.com;1947-01-26
Atlanta;Stover;Atlanta.Stover@yopmail.com;1927-07-31
Melina;Emerson;Melina.Emerson@yopmail.com;1920-06-05
Alie;Cornelia;Alie.Cornelia@yopmail.com;1993-08-31
Karolina;Thomasina;Karolina.Thomasina@yopmail.com;1939-10-26
Orelia;Urias;Orelia.Urias@yopmail.com;1959-05-14
Steffane;Salchunas;Steffane.Salchunas@yopmail.com;1982-12-16
Louella;Truc;Louella.Truc@yopmail.com;1904-06-23
Vonny;Lia;Vonny.Lia@yopmail.com;2004-03-29
Adelle;Means;Adelle.Means@yopmail.com;1903-06-12
Sabina;Lilybelle;Sabina.Lilybelle@yopmail.com;1998-10-22
Anallese;Hunfredo;Anallese.Hunfredo@yopmail.com;1997-06-03
Krystle;Kannry;Krystle.Kannry@yopmail.com;1940-04-09
Wynne;Henebry;Wynne.Henebry@yopmail.com;1994-08-17
Fanchon;Goldina;Fanchon.Goldina@yopmail.com;1952-02-14
Tatiania;Dowski;Tatiania.Dowski@yopmail.com;1938-05-28
Aimil;Bethany;Aimil.Bethany@yopmail.com;1995-03-29
Kittie;Hubert;Kittie.Hubert@yopmail.com;1926-06-08
Feliza;Paton;Feliza.Paton@yopmail.com;1942-05-25
Myrtice;Velick;Myrtice.Velick@yopmail.com;1951-01-20
Elsie;Buttaro;Elsie.Buttaro@yopmail.com;1977-10-28
Laurene;Shuler;Laurene.Shuler@yopmail.com;1934-12-25
Shaine;Skell;Shaine.Skell@yopmail.com;1916-08-01
Collen;Colleen;Collen.Colleen@yopmail.com;1952-10-09
Phylis;Olin;Phylis.Olin@yopmail.com;1993-12-19
Raf;Clie;Raf.Clie@yopmail.com;2004-02-05
Gratia;Weitman;Gratia.Weitman@yopmail.com;1978-02-25
Dyann;Edison;Dyann.Edison@yopmail.com;1968-04-25
Gloria;Lauraine;Gloria.Lauraine@yopmail.com;1917-02-04
Lolita;Redmond;Lolita.Redmond@yopmail.com;1918-10-09
Sallie;Lia;Sallie.Lia@yopmail.com;1966-03-09
Nataline;Belldas;Nataline.Belldas@yopmail.com;2012-09-08
Trixi;Fosque;Trixi.Fosque@yopmail.com;2015-08-19
Camile;Poppy;Camile.Poppy@yopmail.com;2014-12-12
Madeleine;Yoko;Madeleine.Yoko@yopmail.com;1960-08-22
Courtnay;Weitman;Courtnay.Weitman@yopmail.com;2005-05-14
Amalie;Ingra;Amalie.Ingra@yopmail.com;1965-12-06
Shaine;Yoko;Shaine.Yoko@yopmail.com;1949-04-19
Teddie;Fancie;Teddie.Fancie@yopmail.com;1942-11-15
Edith;Aaberg;Edith.Aaberg@yopmail.com;1991-08-24
Nicoli;Durante;Nicoli.Durante@yopmail.com;1954-12-18
Florie;Odell;Florie.Odell@yopmail.com;1979-10-13
Lenna;Bethany;Lenna.Bethany@yopmail.com;1914-01-02
Kirstin;Heidt;Kirstin.Heidt@yopmail.com;2000-08-24
Alie;Gale;Alie.Gale@yopmail.com;1954-09-19
Dorice;Shaddock;Dorice.Shaddock@yopmail.com;1991-09-04
Teriann;Wareing;Teriann.Wareing@yopmail.com;1959-04-19
Lucille;Rugen;Lucille.Rugen@yopmail.com;1941-09-22
Lenna;Boehike;Lenna.Boehike@yopmail.com;1919-03-19
Yetty;Meter;Yetty.Meter@yopmail.com;1947-10-16
Juliane;Ahab;Juliane.Ahab@yopmail.com;1971-07-12
Rochette;Engdahl;Rochette.Engdahl@yopmail.com;1920-09-06
Thalia;Bobbee;Thalia.Bobbee@yopmail.com;1901-06-09
Wanda;Erlandson;Wanda.Erlandson@yopmail.com;1903-01-23
Blinni;Stephie;Blinni.Stephie@yopmail.com;1904-09-19
Frank;Rossner;Frank.Rossner@yopmail.com;1979-07-02
Jackie;Belldas;Jackie.Belldas@yopmail.com;1941-05-14
Kittie;Dearborn;Kittie.Dearborn@yopmail.com;1974-07-03
Angela;Jess;Angela.Jess@yopmail.com;1999-01-28
Kamilah;Rustice;Kamilah.Rustice@yopmail.com;1997-01-02
Annora;Margret;Annora.Margret@yopmail.com;1973-02-04
Amalie;Urias;Amalie.Urias@yopmail.com;1972-07-19
Almeta;Persse;Almeta.Persse@yopmail.com;1945-02-05
Rosanne;Zrike;Rosanne.Zrike@yopmail.com;1990-01-17
Jillayne;Han;Jillayne.Han@yopmail.com;1923-09-21
Glynnis;Rosette;Glynnis.Rosette@yopmail.com;1919-01-07
Gratia;Lewes;Gratia.Lewes@yopmail.com;1917-01-22
Candy;Jehu;Candy.Jehu@yopmail.com;1971-01-12
Raina;Seessel;Raina.Seessel@yopmail.com;1940-10-04
Konstance;Gherardo;Konstance.Gherardo@yopmail.com;2006-09-07
Johna;Vale;Johna.Vale@yopmail.com;1992-12-12
Neila;Egbert;Neila.Egbert@yopmail.com;1988-11-12
Tressa;Drisko;Tressa.Drisko@yopmail.com;2005-12-18
Karolina;Katrine;Karolina.Katrine@yopmail.com;1919-11-05
Mathilda;Sundin;Mathilda.Sundin@yopmail.com;2010-05-10
Antonietta;Delp;Antonietta.Delp@yopmail.com;1907-11-21
Aurelie;Read;Aurelie.Read@yopmail.com;2015-01-13
Meghann;Vivle;Meghann.Vivle@yopmail.com;1984-05-05
Claresta;Merna;Claresta.Merna@yopmail.com;1923-05-28
Sue;Seagraves;Sue.Seagraves@yopmail.com;2011-02-24
Cassandra;Swigart;Cassandra.Swigart@yopmail.com;1926-04-05
Clary;Nester;Clary.Nester@yopmail.com;1911-07-26
Kalina;Harday;Kalina.Harday@yopmail.com;1923-02-28
Babita;Meli;Babita.Meli@yopmail.com;1921-10-02
Betta;Demitria;Betta.Demitria@yopmail.com;1917-04-23
Corry;Wooster;Corry.Wooster@yopmail.com;1935-06-18
Myriam;Aida;Myriam.Aida@yopmail.com;1990-12-04
Paulita;Salchunas;Paulita.Salchunas@yopmail.com;2014-06-13
Kimmy;Lilybelle;Kimmy.Lilybelle@yopmail.com;1978-05-14
Pierette;Redmond;Pierette.Redmond@yopmail.com;1994-11-10
Babita;Hylan;Babita.Hylan@yopmail.com;1931-08-24
Lucille;Daniele;Lucille.Daniele@yopmail.com;1912-12-07
Jasmina;Aaberg;Jasmina.Aaberg@yopmail.com;1978-05-10
Edith;Billye;Edith.Billye@yopmail.com;2014-01-24
Dotty;Bandeen;Dotty.Bandeen@yopmail.com;1988-12-19
Sidoney;Bebe;Sidoney.Bebe@yopmail.com;1926-07-22
Dolli;Bartlett;Dolli.Bartlett@yopmail.com;1921-02-13
Nollie;Paton;Nollie.Paton@yopmail.com;2015-08-09
Edith;Behre;Edith.Behre@yopmail.com;1998-01-20
Marti;Orelee;Marti.Orelee@yopmail.com;1995-06-29
Mireielle;Pearse;Mireielle.Pearse@yopmail.com;1977-01-22
Karly;Tryck;Karly.Tryck@yopmail.com;1999-10-22
Joceline;Craggie;Joceline.Craggie@yopmail.com;2006-01-07
Giustina;Grimbly;Giustina.Grimbly@yopmail.com;1994-03-15
Ermengarde;Konyn;Ermengarde.Konyn@yopmail.com;1946-09-25
Mary;Hanshaw;Mary.Hanshaw@yopmail.com;1904-05-29
Hermione;Lymann;Hermione.Lymann@yopmail.com;2005-11-15
Ilse;Burkle;Ilse.Burkle@yopmail.com;1970-11-02
Nyssa;Mendez;Nyssa.Mendez@yopmail.com;1959-04-02
Chickie;Cullin;Chickie.Cullin@yopmail.com;1946-04-11
Layla;Dichy;Layla.Dichy@yopmail.com;1970-04-04
Nonnah;Uund;Nonnah.Uund@yopmail.com;1933-06-22
Diena;Knowling;Diena.Knowling@yopmail.com;1980-05-07
Phylis;Ardeha;Phylis.Ardeha@yopmail.com;1964-07-22
Valera;Olnee;Valera.Olnee@yopmail.com;1993-11-29
Janeczka;Baptlsta;Janeczka.Baptlsta@yopmail.com;1960-09-16
Rani;Jillane;Rani.Jillane@yopmail.com;1966-01-14
Marleah;Swanhildas;Marleah.Swanhildas@yopmail.com;1993-12-03
Nananne;Means;Nananne.Means@yopmail.com;1923-05-31
Edyth;Girardo;Edyth.Girardo@yopmail.com;2003-08-07
Edee;Pearse;Edee.Pearse@yopmail.com;1986-12-09
Antonietta;Bettine;Antonietta.Bettine@yopmail.com;1938-01-31
Codie;Jeanne;Codie.Jeanne@yopmail.com;1920-10-23
Marti;Saint;Marti.Saint@yopmail.com;1924-10-20
Claresta;Nelsen;Claresta.Nelsen@yopmail.com;1976-10-15
Leeanne;Roche;Leeanne.Roche@yopmail.com;1993-12-25
Calla;Ledah;Calla.Ledah@yopmail.com;2000-08-26
Alejandra;Kauppi;Alejandra.Kauppi@yopmail.com;1927-06-26
Aurelie;Ferino;Aurelie.Ferino@yopmail.com;2007-11-20
Lucy;Sidonius;Lucy.Sidonius@yopmail.com;1916-06-28
Gui;Schonfeld;Gui.Schonfeld@yopmail.com;1928-07-08
Tera;Rese;Tera.Rese@yopmail.com;2010-12-09
Corry;Baylor;Corry.Baylor@yopmail.com;2011-08-16
Larine;O'Rourke;Larine.O'Rourke@yopmail.com;1924-11-19
Ebonee;Garek;Ebonee.Garek@yopmail.com;1972-07-23
Bernie;Ummersen;Bernie.Ummersen@yopmail.com;1951-01-27
Sheelagh;Eugenia;Sheelagh.Eugenia@yopmail.com;2008-04-02
Gilligan;Dunkin;Gilligan.Dunkin@yopmail.com;2006-09-22
Maud;Serilda;Maud.Serilda@yopmail.com;1993-11-25
Celestyna;Adamsen;Celestyna.Adamsen@yopmail.com;1906-12-30
Meg;Nedrud;Meg.Nedrud@yopmail.com;1948-01-29
Daryl;Killigrew;Daryl.Killigrew@yopmail.com;1998-09-09
Sophia;Narton;Sophia.Narton@yopmail.com;2002-11-10
Clementine;Zenas;Clementine.Zenas@yopmail.com;1903-02-21
Aili;Elisha;Aili.Elisha@yopmail.com;1916-04-26
Elmira;Goth;Elmira.Goth@yopmail.com;1902-07-10
Tatiania;Pandolfi;Tatiania.Pandolfi@yopmail.com;1978-09-10
Adriana;Albertine;Adriana.Albertine@yopmail.com;1935-01-04
Dorthy;Baptlsta;Dorthy.Baptlsta@yopmail.com;1901-08-27
Ericka;Ball;Ericka.Ball@yopmail.com;1963-01-19
Hayley;Kiersten;Hayley.Kiersten@yopmail.com;1973-10-13
Hannis;Pitt;Hannis.Pitt@yopmail.com;1947-10-01
Jackie;Mayeda;Jackie.Mayeda@yopmail.com;1978-04-09
Kathi;Podvin;Kathi.Podvin@yopmail.com;2019-09-19
Paulita;Burch;Paulita.Burch@yopmail.com;1945-09-27
Adele;Burch;Adele.Burch@yopmail.com;2018-01-07
Monika;Ietta;Monika.Ietta@yopmail.com;1962-12-21
Dorthy;Hamil;Dorthy.Hamil@yopmail.com;1949-10-26
Mary;Selway;Mary.Selway@yopmail.com;1919-11-09
Vinita;Lenny;Vinita.Lenny@yopmail.com;1970-08-18
Sue;Wittie;Sue.Wittie@yopmail.com;2013-11-26
Merle;Magdalen;Merle.Magdalen@yopmail.com;1938-04-29
Judy;Lia;Judy.Lia@yopmail.com;1928-01-03
Nollie;Lumbard;Nollie.Lumbard@yopmail.com;1993-08-20
Ardenia;Marcellus;Ardenia.Marcellus@yopmail.com;2014-03-16
Ardenia;Geffner;Ardenia.Geffner@yopmail.com;1976-09-06
Kara-Lynn;Montgomery;Kara-Lynn.Montgomery@yopmail.com;1936-05-19
Hermione;Colyer;Hermione.Colyer@yopmail.com;1973-11-23
Laure;Hebner;Laure.Hebner@yopmail.com;1926-10-25
Tersina;Erlandson;Tersina.Erlandson@yopmail.com;1951-03-06
Bettine;Luhe;Bettine.Luhe@yopmail.com;1970-09-15
Consuela;Lenny;Consuela.Lenny@yopmail.com;1975-09-09
Sharlene;Sothena;Sharlene.Sothena@yopmail.com;1943-04-26
Leia;Anis;Leia.Anis@yopmail.com;1971-07-27
Sabina;Nahum;Sabina.Nahum@yopmail.com;1963-12-24
Ardenia;Kenwood;Ardenia.Kenwood@yopmail.com;1973-03-18
Patricia;Ellerey;Patricia.Ellerey@yopmail.com;1996-03-07
Edyth;Soneson;Edyth.Soneson@yopmail.com;2010-12-23
Sibella;Crudden;Sibella.Crudden@yopmail.com;1965-01-11
Hallie;Bigner;Hallie.Bigner@yopmail.com;1910-07-08
Aurelie;Bearnard;Aurelie.Bearnard@yopmail.com;1962-02-05
Renie;Riordan;Renie.Riordan@yopmail.com;1918-08-21
Millie;Ranjiv;Millie.Ranjiv@yopmail.com;2003-11-27
Elmira;Pandolfi;Elmira.Pandolfi@yopmail.com;1947-01-21
Emylee;Verger;Emylee.Verger@yopmail.com;1988-07-22
Suzette;Delacourt;Suzette.Delacourt@yopmail.com;1941-06-26
Robbi;Wu;Robbi.Wu@yopmail.com;1900-09-21
Fanny;Delila;Fanny.Delila@yopmail.com;1927-04-18
Rosaline;Rosalba;Rosaline.Rosalba@yopmail.com;1912-08-14
Lusa;Eiser;Lusa.Eiser@yopmail.com;1969-08-14
Inga;Alfons;Inga.Alfons@yopmail.com;1923-10-03
Natka;Wareing;Natka.Wareing@yopmail.com;1994-07-17
Kimmy;Ax;Kimmy.Ax@yopmail.com;1929-04-07
Anestassia;Rhu;Anestassia.Rhu@yopmail.com;1945-09-16
Yvonne;Bendick;Yvonne.Bendick@yopmail.com;1928-08-10
Janis;Jacqui;Janis.Jacqui@yopmail.com;2006-03-28
Chickie;Rodmann;Chickie.Rodmann@yopmail.com;1913-10-04
Diena;Liva;Diena.Liva@yopmail.com;1987-12-11
Chastity;Kravits;Chastity.Kravits@yopmail.com;1923-02-06
Theodora;Woodberry;Theodora.Woodberry@yopmail.com;1979-11-07
Almeta;Carleen;Almeta.Carleen@yopmail.com;2016-06-11
Jenilee;Buttaro;Jenilee.Buttaro@yopmail.com;1950-01-06
Correy;Tybald;Correy.Tybald@yopmail.com;1978-08-03
Ursulina;Lail;Ursulina.Lail@yopmail.com;1923-03-14
Delilah;Merna;Delilah.Merna@yopmail.com;1925-08-27
Cherilyn;Leonard;Cherilyn.Leonard@yopmail.com;2001-11-20
Sara-Ann;Baptlsta;Sara-Ann.Baptlsta@yopmail.com;1923-11-07
Camile;Claudine;Camile.Claudine@yopmail.com;1943-08-08
Merle;Evangelia;Merle.Evangelia@yopmail.com;1925-10-24
Katharina;Longfellow;Katharina.Longfellow@yopmail.com;1976-06-05
Tilly;Diogenes;Tilly.Diogenes@yopmail.com;1925-05-15
Nariko;Manolo;Nariko.Manolo@yopmail.com;1918-08-01
Mahalia;Thomasina;Mahalia.Thomasina@yopmail.com;1943-11-06
Corene;Nea;Corene.Nea@yopmail.com;1951-07-29
Linet;Eckblad;Linet.Eckblad@yopmail.com;2017-08-17
Constance;Oneida;Constance.Oneida@yopmail.com;2004-07-21
Jacenta;Ball;Jacenta.Ball@yopmail.com;1967-07-25
Lita;Hedve;Lita.Hedve@yopmail.com;1968-11-27
Sindee;Monaco;Sindee.Monaco@yopmail.com;1983-08-17
Valera;Cordi;Valera.Cordi@yopmail.com;1938-12-05
Konstance;Aida;Konstance.Aida@yopmail.com;2017-07-15
Juliane;Callista;Juliane.Callista@yopmail.com;1975-11-20
Rivalee;Callista;Rivalee.Callista@yopmail.com;1923-03-18
Marcy;Moina;Marcy.Moina@yopmail.com;1973-11-15
Anallese;Jess;Anallese.Jess@yopmail.com;1936-12-01
Fina;Hessler;Fina.Hessler@yopmail.com;1923-08-14
Iseabal;Salvidor;Iseabal.Salvidor@yopmail.com;1961-08-30
Lila;Bebe;Lila.Bebe@yopmail.com;1951-12-25
Mahalia;Infield;Mahalia.Infield@yopmail.com;1939-04-11
Jemie;Hedve;Jemie.Hedve@yopmail.com;1998-11-18
Pollyanna;Yerkovich;Pollyanna.Yerkovich@yopmail.com;2004-03-12
Dulcinea;Slifka;Dulcinea.Slifka@yopmail.com;1981-05-27
Sarette;Carleen;Sarette.Carleen@yopmail.com;2011-02-11
Averyl;Marijo;Averyl.Marijo@yopmail.com;1959-10-16
Heida;Alarise;Heida.Alarise@yopmail.com;1926-03-16
Sue;Kiyoshi;Sue.Kiyoshi@yopmail.com;1948-05-15
Olivette;Minetta;Olivette.Minetta@yopmail.com;1911-09-09
Oralee;Aurelio;Oralee.Aurelio@yopmail.com;1943-06-02
Dorene;Gombach;Dorene.Gombach@yopmail.com;1945-11-27
Ida;Allys;Ida.Allys@yopmail.com;1984-09-03
Lexine;Oneida;Lexine.Oneida@yopmail.com;1932-12-11
Sindee;Ferino;Sindee.Ferino@yopmail.com;1964-07-24
Anthia;Olympium;Anthia.Olympium@yopmail.com;1979-08-02
Marika;Muriel;Marika.Muriel@yopmail.com;1920-01-07
Evaleen;Loring;Evaleen.Loring@yopmail.com;1970-03-31
Harrietta;Suzetta;Harrietta.Suzetta@yopmail.com;1982-06-24
Tobe;Gale;Tobe.Gale@yopmail.com;1930-02-06
Robbi;Colleen;Robbi.Colleen@yopmail.com;1902-05-07
Coral;Talia;Coral.Talia@yopmail.com;1928-03-24
Wynne;Claudine;Wynne.Claudine@yopmail.com;1996-01-13
Kylynn;Alfons;Kylynn.Alfons@yopmail.com;1936-11-27
Edee;Regan;Edee.Regan@yopmail.com;2009-03-28
Gratia;Carleen;Gratia.Carleen@yopmail.com;1916-08-01
Addia;Knowling;Addia.Knowling@yopmail.com;1984-05-15
Cathie;Voletta;Cathie.Voletta@yopmail.com;2010-02-02
Jolyn;Markman;Jolyn.Markman@yopmail.com;1921-08-30
Georgina;Leler;Georgina.Leler@yopmail.com;1929-12-13
Aurelie;Wittie;Aurelie.Wittie@yopmail.com;1930-06-22
Constance;Daveta;Constance.Daveta@yopmail.com;2005-11-27
Amii;Carri;Amii.Carri@yopmail.com;1974-07-23
Leona;Yorick;Leona.Yorick@yopmail.com;1943-02-17
Demetris;Sacken;Demetris.Sacken@yopmail.com;1916-05-10
Vonny;Meli;Vonny.Meli@yopmail.com;1993-02-19
Madeleine;Rugen;Madeleine.Rugen@yopmail.com;1910-07-16
Wileen;Cordi;Wileen.Cordi@yopmail.com;1949-08-20
Cecile;Jacobah;Cecile.Jacobah@yopmail.com;1995-05-14
Annora;Margarete;Annora.Margarete@yopmail.com;1996-07-11
Lynde;Mich;Lynde.Mich@yopmail.com;1923-11-10
Kellen;Zetta;Kellen.Zetta@yopmail.com;1921-09-09
Lilith;Morgun;Lilith.Morgun@yopmail.com;1922-07-22
Lanae;Pearse;Lanae.Pearse@yopmail.com;1983-10-16
Christal;Tamsky;Christal.Tamsky@yopmail.com;1999-05-22
Bibby;Georgy;Bibby.Georgy@yopmail.com;1959-10-07
Winifred;Daegal;Winifred.Daegal@yopmail.com;1969-11-20
Chere;Othilia;Chere.Othilia@yopmail.com;1900-12-06
Catrina;Kylander;Catrina.Kylander@yopmail.com;1972-02-13
Meriel;Lubin;Meriel.Lubin@yopmail.com;1985-11-28
Kassey;Atonsah;Kassey.Atonsah@yopmail.com;1963-07-18
Renie;Standing;Renie.Standing@yopmail.com;1991-12-17
Thalia;Robertson;Thalia.Robertson@yopmail.com;1932-08-28
Linet;Melleta;Linet.Melleta@yopmail.com;1921-12-03
Arlena;Claudine;Arlena.Claudine@yopmail.com;1983-04-11
Aurore;Sherfield;Aurore.Sherfield@yopmail.com;1924-03-29
Myrtice;Valerio;Myrtice.Valerio@yopmail.com;1988-07-06
Mariele;Burkle;Mariele.Burkle@yopmail.com;1991-03-16
Hildegaard;Raychel;Hildegaard.Raychel@yopmail.com;1913-08-02
Trixi;Bakerman;Trixi.Bakerman@yopmail.com;1956-09-03
Ardeen;Seessel;Ardeen.Seessel@yopmail.com;1932-09-14
Marita;Maroney;Marita.Maroney@yopmail.com;1952-06-28
Marguerite;Zetta;Marguerite.Zetta@yopmail.com;1944-04-01
Binny;Keelia;Binny.Keelia@yopmail.com;2005-07-15
Gabi;Moseley;Gabi.Moseley@yopmail.com;1947-11-27
Jessamyn;Harned;Jessamyn.Harned@yopmail.com;1976-10-03
Elena;Uird;Elena.Uird@yopmail.com;2002-01-10
Stevana;Ailyn;Stevana.Ailyn@yopmail.com;2018-12-02
Karolina;Hutchison;Karolina.Hutchison@yopmail.com;1969-01-01
Karly;Meter;Karly.Meter@yopmail.com;1916-07-16
Philis;Wilkinson;Philis.Wilkinson@yopmail.com;1947-10-04
Susette;Maribeth;Susette.Maribeth@yopmail.com;1906-03-16
Briney;Bevin;Briney.Bevin@yopmail.com;1987-12-30
Jorry;Ochs;Jorry.Ochs@yopmail.com;1961-02-05
Natka;Alcott;Natka.Alcott@yopmail.com;1944-02-14
Hollie;Cleavland;Hollie.Cleavland@yopmail.com;1932-08-14
Andree;LaRue;Andree.LaRue@yopmail.com;1911-08-20
Gabriellia;Silvan;Gabriellia.Silvan@yopmail.com;2019-10-01
Peri;Dash;Peri.Dash@yopmail.com;1997-04-02
Emelina;Ariella;Emelina.Ariella@yopmail.com;1947-01-13
Audrie;Helfand;Audrie.Helfand@yopmail.com;1932-07-14
Brynna;Martguerita;Brynna.Martguerita@yopmail.com;1932-08-12
Dorothy;Nickola;Dorothy.Nickola@yopmail.com;1937-04-26
Elka;Hilbert;Elka.Hilbert@yopmail.com;2006-01-10
Rivalee;Junie;Rivalee.Junie@yopmail.com;1949-07-09
Elbertina;Riordan;Elbertina.Riordan@yopmail.com;1940-01-14
Jobi;Avi;Jobi.Avi@yopmail.com;1917-07-02
Wileen;Chapland;Wileen.Chapland@yopmail.com;1933-11-07
Belinda;Buffum;Belinda.Buffum@yopmail.com;1905-09-21
Gavrielle;Minetta;Gavrielle.Minetta@yopmail.com;1929-08-10
Mallory;Carey;Mallory.Carey@yopmail.com;1967-10-02
Tatiania;Jary;Tatiania.Jary@yopmail.com;2011-01-12
Hollie;Othilia;Hollie.Othilia@yopmail.com;1984-01-12
Valeda;Bigner;Valeda.Bigner@yopmail.com;1967-04-15
Kaia;Johanna;Kaia.Johanna@yopmail.com;2000-01-08
Barbara;Kolnick;Barbara.Kolnick@yopmail.com;1935-07-06
Raquela;Chaing;Raquela.Chaing@yopmail.com;2005-11-14
Brianna;Amasa;Brianna.Amasa@yopmail.com;1909-09-14
Livvyy;Haymes;Livvyy.Haymes@yopmail.com;2013-10-17
Daune;Sibyls;Daune.Sibyls@yopmail.com;2012-02-03
Layla;Olympium;Layla.Olympium@yopmail.com;1981-11-05
Ann-Marie;Kinnard;Ann-Marie.Kinnard@yopmail.com;2016-03-01
Korrie;Kress;Korrie.Kress@yopmail.com;1979-09-15
Wendi;Eckblad;Wendi.Eckblad@yopmail.com;1941-02-25
Lanna;Melleta;Lanna.Melleta@yopmail.com;2009-03-30
Helena;Ferrell;Helena.Ferrell@yopmail.com;1942-04-14
Estell;Poppy;Estell.Poppy@yopmail.com;1950-05-12
Ana;Durante;Ana.Durante@yopmail.com;1916-08-25
Sibella;Alfons;Sibella.Alfons@yopmail.com;1992-06-13
Fina;Burnside;Fina.Burnside@yopmail.com;1952-04-03
Philis;Wallis;Philis.Wallis@yopmail.com;1992-07-07
Alyda;Ursulette;Alyda.Ursulette@yopmail.com;1974-07-07
Kristan;Slifka;Kristan.Slifka@yopmail.com;1934-12-01
Sophia;Brian;Sophia.Brian@yopmail.com;1978-01-02
Jessamyn;Kolnick;Jessamyn.Kolnick@yopmail.com;2007-03-14
Latisha;Firmin;Latisha.Firmin@yopmail.com;1945-08-29
Sandie;Celestine;Sandie.Celestine@yopmail.com;1961-05-06
Tani;Lilas;Tani.Lilas@yopmail.com;1931-06-01
Valera;Camden;Valera.Camden@yopmail.com;1915-04-09
Angela;Grimbly;Angela.Grimbly@yopmail.com;1946-07-29
Joleen;Blake;Joleen.Blake@yopmail.com;1938-06-17
Lorne;Afton;Lorne.Afton@yopmail.com;1901-08-05
Daryl;Kalinda;Daryl.Kalinda@yopmail.com;1958-08-08
Wendi;Solitta;Wendi.Solitta@yopmail.com;1956-03-19
Regina;Xerxes;Regina.Xerxes@yopmail.com;1953-06-08
Georgina;Cimbura;Georgina.Cimbura@yopmail.com;2006-02-08
Corene;Natica;Corene.Natica@yopmail.com;1900-07-07
Lanae;Joli;Lanae.Joli@yopmail.com;1923-02-27
Tracey;Kirstin;Tracey.Kirstin@yopmail.com;1999-02-12
Alisha;Kenney;Alisha.Kenney@yopmail.com;2009-11-24
Nikki;Eben;Nikki.Eben@yopmail.com;1948-02-28
Cecile;Lilas;Cecile.Lilas@yopmail.com;1957-09-04
Ninnetta;Zrike;Ninnetta.Zrike@yopmail.com;2009-08-15
Josephine;Zenas;Josephine.Zenas@yopmail.com;1912-11-27
Dale;O'Carroll;Dale.O'Carroll@yopmail.com;1962-09-09
Valli;Docilla;Valli.Docilla@yopmail.com;1997-12-19
Jemie;Longfellow;Jemie.Longfellow@yopmail.com;2008-02-09
Renae;Payson;Renae.Payson@yopmail.com;1918-02-16
Ekaterina;Haldas;Ekaterina.Haldas@yopmail.com;1904-05-27
Tamqrah;Sophronia;Tamqrah.Sophronia@yopmail.com;1966-05-23
Corina;Dituri;Corina.Dituri@yopmail.com;2000-06-02
Mallory;Lucienne;Mallory.Lucienne@yopmail.com;1972-12-12
Madelle;Drus;Madelle.Drus@yopmail.com;1985-02-09
Desirae;Carolin;Desirae.Carolin@yopmail.com;1970-01-27
Melanie;Alice;Melanie.Alice@yopmail.com;1959-10-12
Rhea;Armanda;Rhea.Armanda@yopmail.com;1940-06-21
Malina;Posner;Malina.Posner@yopmail.com;2017-09-27
Adelle;Odysseus;Adelle.Odysseus@yopmail.com;1972-08-12
Linet;Leonard;Linet.Leonard@yopmail.com;1998-09-16
Kaja;Baptlsta;Kaja.Baptlsta@yopmail.com;1907-09-08
Maryellen;Suk;Maryellen.Suk@yopmail.com;1919-05-11
Deirdre;Kellby;Deirdre.Kellby@yopmail.com;1906-10-27
Ricky;Jena;Ricky.Jena@yopmail.com;1962-02-14
Almeta;Emanuel;Almeta.Emanuel@yopmail.com;2001-06-06
Gui;Maisey;Gui.Maisey@yopmail.com;1970-06-17
Jackie;Flita;Jackie.Flita@yopmail.com;1934-05-13
Cherrita;Birdella;Cherrita.Birdella@yopmail.com;1973-03-28
Eolanda;Joachim;Eolanda.Joachim@yopmail.com;1918-02-23
Jordan;Sigfrid;Jordan.Sigfrid@yopmail.com;1986-03-23
Elvira;Dearborn;Elvira.Dearborn@yopmail.com;1985-10-22
Ginnie;Hamil;Ginnie.Hamil@yopmail.com;1938-11-11
Caressa;Cosenza;Caressa.Cosenza@yopmail.com;1940-10-03
Vita;Kosey;Vita.Kosey@yopmail.com;1960-03-17
Jackie;Madelene;Jackie.Madelene@yopmail.com;1977-03-24
Wanda;Bearnard;Wanda.Bearnard@yopmail.com;1921-01-30
Elfreda;Rustice;Elfreda.Rustice@yopmail.com;2003-09-24
Wynne;Gabrielli;Wynne.Gabrielli@yopmail.com;1968-08-14
Gaylene;Thema;Gaylene.Thema@yopmail.com;1947-05-01
Abbie;Blisse;Abbie.Blisse@yopmail.com;1973-12-10
Marcelline;Aprile;Marcelline.Aprile@yopmail.com;1926-07-30
Celene;Kimmie;Celene.Kimmie@yopmail.com;1918-04-16
Alie;Love;Alie.Love@yopmail.com;2007-05-18
Leona;Ingra;Leona.Ingra@yopmail.com;1960-03-29
Lanna;Izaak;Lanna.Izaak@yopmail.com;2013-09-30
Rhea;Alice;Rhea.Alice@yopmail.com;1993-09-02
Elie;Firmin;Elie.Firmin@yopmail.com;1962-06-23
Lenna;Schonfeld;Lenna.Schonfeld@yopmail.com;1941-05-07
Averyl;Orpah;Averyl.Orpah@yopmail.com;1957-05-13
Helsa;Dannye;Helsa.Dannye@yopmail.com;2013-06-27
Cindelyn;Prouty;Cindelyn.Prouty@yopmail.com;1998-02-15
Aryn;Obed;Aryn.Obed@yopmail.com;1905-04-25
Joy;Kylander;Joy.Kylander@yopmail.com;1987-06-12
Vanessa;Rhu;Vanessa.Rhu@yopmail.com;1945-06-19
Blake;Liva;Blake.Liva@yopmail.com;1997-11-12
Korrie;Othilia;Korrie.Othilia@yopmail.com;2006-10-09
Stacey;Oneida;Stacey.Oneida@yopmail.com;1971-08-15
Binny;Darbie;Binny.Darbie@yopmail.com;2011-07-22
Dorice;Xerxes;Dorice.Xerxes@yopmail.com;1963-12-24
Nelle;Secrest;Nelle.Secrest@yopmail.com;1935-08-28
Mary;Berl;Mary.Berl@yopmail.com;2006-10-22
Valli;Gaulin;Valli.Gaulin@yopmail.com;2017-02-11
Alisha;Uund;Alisha.Uund@yopmail.com;1943-10-03
Addia;Anestassia;Addia.Anestassia@yopmail.com;1997-08-25
Estell;Gusella;Estell.Gusella@yopmail.com;1980-01-06
Ethel;Nadia;Ethel.Nadia@yopmail.com;1934-01-22
Maud;Zamora;Maud.Zamora@yopmail.com;1932-05-14
Agnese;Therine;Agnese.Therine@yopmail.com;1934-06-13
Magdalena;Behre;Magdalena.Behre@yopmail.com;1979-07-25
Dotty;Latini;Dotty.Latini@yopmail.com;1986-05-25
Rivalee;Means;Rivalee.Means@yopmail.com;1988-07-22
Lynea;Campball;Lynea.Campball@yopmail.com;1970-03-26
Cathyleen;Skell;Cathyleen.Skell@yopmail.com;1939-10-04
Juliane;Havens;Juliane.Havens@yopmail.com;1982-12-24
Constance;Briney;Constance.Briney@yopmail.com;2009-07-12