firstname;lastname;email;Field Name
Doro;Obed;Doro.Obed@yopmail.com;2007-01-31
Mariele;Schonfeld;Mariele.Schonfeld@yopmail.com;1908-06-29
Myriam;Poll;Myriam.Poll@yopmail.com;1958-05-24
Bernardine;Suzetta;Bernardine.Suzetta@yopmail.com;1928-10-24
Tersina;Adalbert;Tersina.Adalbert@yopmail.com;1927-10-15
Marita;Giule;Marita.Giule@yopmail.com;1975-09-14
Jaime;Pauly;Jaime.Pauly@yopmail.com;1964-07-12
Dacia;Carbo;Dacia.Carbo@yopmail.com;2006-06-07
Marcelline;Grobe;Marcelline.Grobe@yopmail.com;1969-01-09
Kylynn;Ader;Kylynn.Ader@yopmail.com;1934-12-23
Marcy;Markman;Marcy.Markman@yopmail.com;1976-12-24
Tersina;McCutcheon;Tersina.McCutcheon@yopmail.com;1960-04-13
Maryellen;Candy;Maryellen.Candy@yopmail.com;1949-10-30
Di;Sherrie;Di.Sherrie@yopmail.com;1963-09-22
Teriann;Chobot;Teriann.Chobot@yopmail.com;1990-10-26
Margalo;Junie;Margalo.Junie@yopmail.com;1958-11-12
Lynnea;Ricarda;Lynnea.Ricarda@yopmail.com;1998-08-24
Ardeen;Daegal;Ardeen.Daegal@yopmail.com;2013-09-16
Rosene;Ramona;Rosene.Ramona@yopmail.com;1961-03-16
Sheree;Jarib;Sheree.Jarib@yopmail.com;2018-03-07
Molli;Tristram;Molli.Tristram@yopmail.com;1911-05-08
Paulita;Harday;Paulita.Harday@yopmail.com;1927-11-17
Nariko;Rubie;Nariko.Rubie@yopmail.com;1908-06-28
Aubrie;Alejoa;Aubrie.Alejoa@yopmail.com;1928-03-15
Ileana;Jehu;Ileana.Jehu@yopmail.com;2019-08-27
Jennica;Taam;Jennica.Taam@yopmail.com;1970-06-15
Sharlene;Quinn;Sharlene.Quinn@yopmail.com;1951-07-07
Emma;Naashom;Emma.Naashom@yopmail.com;1910-01-17
Ninnetta;Irmine;Ninnetta.Irmine@yopmail.com;1977-02-04
Aili;Astra;Aili.Astra@yopmail.com;1969-01-16
Britni;Maurine;Britni.Maurine@yopmail.com;1995-07-05
Josephine;Ellerey;Josephine.Ellerey@yopmail.com;1999-09-04
Nananne;Zitvaa;Nananne.Zitvaa@yopmail.com;1976-02-17
Marguerite;Angelis;Marguerite.Angelis@yopmail.com;1931-04-01
Raina;Albertine;Raina.Albertine@yopmail.com;1936-11-19
Sybille;Gamaliel;Sybille.Gamaliel@yopmail.com;1952-06-10
Robinia;Bergman;Robinia.Bergman@yopmail.com;1900-10-26
Nicoli;Lilybelle;Nicoli.Lilybelle@yopmail.com;1955-09-18
Emilia;Cressida;Emilia.Cressida@yopmail.com;1987-02-27
Genevra;Wind;Genevra.Wind@yopmail.com;1910-07-12
Latisha;Schlosser;Latisha.Schlosser@yopmail.com;1947-09-26
Jsandye;Whiffen;Jsandye.Whiffen@yopmail.com;1942-02-25
Heida;Zenas;Heida.Zenas@yopmail.com;1992-12-20
Courtnay;Sherrie;Courtnay.Sherrie@yopmail.com;2009-02-06
Livvyy;Khorma;Livvyy.Khorma@yopmail.com;1928-11-08
Florie;Katrine;Florie.Katrine@yopmail.com;1910-09-04
Selma;Girardo;Selma.Girardo@yopmail.com;1914-12-26
Adore;Bendick;Adore.Bendick@yopmail.com;1948-01-05
Janis;August;Janis.August@yopmail.com;1966-04-03
Sonni;Marisa;Sonni.Marisa@yopmail.com;1939-01-07
Elbertina;Kylander;Elbertina.Kylander@yopmail.com;1953-08-21
Cordi;Maryanne;Cordi.Maryanne@yopmail.com;2004-05-14
Sophia;Screens;Sophia.Screens@yopmail.com;2013-12-23
Annabela;Birdella;Annabela.Birdella@yopmail.com;2003-06-13
Goldie;Rosalba;Goldie.Rosalba@yopmail.com;1908-04-08
Laure;O'Rourke;Laure.O'Rourke@yopmail.com;1923-02-05
Brietta;Bow;Brietta.Bow@yopmail.com;1946-02-02
Aurelie;Phyllis;Aurelie.Phyllis@yopmail.com;1921-08-31
Netty;Masao;Netty.Masao@yopmail.com;1930-10-24
Jorry;Dawkins;Jorry.Dawkins@yopmail.com;1909-04-06
Sashenka;Lissi;Sashenka.Lissi@yopmail.com;1996-01-17
Ernesta;Emmy;Ernesta.Emmy@yopmail.com;1902-12-14
Cordi;Poppy;Cordi.Poppy@yopmail.com;1965-05-07
Rochette;Delila;Rochette.Delila@yopmail.com;1930-05-10
Raf;Howlyn;Raf.Howlyn@yopmail.com;2000-03-12
Mireielle;Jalbert;Mireielle.Jalbert@yopmail.com;1982-03-15
Magdalena;Clie;Magdalena.Clie@yopmail.com;1916-07-07
Cherrita;Chobot;Cherrita.Chobot@yopmail.com;2012-11-28
Gerrie;Baudin;Gerrie.Baudin@yopmail.com;1957-03-24
Lynea;Anton;Lynea.Anton@yopmail.com;1961-10-04
Dale;O'Rourke;Dale.O'Rourke@yopmail.com;1940-06-19
Ricky;Reneta;Ricky.Reneta@yopmail.com;1950-04-02
Margarette;Hollingsworth;Margarette.Hollingsworth@yopmail.com;1962-05-04
Jennica;Quent;Jennica.Quent@yopmail.com;1917-06-11
Perry;Arquit;Perry.Arquit@yopmail.com;1941-09-19
Elena;Sawtelle;Elena.Sawtelle@yopmail.com;1981-09-13
Leanna;Dreda;Leanna.Dreda@yopmail.com;2000-12-19
Alisha;Eliathas;Alisha.Eliathas@yopmail.com;1937-06-26
Cherrita;Chinua;Cherrita.Chinua@yopmail.com;1991-08-09
Babita;Baudin;Babita.Baudin@yopmail.com;1991-05-16
Halette;Fleeta;Halette.Fleeta@yopmail.com;1980-07-10
Joy;Tillford;Joy.Tillford@yopmail.com;1969-10-26
Melisent;Juliet;Melisent.Juliet@yopmail.com;1915-12-27
Ileana;Poll;Ileana.Poll@yopmail.com;1983-04-17
Yvonne;Carolin;Yvonne.Carolin@yopmail.com;1931-08-07
Marline;Hutchison;Marline.Hutchison@yopmail.com;2007-01-18
Lulita;Cohdwell;Lulita.Cohdwell@yopmail.com;1919-07-19
Rebeca;Marijo;Rebeca.Marijo@yopmail.com;2001-02-08
Jemie;Andrel;Jemie.Andrel@yopmail.com;1951-10-15
Suzette;Holbrook;Suzette.Holbrook@yopmail.com;1903-12-19
Alleen;Goerke;Alleen.Goerke@yopmail.com;1900-09-08
Sabina;Ardra;Sabina.Ardra@yopmail.com;1970-06-17
Katleen;Saunderson;Katleen.Saunderson@yopmail.com;1976-12-28
Cacilie;Weaks;Cacilie.Weaks@yopmail.com;1953-08-29
Yolane;Fitzsimmons;Yolane.Fitzsimmons@yopmail.com;1976-09-20
Carlie;Olnee;Carlie.Olnee@yopmail.com;1990-03-14
Nadine;Barbey;Nadine.Barbey@yopmail.com;1997-03-15
Kamilah;Carolin;Kamilah.Carolin@yopmail.com;1937-04-26
Vevay;Prober;Vevay.Prober@yopmail.com;1906-04-29
Etta;Lipson;Etta.Lipson@yopmail.com;1921-10-16
Amalie;Goddard;Amalie.Goddard@yopmail.com;1906-05-04
Ernesta;Hunfredo;Ernesta.Hunfredo@yopmail.com;1985-11-22
Mary;Justinn;Mary.Justinn@yopmail.com;1991-05-31
Aryn;Phyllis;Aryn.Phyllis@yopmail.com;1921-06-10
Merci;Latini;Merci.Latini@yopmail.com;1925-09-22
Dagmar;Brittani;Dagmar.Brittani@yopmail.com;1928-06-18
Ida;Daveta;Ida.Daveta@yopmail.com;1967-09-14
Gabriellia;Cimbura;Gabriellia.Cimbura@yopmail.com;1975-11-16
Marita;Flyn;Marita.Flyn@yopmail.com;1907-11-05
Calla;Dom;Calla.Dom@yopmail.com;1997-08-01
Libbie;Malvino;Libbie.Malvino@yopmail.com;1904-08-17
Tybie;Duwalt;Tybie.Duwalt@yopmail.com;2016-12-22
Tersina;Lamoree;Tersina.Lamoree@yopmail.com;1997-08-15
Linzy;Pearse;Linzy.Pearse@yopmail.com;2006-02-02
Kate;Prouty;Kate.Prouty@yopmail.com;1918-10-29
Sashenka;Sacken;Sashenka.Sacken@yopmail.com;2010-09-20
Christy;Jobi;Christy.Jobi@yopmail.com;1986-11-28
Tonia;Gualtiero;Tonia.Gualtiero@yopmail.com;1909-09-20
Delilah;Faro;Delilah.Faro@yopmail.com;1967-04-22
Gabriellia;Lesley;Gabriellia.Lesley@yopmail.com;1903-02-07
Kenna;Decato;Kenna.Decato@yopmail.com;2014-11-18
Nicoli;Dearborn;Nicoli.Dearborn@yopmail.com;1981-09-18
Linet;Bevin;Linet.Bevin@yopmail.com;1984-12-10
Valli;Janith;Valli.Janith@yopmail.com;1990-11-05
Petronia;Infield;Petronia.Infield@yopmail.com;1943-04-08
Viki;Serilda;Viki.Serilda@yopmail.com;1990-08-09
Deloria;Avi;Deloria.Avi@yopmail.com;1989-11-15
Adelle;Brittani;Adelle.Brittani@yopmail.com;2011-12-11
Dorene;Sharl;Dorene.Sharl@yopmail.com;1958-01-11
Alameda;Chobot;Alameda.Chobot@yopmail.com;1979-01-03
Daphne;Nelsen;Daphne.Nelsen@yopmail.com;1911-10-09
Dania;Hepsibah;Dania.Hepsibah@yopmail.com;1961-01-31
Tabbatha;Carey;Tabbatha.Carey@yopmail.com;1901-09-19
Viki;Hartnett;Viki.Hartnett@yopmail.com;1979-05-19
Elvira;Goth;Elvira.Goth@yopmail.com;1963-12-01
Ingrid;Deegan;Ingrid.Deegan@yopmail.com;2015-04-18
Minne;Loleta;Minne.Loleta@yopmail.com;1940-07-16
Celisse;Aaberg;Celisse.Aaberg@yopmail.com;1950-05-26
Lesly;Quinn;Lesly.Quinn@yopmail.com;2017-03-30
Mariann;Waldron;Mariann.Waldron@yopmail.com;1971-03-13
Sybille;Berriman;Sybille.Berriman@yopmail.com;1941-02-24
Violet;Colleen;Violet.Colleen@yopmail.com;1996-05-31
Dale;Jagir;Dale.Jagir@yopmail.com;1910-06-28
Penelopa;Andrel;Penelopa.Andrel@yopmail.com;1966-06-10
Madelle;Hanshaw;Madelle.Hanshaw@yopmail.com;1954-10-13
Britte;Lewes;Britte.Lewes@yopmail.com;1998-02-20
Dania;Bearnard;Dania.Bearnard@yopmail.com;1924-02-04
Susette;Tayib;Susette.Tayib@yopmail.com;1994-12-18
Modestia;Kaja;Modestia.Kaja@yopmail.com;1908-02-10
Fawne;Michella;Fawne.Michella@yopmail.com;1936-08-30
Gui;Emanuel;Gui.Emanuel@yopmail.com;1998-01-11
Ardys;Liva;Ardys.Liva@yopmail.com;1915-01-12
Hope;Xerxes;Hope.Xerxes@yopmail.com;1959-02-22
Dolli;Forrer;Dolli.Forrer@yopmail.com;1948-10-09
Sashenka;Felizio;Sashenka.Felizio@yopmail.com;1998-11-04
Steffane;Crudden;Steffane.Crudden@yopmail.com;1931-06-24
Alia;Sekofski;Alia.Sekofski@yopmail.com;2004-03-21
Kirstin;Berl;Kirstin.Berl@yopmail.com;1951-11-07
Marcy;Audly;Marcy.Audly@yopmail.com;1998-06-14
Evaleen;Wattenberg;Evaleen.Wattenberg@yopmail.com;1972-01-29
Britte;Magdalen;Britte.Magdalen@yopmail.com;1958-09-12
Peri;Germann;Peri.Germann@yopmail.com;1950-05-09
Penelopa;Francene;Penelopa.Francene@yopmail.com;1916-04-12
Ileana;Melleta;Ileana.Melleta@yopmail.com;1908-10-11
Peri;Seumas;Peri.Seumas@yopmail.com;1977-10-13
Aigneis;Ashely;Aigneis.Ashely@yopmail.com;2016-02-04
Cristabel;Franza;Cristabel.Franza@yopmail.com;2004-02-22
Ekaterina;Gibbeon;Ekaterina.Gibbeon@yopmail.com;1933-11-17
Margarette;Juan;Margarette.Juan@yopmail.com;1931-01-09
Viki;Velick;Viki.Velick@yopmail.com;1972-04-21
Mathilda;Sparhawk;Mathilda.Sparhawk@yopmail.com;1925-02-27
Jeanna;Nickola;Jeanna.Nickola@yopmail.com;1980-12-14
Shaylyn;Juan;Shaylyn.Juan@yopmail.com;1950-05-13
Ilse;Kolnick;Ilse.Kolnick@yopmail.com;2009-02-27
Kathi;Allina;Kathi.Allina@yopmail.com;1900-08-08
Rhoda;Chinua;Rhoda.Chinua@yopmail.com;1977-07-02
Deedee;Boycey;Deedee.Boycey@yopmail.com;1928-02-16
Tracey;Elo;Tracey.Elo@yopmail.com;1925-08-13
Jessy;Bertold;Jessy.Bertold@yopmail.com;1919-10-11
Sam;Peti;Sam.Peti@yopmail.com;1915-06-08
Emylee;Maisey;Emylee.Maisey@yopmail.com;2011-04-04
Roseline;Georas;Roseline.Georas@yopmail.com;1936-08-13
Robbi;Juliet;Robbi.Juliet@yopmail.com;1939-01-02
Ermengarde;Freddi;Ermengarde.Freddi@yopmail.com;1914-09-17
Jacquetta;Levey;Jacquetta.Levey@yopmail.com;1919-02-19
Goldie;Schenck;Goldie.Schenck@yopmail.com;2002-12-31
Candi;Bouchard;Candi.Bouchard@yopmail.com;1900-09-10
Talya;Amethist;Talya.Amethist@yopmail.com;1939-12-21
Lexine;Odell;Lexine.Odell@yopmail.com;1959-12-09
Arlena;Raimondo;Arlena.Raimondo@yopmail.com;1906-09-26
Cristabel;Emanuel;Cristabel.Emanuel@yopmail.com;2018-11-11
Fanchon;Paine;Fanchon.Paine@yopmail.com;1930-11-30
Max;Kazimir;Max.Kazimir@yopmail.com;2014-05-06
Jacquetta;Emmy;Jacquetta.Emmy@yopmail.com;1997-01-26
Ermengarde;Lilas;Ermengarde.Lilas@yopmail.com;1912-12-12
Ulrike;Loleta;Ulrike.Loleta@yopmail.com;1992-04-03
Linet;Sherrie;Linet.Sherrie@yopmail.com;1957-04-16
Sheree;Libna;Sheree.Libna@yopmail.com;1936-09-13
Mellicent;Darrell;Mellicent.Darrell@yopmail.com;1923-04-04
Mildrid;Blase;Mildrid.Blase@yopmail.com;1956-06-25
Regina;Maroney;Regina.Maroney@yopmail.com;2005-06-27
Tabbatha;Clara;Tabbatha.Clara@yopmail.com;1945-08-10
Patricia;Dyche;Patricia.Dyche@yopmail.com;1960-07-04
Brena;Christal;Brena.Christal@yopmail.com;1910-01-30
Chere;Beebe;Chere.Beebe@yopmail.com;1930-02-01
Tori;Erich;Tori.Erich@yopmail.com;1981-12-10
Deirdre;Agle;Deirdre.Agle@yopmail.com;1939-12-30
Renae;Rolf;Renae.Rolf@yopmail.com;1923-12-09
Karena;Israeli;Karena.Israeli@yopmail.com;1987-10-15
Damaris;Santoro;Damaris.Santoro@yopmail.com;2007-10-27
Lelah;Tatianas;Lelah.Tatianas@yopmail.com;1914-11-25
Lyssa;Rustice;Lyssa.Rustice@yopmail.com;1906-10-20
Alie;Ludewig;Alie.Ludewig@yopmail.com;2009-08-12
Oona;Zetta;Oona.Zetta@yopmail.com;2018-12-11
Constance;Infield;Constance.Infield@yopmail.com;2004-09-23
Danika;Lilybelle;Danika.Lilybelle@yopmail.com;1996-03-28
Chere;Francene;Chere.Francene@yopmail.com;1916-10-30
Mureil;Madaih;Mureil.Madaih@yopmail.com;1929-05-19
Mamie;Thomasina;Mamie.Thomasina@yopmail.com;2009-02-02
Lita;Katrine;Lita.Katrine@yopmail.com;1970-04-26
Etta;Vastah;Etta.Vastah@yopmail.com;1920-09-06
Ileana;Pierette;Ileana.Pierette@yopmail.com;1989-01-28
Winny;Merell;Winny.Merell@yopmail.com;1992-08-21
Eolanda;Laverne;Eolanda.Laverne@yopmail.com;1972-03-21
Ardys;Tjon;Ardys.Tjon@yopmail.com;1968-04-02
Ida;Bashemeth;Ida.Bashemeth@yopmail.com;2012-10-21
Clary;Karylin;Clary.Karylin@yopmail.com;1966-08-18
Lucille;Hunfredo;Lucille.Hunfredo@yopmail.com;1968-05-21
Miquela;Thad;Miquela.Thad@yopmail.com;2015-08-26
Aurore;Audly;Aurore.Audly@yopmail.com;1974-06-27
Leontine;Thunell;Leontine.Thunell@yopmail.com;1980-02-09
Krystle;O'Carroll;Krystle.O'Carroll@yopmail.com;1944-05-13
Desirae;Tybald;Desirae.Tybald@yopmail.com;1977-09-12
Nollie;Casimir;Nollie.Casimir@yopmail.com;1965-03-21
Lilith;Paton;Lilith.Paton@yopmail.com;1978-01-06
Sybille;Dannye;Sybille.Dannye@yopmail.com;1916-07-19
Wilma;Vilma;Wilma.Vilma@yopmail.com;1957-01-13
Ira;Shelba;Ira.Shelba@yopmail.com;1922-06-11
Inga;Pascia;Inga.Pascia@yopmail.com;1936-12-24
Darci;Latini;Darci.Latini@yopmail.com;1990-09-06
Antonietta;Carvey;Antonietta.Carvey@yopmail.com;1924-07-28
Lorie;Pascia;Lorie.Pascia@yopmail.com;1939-12-21
Kial;Nikaniki;Kial.Nikaniki@yopmail.com;1996-07-19
Dotty;Sothena;Dotty.Sothena@yopmail.com;1962-01-28
Carilyn;Ochs;Carilyn.Ochs@yopmail.com;1941-01-20
Fanchon;Donoghue;Fanchon.Donoghue@yopmail.com;1904-02-24
Carly;Parette;Carly.Parette@yopmail.com;1957-07-03
Collen;Marijo;Collen.Marijo@yopmail.com;1999-04-09
Adore;Brittani;Adore.Brittani@yopmail.com;1997-07-29
Madalyn;Beebe;Madalyn.Beebe@yopmail.com;1986-03-22
Raf;Pip;Raf.Pip@yopmail.com;1940-05-16
Shannah;Chapland;Shannah.Chapland@yopmail.com;1935-12-30
Yvonne;Buttaro;Yvonne.Buttaro@yopmail.com;1944-12-06
Ottilie;Ventre;Ottilie.Ventre@yopmail.com;1964-04-22
Brandise;Graig;Brandise.Graig@yopmail.com;1959-02-15
Yvonne;Dimitris;Yvonne.Dimitris@yopmail.com;1909-08-02
Edyth;Garrison;Edyth.Garrison@yopmail.com;1950-12-04
Verla;Bow;Verla.Bow@yopmail.com;1926-02-21
Gisela;Cottle;Gisela.Cottle@yopmail.com;1914-11-11
Cathyleen;Martsen;Cathyleen.Martsen@yopmail.com;1984-03-28
Julieta;Ball;Julieta.Ball@yopmail.com;1992-03-19
Lyssa;Jerold;Lyssa.Jerold@yopmail.com;1946-04-02
Doralynne;Palocz;Doralynne.Palocz@yopmail.com;1965-10-04
Layla;Billye;Layla.Billye@yopmail.com;1956-11-26
Blinni;Schroth;Blinni.Schroth@yopmail.com;1974-11-22
Liana;Kermit;Liana.Kermit@yopmail.com;1962-10-01
Evita;Egbert;Evita.Egbert@yopmail.com;2000-05-18
Isa;Kosey;Isa.Kosey@yopmail.com;1910-04-07
Kathy;Zetta;Kathy.Zetta@yopmail.com;1985-12-03
Caritta;Naashom;Caritta.Naashom@yopmail.com;1939-03-06
Lindie;Breed;Lindie.Breed@yopmail.com;1948-11-27
Kalina;Candy;Kalina.Candy@yopmail.com;1922-08-16
Jany;Konyn;Jany.Konyn@yopmail.com;2017-01-15
Frank;Wiener;Frank.Wiener@yopmail.com;1999-06-29
Jinny;Adlare;Jinny.Adlare@yopmail.com;2016-03-11
Jean;Harriman;Jean.Harriman@yopmail.com;1969-08-19
Fred;Alva;Fred.Alva@yopmail.com;1912-01-03
Marnia;Hebner;Marnia.Hebner@yopmail.com;1962-11-14
Shirlee;Blake;Shirlee.Blake@yopmail.com;1927-02-15
Gisela;Naor;Gisela.Naor@yopmail.com;1952-12-30
Sissy;Persse;Sissy.Persse@yopmail.com;2016-09-21
Helsa;Blase;Helsa.Blase@yopmail.com;1972-04-28
Henriette;Vary;Henriette.Vary@yopmail.com;1944-03-05
Silvana;Elephus;Silvana.Elephus@yopmail.com;1906-03-23
Maye;Alva;Maye.Alva@yopmail.com;2000-08-06
Jasmina;Concha;Jasmina.Concha@yopmail.com;1938-07-11
Rochette;Sherfield;Rochette.Sherfield@yopmail.com;1940-07-18
Corly;Kalinda;Corly.Kalinda@yopmail.com;1909-11-17
Wynne;Bertold;Wynne.Bertold@yopmail.com;2015-04-15
Constance;Love;Constance.Love@yopmail.com;1972-08-02
Dorthy;Mauer;Dorthy.Mauer@yopmail.com;1957-10-03
Dede;Rustice;Dede.Rustice@yopmail.com;2000-09-05
Angelique;Barrus;Angelique.Barrus@yopmail.com;2002-12-17
Ileana;Travax;Ileana.Travax@yopmail.com;1918-05-11
Joane;Forrer;Joane.Forrer@yopmail.com;2014-07-08
Shannah;Destinee;Shannah.Destinee@yopmail.com;1982-07-14
Bee;Prouty;Bee.Prouty@yopmail.com;1936-11-21
Maye;Bryna;Maye.Bryna@yopmail.com;1913-03-29
Dominga;Khorma;Dominga.Khorma@yopmail.com;1925-12-20
Celestyna;Carey;Celestyna.Carey@yopmail.com;2016-07-01
Myriam;Tengdin;Myriam.Tengdin@yopmail.com;1946-10-02
Cissiee;Hoenack;Cissiee.Hoenack@yopmail.com;1925-10-05
Lonnie;Sothena;Lonnie.Sothena@yopmail.com;1994-11-24
Joelly;Baptlsta;Joelly.Baptlsta@yopmail.com;1998-05-12
Noelle;Couture;Noelle.Couture@yopmail.com;1942-05-15
Beth;Casimir;Beth.Casimir@yopmail.com;1977-04-29
Gloria;Auberbach;Gloria.Auberbach@yopmail.com;1922-08-20
Violet;Kalinda;Violet.Kalinda@yopmail.com;2016-07-13
Carilyn;Beniamino;Carilyn.Beniamino@yopmail.com;1962-02-03
Jsandye;Abbot;Jsandye.Abbot@yopmail.com;1934-12-27
Roberta;Moina;Roberta.Moina@yopmail.com;2005-09-16
Tera;Mendez;Tera.Mendez@yopmail.com;1905-11-15
Jasmina;Dash;Jasmina.Dash@yopmail.com;1945-02-21
Nollie;Kat;Nollie.Kat@yopmail.com;1965-06-13
Hollie;Weide;Hollie.Weide@yopmail.com;2004-08-15
Goldie;Zenas;Goldie.Zenas@yopmail.com;1983-11-15
Chrystel;Velick;Chrystel.Velick@yopmail.com;1919-04-28
Britte;Breed;Britte.Breed@yopmail.com;1947-01-15
Paule;Gladstone;Paule.Gladstone@yopmail.com;1971-11-03
Jsandye;Gaulin;Jsandye.Gaulin@yopmail.com;2013-12-19
Albertina;Sacken;Albertina.Sacken@yopmail.com;1920-03-09
Calla;Hortensia;Calla.Hortensia@yopmail.com;2002-06-05
Kassey;Center;Kassey.Center@yopmail.com;2015-02-22
Ardenia;Valerio;Ardenia.Valerio@yopmail.com;1951-07-14
Kaja;Susannah;Kaja.Susannah@yopmail.com;1939-03-04
Suzette;Chobot;Suzette.Chobot@yopmail.com;1941-06-08
Mamie;Eno;Mamie.Eno@yopmail.com;2014-02-14
Mignon;Frendel;Mignon.Frendel@yopmail.com;2008-06-29
Zondra;Naashom;Zondra.Naashom@yopmail.com;1957-03-31
Edith;Agle;Edith.Agle@yopmail.com;1944-03-01
Leanna;Laurianne;Leanna.Laurianne@yopmail.com;2009-10-20
Sonni;Modie;Sonni.Modie@yopmail.com;1959-04-06
Elvira;Cullin;Elvira.Cullin@yopmail.com;1976-12-03
Judy;Bluh;Judy.Bluh@yopmail.com;2018-05-01
Catharine;Rugen;Catharine.Rugen@yopmail.com;1925-10-02
Nataline;Freddi;Nataline.Freddi@yopmail.com;1922-08-18
Therine;Kirstin;Therine.Kirstin@yopmail.com;1980-04-04
Genevra;Lenny;Genevra.Lenny@yopmail.com;1979-10-07
Taffy;Lorenz;Taffy.Lorenz@yopmail.com;1914-01-01
Josephine;Nisbet;Josephine.Nisbet@yopmail.com;1999-07-30
Fawne;Ietta;Fawne.Ietta@yopmail.com;1953-07-25
Phylis;Schenck;Phylis.Schenck@yopmail.com;1931-11-17
Ada;Callista;Ada.Callista@yopmail.com;1955-06-19
Leanna;Douglass;Leanna.Douglass@yopmail.com;1953-10-05
Nita;Allina;Nita.Allina@yopmail.com;1901-09-11
Corly;Natalia;Corly.Natalia@yopmail.com;1960-02-16
Camile;Cadmar;Camile.Cadmar@yopmail.com;1908-10-03
Tamqrah;Erb;Tamqrah.Erb@yopmail.com;1977-02-11
Fanchon;Edvard;Fanchon.Edvard@yopmail.com;1902-01-21
Minda;Westphal;Minda.Westphal@yopmail.com;1962-02-02
Ayn;Kirbee;Ayn.Kirbee@yopmail.com;1986-10-15
Marleah;Jacqui;Marleah.Jacqui@yopmail.com;2007-03-10
Sophia;Vorster;Sophia.Vorster@yopmail.com;1937-03-17
Fredericka;Dawkins;Fredericka.Dawkins@yopmail.com;1935-01-01
Leia;Kiyoshi;Leia.Kiyoshi@yopmail.com;1990-10-23
Chickie;Geffner;Chickie.Geffner@yopmail.com;2010-04-26
Clarice;Marsden;Clarice.Marsden@yopmail.com;1925-10-14
Agnese;Lilybelle;Agnese.Lilybelle@yopmail.com;1939-03-14
Amara;Silvan;Amara.Silvan@yopmail.com;1964-04-04
Harmonia;Tufts;Harmonia.Tufts@yopmail.com;1972-07-20
Di;Glenden;Di.Glenden@yopmail.com;1963-11-24
Lanae;Martsen;Lanae.Martsen@yopmail.com;1952-11-18
Fanchon;Alarise;Fanchon.Alarise@yopmail.com;1975-09-28
Gretal;Nahum;Gretal.Nahum@yopmail.com;1932-11-17
Neila;Goode;Neila.Goode@yopmail.com;1943-04-20
Chere;Argus;Chere.Argus@yopmail.com;1986-02-14
Ada;Lilas;Ada.Lilas@yopmail.com;1923-12-24
Veda;Destinee;Veda.Destinee@yopmail.com;2010-01-15
Janeczka;Noam;Janeczka.Noam@yopmail.com;1957-11-15
Ernesta;Wilkinson;Ernesta.Wilkinson@yopmail.com;1914-09-14
Jean;Rolf;Jean.Rolf@yopmail.com;1960-12-18
Veda;Chem;Veda.Chem@yopmail.com;2013-03-15
Cyb;Dominy;Cyb.Dominy@yopmail.com;1957-01-30
Angela;Tamsky;Angela.Tamsky@yopmail.com;2019-12-21
Karina;Callista;Karina.Callista@yopmail.com;1906-03-10
Almeta;Kosey;Almeta.Kosey@yopmail.com;1919-04-12
Rosabelle;Alabaster;Rosabelle.Alabaster@yopmail.com;2004-07-31
Sheree;Nisbet;Sheree.Nisbet@yopmail.com;1916-05-28
Mamie;Heisel;Mamie.Heisel@yopmail.com;1905-08-12
Orelia;Felecia;Orelia.Felecia@yopmail.com;1973-05-05
Clarice;Bonucci;Clarice.Bonucci@yopmail.com;1908-08-04
Fanny;Clara;Fanny.Clara@yopmail.com;1948-01-02
Dione;Bergman;Dione.Bergman@yopmail.com;1940-03-11
Lorie;Jefferey;Lorie.Jefferey@yopmail.com;1924-02-25
Lauryn;Penelopa;Lauryn.Penelopa@yopmail.com;1958-12-15
Sheree;Lilybelle;Sheree.Lilybelle@yopmail.com;1939-04-06
Cristabel;Pernick;Cristabel.Pernick@yopmail.com;1906-10-15
Cindelyn;Alejoa;Cindelyn.Alejoa@yopmail.com;1957-08-27
Tomasina;Jacqui;Tomasina.Jacqui@yopmail.com;1939-08-13
Halette;Carbo;Halette.Carbo@yopmail.com;2010-10-16
Kylynn;Si;Kylynn.Si@yopmail.com;2012-09-20
Ardenia;Buckler;Ardenia.Buckler@yopmail.com;1942-04-09
Xylina;Oscar;Xylina.Oscar@yopmail.com;1974-09-13
Agathe;Abernon;Agathe.Abernon@yopmail.com;1919-03-03
Georgina;Tayib;Georgina.Tayib@yopmail.com;1907-06-01
Carmela;Pernick;Carmela.Pernick@yopmail.com;1937-12-01
Cacilie;Talia;Cacilie.Talia@yopmail.com;1906-07-29
Hildegaard;Lynn;Hildegaard.Lynn@yopmail.com;1960-08-13
Celestyna;Slifka;Celestyna.Slifka@yopmail.com;2000-10-16
Kalina;Cimbura;Kalina.Cimbura@yopmail.com;1988-06-16
Millie;Rudolph;Millie.Rudolph@yopmail.com;1932-03-06
Gerianna;Tristram;Gerianna.Tristram@yopmail.com;1948-11-20
Demetris;Loeb;Demetris.Loeb@yopmail.com;1924-02-28
Fred;Maryanne;Fred.Maryanne@yopmail.com;1960-12-09
Raina;Lissi;Raina.Lissi@yopmail.com;1985-10-22
Molli;Rustice;Molli.Rustice@yopmail.com;1955-11-19
Meriel;Genna;Meriel.Genna@yopmail.com;1971-12-13
Marika;Sheedy;Marika.Sheedy@yopmail.com;2000-03-17
Bibby;Hurley;Bibby.Hurley@yopmail.com;1955-10-11
Stevana;Tice;Stevana.Tice@yopmail.com;1936-12-31
Dorothy;Suzetta;Dorothy.Suzetta@yopmail.com;1924-04-07
Maryellen;Emmy;Maryellen.Emmy@yopmail.com;1973-10-13
Jany;Grosz;Jany.Grosz@yopmail.com;1992-03-23
Grier;Johanna;Grier.Johanna@yopmail.com;1961-01-10
Layla;Westphal;Layla.Westphal@yopmail.com;1909-12-18
Pamella;Delacourt;Pamella.Delacourt@yopmail.com;1939-02-19
Cassondra;Buckler;Cassondra.Buckler@yopmail.com;1958-04-06
Brandise;Hollingsworth;Brandise.Hollingsworth@yopmail.com;1962-11-30
Natka;Latini;Natka.Latini@yopmail.com;1959-11-12
Maurene;Anyah;Maurene.Anyah@yopmail.com;1905-08-09
Trixi;Talia;Trixi.Talia@yopmail.com;1998-01-16
Kellen;Lubin;Kellen.Lubin@yopmail.com;1977-04-23
Phedra;Seumas;Phedra.Seumas@yopmail.com;1904-08-26
Ana;Teryn;Ana.Teryn@yopmail.com;1924-04-23
Riannon;Chandler;Riannon.Chandler@yopmail.com;1914-10-14
Luci;Hazlett;Luci.Hazlett@yopmail.com;1978-01-04
Corry;Matthew;Corry.Matthew@yopmail.com;1912-05-22
Alie;Larochelle;Alie.Larochelle@yopmail.com;1958-03-11
Patricia;Valerio;Patricia.Valerio@yopmail.com;1957-05-19
Marjie;Hilbert;Marjie.Hilbert@yopmail.com;1911-08-26
Roseline;Durante;Roseline.Durante@yopmail.com;1984-08-28
Madalyn;McNully;Madalyn.McNully@yopmail.com;1971-03-25
Rubie;Rurik;Rubie.Rurik@yopmail.com;1978-05-03
Jinny;Adrienne;Jinny.Adrienne@yopmail.com;1919-06-07
Emma;Blase;Emma.Blase@yopmail.com;1984-03-31
Leona;Melleta;Leona.Melleta@yopmail.com;1904-05-29
Laurene;Wooster;Laurene.Wooster@yopmail.com;1900-02-23
Maridel;Duwalt;Maridel.Duwalt@yopmail.com;1910-06-23
Halette;Doig;Halette.Doig@yopmail.com;1944-10-15
Bettine;Felecia;Bettine.Felecia@yopmail.com;1956-04-18
Florencia;Sidonius;Florencia.Sidonius@yopmail.com;2015-08-15
Jsandye;Harl;Jsandye.Harl@yopmail.com;1968-05-27
Kittie;Winnick;Kittie.Winnick@yopmail.com;1902-10-27
Karolina;Zamora;Karolina.Zamora@yopmail.com;1951-03-28
Maryellen;Stefa;Maryellen.Stefa@yopmail.com;1957-11-12
Mireielle;Pacorro;Mireielle.Pacorro@yopmail.com;1979-12-11
Gabriellia;Swigart;Gabriellia.Swigart@yopmail.com;1908-06-28
Cindelyn;Dorine;Cindelyn.Dorine@yopmail.com;1994-04-05
Babita;Huggins;Babita.Huggins@yopmail.com;1920-06-26
Adelle;Johanna;Adelle.Johanna@yopmail.com;2002-04-15
Trudie;Monaco;Trudie.Monaco@yopmail.com;1988-05-15
Allyce;Solitta;Allyce.Solitta@yopmail.com;1957-03-09
Agnese;Lucienne;Agnese.Lucienne@yopmail.com;1993-04-18
Ilse;Roxanna;Ilse.Roxanna@yopmail.com;1955-07-10
Linzy;Herrera;Linzy.Herrera@yopmail.com;1958-10-21
Barbara;Old;Barbara.Old@yopmail.com;1906-12-08
Misha;Whiffen;Misha.Whiffen@yopmail.com;2003-06-23
Tersina;Tatianas;Tersina.Tatianas@yopmail.com;1975-02-18
Gianina;Sperling;Gianina.Sperling@yopmail.com;1925-03-03
Rozele;Goddard;Rozele.Goddard@yopmail.com;1939-04-04
Andree;Guthrie;Andree.Guthrie@yopmail.com;1984-11-15
Millie;Kylander;Millie.Kylander@yopmail.com;1937-07-13
Pollyanna;Autrey;Pollyanna.Autrey@yopmail.com;2013-03-26
Reeba;Weaks;Reeba.Weaks@yopmail.com;1955-09-17
Janeczka;Brian;Janeczka.Brian@yopmail.com;1942-06-29
Allis;Tybald;Allis.Tybald@yopmail.com;1920-04-28
Celestyna;Kenney;Celestyna.Kenney@yopmail.com;1990-10-05
Maryellen;Delacourt;Maryellen.Delacourt@yopmail.com;1941-11-21
Daune;Skurnik;Daune.Skurnik@yopmail.com;1993-08-21
Vere;Ramona;Vere.Ramona@yopmail.com;1959-01-18
Fernande;Phi;Fernande.Phi@yopmail.com;1989-12-19
Heddie;Burch;Heddie.Burch@yopmail.com;1991-06-19
Willetta;Abbot;Willetta.Abbot@yopmail.com;2010-06-23
Marti;Seessel;Marti.Seessel@yopmail.com;2007-11-15
Merry;Marden;Merry.Marden@yopmail.com;1900-04-02
Drucie;Lunsford;Drucie.Lunsford@yopmail.com;1917-09-12
Kelly;Beebe;Kelly.Beebe@yopmail.com;1966-04-11
Jessy;Delacourt;Jessy.Delacourt@yopmail.com;2004-11-24
Josephine;Sallyann;Josephine.Sallyann@yopmail.com;1965-04-25
Kirbee;Carbo;Kirbee.Carbo@yopmail.com;1908-05-08
Christal;Berard;Christal.Berard@yopmail.com;2002-11-15
Laurene;Riordan;Laurene.Riordan@yopmail.com;2017-12-09
Mady;Deegan;Mady.Deegan@yopmail.com;2000-03-08
Kimberley;Mata;Kimberley.Mata@yopmail.com;1945-11-28
Meg;Sisile;Meg.Sisile@yopmail.com;1950-05-11
Rosabelle;Horan;Rosabelle.Horan@yopmail.com;1972-11-30
Candi;Toor;Candi.Toor@yopmail.com;2005-03-29
Kenna;Ricarda;Kenna.Ricarda@yopmail.com;1928-08-02
Kirbee;Amethist;Kirbee.Amethist@yopmail.com;1992-10-20
Alia;Chaing;Alia.Chaing@yopmail.com;1986-05-20
Rayna;Arvo;Rayna.Arvo@yopmail.com;1911-05-08
Cristabel;Suzetta;Cristabel.Suzetta@yopmail.com;1922-01-16
Nikki;Oriana;Nikki.Oriana@yopmail.com;1994-03-04
Ekaterina;Slifka;Ekaterina.Slifka@yopmail.com;1928-01-14
Sissy;Chem;Sissy.Chem@yopmail.com;2018-01-22
Mary;Bonucci;Mary.Bonucci@yopmail.com;1913-10-15
Rayna;Saunderson;Rayna.Saunderson@yopmail.com;1971-01-13
Chloris;Lynn;Chloris.Lynn@yopmail.com;1997-05-16
Kittie;Garrison;Kittie.Garrison@yopmail.com;1976-03-02
Raina;Euridice;Raina.Euridice@yopmail.com;1983-04-23
Doro;Telfer;Doro.Telfer@yopmail.com;1944-08-25
Tamqrah;Allare;Tamqrah.Allare@yopmail.com;2011-03-29
Sarette;Albertine;Sarette.Albertine@yopmail.com;1908-02-08
Nariko;Longfellow;Nariko.Longfellow@yopmail.com;1916-06-05
Kathi;Henebry;Kathi.Henebry@yopmail.com;1922-04-17
Ardeen;Aldric;Ardeen.Aldric@yopmail.com;1965-01-15
Phylis;Forrer;Phylis.Forrer@yopmail.com;1990-01-15
Penelopa;Gino;Penelopa.Gino@yopmail.com;1934-06-15
Annice;Durante;Annice.Durante@yopmail.com;1905-05-29
Arlina;Joachim;Arlina.Joachim@yopmail.com;1986-06-22
Celisse;Grimbly;Celisse.Grimbly@yopmail.com;1907-04-02
Dacia;Ax;Dacia.Ax@yopmail.com;1998-10-06
Chrystel;Ries;Chrystel.Ries@yopmail.com;2005-11-21
Pamella;Pandolfi;Pamella.Pandolfi@yopmail.com;2014-06-06
Almeta;Pillsbury;Almeta.Pillsbury@yopmail.com;1924-06-04
Aryn;Artie;Aryn.Artie@yopmail.com;1981-08-27
Kaia;Selway;Kaia.Selway@yopmail.com;1927-09-05
Ursulina;Koziara;Ursulina.Koziara@yopmail.com;1986-03-17
Elsie;Rillings;Elsie.Rillings@yopmail.com;1913-08-16
Millie;Roscoe;Millie.Roscoe@yopmail.com;1939-03-03
Heida;Leffen;Heida.Leffen@yopmail.com;1934-11-25
Jessy;Hylan;Jessy.Hylan@yopmail.com;1915-01-15
Melanie;Gilbertson;Melanie.Gilbertson@yopmail.com;1985-06-09
Marcelline;Eldrid;Marcelline.Eldrid@yopmail.com;1997-09-15
Tobe;O'Neill;Tobe.O'Neill@yopmail.com;1968-06-24
Fawne;Alice;Fawne.Alice@yopmail.com;1913-03-18
Courtnay;Merell;Courtnay.Merell@yopmail.com;1955-02-20
Jobi;Firmin;Jobi.Firmin@yopmail.com;1946-10-27
Adore;Pond;Adore.Pond@yopmail.com;1950-01-11
Ariela;Lipson;Ariela.Lipson@yopmail.com;1965-07-20
Calla;Carolin;Calla.Carolin@yopmail.com;1988-01-30
Heddie;Lubin;Heddie.Lubin@yopmail.com;1903-02-11
Sandie;Keily;Sandie.Keily@yopmail.com;1999-11-28
Aryn;Haerr;Aryn.Haerr@yopmail.com;2010-11-15
Monika;Ricki;Monika.Ricki@yopmail.com;1950-08-03
Shandie;Armanda;Shandie.Armanda@yopmail.com;2001-06-05
Lindie;Jacinda;Lindie.Jacinda@yopmail.com;1906-04-21
Emelina;Dom;Emelina.Dom@yopmail.com;1999-06-07
Albertina;Joli;Albertina.Joli@yopmail.com;1964-09-17
Beatriz;Forrer;Beatriz.Forrer@yopmail.com;1981-02-15
Cam;Sawtelle;Cam.Sawtelle@yopmail.com;2009-05-19
Kelly;Genna;Kelly.Genna@yopmail.com;1912-11-11
Consuela;Ardeha;Consuela.Ardeha@yopmail.com;1906-01-29
Aili;Rosemary;Aili.Rosemary@yopmail.com;1942-11-14
Nannie;Sinegold;Nannie.Sinegold@yopmail.com;1954-08-04
Berta;Obed;Berta.Obed@yopmail.com;1960-09-23
Layla;Madox;Layla.Madox@yopmail.com;1907-04-21
Etta;Roumell;Etta.Roumell@yopmail.com;2001-06-12
Mallory;Thornburg;Mallory.Thornburg@yopmail.com;1916-05-04
Andree;Jehu;Andree.Jehu@yopmail.com;1956-07-29
Margette;Calhoun;Margette.Calhoun@yopmail.com;1964-10-14
Dominga;Zina;Dominga.Zina@yopmail.com;1951-09-11
Dorice;Bari;Dorice.Bari@yopmail.com;1930-03-17
Pierette;Stefa;Pierette.Stefa@yopmail.com;1927-09-13
Dominga;August;Dominga.August@yopmail.com;1981-06-11
Linet;Bach;Linet.Bach@yopmail.com;1977-03-21
Genovera;Bigner;Genovera.Bigner@yopmail.com;1958-02-03
Teddie;Ries;Teddie.Ries@yopmail.com;1963-10-01
Lita;Rozanna;Lita.Rozanna@yopmail.com;1951-07-20
Myriam;Meli;Myriam.Meli@yopmail.com;2007-12-11
Lenna;Codding;Lenna.Codding@yopmail.com;2013-08-27
Kristan;Valoniah;Kristan.Valoniah@yopmail.com;2007-11-07
Margette;Torray;Margette.Torray@yopmail.com;1919-09-11
Harmonia;Eckblad;Harmonia.Eckblad@yopmail.com;1972-04-19
Molli;Deny;Molli.Deny@yopmail.com;1923-03-02
Madelle;Lea;Madelle.Lea@yopmail.com;2000-01-03
Jemie;Winnick;Jemie.Winnick@yopmail.com;1958-02-04
Chloris;Monaco;Chloris.Monaco@yopmail.com;1994-09-06
Katleen;Lucienne;Katleen.Lucienne@yopmail.com;1942-03-17
Maurene;Delp;Maurene.Delp@yopmail.com;1943-05-09
Elise;Turne;Elise.Turne@yopmail.com;1954-11-11
Thalia;Randene;Thalia.Randene@yopmail.com;1981-03-12
Juliane;Randene;Juliane.Randene@yopmail.com;1900-07-05
Albertina;Sikorski;Albertina.Sikorski@yopmail.com;1997-08-16
Shannah;Lacombe;Shannah.Lacombe@yopmail.com;2010-05-28
Lulita;Swanhildas;Lulita.Swanhildas@yopmail.com;2004-05-13
Lorenza;Voletta;Lorenza.Voletta@yopmail.com;1926-04-17
Tamqrah;Zina;Tamqrah.Zina@yopmail.com;2014-10-31
Deirdre;Anton;Deirdre.Anton@yopmail.com;1911-03-29
Agathe;Brittani;Agathe.Brittani@yopmail.com;1985-08-28
Ulrike;Hillel;Ulrike.Hillel@yopmail.com;1977-09-26
Taffy;Saree;Taffy.Saree@yopmail.com;1962-08-29
Claudina;Faso;Claudina.Faso@yopmail.com;2014-08-27
Elka;Kat;Elka.Kat@yopmail.com;1903-11-01
Peri;Dimitris;Peri.Dimitris@yopmail.com;1940-09-04
Corly;Dex;Corly.Dex@yopmail.com;1969-05-10
Paule;Nicoline;Paule.Nicoline@yopmail.com;1908-05-20
Ginnie;Pitt;Ginnie.Pitt@yopmail.com;1987-10-14
Lindie;Jerald;Lindie.Jerald@yopmail.com;1990-03-15
Lanae;Auberbach;Lanae.Auberbach@yopmail.com;2006-10-13
Edyth;Vittoria;Edyth.Vittoria@yopmail.com;1993-04-02
Chickie;Kamaria;Chickie.Kamaria@yopmail.com;1921-12-15
Gwenneth;Stoller;Gwenneth.Stoller@yopmail.com;1910-04-27
Lita;Wu;Lita.Wu@yopmail.com;1930-11-08
Aigneis;Rosalba;Aigneis.Rosalba@yopmail.com;1920-04-15
Caritta;Clara;Caritta.Clara@yopmail.com;1906-10-19
Clarice;Eliathas;Clarice.Eliathas@yopmail.com;1946-07-12
June;Scammon;June.Scammon@yopmail.com;1961-08-31
Fawne;Rooney;Fawne.Rooney@yopmail.com;1933-05-29
Mireielle;Francene;Mireielle.Francene@yopmail.com;2019-12-20
Sibella;Graig;Sibella.Graig@yopmail.com;2016-08-12
Priscilla;Lattie;Priscilla.Lattie@yopmail.com;1934-09-14
Theodora;Rozanna;Theodora.Rozanna@yopmail.com;1900-06-01
Kate;Socha;Kate.Socha@yopmail.com;2003-12-31
Rosabelle;Thema;Rosabelle.Thema@yopmail.com;1938-08-22
Eugine;Edee;Eugine.Edee@yopmail.com;1902-06-20
Meghann;Henebry;Meghann.Henebry@yopmail.com;1968-05-06
Pearline;Melleta;Pearline.Melleta@yopmail.com;1989-12-16
Roz;Koziara;Roz.Koziara@yopmail.com;1975-01-07
Agathe;Anderea;Agathe.Anderea@yopmail.com;1952-10-25
Ethel;Dahlia;Ethel.Dahlia@yopmail.com;1978-05-24
Estell;Tremayne;Estell.Tremayne@yopmail.com;2004-02-06
Marti;Letsou;Marti.Letsou@yopmail.com;1956-10-10
Gilda;Stilwell;Gilda.Stilwell@yopmail.com;1918-07-29
Atlanta;Mike;Atlanta.Mike@yopmail.com;2017-08-22
Ada;Nadia;Ada.Nadia@yopmail.com;1961-08-27
Corry;Sholley;Corry.Sholley@yopmail.com;1969-07-31
Elora;Corrine;Elora.Corrine@yopmail.com;1943-11-29
Lynnea;Fry;Lynnea.Fry@yopmail.com;1995-07-19
Sheree;Angelis;Sheree.Angelis@yopmail.com;1977-05-07
Frances;Koziara;Frances.Koziara@yopmail.com;1963-09-10
Maud;Thilda;Maud.Thilda@yopmail.com;2008-06-27
Cassandra;Sawtelle;Cassandra.Sawtelle@yopmail.com;1992-02-10
Mallory;Yusuk;Mallory.Yusuk@yopmail.com;1976-10-30
Joeann;Brotherson;Joeann.Brotherson@yopmail.com;1980-03-24
Dorice;Lacombe;Dorice.Lacombe@yopmail.com;2000-01-08
Imojean;Armanda;Imojean.Armanda@yopmail.com;1987-09-21
Mariann;Pond;Mariann.Pond@yopmail.com;2006-10-12
Helsa;Dalli;Helsa.Dalli@yopmail.com;1934-08-11
Cam;Lynn;Cam.Lynn@yopmail.com;1921-07-21
Krystle;Glovsky;Krystle.Glovsky@yopmail.com;1997-01-17
Shaylyn;Center;Shaylyn.Center@yopmail.com;1981-12-21
Lorie;Edee;Lorie.Edee@yopmail.com;1993-11-15
Lacie;Clarissa;Lacie.Clarissa@yopmail.com;1955-08-19
Dolli;Wyn;Dolli.Wyn@yopmail.com;1977-09-13
Zondra;Girardo;Zondra.Girardo@yopmail.com;2008-04-06
Corly;Zetta;Corly.Zetta@yopmail.com;1902-03-29
Alleen;Clarissa;Alleen.Clarissa@yopmail.com;1987-03-19
Adelle;Chauncey;Adelle.Chauncey@yopmail.com;2012-09-29
Jacquetta;Infield;Jacquetta.Infield@yopmail.com;1965-07-27
Micheline;Rocray;Micheline.Rocray@yopmail.com;1984-05-21
Marline;Letsou;Marline.Letsou@yopmail.com;1998-09-11
Jenda;Ardra;Jenda.Ardra@yopmail.com;2010-11-24
Tonia;Earlie;Tonia.Earlie@yopmail.com;1986-12-07
Anica;Alejoa;Anica.Alejoa@yopmail.com;1956-04-04
Daryl;Docilla;Daryl.Docilla@yopmail.com;1953-12-23
Teriann;Buffum;Teriann.Buffum@yopmail.com;1956-11-01
Grier;Larochelle;Grier.Larochelle@yopmail.com;1997-03-25
Annecorinne;Diogenes;Annecorinne.Diogenes@yopmail.com;1960-01-01
Merry;Clarissa;Merry.Clarissa@yopmail.com;1916-11-03
Consuela;Emanuel;Consuela.Emanuel@yopmail.com;1970-04-16
Donnie;Dudley;Donnie.Dudley@yopmail.com;1936-01-03
Elora;Craggie;Elora.Craggie@yopmail.com;1998-12-18
Krystle;Anyah;Krystle.Anyah@yopmail.com;1993-10-09
Joceline;Tippets;Joceline.Tippets@yopmail.com;1905-08-23
Roxane;An;Roxane.An@yopmail.com;1989-07-16
Jemie;Emanuel;Jemie.Emanuel@yopmail.com;1918-06-16
Roberta;Swigart;Roberta.Swigart@yopmail.com;1920-12-02
Wynne;Rooney;Wynne.Rooney@yopmail.com;1910-10-25
Kore;Oriana;Kore.Oriana@yopmail.com;1957-06-04
Jemie;Ilka;Jemie.Ilka@yopmail.com;1915-10-29
Susan;Middleton;Susan.Middleton@yopmail.com;1964-06-17
Jeanna;Hachmin;Jeanna.Hachmin@yopmail.com;1900-05-05
Lesly;Stelle;Lesly.Stelle@yopmail.com;1911-07-02
Felice;Ilka;Felice.Ilka@yopmail.com;2003-03-24
Andree;Wenoa;Andree.Wenoa@yopmail.com;1954-02-11
Letizia;Edvard;Letizia.Edvard@yopmail.com;1912-09-16
Abbie;McGrody;Abbie.McGrody@yopmail.com;2011-02-03
Felice;Jacinda;Felice.Jacinda@yopmail.com;1985-03-17
Lorie;Georgy;Lorie.Georgy@yopmail.com;1989-01-04
Deedee;Luhe;Deedee.Luhe@yopmail.com;1919-01-29
Lila;Pandolfi;Lila.Pandolfi@yopmail.com;1975-09-08
Daphne;Haymes;Daphne.Haymes@yopmail.com;1933-01-21
Ninnetta;Norrie;Ninnetta.Norrie@yopmail.com;1940-02-02
Sara-Ann;Edison;Sara-Ann.Edison@yopmail.com;1961-12-08
Yvonne;Bethany;Yvonne.Bethany@yopmail.com;1963-11-11
Roberta;Clywd;Roberta.Clywd@yopmail.com;1996-03-28
Devina;Alice;Devina.Alice@yopmail.com;2003-12-23
Yetty;Howlyn;Yetty.Howlyn@yopmail.com;1991-05-11
Myriam;Oscar;Myriam.Oscar@yopmail.com;1928-05-10
Leanna;Belldas;Leanna.Belldas@yopmail.com;1958-11-09
Candi;Isacco;Candi.Isacco@yopmail.com;1931-11-27
Celisse;Baudin;Celisse.Baudin@yopmail.com;1923-09-27
Rivalee;Millda;Rivalee.Millda@yopmail.com;1915-04-23
Ira;Janene;Ira.Janene@yopmail.com;1907-05-20
Sissy;Bibi;Sissy.Bibi@yopmail.com;1973-02-04
Lindie;Maryanne;Lindie.Maryanne@yopmail.com;1957-03-10
Melina;Cassius;Melina.Cassius@yopmail.com;1931-10-17
Dominga;Gilmour;Dominga.Gilmour@yopmail.com;1975-08-26
Sallie;Rad;Sallie.Rad@yopmail.com;1965-11-03
Belinda;Screens;Belinda.Screens@yopmail.com;2012-07-06
Noelle;Hanshaw;Noelle.Hanshaw@yopmail.com;1999-09-05
Emma;Toor;Emma.Toor@yopmail.com;1972-09-12
Silvana;Jaylene;Silvana.Jaylene@yopmail.com;1919-03-01
Estell;Percy;Estell.Percy@yopmail.com;1963-01-03
Bobinette;Bethany;Bobinette.Bethany@yopmail.com;1984-10-16
Ardys;Hollingsworth;Ardys.Hollingsworth@yopmail.com;2000-09-29
Chickie;Elisha;Chickie.Elisha@yopmail.com;2004-03-19
Alejandra;Fabiola;Alejandra.Fabiola@yopmail.com;1960-09-15
Emilia;Hubert;Emilia.Hubert@yopmail.com;1901-09-16
Emylee;Waldron;Emylee.Waldron@yopmail.com;1970-01-31
Dagmar;Lucienne;Dagmar.Lucienne@yopmail.com;1938-07-18
Helsa;Diann;Helsa.Diann@yopmail.com;1916-10-15
Charissa;Wiener;Charissa.Wiener@yopmail.com;2016-11-26
Noelle;Ashok;Noelle.Ashok@yopmail.com;1960-03-17
Deane;Infield;Deane.Infield@yopmail.com;1980-08-24
Peri;Kirbee;Peri.Kirbee@yopmail.com;1956-06-01
Ricky;Gombach;Ricky.Gombach@yopmail.com;1940-01-22
Lory;Sophronia;Lory.Sophronia@yopmail.com;1963-05-14
Barbara;Sadowski;Barbara.Sadowski@yopmail.com;1915-02-05
Willetta;Chauncey;Willetta.Chauncey@yopmail.com;1929-12-15
Gale;Gino;Gale.Gino@yopmail.com;1948-06-12
Sadie;Burkle;Sadie.Burkle@yopmail.com;2014-08-10
Jan;Weitman;Jan.Weitman@yopmail.com;1940-02-03
Elyssa;Chem;Elyssa.Chem@yopmail.com;1943-03-11
Angela;Artie;Angela.Artie@yopmail.com;1929-08-16
Josephine;Rodmann;Josephine.Rodmann@yopmail.com;2006-11-07
Meg;Tannie;Meg.Tannie@yopmail.com;2017-04-17
Charlena;Hewitt;Charlena.Hewitt@yopmail.com;1901-04-16
Ada;Bluh;Ada.Bluh@yopmail.com;1936-05-11
Betta;Margret;Betta.Margret@yopmail.com;1995-06-30
Monika;Helve;Monika.Helve@yopmail.com;1958-05-18
Babita;Dahlia;Babita.Dahlia@yopmail.com;1981-10-10
Rivalee;Hanshaw;Rivalee.Hanshaw@yopmail.com;1923-04-21
Blake;Dorine;Blake.Dorine@yopmail.com;1964-08-04
Beatriz;Hull;Beatriz.Hull@yopmail.com;2004-04-26
Ileana;Abernon;Ileana.Abernon@yopmail.com;2007-05-25
Helsa;Gualtiero;Helsa.Gualtiero@yopmail.com;1944-04-04
Natka;Shaddock;Natka.Shaddock@yopmail.com;2000-08-11
Kalina;Mathilde;Kalina.Mathilde@yopmail.com;1998-01-18
Brana;Buttaro;Brana.Buttaro@yopmail.com;1913-02-04
Starla;Hylan;Starla.Hylan@yopmail.com;1924-11-07
Jolyn;Weinreb;Jolyn.Weinreb@yopmail.com;1996-05-30
Alie;Crudden;Alie.Crudden@yopmail.com;1999-12-12
Phylis;Irmine;Phylis.Irmine@yopmail.com;1926-11-03
Asia;Pandolfi;Asia.Pandolfi@yopmail.com;1903-11-28
Theodora;Minetta;Theodora.Minetta@yopmail.com;1958-12-01
Veda;Bearnard;Veda.Bearnard@yopmail.com;1921-07-06
Noelle;Girardo;Noelle.Girardo@yopmail.com;2007-01-30
Rochette;Eno;Rochette.Eno@yopmail.com;1968-01-06
Deane;Peg;Deane.Peg@yopmail.com;1983-03-08
Keelia;Brunell;Keelia.Brunell@yopmail.com;1902-12-18
Helsa;Levey;Helsa.Levey@yopmail.com;1983-09-08
Estell;Lowry;Estell.Lowry@yopmail.com;2005-02-12
Leanna;Aida;Leanna.Aida@yopmail.com;1975-12-30
Glynnis;Holbrook;Glynnis.Holbrook@yopmail.com;1942-03-15
Larine;Norrie;Larine.Norrie@yopmail.com;1947-09-08
Etta;Tengdin;Etta.Tengdin@yopmail.com;1908-03-30
Dulcinea;Heisel;Dulcinea.Heisel@yopmail.com;1904-10-19
Dorothy;Obed;Dorothy.Obed@yopmail.com;1931-05-21
Michaelina;Anselmi;Michaelina.Anselmi@yopmail.com;2015-08-17
Elvira;Pillsbury;Elvira.Pillsbury@yopmail.com;1970-10-19
Collen;Ammann;Collen.Ammann@yopmail.com;1917-10-12
Shaylyn;Earlie;Shaylyn.Earlie@yopmail.com;1928-01-31
Latisha;Vale;Latisha.Vale@yopmail.com;2016-10-06
Clarice;Agle;Clarice.Agle@yopmail.com;1915-08-03
Orsola;Rolf;Orsola.Rolf@yopmail.com;2017-12-11
Christy;An;Christy.An@yopmail.com;1922-08-06
Chickie;Wildermuth;Chickie.Wildermuth@yopmail.com;1971-10-07
Allis;Gower;Allis.Gower@yopmail.com;1902-05-07
Nannie;Muriel;Nannie.Muriel@yopmail.com;1955-09-10
Zondra;Darian;Zondra.Darian@yopmail.com;1909-02-13
Winny;Kronfeld;Winny.Kronfeld@yopmail.com;1923-05-11
Danny;Yerkovich;Danny.Yerkovich@yopmail.com;1917-12-27
Willetta;Giule;Willetta.Giule@yopmail.com;1945-12-04
Allyce;Weaks;Allyce.Weaks@yopmail.com;1989-04-28
Dede;Jary;Dede.Jary@yopmail.com;1928-01-20
Hettie;Callista;Hettie.Callista@yopmail.com;1902-03-21
Ketti;Thornburg;Ketti.Thornburg@yopmail.com;2006-03-01
Frank;Noelyn;Frank.Noelyn@yopmail.com;1994-09-23
Dotty;Corilla;Dotty.Corilla@yopmail.com;1902-06-07
Nikki;Earlie;Nikki.Earlie@yopmail.com;1923-09-17
Fina;Taam;Fina.Taam@yopmail.com;1987-06-19
Susette;Gordon;Susette.Gordon@yopmail.com;1910-12-03
Karolina;Helve;Karolina.Helve@yopmail.com;1964-08-03
Inga;Pulsifer;Inga.Pulsifer@yopmail.com;1963-01-07
Maryellen;Willie;Maryellen.Willie@yopmail.com;1994-04-19
Elvira;Sacken;Elvira.Sacken@yopmail.com;1921-01-17
Susan;Verger;Susan.Verger@yopmail.com;1909-01-24
Roxane;Pattin;Roxane.Pattin@yopmail.com;1960-08-30
Oralee;Kevon;Oralee.Kevon@yopmail.com;1911-09-09
Kathi;Morehouse;Kathi.Morehouse@yopmail.com;1958-10-05
Barbara;Jagir;Barbara.Jagir@yopmail.com;1977-10-10
Laure;Elephus;Laure.Elephus@yopmail.com;2012-08-07
Ardenia;Kolnick;Ardenia.Kolnick@yopmail.com;2012-08-17
Margette;Gilbertson;Margette.Gilbertson@yopmail.com;2006-11-02
Roberta;Roxanna;Roberta.Roxanna@yopmail.com;1979-02-05
Robinia;Ricki;Robinia.Ricki@yopmail.com;1957-12-29
Violet;Diogenes;Violet.Diogenes@yopmail.com;1902-07-27
Jacenta;Donell;Jacenta.Donell@yopmail.com;1998-03-09
Marinna;Georas;Marinna.Georas@yopmail.com;1955-07-19
Barbi;Kaete;Barbi.Kaete@yopmail.com;1987-05-21
Kathy;Teryn;Kathy.Teryn@yopmail.com;2008-01-24
Jeanna;Aida;Jeanna.Aida@yopmail.com;1903-09-10
Elmira;Bakerman;Elmira.Bakerman@yopmail.com;1943-07-03
Marika;Frodi;Marika.Frodi@yopmail.com;1921-09-14
Meghann;Sandye;Meghann.Sandye@yopmail.com;2005-10-22
Jemie;Diogenes;Jemie.Diogenes@yopmail.com;1901-11-10
Gusella;Goerke;Gusella.Goerke@yopmail.com;2000-10-14
Silvana;Cherianne;Silvana.Cherianne@yopmail.com;1901-03-04
Celene;Sophronia;Celene.Sophronia@yopmail.com;1923-01-05
Lorne;Alrich;Lorne.Alrich@yopmail.com;1995-03-05
Isa;An;Isa.An@yopmail.com;2011-12-26
Stevana;Duwalt;Stevana.Duwalt@yopmail.com;1955-08-19
Danny;Grimbly;Danny.Grimbly@yopmail.com;1963-03-05
Lanae;Merna;Lanae.Merna@yopmail.com;1980-04-19
Dulce;Isidore;Dulce.Isidore@yopmail.com;2012-12-24
Lila;Rubie;Lila.Rubie@yopmail.com;1936-08-04
Merci;Astra;Merci.Astra@yopmail.com;1900-12-11
Miquela;Natica;Miquela.Natica@yopmail.com;1964-11-25
Genevra;Thomasina;Genevra.Thomasina@yopmail.com;2012-11-02
Chastity;Scammon;Chastity.Scammon@yopmail.com;1902-08-28
Gratia;Si;Gratia.Si@yopmail.com;1939-05-03
Elsie;Cristi;Elsie.Cristi@yopmail.com;1926-09-09
Babita;Leary;Babita.Leary@yopmail.com;1902-02-17
Ethel;Frodi;Ethel.Frodi@yopmail.com;2013-11-12
Melisent;Kaete;Melisent.Kaete@yopmail.com;1934-12-15
Gusty;Modie;Gusty.Modie@yopmail.com;1994-04-05
Abbie;Obed;Abbie.Obed@yopmail.com;1959-08-16
Mignon;Romelda;Mignon.Romelda@yopmail.com;1987-09-30
Mady;Nedrud;Mady.Nedrud@yopmail.com;1926-06-30
Lorne;Gower;Lorne.Gower@yopmail.com;1988-01-29
Courtnay;Ephrem;Courtnay.Ephrem@yopmail.com;2014-03-12
Kelly;Arvo;Kelly.Arvo@yopmail.com;1935-03-18
Collen;Autrey;Collen.Autrey@yopmail.com;1999-08-10
Alia;Rolf;Alia.Rolf@yopmail.com;2005-12-07
Vevay;Sholley;Vevay.Sholley@yopmail.com;1921-09-07
Millie;Buffum;Millie.Buffum@yopmail.com;2014-09-23
Luci;McLaughlin;Luci.McLaughlin@yopmail.com;2005-06-09
Arabel;Dawkins;Arabel.Dawkins@yopmail.com;1907-05-19
Deedee;Chesna;Deedee.Chesna@yopmail.com;2008-08-12
Lynea;Odysseus;Lynea.Odysseus@yopmail.com;1922-12-22
Constance;Kevon;Constance.Kevon@yopmail.com;1937-08-27
Cissiee;Moseley;Cissiee.Moseley@yopmail.com;1973-06-22
Silvana;Sancho;Silvana.Sancho@yopmail.com;1953-12-16
Kirbee;Bates;Kirbee.Bates@yopmail.com;2008-12-17
Nataline;Adore;Nataline.Adore@yopmail.com;1919-07-07
Brietta;Callista;Brietta.Callista@yopmail.com;1984-08-15
Sallie;Wattenberg;Sallie.Wattenberg@yopmail.com;1991-11-06
Sam;Roche;Sam.Roche@yopmail.com;1908-12-10
Thalia;Thema;Thalia.Thema@yopmail.com;1926-05-12
Mathilda;Chick;Mathilda.Chick@yopmail.com;1958-08-07
Ottilie;Gualtiero;Ottilie.Gualtiero@yopmail.com;1934-06-29
Sallie;Henebry;Sallie.Henebry@yopmail.com;1958-08-07
Elyssa;Burkle;Elyssa.Burkle@yopmail.com;1941-06-14
Amara;Sibyls;Amara.Sibyls@yopmail.com;1909-04-29
Juliane;Tremayne;Juliane.Tremayne@yopmail.com;1962-09-13
Ofilia;Cyrie;Ofilia.Cyrie@yopmail.com;2017-11-26
Donnie;Juliet;Donnie.Juliet@yopmail.com;2007-08-27
Blake;Hull;Blake.Hull@yopmail.com;1950-05-31
Jessamyn;Sundin;Jessamyn.Sundin@yopmail.com;1972-07-25
Sonni;Chick;Sonni.Chick@yopmail.com;1917-04-23
Deedee;Cressida;Deedee.Cressida@yopmail.com;1943-10-23
Millie;Charity;Millie.Charity@yopmail.com;1978-05-16
Beth;Tillford;Beth.Tillford@yopmail.com;1974-10-31
Babita;Thunell;Babita.Thunell@yopmail.com;1927-01-14
Gusty;Olin;Gusty.Olin@yopmail.com;1920-06-30
Yetty;Bibi;Yetty.Bibi@yopmail.com;1900-11-04
Eugine;Kaete;Eugine.Kaete@yopmail.com;1980-08-10
Christy;Turne;Christy.Turne@yopmail.com;2016-08-07
Diena;Ahab;Diena.Ahab@yopmail.com;1921-04-23
Gloria;Sophronia;Gloria.Sophronia@yopmail.com;1990-06-24
Kary;Brady;Kary.Brady@yopmail.com;1936-08-31
Daphne;Seagraves;Daphne.Seagraves@yopmail.com;2000-07-18
Glynnis;Honoria;Glynnis.Honoria@yopmail.com;1969-01-27
Nelle;Olin;Nelle.Olin@yopmail.com;1916-05-15
Lucille;Grobe;Lucille.Grobe@yopmail.com;1903-11-16
Nyssa;Lindemann;Nyssa.Lindemann@yopmail.com;1965-01-21
Perry;Sheng;Perry.Sheng@yopmail.com;1900-12-21
Mignon;Chabot;Mignon.Chabot@yopmail.com;1921-09-06
Jackie;Pattin;Jackie.Pattin@yopmail.com;1964-08-19
Vita;Amethist;Vita.Amethist@yopmail.com;1959-06-06
Rhea;Barrus;Rhea.Barrus@yopmail.com;1928-02-21
Nariko;Remmer;Nariko.Remmer@yopmail.com;1940-05-08
Krystle;Joachim;Krystle.Joachim@yopmail.com;1915-04-08
Patricia;Fitzsimmons;Patricia.Fitzsimmons@yopmail.com;1914-07-08
Bill;Guildroy;Bill.Guildroy@yopmail.com;1966-02-18
Adore;Suk;Adore.Suk@yopmail.com;1958-10-23
Korrie;Leler;Korrie.Leler@yopmail.com;1928-05-27
Starla;Chrystel;Starla.Chrystel@yopmail.com;1984-09-06
Veda;Elsinore;Veda.Elsinore@yopmail.com;1947-05-26
Meg;Hedve;Meg.Hedve@yopmail.com;1981-05-18
Debee;Muriel;Debee.Muriel@yopmail.com;1982-05-24
Melanie;Kelula;Melanie.Kelula@yopmail.com;2009-08-20
Candy;Colbert;Candy.Colbert@yopmail.com;1934-01-11
Kristina;Konyn;Kristina.Konyn@yopmail.com;1957-06-17
Ada;Swanhildas;Ada.Swanhildas@yopmail.com;1922-02-18
Rochette;Barney;Rochette.Barney@yopmail.com;1908-07-11
Andree;Vorster;Andree.Vorster@yopmail.com;1998-10-18
Mary;Paton;Mary.Paton@yopmail.com;2010-07-17
Christian;Afton;Christian.Afton@yopmail.com;1941-08-13
Collen;Revkah;Collen.Revkah@yopmail.com;1913-02-20
Berget;Marisa;Berget.Marisa@yopmail.com;1930-04-16
Tilly;Carlson;Tilly.Carlson@yopmail.com;1963-06-02
Ebonee;Roarke;Ebonee.Roarke@yopmail.com;1940-01-30
Cathie;Garek;Cathie.Garek@yopmail.com;1964-09-23
Romona;Phi;Romona.Phi@yopmail.com;2014-11-03
Lily;Juan;Lily.Juan@yopmail.com;1921-11-28
Bernie;Septima;Bernie.Septima@yopmail.com;2011-07-20
Jemie;Holbrook;Jemie.Holbrook@yopmail.com;1992-06-11
Joane;Gaal;Joane.Gaal@yopmail.com;1915-11-09
Justinn;Abbot;Justinn.Abbot@yopmail.com;1930-11-22
Katuscha;Kendrick;Katuscha.Kendrick@yopmail.com;1928-10-02
Sashenka;Cosenza;Sashenka.Cosenza@yopmail.com;1990-08-10
Esmeralda;Florina;Esmeralda.Florina@yopmail.com;1994-10-17
Frances;Elbertina;Frances.Elbertina@yopmail.com;1980-09-23
Nickie;Jethro;Nickie.Jethro@yopmail.com;1908-03-14
Jean;Devlen;Jean.Devlen@yopmail.com;1977-11-22
Aaren;Dosia;Aaren.Dosia@yopmail.com;1951-01-02
Antonietta;Friede;Antonietta.Friede@yopmail.com;1958-09-01
Sashenka;Ilka;Sashenka.Ilka@yopmail.com;2006-12-08
Sarette;Jerald;Sarette.Jerald@yopmail.com;1992-11-23
Deedee;Bohlin;Deedee.Bohlin@yopmail.com;1999-06-21
Drucie;Si;Drucie.Si@yopmail.com;1979-04-22
Monika;Prober;Monika.Prober@yopmail.com;2000-01-20
Cindelyn;Middleton;Cindelyn.Middleton@yopmail.com;1955-03-25
Ermengarde;Bevin;Ermengarde.Bevin@yopmail.com;1915-09-30
Emma;Hessler;Emma.Hessler@yopmail.com;1987-06-02
Netty;Mike;Netty.Mike@yopmail.com;2013-04-23
Blinni;Wiener;Blinni.Wiener@yopmail.com;1948-10-07
Ricky;Seessel;Ricky.Seessel@yopmail.com;1927-11-26
Kirstin;Malanie;Kirstin.Malanie@yopmail.com;1917-09-24
Renae;Cherianne;Renae.Cherianne@yopmail.com;1956-10-17
Pollyanna;Olympium;Pollyanna.Olympium@yopmail.com;1909-08-09
Clo;Darian;Clo.Darian@yopmail.com;1999-03-20
Ana;Posner;Ana.Posner@yopmail.com;1948-10-22
Kayla;Sherfield;Kayla.Sherfield@yopmail.com;1904-01-27
Calla;Ochs;Calla.Ochs@yopmail.com;1992-09-06
Meghann;Joseph;Meghann.Joseph@yopmail.com;1971-04-02
Claudina;Rurik;Claudina.Rurik@yopmail.com;1976-03-05
Jasmina;Stoller;Jasmina.Stoller@yopmail.com;1992-03-11
Diena;Terencio;Diena.Terencio@yopmail.com;2004-11-26
Fred;Emmy;Fred.Emmy@yopmail.com;1983-12-24
Valeda;Yorick;Valeda.Yorick@yopmail.com;1936-05-21
Lily;Bury;Lily.Bury@yopmail.com;1906-01-04
Imojean;Zaslow;Imojean.Zaslow@yopmail.com;2002-04-18
Demetris;Byrne;Demetris.Byrne@yopmail.com;1923-06-11
Tomasina;Marcellus;Tomasina.Marcellus@yopmail.com;1952-05-07
Winifred;Lalitta;Winifred.Lalitta@yopmail.com;2014-07-02
Elfreda;Yam;Elfreda.Yam@yopmail.com;1951-07-26
Elfreda;Alice;Elfreda.Alice@yopmail.com;1959-01-05
Cindelyn;Pillsbury;Cindelyn.Pillsbury@yopmail.com;1944-12-03
Cathyleen;Charity;Cathyleen.Charity@yopmail.com;1958-06-10
Angelique;Ball;Angelique.Ball@yopmail.com;1971-03-18
Paola;Girardo;Paola.Girardo@yopmail.com;1987-07-19
Raf;Palocz;Raf.Palocz@yopmail.com;1997-01-29
Amii;Roumell;Amii.Roumell@yopmail.com;2001-03-02
Jasmina;Kirbee;Jasmina.Kirbee@yopmail.com;1930-10-11
Joceline;Nerita;Joceline.Nerita@yopmail.com;2010-04-15
Melisent;Shields;Melisent.Shields@yopmail.com;2000-05-30
Ricky;Goldina;Ricky.Goldina@yopmail.com;1911-03-02
Oona;Henebry;Oona.Henebry@yopmail.com;1969-05-09
Jinny;MacIntosh;Jinny.MacIntosh@yopmail.com;1953-09-07
Isa;Barney;Isa.Barney@yopmail.com;1957-01-26
Maurene;Gualtiero;Maurene.Gualtiero@yopmail.com;1972-10-05
Eolanda;Valerio;Eolanda.Valerio@yopmail.com;1907-10-31
Leeanne;Adamsen;Leeanne.Adamsen@yopmail.com;1961-02-18
Nadine;Medrek;Nadine.Medrek@yopmail.com;1943-06-04
Ardys;Lewes;Ardys.Lewes@yopmail.com;1930-05-10
Hallie;Pattin;Hallie.Pattin@yopmail.com;1927-11-29
Kirstin;McCutcheon;Kirstin.McCutcheon@yopmail.com;1991-09-17
Inga;Roumell;Inga.Roumell@yopmail.com;1979-08-22
Nicoli;Simmonds;Nicoli.Simmonds@yopmail.com;2005-12-19
Max;Girardo;Max.Girardo@yopmail.com;1913-07-15
Allyce;Carbo;Allyce.Carbo@yopmail.com;1940-03-13
Florencia;Seumas;Florencia.Seumas@yopmail.com;1967-10-22
Leanna;Sawtelle;Leanna.Sawtelle@yopmail.com;1902-04-09
Kathy;Karylin;Kathy.Karylin@yopmail.com;1937-05-11
Romona;Reinke;Romona.Reinke@yopmail.com;1989-10-14
Gilda;Friede;Gilda.Friede@yopmail.com;1930-08-13
Rozele;Dielu;Rozele.Dielu@yopmail.com;1908-10-16
Anica;Melleta;Anica.Melleta@yopmail.com;1968-12-19
Charlena;Couture;Charlena.Couture@yopmail.com;1910-06-21
Priscilla;Alabaster;Priscilla.Alabaster@yopmail.com;1951-11-19
Barbi;Lalitta;Barbi.Lalitta@yopmail.com;2015-08-24
Renie;Goode;Renie.Goode@yopmail.com;1936-06-24
Kassey;Jena;Kassey.Jena@yopmail.com;1914-03-30
Agnese;Gabrielli;Agnese.Gabrielli@yopmail.com;1931-10-09
Nerta;Kunin;Nerta.Kunin@yopmail.com;1986-08-22
Annaliese;Sinegold;Annaliese.Sinegold@yopmail.com;1905-06-13
Corly;Helve;Corly.Helve@yopmail.com;1999-09-11
Wanda;Henebry;Wanda.Henebry@yopmail.com;1983-08-19
Brynna;Jobi;Brynna.Jobi@yopmail.com;1954-03-20
Henriette;Baudin;Henriette.Baudin@yopmail.com;1957-07-27
Daune;Dimitris;Daune.Dimitris@yopmail.com;1962-01-18
Sindee;Garlinda;Sindee.Garlinda@yopmail.com;1970-09-22
Elise;Pyle;Elise.Pyle@yopmail.com;1989-08-23
Roberta;Odysseus;Roberta.Odysseus@yopmail.com;1990-06-30
Adore;Gaulin;Adore.Gaulin@yopmail.com;1949-08-18
Dennie;Stoller;Dennie.Stoller@yopmail.com;1949-12-09
Melina;Byrne;Melina.Byrne@yopmail.com;1974-04-03
Lesly;Lane;Lesly.Lane@yopmail.com;1927-10-01
Lusa;Gilmour;Lusa.Gilmour@yopmail.com;1931-10-05
Glenda;Tengdin;Glenda.Tengdin@yopmail.com;1958-10-10
Jordan;Vittoria;Jordan.Vittoria@yopmail.com;1997-02-24
Pollyanna;Brenn;Pollyanna.Brenn@yopmail.com;1960-10-21
Cathie;Kamaria;Cathie.Kamaria@yopmail.com;2001-05-03
Heida;Oneida;Heida.Oneida@yopmail.com;1991-10-10
Vivia;Nahum;Vivia.Nahum@yopmail.com;1903-07-15
Phylis;Ranjiv;Phylis.Ranjiv@yopmail.com;1956-08-29