firstname;lastname;email;Field Name
Tabbatha;Earlie;Tabbatha.Earlie@yopmail.com;1935-01-22
Alie;Daniele;Alie.Daniele@yopmail.com;1903-12-16
Lulita;Meli;Lulita.Meli@yopmail.com;1935-12-12
Sarette;Zola;Sarette.Zola@yopmail.com;1956-11-17
Camile;Ephrem;Camile.Ephrem@yopmail.com;1943-05-26
Corry;Georas;Corry.Georas@yopmail.com;1910-01-18
Genovera;Nahum;Genovera.Nahum@yopmail.com;2019-09-29
Stephanie;Zitvaa;Stephanie.Zitvaa@yopmail.com;1965-07-18
Lulita;Grimbly;Lulita.Grimbly@yopmail.com;1970-03-21
Grier;Moseley;Grier.Moseley@yopmail.com;1927-01-04
Ardys;Susannah;Ardys.Susannah@yopmail.com;2016-01-27
Deane;Bronk;Deane.Bronk@yopmail.com;2019-02-19
Elsie;Margret;Elsie.Margret@yopmail.com;1967-01-03
Jaclyn;Kaja;Jaclyn.Kaja@yopmail.com;2005-04-11
Evaleen;Herrera;Evaleen.Herrera@yopmail.com;1969-04-13
Jorry;Faria;Jorry.Faria@yopmail.com;1925-11-10
Ardenia;Roumell;Ardenia.Roumell@yopmail.com;2016-06-09
Rebeca;Georgy;Rebeca.Georgy@yopmail.com;1951-09-24
Eve;Sikorski;Eve.Sikorski@yopmail.com;1950-08-21
Oona;Dimitris;Oona.Dimitris@yopmail.com;1925-08-17
Candi;Natica;Candi.Natica@yopmail.com;1903-04-09
Hyacinthe;Bartlett;Hyacinthe.Bartlett@yopmail.com;1981-11-29
Sidoney;Rurik;Sidoney.Rurik@yopmail.com;2013-12-23
Hope;Narton;Hope.Narton@yopmail.com;1957-01-30
Trixi;Cassius;Trixi.Cassius@yopmail.com;1974-11-11
Quintina;Marden;Quintina.Marden@yopmail.com;1940-07-17
Stacey;Zaslow;Stacey.Zaslow@yopmail.com;1938-01-08
Nollie;Stover;Nollie.Stover@yopmail.com;1950-10-15
Tera;Yerkovich;Tera.Yerkovich@yopmail.com;1989-06-12
Karina;Whiffen;Karina.Whiffen@yopmail.com;1981-08-03
Sara-Ann;Prober;Sara-Ann.Prober@yopmail.com;1912-11-30
Carol-Jean;Raul;Carol-Jean.Raul@yopmail.com;1999-04-08
Elfreda;Zetta;Elfreda.Zetta@yopmail.com;2009-05-13
Robinia;Lacombe;Robinia.Lacombe@yopmail.com;1927-04-18
Joceline;Rozanna;Joceline.Rozanna@yopmail.com;1999-01-09
Damaris;Zola;Damaris.Zola@yopmail.com;1965-01-28
Lexine;Raimondo;Lexine.Raimondo@yopmail.com;1934-03-09
Josephine;Chrystel;Josephine.Chrystel@yopmail.com;1936-09-30
Renae;Seumas;Renae.Seumas@yopmail.com;1929-04-25
Rosanne;Wooster;Rosanne.Wooster@yopmail.com;1975-07-11
Carmela;Barney;Carmela.Barney@yopmail.com;1991-05-22
Nananne;Valerio;Nananne.Valerio@yopmail.com;1948-02-12
Kathy;Garlinda;Kathy.Garlinda@yopmail.com;1957-11-23
Yetty;Craggie;Yetty.Craggie@yopmail.com;1983-11-05
Rosene;Judye;Rosene.Judye@yopmail.com;1933-06-18
Micheline;Hurley;Micheline.Hurley@yopmail.com;1919-08-20
Lolita;Glenden;Lolita.Glenden@yopmail.com;1977-07-13
Gabriellia;Maurine;Gabriellia.Maurine@yopmail.com;2007-05-07
Paulita;Saint;Paulita.Saint@yopmail.com;2000-02-11
Selma;Roarke;Selma.Roarke@yopmail.com;1909-01-26
Neila;Adlare;Neila.Adlare@yopmail.com;1973-08-29
Amelia;Olnee;Amelia.Olnee@yopmail.com;1971-08-29
Tracey;Giff;Tracey.Giff@yopmail.com;1989-09-22
Devina;Bandeen;Devina.Bandeen@yopmail.com;1904-12-02
Violet;Joseph;Violet.Joseph@yopmail.com;1981-03-13
Bobbi;Chick;Bobbi.Chick@yopmail.com;1940-08-28
Rebeca;Chauncey;Rebeca.Chauncey@yopmail.com;1990-03-09
Nollie;Fulmer;Nollie.Fulmer@yopmail.com;2008-04-04
Alameda;Tristram;Alameda.Tristram@yopmail.com;2004-07-08
Belva;Faso;Belva.Faso@yopmail.com;1927-08-31
Ermengarde;Kazimir;Ermengarde.Kazimir@yopmail.com;2019-06-18
Harrietta;Aaberg;Harrietta.Aaberg@yopmail.com;1920-09-21
Odessa;Neva;Odessa.Neva@yopmail.com;1967-02-26
Gretal;Ilka;Gretal.Ilka@yopmail.com;1939-04-10
Halette;Allys;Halette.Allys@yopmail.com;1922-04-25
Marita;Eno;Marita.Eno@yopmail.com;1977-03-09
Oona;Gavrila;Oona.Gavrila@yopmail.com;1956-04-10
Brooks;Faso;Brooks.Faso@yopmail.com;1958-05-26
Monika;Wiener;Monika.Wiener@yopmail.com;1907-05-19
Anica;Candy;Anica.Candy@yopmail.com;1976-08-30
Tina;Tound;Tina.Tound@yopmail.com;1967-07-11
Paule;Tiffa;Paule.Tiffa@yopmail.com;2007-10-05
Oralee;Berard;Oralee.Berard@yopmail.com;1988-10-11
Tressa;Herrera;Tressa.Herrera@yopmail.com;1957-07-11
Sharlene;Magnolia;Sharlene.Magnolia@yopmail.com;1934-02-02
Katharina;Schenck;Katharina.Schenck@yopmail.com;1922-11-08
Melisent;Longfellow;Melisent.Longfellow@yopmail.com;1946-05-29
Maurene;Dorcy;Maurene.Dorcy@yopmail.com;1978-03-08
Deedee;Reinke;Deedee.Reinke@yopmail.com;1906-02-02
Meriel;Percy;Meriel.Percy@yopmail.com;1993-01-10
Mathilda;Bury;Mathilda.Bury@yopmail.com;1965-09-05
Nerta;Genna;Nerta.Genna@yopmail.com;1967-11-11
Kimberley;MacIntosh;Kimberley.MacIntosh@yopmail.com;1990-02-27
Kore;Pozzy;Kore.Pozzy@yopmail.com;1933-08-20
Hermione;Kimmie;Hermione.Kimmie@yopmail.com;1931-11-30
Dode;Leifeste;Dode.Leifeste@yopmail.com;1904-11-06
Berta;Si;Berta.Si@yopmail.com;1984-11-12
Leanna;Dom;Leanna.Dom@yopmail.com;1940-03-23
Joleen;Evvie;Joleen.Evvie@yopmail.com;1953-09-28
Jerry;Cynar;Jerry.Cynar@yopmail.com;1957-06-06
Mady;Fosque;Mady.Fosque@yopmail.com;1981-10-11
Jorry;Forrer;Jorry.Forrer@yopmail.com;1963-02-27
Janey;Suk;Janey.Suk@yopmail.com;1957-10-03
Phedra;Chaing;Phedra.Chaing@yopmail.com;2000-10-15
Jaclyn;Ulphia;Jaclyn.Ulphia@yopmail.com;1922-08-25
Lila;Kelula;Lila.Kelula@yopmail.com;1980-06-29
Ebonee;Ricki;Ebonee.Ricki@yopmail.com;2000-03-16
Kellen;Silvan;Kellen.Silvan@yopmail.com;1905-07-19
Devina;Catie;Devina.Catie@yopmail.com;1910-01-31
Gloria;Toor;Gloria.Toor@yopmail.com;2010-01-27
Daphne;Weinreb;Daphne.Weinreb@yopmail.com;1914-05-18
Misha;Reneta;Misha.Reneta@yopmail.com;2011-10-05
Catrina;Winnick;Catrina.Winnick@yopmail.com;1975-05-07
Clary;Gower;Clary.Gower@yopmail.com;1958-07-06
Bernardine;Anderea;Bernardine.Anderea@yopmail.com;1985-11-11
Dale;Berard;Dale.Berard@yopmail.com;2007-11-26
Valeda;Mike;Valeda.Mike@yopmail.com;1957-07-07
Fernande;Sinegold;Fernande.Sinegold@yopmail.com;1961-06-15
Eugine;Dituri;Eugine.Dituri@yopmail.com;1919-09-11
Harmonia;Berard;Harmonia.Berard@yopmail.com;1982-07-10
Jsandye;Tomasina;Jsandye.Tomasina@yopmail.com;1959-04-06
Nannie;Ax;Nannie.Ax@yopmail.com;1905-01-29
Averyl;Winthorpe;Averyl.Winthorpe@yopmail.com;1957-02-17
Bernie;Ilka;Bernie.Ilka@yopmail.com;1969-05-03
Norine;Callista;Norine.Callista@yopmail.com;1922-09-02
Kate;Anselmi;Kate.Anselmi@yopmail.com;1928-05-16
Kate;Brieta;Kate.Brieta@yopmail.com;1950-01-19
Emma;Redmond;Emma.Redmond@yopmail.com;1954-02-04
Gerianna;Eachern;Gerianna.Eachern@yopmail.com;1934-02-06
Darci;Jess;Darci.Jess@yopmail.com;1913-01-09
Emma;Hillel;Emma.Hillel@yopmail.com;1998-12-02
Marleah;Solitta;Marleah.Solitta@yopmail.com;2013-01-17
Roseline;Dex;Roseline.Dex@yopmail.com;1987-03-14
Halette;Orlene;Halette.Orlene@yopmail.com;1981-06-04
Nonnah;Shields;Nonnah.Shields@yopmail.com;2010-05-13
Fredericka;Abernon;Fredericka.Abernon@yopmail.com;1966-11-27
Nanete;Larochelle;Nanete.Larochelle@yopmail.com;1923-06-02
Trudie;Cynar;Trudie.Cynar@yopmail.com;1990-08-17
Meriel;Schenck;Meriel.Schenck@yopmail.com;1929-08-25
Coral;Halla;Coral.Halla@yopmail.com;1937-02-10
Merrie;Xerxes;Merrie.Xerxes@yopmail.com;1950-07-12
Imojean;Elvyn;Imojean.Elvyn@yopmail.com;1998-03-21
Karena;Crudden;Karena.Crudden@yopmail.com;2000-08-06
Ann-Marie;Bettine;Ann-Marie.Bettine@yopmail.com;2016-11-13
Cissiee;Ardeha;Cissiee.Ardeha@yopmail.com;2006-04-18
Clary;Jehu;Clary.Jehu@yopmail.com;1963-02-20
Amara;Leonard;Amara.Leonard@yopmail.com;1944-06-13
Merci;Elbertina;Merci.Elbertina@yopmail.com;2011-11-17
Dione;Percy;Dione.Percy@yopmail.com;1913-03-17
Livvyy;Teryn;Livvyy.Teryn@yopmail.com;1965-07-27
Anica;Jammal;Anica.Jammal@yopmail.com;1920-11-11
Moyna;Sheedy;Moyna.Sheedy@yopmail.com;1988-11-04
Ofilia;Halla;Ofilia.Halla@yopmail.com;1900-08-01
Tiffie;Posner;Tiffie.Posner@yopmail.com;1954-08-20
Maye;Bates;Maye.Bates@yopmail.com;1908-01-05
Tierney;Chesna;Tierney.Chesna@yopmail.com;2016-12-06
Berget;Claudine;Berget.Claudine@yopmail.com;1965-12-02
Nicoli;Jaylene;Nicoli.Jaylene@yopmail.com;1946-03-19
Leia;Latini;Leia.Latini@yopmail.com;1996-11-12
Janenna;Darian;Janenna.Darian@yopmail.com;1976-12-13
Etta;Goode;Etta.Goode@yopmail.com;1915-03-26
Mahalia;Lemuela;Mahalia.Lemuela@yopmail.com;2009-02-18
Babita;Latini;Babita.Latini@yopmail.com;1917-07-13
Pollyanna;Sherfield;Pollyanna.Sherfield@yopmail.com;1937-12-09
Vivia;Helfand;Vivia.Helfand@yopmail.com;1916-05-28
Blinni;Lilybelle;Blinni.Lilybelle@yopmail.com;1963-09-16
Marsiella;Ivens;Marsiella.Ivens@yopmail.com;2010-09-06
Felice;Shields;Felice.Shields@yopmail.com;1945-07-02
Raquela;Erminia;Raquela.Erminia@yopmail.com;1969-10-07
Meriel;Flita;Meriel.Flita@yopmail.com;1946-03-05
Hayley;Rossner;Hayley.Rossner@yopmail.com;1969-09-21
Merci;Leifeste;Merci.Leifeste@yopmail.com;1918-03-19
Lorenza;Blisse;Lorenza.Blisse@yopmail.com;1970-07-11
Ezmeralda;Plato;Ezmeralda.Plato@yopmail.com;1936-08-02
Cathyleen;Urania;Cathyleen.Urania@yopmail.com;1921-12-24
Lulita;Dominy;Lulita.Dominy@yopmail.com;1912-08-09
Deirdre;Winthorpe;Deirdre.Winthorpe@yopmail.com;1908-07-09
Meriel;Felizio;Meriel.Felizio@yopmail.com;1978-11-02
Norine;Brady;Norine.Brady@yopmail.com;1982-07-26
Amelia;Atonsah;Amelia.Atonsah@yopmail.com;1979-04-03
Andeee;Karna;Andeee.Karna@yopmail.com;1944-01-10
Selma;Winnick;Selma.Winnick@yopmail.com;1918-09-06
Rhea;Cristi;Rhea.Cristi@yopmail.com;1909-06-11
Lonnie;Nisbet;Lonnie.Nisbet@yopmail.com;1964-05-06
Britni;Bow;Britni.Bow@yopmail.com;1985-11-12
Viki;Nelsen;Viki.Nelsen@yopmail.com;1997-05-20
Donnie;Edmund;Donnie.Edmund@yopmail.com;1993-07-17
Katleen;Bakerman;Katleen.Bakerman@yopmail.com;1943-05-08
Morganica;Hepsibah;Morganica.Hepsibah@yopmail.com;1979-02-27
Renie;Pacorro;Renie.Pacorro@yopmail.com;1952-03-27
Candy;Craggie;Candy.Craggie@yopmail.com;1971-01-02
Di;Seumas;Di.Seumas@yopmail.com;1947-07-29
Flo;Hurley;Flo.Hurley@yopmail.com;2016-04-11
Delilah;Gusella;Delilah.Gusella@yopmail.com;2003-01-04
Nonnah;Lymann;Nonnah.Lymann@yopmail.com;1998-11-28
Yetty;Artie;Yetty.Artie@yopmail.com;1923-01-11
Deane;Deegan;Deane.Deegan@yopmail.com;1974-03-25
Darlleen;Greenwald;Darlleen.Greenwald@yopmail.com;2016-02-13
Katharina;Maroney;Katharina.Maroney@yopmail.com;1934-01-13
Kellen;Selway;Kellen.Selway@yopmail.com;1903-07-19
Roz;Elephus;Roz.Elephus@yopmail.com;1915-01-29
Britni;Thornburg;Britni.Thornburg@yopmail.com;1910-10-20
Joleen;Shama;Joleen.Shama@yopmail.com;1921-05-23
Ketti;Audly;Ketti.Audly@yopmail.com;1930-03-05
Alisha;Alva;Alisha.Alva@yopmail.com;1981-12-17
Phedra;Joeann;Phedra.Joeann@yopmail.com;1924-11-16
Mureil;Orlene;Mureil.Orlene@yopmail.com;1962-02-16
Shel;Ethban;Shel.Ethban@yopmail.com;1904-07-12
Cristine;Valerio;Cristine.Valerio@yopmail.com;1902-08-06
Corry;Burnside;Corry.Burnside@yopmail.com;1959-03-12
Merle;Blase;Merle.Blase@yopmail.com;1954-03-25
Leontine;Presber;Leontine.Presber@yopmail.com;2016-04-21
Raf;Richers;Raf.Richers@yopmail.com;1959-04-29
Kara-Lynn;Si;Kara-Lynn.Si@yopmail.com;1985-11-27
Hildegaard;Huggins;Hildegaard.Huggins@yopmail.com;2003-09-03
Marti;Ivens;Marti.Ivens@yopmail.com;1996-09-08
Nickie;Joachim;Nickie.Joachim@yopmail.com;1955-10-02
Reeba;Allys;Reeba.Allys@yopmail.com;1949-05-25
Vita;McCutcheon;Vita.McCutcheon@yopmail.com;1927-10-24
Yetty;Iphlgenia;Yetty.Iphlgenia@yopmail.com;1982-02-15
Jemie;Bettine;Jemie.Bettine@yopmail.com;1961-05-31
Rosaline;Allina;Rosaline.Allina@yopmail.com;1972-02-17
Perry;Colp;Perry.Colp@yopmail.com;2017-12-28
Renie;Hollingsworth;Renie.Hollingsworth@yopmail.com;1984-11-29
Wanda;Nerita;Wanda.Nerita@yopmail.com;2006-09-22
Neila;Lipson;Neila.Lipson@yopmail.com;1936-12-20
Cathyleen;Vilma;Cathyleen.Vilma@yopmail.com;1937-11-04
Agathe;Naashom;Agathe.Naashom@yopmail.com;1972-07-05
Lilith;Sidonius;Lilith.Sidonius@yopmail.com;1952-11-20
Dennie;Calhoun;Dennie.Calhoun@yopmail.com;1926-12-26
Carmela;Tyson;Carmela.Tyson@yopmail.com;1969-10-05
Blake;Briney;Blake.Briney@yopmail.com;1951-09-19
Sidoney;Tristram;Sidoney.Tristram@yopmail.com;1940-02-22
Caressa;Anastatius;Caressa.Anastatius@yopmail.com;2001-05-07
Flo;Maryanne;Flo.Maryanne@yopmail.com;1961-03-22
Ericka;Isacco;Ericka.Isacco@yopmail.com;1937-01-12
Belva;Demitria;Belva.Demitria@yopmail.com;2012-03-27
Leeanne;Ellerey;Leeanne.Ellerey@yopmail.com;1935-05-07
Claudina;Carbo;Claudina.Carbo@yopmail.com;1912-10-30
Madelle;Ardeha;Madelle.Ardeha@yopmail.com;1999-08-16
Hildegaard;Hathaway;Hildegaard.Hathaway@yopmail.com;1915-11-16
Esmeralda;Tufts;Esmeralda.Tufts@yopmail.com;2017-11-21
Felice;Nelsen;Felice.Nelsen@yopmail.com;1985-06-10
Genovera;Hieronymus;Genovera.Hieronymus@yopmail.com;1918-10-16
Heddie;Rustice;Heddie.Rustice@yopmail.com;1984-12-02
Florie;Lutero;Florie.Lutero@yopmail.com;2016-06-16
Gabriellia;Decato;Gabriellia.Decato@yopmail.com;1986-09-17
Tersina;Tacye;Tersina.Tacye@yopmail.com;1924-05-12
Katharina;Fadiman;Katharina.Fadiman@yopmail.com;1980-06-27
Brietta;Toni;Brietta.Toni@yopmail.com;1985-02-26
Gale;Arvo;Gale.Arvo@yopmail.com;2004-06-21
Zia;Adore;Zia.Adore@yopmail.com;1947-01-06
Melina;Sherrie;Melina.Sherrie@yopmail.com;1945-06-12
Emelina;Lilas;Emelina.Lilas@yopmail.com;1992-09-26
Vevay;Garlinda;Vevay.Garlinda@yopmail.com;1917-11-04
Jinny;Gower;Jinny.Gower@yopmail.com;2013-07-27
Gerianna;Izaak;Gerianna.Izaak@yopmail.com;1937-06-02
Evita;Even;Evita.Even@yopmail.com;2001-12-02
Wilma;Verger;Wilma.Verger@yopmail.com;2012-05-24
Hallie;Dielu;Hallie.Dielu@yopmail.com;1909-05-01
Melodie;Eckblad;Melodie.Eckblad@yopmail.com;1924-10-04
Roxane;Hewitt;Roxane.Hewitt@yopmail.com;1924-03-03
Jackie;Elbertina;Jackie.Elbertina@yopmail.com;1951-07-03
Sallie;Cordi;Sallie.Cordi@yopmail.com;1959-04-14
Briney;Elisha;Briney.Elisha@yopmail.com;1983-10-17
Viviene;Gillan;Viviene.Gillan@yopmail.com;2014-01-30
Brandise;Konyn;Brandise.Konyn@yopmail.com;1980-01-08
Hettie;Sherfield;Hettie.Sherfield@yopmail.com;2013-11-08
Dyann;Lemuela;Dyann.Lemuela@yopmail.com;2015-07-09
Arlina;Ummersen;Arlina.Ummersen@yopmail.com;1958-07-02
Shauna;Chem;Shauna.Chem@yopmail.com;1904-04-14
Joceline;Sherfield;Joceline.Sherfield@yopmail.com;1997-06-23
Laure;Niles;Laure.Niles@yopmail.com;2019-06-14
Jany;Natica;Jany.Natica@yopmail.com;1941-10-23
Consuela;Arne;Consuela.Arne@yopmail.com;1901-06-04
Lucy;Allys;Lucy.Allys@yopmail.com;1981-06-08
Lolita;Anis;Lolita.Anis@yopmail.com;1981-03-31
Maud;Ramona;Maud.Ramona@yopmail.com;1910-12-25
Lacie;Brieta;Lacie.Brieta@yopmail.com;1996-07-11
Sam;Hessler;Sam.Hessler@yopmail.com;1966-02-27
Catharine;Stilwell;Catharine.Stilwell@yopmail.com;1910-12-24
Gretal;Rubie;Gretal.Rubie@yopmail.com;1970-05-23
Maryellen;Bertold;Maryellen.Bertold@yopmail.com;1987-05-05
Starla;Heidt;Starla.Heidt@yopmail.com;1974-12-04
Ayn;Lenny;Ayn.Lenny@yopmail.com;2002-07-03
Phylis;Romelda;Phylis.Romelda@yopmail.com;1928-12-21
Tera;Diann;Tera.Diann@yopmail.com;1912-11-28
Celene;Ax;Celene.Ax@yopmail.com;1998-05-12
Nita;Caitlin;Nita.Caitlin@yopmail.com;1905-12-27
Gretal;Wyn;Gretal.Wyn@yopmail.com;1981-02-02
Libbie;Blase;Libbie.Blase@yopmail.com;1923-02-11
Ida;Corabella;Ida.Corabella@yopmail.com;1982-02-07
Anestassia;Karna;Anestassia.Karna@yopmail.com;1992-05-17
Jere;Kaja;Jere.Kaja@yopmail.com;1989-11-13
Lesly;Talia;Lesly.Talia@yopmail.com;1943-11-02
Maye;Cimbura;Maye.Cimbura@yopmail.com;1957-03-17
Dione;Raimondo;Dione.Raimondo@yopmail.com;1984-10-21
Jobi;Muriel;Jobi.Muriel@yopmail.com;1942-08-12
Asia;Matthew;Asia.Matthew@yopmail.com;1914-09-25
Nadine;Means;Nadine.Means@yopmail.com;1903-07-05
Elsie;Craggie;Elsie.Craggie@yopmail.com;1956-02-19
Mathilda;Randene;Mathilda.Randene@yopmail.com;2008-09-17
Josephine;Gaulin;Josephine.Gaulin@yopmail.com;1972-10-21
Imojean;Jefferey;Imojean.Jefferey@yopmail.com;1915-08-08
Kellen;Sandye;Kellen.Sandye@yopmail.com;2003-10-07
Larine;Cutlerr;Larine.Cutlerr@yopmail.com;1947-05-18
Nannie;Kimmie;Nannie.Kimmie@yopmail.com;1988-04-10
Christian;Lowry;Christian.Lowry@yopmail.com;1954-06-09
Frank;Kat;Frank.Kat@yopmail.com;1975-12-17
Alyssa;Fiann;Alyssa.Fiann@yopmail.com;1969-02-15
Bertine;Olnee;Bertine.Olnee@yopmail.com;1966-08-15
Adelle;Mike;Adelle.Mike@yopmail.com;2018-02-13
Drucie;Slifka;Drucie.Slifka@yopmail.com;1929-02-20
Farrah;Old;Farrah.Old@yopmail.com;1964-11-15
Norine;Seessel;Norine.Seessel@yopmail.com;1941-08-11
Elsie;Paine;Elsie.Paine@yopmail.com;1997-02-20
Tabbatha;Agle;Tabbatha.Agle@yopmail.com;1975-03-29
Lulita;Florina;Lulita.Florina@yopmail.com;1921-07-08
Lauryn;Monaco;Lauryn.Monaco@yopmail.com;1985-03-12
Andeee;Devlen;Andeee.Devlen@yopmail.com;1920-09-06
Merry;Capello;Merry.Capello@yopmail.com;1985-01-24
Marguerite;Torray;Marguerite.Torray@yopmail.com;1976-04-02
Goldie;Bigner;Goldie.Bigner@yopmail.com;1966-04-18
Wanda;Goldina;Wanda.Goldina@yopmail.com;2008-09-08
Dulce;Atonsah;Dulce.Atonsah@yopmail.com;1902-02-04
Dawn;Holtz;Dawn.Holtz@yopmail.com;1976-10-05
Ofilia;Natalia;Ofilia.Natalia@yopmail.com;2011-05-07
Chandra;Allys;Chandra.Allys@yopmail.com;1942-04-19
Wendi;Bandeen;Wendi.Bandeen@yopmail.com;1962-04-02
Mireielle;Kermit;Mireielle.Kermit@yopmail.com;1918-01-25
Tiffie;Khorma;Tiffie.Khorma@yopmail.com;1948-12-04
Carlie;Gibbeon;Carlie.Gibbeon@yopmail.com;1904-02-05
Vonny;Warthman;Vonny.Warthman@yopmail.com;1953-02-16
Frieda;Swanhildas;Frieda.Swanhildas@yopmail.com;1992-04-14
Tracey;Mehalek;Tracey.Mehalek@yopmail.com;1999-11-25
Arlina;Rosalba;Arlina.Rosalba@yopmail.com;1939-12-27
Lucy;Alexandr;Lucy.Alexandr@yopmail.com;1990-07-25
Nadine;Lubin;Nadine.Lubin@yopmail.com;1965-08-14
Ulrike;Willie;Ulrike.Willie@yopmail.com;1936-11-03
Kate;Lipson;Kate.Lipson@yopmail.com;2004-05-21
Therine;Kirbee;Therine.Kirbee@yopmail.com;1941-10-15
Cherilyn;Vins;Cherilyn.Vins@yopmail.com;2018-09-24
Stephanie;Wiener;Stephanie.Wiener@yopmail.com;2016-05-29
Amara;Dielu;Amara.Dielu@yopmail.com;1915-10-07
Modestia;Jalbert;Modestia.Jalbert@yopmail.com;1932-11-07
Judy;Madelene;Judy.Madelene@yopmail.com;1975-10-25
Zondra;Martguerita;Zondra.Martguerita@yopmail.com;2010-01-27
Lynde;Carmena;Lynde.Carmena@yopmail.com;1917-11-02
Eugine;Seessel;Eugine.Seessel@yopmail.com;1921-02-19
Emma;Kazimir;Emma.Kazimir@yopmail.com;1989-03-27
Gwenneth;Bandeen;Gwenneth.Bandeen@yopmail.com;1900-02-17
Jessy;Blake;Jessy.Blake@yopmail.com;1935-10-09
Tani;Jagir;Tani.Jagir@yopmail.com;1945-02-12
Vere;Uird;Vere.Uird@yopmail.com;1981-02-28
Viviene;Kosey;Viviene.Kosey@yopmail.com;1919-11-03
Brena;Rogerio;Brena.Rogerio@yopmail.com;1967-12-27
Viviene;Madox;Viviene.Madox@yopmail.com;1950-11-10
Gabi;Francyne;Gabi.Francyne@yopmail.com;2009-01-17
Tatiania;Karl;Tatiania.Karl@yopmail.com;1984-06-16
Ada;Morrill;Ada.Morrill@yopmail.com;1991-07-17
Merry;Tamsky;Merry.Tamsky@yopmail.com;1967-11-15
Cindelyn;Kylander;Cindelyn.Kylander@yopmail.com;1952-04-23
Glynnis;Pozzy;Glynnis.Pozzy@yopmail.com;1921-08-03
Loree;Helfand;Loree.Helfand@yopmail.com;1993-12-03
Chandra;Aida;Chandra.Aida@yopmail.com;1906-02-24
Myrtice;Sheng;Myrtice.Sheng@yopmail.com;1935-02-24
Madalyn;Berriman;Madalyn.Berriman@yopmail.com;1999-12-06
Lacie;Candy;Lacie.Candy@yopmail.com;1979-03-26
Rosabelle;Ventre;Rosabelle.Ventre@yopmail.com;1917-10-06
Nita;Estella;Nita.Estella@yopmail.com;1971-04-03
Zondra;Germann;Zondra.Germann@yopmail.com;1909-04-19
Elyssa;Barrus;Elyssa.Barrus@yopmail.com;1961-03-21
Clementine;Tryck;Clementine.Tryck@yopmail.com;1910-11-13
Dacia;Sacken;Dacia.Sacken@yopmail.com;2019-12-13
Nickie;Devlen;Nickie.Devlen@yopmail.com;1928-04-18
Paulita;Hachmin;Paulita.Hachmin@yopmail.com;1966-11-14
Adriana;Lissi;Adriana.Lissi@yopmail.com;2000-03-02
Sean;Junie;Sean.Junie@yopmail.com;1917-10-06
Ira;Meter;Ira.Meter@yopmail.com;2004-04-18
Agnese;Tremayne;Agnese.Tremayne@yopmail.com;1966-04-13
Emma;Freddi;Emma.Freddi@yopmail.com;1944-03-07
Peri;Kelula;Peri.Kelula@yopmail.com;1977-04-08
Lily;Ferrell;Lily.Ferrell@yopmail.com;1905-11-22
Carlie;Weide;Carlie.Weide@yopmail.com;1906-08-18
Annabela;Knowling;Annabela.Knowling@yopmail.com;1913-06-01
Wendi;Jillane;Wendi.Jillane@yopmail.com;2003-03-18
Kate;Nea;Kate.Nea@yopmail.com;1901-06-13
Inga;Jerald;Inga.Jerald@yopmail.com;1916-07-15
Roseline;Bennie;Roseline.Bennie@yopmail.com;1920-05-08
Joy;Ummersen;Joy.Ummersen@yopmail.com;1955-01-28
Brietta;Kinnard;Brietta.Kinnard@yopmail.com;1960-09-30
Jennica;Jalbert;Jennica.Jalbert@yopmail.com;1904-12-12
Carree;Leler;Carree.Leler@yopmail.com;1912-11-03
Gavrielle;Bronk;Gavrielle.Bronk@yopmail.com;1937-12-27
Esmeralda;Lalitta;Esmeralda.Lalitta@yopmail.com;2015-04-03
Reeba;Hermes;Reeba.Hermes@yopmail.com;1924-10-21
Jasmina;Carri;Jasmina.Carri@yopmail.com;1905-06-22
Maud;Charity;Maud.Charity@yopmail.com;1985-08-13
Robbi;Stacy;Robbi.Stacy@yopmail.com;1909-07-31
Gabi;Reneta;Gabi.Reneta@yopmail.com;1933-10-24
Marnia;Amethist;Marnia.Amethist@yopmail.com;1996-08-08
Sonni;Bury;Sonni.Bury@yopmail.com;1943-06-06
Merle;Pozzy;Merle.Pozzy@yopmail.com;2001-05-06
Sharlene;Kathie;Sharlene.Kathie@yopmail.com;1951-02-16
Gwyneth;Tjon;Gwyneth.Tjon@yopmail.com;1909-09-15
Reeba;Stevy;Reeba.Stevy@yopmail.com;1987-03-03
Dyann;Orelee;Dyann.Orelee@yopmail.com;1939-01-31
Jolyn;Malina;Jolyn.Malina@yopmail.com;2008-03-27
Candy;Norvol;Candy.Norvol@yopmail.com;1901-06-22
Amara;Fennessy;Amara.Fennessy@yopmail.com;1987-01-24
Barbara;Nance;Barbara.Nance@yopmail.com;1916-08-14
Bibby;Voletta;Bibby.Voletta@yopmail.com;1925-11-25
Shauna;Leifeste;Shauna.Leifeste@yopmail.com;1959-06-14
Ketti;Candy;Ketti.Candy@yopmail.com;1977-05-02
Meg;Jefferey;Meg.Jefferey@yopmail.com;1905-01-25
Dione;Sparhawk;Dione.Sparhawk@yopmail.com;1988-10-08
Oona;Zenas;Oona.Zenas@yopmail.com;1969-02-27
Aaren;Brotherson;Aaren.Brotherson@yopmail.com;1971-08-16
Talya;Diann;Talya.Diann@yopmail.com;1964-09-29
Alia;Taima;Alia.Taima@yopmail.com;2012-09-07
Sean;Kosey;Sean.Kosey@yopmail.com;1982-03-22
Jillayne;Norvol;Jillayne.Norvol@yopmail.com;1940-01-01
Wilma;Deny;Wilma.Deny@yopmail.com;1911-09-04
Hannis;Minetta;Hannis.Minetta@yopmail.com;2005-08-31
Roslyn;Girardo;Roslyn.Girardo@yopmail.com;2011-07-04
Lynea;Rooney;Lynea.Rooney@yopmail.com;1953-05-05
Nadine;Guthrie;Nadine.Guthrie@yopmail.com;1995-06-09
Debee;Neils;Debee.Neils@yopmail.com;1956-07-06
Lauryn;Payson;Lauryn.Payson@yopmail.com;1955-09-06
Cassondra;Harl;Cassondra.Harl@yopmail.com;2009-05-09
Bibby;Loeb;Bibby.Loeb@yopmail.com;1971-08-06
Glenda;Whiffen;Glenda.Whiffen@yopmail.com;1929-03-26
Raf;Hourigan;Raf.Hourigan@yopmail.com;1925-12-17
Ayn;Ovid;Ayn.Ovid@yopmail.com;1984-09-06
Mary;Pierette;Mary.Pierette@yopmail.com;1979-03-04
Ebonee;Edmund;Ebonee.Edmund@yopmail.com;2006-08-12
Cacilie;Mayeda;Cacilie.Mayeda@yopmail.com;1958-10-07
Chastity;Graig;Chastity.Graig@yopmail.com;2014-08-22
Genevra;Skell;Genevra.Skell@yopmail.com;1940-02-13
Lolita;Auberbach;Lolita.Auberbach@yopmail.com;1933-10-19
Barbara;Gilmour;Barbara.Gilmour@yopmail.com;1973-05-28
Edith;Bari;Edith.Bari@yopmail.com;1938-11-20
Mireielle;Fink;Mireielle.Fink@yopmail.com;1953-09-06
Lory;Madox;Lory.Madox@yopmail.com;1939-06-07
Mary;Sophronia;Mary.Sophronia@yopmail.com;1915-08-25
Agathe;Amadas;Agathe.Amadas@yopmail.com;1922-07-28
Brana;Therine;Brana.Therine@yopmail.com;1921-02-26
Genovera;Marlie;Genovera.Marlie@yopmail.com;1990-01-11
Konstance;Elvyn;Konstance.Elvyn@yopmail.com;1912-10-19
Eolanda;Ferrell;Eolanda.Ferrell@yopmail.com;1981-09-23
Ingrid;Darbie;Ingrid.Darbie@yopmail.com;1927-09-04
Robbi;Thomasina;Robbi.Thomasina@yopmail.com;1903-09-16
Madalyn;Santoro;Madalyn.Santoro@yopmail.com;1976-02-17
Hildegaard;Croix;Hildegaard.Croix@yopmail.com;1945-03-02
Cindelyn;Annabella;Cindelyn.Annabella@yopmail.com;2003-03-12
Michaelina;Levey;Michaelina.Levey@yopmail.com;1909-11-09
Helena;Longfellow;Helena.Longfellow@yopmail.com;1996-12-10
Drucie;Bearnard;Drucie.Bearnard@yopmail.com;1913-12-03
Beth;Japeth;Beth.Japeth@yopmail.com;2016-11-08
Kate;Sothena;Kate.Sothena@yopmail.com;1936-03-01
Beatriz;Janene;Beatriz.Janene@yopmail.com;2000-07-06
Lily;Dimitris;Lily.Dimitris@yopmail.com;1986-08-12
Amalie;Erskine;Amalie.Erskine@yopmail.com;1965-05-05
Wendi;Florina;Wendi.Florina@yopmail.com;1980-10-20
Madelle;Kalinda;Madelle.Kalinda@yopmail.com;1904-10-10
Kate;Girardo;Kate.Girardo@yopmail.com;1910-12-22
Jaime;Atonsah;Jaime.Atonsah@yopmail.com;2003-11-12
Sidoney;Teddman;Sidoney.Teddman@yopmail.com;1915-10-16
Louella;Bethany;Louella.Bethany@yopmail.com;2012-03-19
Shaylyn;Orlene;Shaylyn.Orlene@yopmail.com;1940-11-22
Marguerite;Gordon;Marguerite.Gordon@yopmail.com;1997-11-13
Cathie;Dermott;Cathie.Dermott@yopmail.com;1931-01-27
Quintina;Hurley;Quintina.Hurley@yopmail.com;1979-04-05
Fidelia;Berriman;Fidelia.Berriman@yopmail.com;2013-10-08
Jenilee;Amadas;Jenilee.Amadas@yopmail.com;1906-11-20
Brianna;Tound;Brianna.Tound@yopmail.com;2008-06-25
Elena;Marlie;Elena.Marlie@yopmail.com;1902-06-21
Imojean;Alrich;Imojean.Alrich@yopmail.com;1925-06-26
Ethel;Wolfgram;Ethel.Wolfgram@yopmail.com;1938-05-28
Christian;Liebermann;Christian.Liebermann@yopmail.com;2008-01-09
Mariann;Haldas;Mariann.Haldas@yopmail.com;2003-03-25
Annice;Gordon;Annice.Gordon@yopmail.com;1918-08-30
Tori;Iiette;Tori.Iiette@yopmail.com;1957-10-25
Libbie;Birdella;Libbie.Birdella@yopmail.com;1941-06-11
Fred;Harned;Fred.Harned@yopmail.com;1901-07-01
Elmira;Niles;Elmira.Niles@yopmail.com;1903-09-01
Diena;O'Neill;Diena.O'Neill@yopmail.com;1955-07-08
Ninnetta;Pip;Ninnetta.Pip@yopmail.com;1925-01-14
Elfreda;Ajay;Elfreda.Ajay@yopmail.com;1914-06-02
Jennica;Kenney;Jennica.Kenney@yopmail.com;1939-07-27
Jacquetta;Amethist;Jacquetta.Amethist@yopmail.com;1961-08-23
Nelle;Bennie;Nelle.Bennie@yopmail.com;1911-01-23
Courtnay;Kravits;Courtnay.Kravits@yopmail.com;1927-03-24
Lanae;Willie;Lanae.Willie@yopmail.com;1916-09-21
Codie;Stevy;Codie.Stevy@yopmail.com;1912-12-02
Marinna;Cleavland;Marinna.Cleavland@yopmail.com;1919-03-05
Karly;Kalinda;Karly.Kalinda@yopmail.com;1982-08-13
Rosene;Yorick;Rosene.Yorick@yopmail.com;1926-09-13
Nessie;Jeanne;Nessie.Jeanne@yopmail.com;1940-12-26
Brynna;Alrich;Brynna.Alrich@yopmail.com;1980-03-11
Nyssa;Adore;Nyssa.Adore@yopmail.com;1905-12-23
Valeda;Land;Valeda.Land@yopmail.com;2015-05-22
Dianemarie;Boycey;Dianemarie.Boycey@yopmail.com;1951-04-25
Cecile;Raseda;Cecile.Raseda@yopmail.com;1903-07-18
Clementine;Malina;Clementine.Malina@yopmail.com;1951-02-06
Judy;Phaidra;Judy.Phaidra@yopmail.com;1984-03-28
Cherrita;Mozelle;Cherrita.Mozelle@yopmail.com;1956-01-15
Deedee;Hull;Deedee.Hull@yopmail.com;1913-03-24
Cyb;Daveta;Cyb.Daveta@yopmail.com;1913-01-22
Modestia;Anis;Modestia.Anis@yopmail.com;1907-10-07
Maurene;Loleta;Maurene.Loleta@yopmail.com;1996-08-23
Meg;Arathorn;Meg.Arathorn@yopmail.com;2005-04-08
Mireielle;Kermit;Mireielle.Kermit@yopmail.com;1931-09-24
Paule;Honoria;Paule.Honoria@yopmail.com;1906-04-07
Carmela;Kress;Carmela.Kress@yopmail.com;2018-09-26
Lizzie;Judye;Lizzie.Judye@yopmail.com;1995-08-18
Queenie;Armanda;Queenie.Armanda@yopmail.com;1979-10-02
Jsandye;Maiah;Jsandye.Maiah@yopmail.com;2000-08-28
Karena;Philipp;Karena.Philipp@yopmail.com;1998-01-11
Roxane;Ferrell;Roxane.Ferrell@yopmail.com;1978-11-30
Ellette;Grayce;Ellette.Grayce@yopmail.com;2009-11-26
Sidoney;Haymes;Sidoney.Haymes@yopmail.com;1951-05-09
Elise;Joni;Elise.Joni@yopmail.com;1979-02-25
Letizia;Casimir;Letizia.Casimir@yopmail.com;1977-07-01
Marjie;Ochs;Marjie.Ochs@yopmail.com;1974-04-11
Livvyy;Clie;Livvyy.Clie@yopmail.com;2001-12-11
Diena;Joli;Diena.Joli@yopmail.com;1932-02-26
Rosene;Milson;Rosene.Milson@yopmail.com;1965-11-04
Kore;Othilia;Kore.Othilia@yopmail.com;1995-08-15
Rubie;Schwejda;Rubie.Schwejda@yopmail.com;1968-07-10
Madelle;Zola;Madelle.Zola@yopmail.com;2014-12-30
Evaleen;Clywd;Evaleen.Clywd@yopmail.com;1990-08-18
Giustina;Lucienne;Giustina.Lucienne@yopmail.com;1974-05-14
Vere;Zola;Vere.Zola@yopmail.com;1908-11-22
Marnia;Ventre;Marnia.Ventre@yopmail.com;1926-06-07
Anica;Richers;Anica.Richers@yopmail.com;2017-08-12
Allis;Tippets;Allis.Tippets@yopmail.com;2008-07-26
Christal;Ventre;Christal.Ventre@yopmail.com;1955-06-13
Gwenneth;Koehler;Gwenneth.Koehler@yopmail.com;1966-03-30
Cherilyn;Lunsford;Cherilyn.Lunsford@yopmail.com;2001-08-20
Phedra;Keelia;Phedra.Keelia@yopmail.com;1946-10-07
Carly;Faro;Carly.Faro@yopmail.com;2001-07-24
Kittie;Hillel;Kittie.Hillel@yopmail.com;1929-08-20
Marika;Concha;Marika.Concha@yopmail.com;1905-06-29
Pollyanna;Curren;Pollyanna.Curren@yopmail.com;1976-10-05
Babita;Eckblad;Babita.Eckblad@yopmail.com;2014-12-15
Lelah;Amand;Lelah.Amand@yopmail.com;1914-05-06
Glynnis;Imelida;Glynnis.Imelida@yopmail.com;2004-11-20
Alia;Edvard;Alia.Edvard@yopmail.com;1994-11-21
Lelah;Kolnick;Lelah.Kolnick@yopmail.com;1960-11-18
Sarette;Saunderson;Sarette.Saunderson@yopmail.com;1917-10-26
Shell;Aloise;Shell.Aloise@yopmail.com;1968-02-04
Lelah;Maples;Lelah.Maples@yopmail.com;1958-08-04
Queenie;Thornburg;Queenie.Thornburg@yopmail.com;1953-05-30
Nickie;Swigart;Nickie.Swigart@yopmail.com;1914-05-21
Joy;Salvidor;Joy.Salvidor@yopmail.com;1923-12-20
Brooks;Kamaria;Brooks.Kamaria@yopmail.com;2000-01-15
Lonnie;Olin;Lonnie.Olin@yopmail.com;1901-01-02
Phylis;Sandye;Phylis.Sandye@yopmail.com;1952-09-13
Adele;Angelis;Adele.Angelis@yopmail.com;1986-12-21
Lory;Ashok;Lory.Ashok@yopmail.com;1944-04-10
Ermengarde;Cookie;Ermengarde.Cookie@yopmail.com;1959-07-05
Ayn;Rooney;Ayn.Rooney@yopmail.com;2016-05-18
Lindie;Milde;Lindie.Milde@yopmail.com;1905-08-22
Caritta;Emmaline;Caritta.Emmaline@yopmail.com;1950-12-13
Carmela;Bashemeth;Carmela.Bashemeth@yopmail.com;1967-10-12
Berget;Marsden;Berget.Marsden@yopmail.com;2007-04-29
Gui;Persse;Gui.Persse@yopmail.com;2012-06-09
Tami;Merat;Tami.Merat@yopmail.com;1935-11-07
Cherrita;Cressida;Cherrita.Cressida@yopmail.com;1962-04-19
Brietta;Joachim;Brietta.Joachim@yopmail.com;1947-05-20
Danny;Woodberry;Danny.Woodberry@yopmail.com;1919-01-19
Raf;Colleen;Raf.Colleen@yopmail.com;1956-12-20
Atlanta;Wenda;Atlanta.Wenda@yopmail.com;1994-11-10
Codie;Pillsbury;Codie.Pillsbury@yopmail.com;1982-08-20
Catharine;Stuart;Catharine.Stuart@yopmail.com;1974-08-22
Morganica;Jobi;Morganica.Jobi@yopmail.com;2018-01-03
Caressa;Lymann;Caressa.Lymann@yopmail.com;2007-01-22
Genevra;Eachern;Genevra.Eachern@yopmail.com;2011-08-18
Dode;Caitlin;Dode.Caitlin@yopmail.com;1991-01-08
Dorthy;Gaal;Dorthy.Gaal@yopmail.com;1994-09-17
Merci;Raseda;Merci.Raseda@yopmail.com;1923-01-23
Chandra;Nicoline;Chandra.Nicoline@yopmail.com;1900-05-24
Madalyn;Wu;Madalyn.Wu@yopmail.com;1911-09-20
Mallory;Clywd;Mallory.Clywd@yopmail.com;1972-07-06
Judy;Wenda;Judy.Wenda@yopmail.com;2009-08-23
Marylou;Vivle;Marylou.Vivle@yopmail.com;1978-02-26
Max;Si;Max.Si@yopmail.com;1987-07-27
Ricky;Brittani;Ricky.Brittani@yopmail.com;1965-05-27
Talya;Dalli;Talya.Dalli@yopmail.com;1908-02-23
Liana;Avi;Liana.Avi@yopmail.com;1935-10-13
Goldie;Gwenore;Goldie.Gwenore@yopmail.com;1977-11-10
Maisey;Tufts;Maisey.Tufts@yopmail.com;1956-05-08
Fredericka;Taam;Fredericka.Taam@yopmail.com;1946-03-03
Miquela;Brady;Miquela.Brady@yopmail.com;1922-06-15
Kassey;Plato;Kassey.Plato@yopmail.com;2012-02-07
Loree;Raimondo;Loree.Raimondo@yopmail.com;1990-06-14
Christal;Georas;Christal.Georas@yopmail.com;1973-06-07
Vivia;Hepsibah;Vivia.Hepsibah@yopmail.com;1925-08-05
Shandie;Gombach;Shandie.Gombach@yopmail.com;2005-08-30
Kellen;Ries;Kellen.Ries@yopmail.com;2010-01-24
Isa;Parsaye;Isa.Parsaye@yopmail.com;1931-05-11
Aeriela;Alice;Aeriela.Alice@yopmail.com;2015-03-23
Mathilda;Robertson;Mathilda.Robertson@yopmail.com;1972-02-14
Aimil;Brunell;Aimil.Brunell@yopmail.com;1997-09-27
Feliza;Meli;Feliza.Meli@yopmail.com;1918-06-29
Adore;Breed;Adore.Breed@yopmail.com;1928-04-01
Rozele;Cosenza;Rozele.Cosenza@yopmail.com;1995-06-07
Patricia;Cyrie;Patricia.Cyrie@yopmail.com;1943-03-25
Collen;Jagir;Collen.Jagir@yopmail.com;1984-04-20
Fernande;Larochelle;Fernande.Larochelle@yopmail.com;1905-07-25
Arabel;Raimondo;Arabel.Raimondo@yopmail.com;1909-12-17
Coral;Esmaria;Coral.Esmaria@yopmail.com;1924-03-04
Katleen;Parette;Katleen.Parette@yopmail.com;1947-07-13
Xylina;Newell;Xylina.Newell@yopmail.com;1938-06-11
Jaime;Killigrew;Jaime.Killigrew@yopmail.com;1989-12-18
Lorie;Swanhildas;Lorie.Swanhildas@yopmail.com;1958-07-12
Pollyanna;Mich;Pollyanna.Mich@yopmail.com;1904-01-25
Marylou;Kravits;Marylou.Kravits@yopmail.com;1976-09-08
Louella;Bury;Louella.Bury@yopmail.com;1965-05-30
Cristabel;Standing;Cristabel.Standing@yopmail.com;1980-01-13
Sadie;Faust;Sadie.Faust@yopmail.com;2004-11-26
Winifred;Drisko;Winifred.Drisko@yopmail.com;1969-12-26
Corry;Christal;Corry.Christal@yopmail.com;1904-06-18
Hallie;Alwin;Hallie.Alwin@yopmail.com;1901-11-03
Fanchon;Eliathas;Fanchon.Eliathas@yopmail.com;1912-04-04
Julieta;Stuart;Julieta.Stuart@yopmail.com;1930-02-06
Kamilah;Jotham;Kamilah.Jotham@yopmail.com;1975-11-02
Andeee;Kevon;Andeee.Kevon@yopmail.com;1952-11-18
Amii;Fairweather;Amii.Fairweather@yopmail.com;1959-01-05
Roslyn;Garrison;Roslyn.Garrison@yopmail.com;1925-07-16
Aimil;Felizio;Aimil.Felizio@yopmail.com;1941-02-24
Gisela;Baptlsta;Gisela.Baptlsta@yopmail.com;2017-10-27
Regina;Kirbee;Regina.Kirbee@yopmail.com;1927-08-26
Alisha;Wandie;Alisha.Wandie@yopmail.com;1934-05-27
Katuscha;Devlen;Katuscha.Devlen@yopmail.com;1931-09-08
Ileana;Ingra;Ileana.Ingra@yopmail.com;2004-08-20
Jessamyn;Erlandson;Jessamyn.Erlandson@yopmail.com;1968-11-03
Sidoney;Fiann;Sidoney.Fiann@yopmail.com;2009-03-09
Nyssa;Emerson;Nyssa.Emerson@yopmail.com;1910-03-21
Violet;Norvol;Violet.Norvol@yopmail.com;1917-06-04
Angelique;Chem;Angelique.Chem@yopmail.com;1939-04-07
Robbi;Si;Robbi.Si@yopmail.com;1980-05-05
Queenie;Avi;Queenie.Avi@yopmail.com;1998-08-18
Clarice;Wenda;Clarice.Wenda@yopmail.com;1938-04-18
Karina;Leonard;Karina.Leonard@yopmail.com;1916-01-13
Hermione;Fax;Hermione.Fax@yopmail.com;1959-09-28
Sarette;Jacobah;Sarette.Jacobah@yopmail.com;1958-04-11
Mahalia;Bettine;Mahalia.Bettine@yopmail.com;1928-04-17
Brynna;Aloise;Brynna.Aloise@yopmail.com;1971-04-09
Evaleen;Thar;Evaleen.Thar@yopmail.com;1955-04-21
Alyda;Izaak;Alyda.Izaak@yopmail.com;1984-02-24
Aimil;Stevy;Aimil.Stevy@yopmail.com;1984-08-25
Tori;Celestine;Tori.Celestine@yopmail.com;1908-08-04
Anestassia;Magdalen;Anestassia.Magdalen@yopmail.com;1915-01-11
Zondra;Ogren;Zondra.Ogren@yopmail.com;2006-06-30
Sonni;Sasnett;Sonni.Sasnett@yopmail.com;1909-03-10
Carly;Natalia;Carly.Natalia@yopmail.com;2018-05-23
Catrina;Saree;Catrina.Saree@yopmail.com;1926-09-02
Ayn;Marisa;Ayn.Marisa@yopmail.com;1990-08-14
Taffy;Center;Taffy.Center@yopmail.com;2018-12-29
Rochette;Waldron;Rochette.Waldron@yopmail.com;1937-11-25
Nicoli;Libna;Nicoli.Libna@yopmail.com;1982-01-19
Cyndie;Nickola;Cyndie.Nickola@yopmail.com;1944-02-01
Brianna;Bennie;Brianna.Bennie@yopmail.com;1913-11-27
Vita;Sothena;Vita.Sothena@yopmail.com;2004-01-11
Alie;Sheng;Alie.Sheng@yopmail.com;1940-10-06
Annaliese;Regan;Annaliese.Regan@yopmail.com;1932-05-09
Lisette;Whiffen;Lisette.Whiffen@yopmail.com;1976-02-28
Ronna;Byrne;Ronna.Byrne@yopmail.com;1925-02-05
Averyl;Ethban;Averyl.Ethban@yopmail.com;1960-07-05
Brena;Edison;Brena.Edison@yopmail.com;1925-01-13
Lila;Tomasina;Lila.Tomasina@yopmail.com;1936-07-27
Melina;Egbert;Melina.Egbert@yopmail.com;1923-08-16
Marylou;Lamoree;Marylou.Lamoree@yopmail.com;1927-09-07
Kalina;Kellby;Kalina.Kellby@yopmail.com;1904-07-20
Marylou;Yerkovich;Marylou.Yerkovich@yopmail.com;1963-09-16
Taffy;Cecile;Taffy.Cecile@yopmail.com;1972-11-09
Ericka;Kinnard;Ericka.Kinnard@yopmail.com;1924-10-25
Amelia;Clywd;Amelia.Clywd@yopmail.com;1984-05-07
Elka;Vale;Elka.Vale@yopmail.com;1911-06-30
Gwyneth;Sasnett;Gwyneth.Sasnett@yopmail.com;1999-03-07
Ilse;Fitzsimmons;Ilse.Fitzsimmons@yopmail.com;1938-05-18
Gusty;Obed;Gusty.Obed@yopmail.com;1972-03-29
Mathilda;Letsou;Mathilda.Letsou@yopmail.com;1960-07-17
Gabriellia;Truc;Gabriellia.Truc@yopmail.com;1905-01-06
Mariann;Lutero;Mariann.Lutero@yopmail.com;1930-08-23
Gilligan;Cadmar;Gilligan.Cadmar@yopmail.com;1972-11-11
Fidelia;Duwalt;Fidelia.Duwalt@yopmail.com;1930-09-06
Augustine;Dorcy;Augustine.Dorcy@yopmail.com;1960-09-04
Jany;Dorine;Jany.Dorine@yopmail.com;1969-06-02
Helena;Ludewig;Helena.Ludewig@yopmail.com;1916-08-27
Miquela;Jerald;Miquela.Jerald@yopmail.com;2002-10-02
Annaliese;Lemuela;Annaliese.Lemuela@yopmail.com;2000-08-05
Gavrielle;Ephrem;Gavrielle.Ephrem@yopmail.com;1903-03-07
Ofilia;Raama;Ofilia.Raama@yopmail.com;1921-02-20
Tamqrah;Laverne;Tamqrah.Laverne@yopmail.com;1981-12-15
Kimberley;Fulmer;Kimberley.Fulmer@yopmail.com;1913-06-05
Nessie;Alejoa;Nessie.Alejoa@yopmail.com;2015-09-17
Inga;Thad;Inga.Thad@yopmail.com;1908-04-29
Ilse;Bouchard;Ilse.Bouchard@yopmail.com;1948-03-23
Esmeralda;Mathilde;Esmeralda.Mathilde@yopmail.com;1938-02-17
Bernie;Dielu;Bernie.Dielu@yopmail.com;1976-10-08
Kathi;Alwin;Kathi.Alwin@yopmail.com;1961-12-06
Binny;Wareing;Binny.Wareing@yopmail.com;1966-08-31
Sherrie;Ethban;Sherrie.Ethban@yopmail.com;1940-12-26
Kirbee;Adore;Kirbee.Adore@yopmail.com;1929-09-15
Roz;Flyn;Roz.Flyn@yopmail.com;1907-10-17
Allis;Radu;Allis.Radu@yopmail.com;1924-12-04
Gale;Byrne;Gale.Byrne@yopmail.com;1925-01-25
Heida;Pettiford;Heida.Pettiford@yopmail.com;1954-10-07
Jeanna;Pitt;Jeanna.Pitt@yopmail.com;1918-08-06
Eolanda;Grimbly;Eolanda.Grimbly@yopmail.com;1959-12-24
Tabbatha;Matthew;Tabbatha.Matthew@yopmail.com;1903-05-13
Tina;Vary;Tina.Vary@yopmail.com;2008-07-25
Deedee;Desai;Deedee.Desai@yopmail.com;1995-04-25
Suzette;Avi;Suzette.Avi@yopmail.com;2000-08-29
Jorry;Morehouse;Jorry.Morehouse@yopmail.com;1991-08-22
Florie;Durware;Florie.Durware@yopmail.com;1983-05-19
Di;Parette;Di.Parette@yopmail.com;1964-08-20
Eugine;Schonfeld;Eugine.Schonfeld@yopmail.com;1919-04-08
Cyndie;Buckler;Cyndie.Buckler@yopmail.com;1946-09-29
Micheline;Skurnik;Micheline.Skurnik@yopmail.com;1932-08-13
Barbi;Waldron;Barbi.Waldron@yopmail.com;2004-10-15
Agathe;Chandler;Agathe.Chandler@yopmail.com;1989-01-25
Janeczka;Lail;Janeczka.Lail@yopmail.com;1901-11-10
Viviene;Wareing;Viviene.Wareing@yopmail.com;1942-03-15
Thalia;Bultman;Thalia.Bultman@yopmail.com;1981-08-18
Lauryn;Dimitris;Lauryn.Dimitris@yopmail.com;2018-04-23
Joleen;Eugenia;Joleen.Eugenia@yopmail.com;1961-11-19
Nananne;Colbert;Nananne.Colbert@yopmail.com;1977-04-21
Flory;Goerke;Flory.Goerke@yopmail.com;1949-11-29
Leontine;Angelis;Leontine.Angelis@yopmail.com;1936-01-20
Fayre;Ashely;Fayre.Ashely@yopmail.com;1925-01-03
Sherrie;Randene;Sherrie.Randene@yopmail.com;1923-08-22
Fawne;Haerr;Fawne.Haerr@yopmail.com;1961-10-23
Rhea;Johnsson;Rhea.Johnsson@yopmail.com;1962-05-25
Fidelia;Dielu;Fidelia.Dielu@yopmail.com;1924-05-18
Brynna;Vilma;Brynna.Vilma@yopmail.com;1909-05-30
Gretal;Agle;Gretal.Agle@yopmail.com;1937-05-02
Dede;Anyah;Dede.Anyah@yopmail.com;1999-04-08
Taffy;Junie;Taffy.Junie@yopmail.com;1953-02-19
Penelopa;Hepsibah;Penelopa.Hepsibah@yopmail.com;1936-11-13
Chickie;Dichy;Chickie.Dichy@yopmail.com;1945-10-31
Ayn;Demitria;Ayn.Demitria@yopmail.com;1913-02-04
Nataline;Grobe;Nataline.Grobe@yopmail.com;1903-09-02
Merci;Bethany;Merci.Bethany@yopmail.com;1985-12-03
Sashenka;Naashom;Sashenka.Naashom@yopmail.com;1988-10-25
Janeczka;Cottle;Janeczka.Cottle@yopmail.com;1921-12-19
Viviene;Vernier;Viviene.Vernier@yopmail.com;1952-01-18
Aurelie;Atcliffe;Aurelie.Atcliffe@yopmail.com;2019-07-23
Larine;Kimmie;Larine.Kimmie@yopmail.com;1963-05-10
Joane;Kiersten;Joane.Kiersten@yopmail.com;2006-11-28
Nariko;Kazimir;Nariko.Kazimir@yopmail.com;1963-02-06
Marjie;Saree;Marjie.Saree@yopmail.com;1993-04-22
Viviene;Sisile;Viviene.Sisile@yopmail.com;1978-01-27
Selia;Rona;Selia.Rona@yopmail.com;2006-09-23
Beverley;Terencio;Beverley.Terencio@yopmail.com;1932-07-17
Jobi;Weinreb;Jobi.Weinreb@yopmail.com;1945-04-15
Anestassia;Voletta;Anestassia.Voletta@yopmail.com;1920-08-24
Christy;Brieta;Christy.Brieta@yopmail.com;1956-04-02
Gretal;Knowling;Gretal.Knowling@yopmail.com;1993-01-26
Krystle;Euridice;Krystle.Euridice@yopmail.com;1924-09-02
Monika;Morrill;Monika.Morrill@yopmail.com;1961-07-18
Phedra;Cornelia;Phedra.Cornelia@yopmail.com;2002-05-29
Meghann;Kronfeld;Meghann.Kronfeld@yopmail.com;1976-05-24
Mireielle;Liebermann;Mireielle.Liebermann@yopmail.com;1908-05-17
Pamella;Taima;Pamella.Taima@yopmail.com;2006-10-07
Sheelagh;Wallis;Sheelagh.Wallis@yopmail.com;2002-01-02
Cam;Rebecka;Cam.Rebecka@yopmail.com;1956-03-31
Lesly;Jehu;Lesly.Jehu@yopmail.com;1952-01-14
Ayn;Stoller;Ayn.Stoller@yopmail.com;1950-07-19
Beth;Tillford;Beth.Tillford@yopmail.com;1917-04-12
Valera;Phyllis;Valera.Phyllis@yopmail.com;1935-10-05
Helsa;Payson;Helsa.Payson@yopmail.com;1915-09-25
Nataline;Dash;Nataline.Dash@yopmail.com;2003-07-31
Drucie;Eugenia;Drucie.Eugenia@yopmail.com;1906-06-27
Suzette;Uund;Suzette.Uund@yopmail.com;1981-04-04
Christal;Carri;Christal.Carri@yopmail.com;1917-04-08
Pierette;Latini;Pierette.Latini@yopmail.com;2003-05-07
Anallese;Zrike;Anallese.Zrike@yopmail.com;1905-10-28
Christy;Kirstin;Christy.Kirstin@yopmail.com;1980-02-11
Dulce;Trace;Dulce.Trace@yopmail.com;1977-12-07
Shell;Glenden;Shell.Glenden@yopmail.com;1986-08-13
Madeleine;Flita;Madeleine.Flita@yopmail.com;2004-05-12
Laure;Johanna;Laure.Johanna@yopmail.com;2018-04-21
Beverley;Gabrielli;Beverley.Gabrielli@yopmail.com;2008-03-01
Luci;Ardeha;Luci.Ardeha@yopmail.com;1972-12-25
Therine;Oster;Therine.Oster@yopmail.com;1946-12-14
Beatriz;Hewitt;Beatriz.Hewitt@yopmail.com;1950-02-04
Elka;Dituri;Elka.Dituri@yopmail.com;2004-03-28
Christian;Kravits;Christian.Kravits@yopmail.com;1937-02-18
Desirae;Alrich;Desirae.Alrich@yopmail.com;1989-01-27
Betta;Nicoline;Betta.Nicoline@yopmail.com;1982-05-14
Chickie;Roxanna;Chickie.Roxanna@yopmail.com;1969-10-22
Tersina;Stav;Tersina.Stav@yopmail.com;1919-10-21
Verla;Arquit;Verla.Arquit@yopmail.com;1918-09-25
Annice;Rudolph;Annice.Rudolph@yopmail.com;1928-06-20
Debee;Maroney;Debee.Maroney@yopmail.com;2000-09-24
Gale;Pascia;Gale.Pascia@yopmail.com;1999-04-22
Caritta;Halla;Caritta.Halla@yopmail.com;1991-03-28
Lulita;Darian;Lulita.Darian@yopmail.com;1967-11-30
Kellen;Fancie;Kellen.Fancie@yopmail.com;1992-08-10
Ofilia;Sibyls;Ofilia.Sibyls@yopmail.com;1917-08-29
Kenna;Pandolfi;Kenna.Pandolfi@yopmail.com;1988-12-31
Carol-Jean;Delacourt;Carol-Jean.Delacourt@yopmail.com;1974-08-12
Donnie;Seagraves;Donnie.Seagraves@yopmail.com;1990-05-02
Tina;Bryna;Tina.Bryna@yopmail.com;1933-07-03
Brooks;Reneta;Brooks.Reneta@yopmail.com;1986-11-21
Cherilyn;Aldric;Cherilyn.Aldric@yopmail.com;1925-04-20
Gwenneth;Koziara;Gwenneth.Koziara@yopmail.com;1942-07-03
Courtnay;Obed;Courtnay.Obed@yopmail.com;1944-07-15
Kimberley;Vary;Kimberley.Vary@yopmail.com;2018-06-11
Marnia;Kat;Marnia.Kat@yopmail.com;2007-02-09
Shaylyn;Alfons;Shaylyn.Alfons@yopmail.com;1951-04-30
Blinni;Brieta;Blinni.Brieta@yopmail.com;1933-03-03
Norine;Hylan;Norine.Hylan@yopmail.com;1964-02-15
Queenie;Haymes;Queenie.Haymes@yopmail.com;1962-02-10
Winifred;Estella;Winifred.Estella@yopmail.com;1935-01-27
Frieda;Simmonds;Frieda.Simmonds@yopmail.com;1911-07-21
Ida;Oneida;Ida.Oneida@yopmail.com;1913-12-03
Marcy;Cottle;Marcy.Cottle@yopmail.com;2001-07-07
Elbertina;Ailyn;Elbertina.Ailyn@yopmail.com;1977-05-06
Christal;Emerson;Christal.Emerson@yopmail.com;1934-09-15
Bettine;Even;Bettine.Even@yopmail.com;1920-01-27
Andeee;Saunderson;Andeee.Saunderson@yopmail.com;2002-03-19
Jere;Hull;Jere.Hull@yopmail.com;1908-12-14
Zondra;Gusella;Zondra.Gusella@yopmail.com;1912-10-19
Taffy;Ciapas;Taffy.Ciapas@yopmail.com;1909-07-21
Farrah;Yoko;Farrah.Yoko@yopmail.com;2018-06-02
Corly;Kinnard;Corly.Kinnard@yopmail.com;1936-05-26
Ann-Marie;Eben;Ann-Marie.Eben@yopmail.com;1976-09-20
Shirlee;Ogren;Shirlee.Ogren@yopmail.com;2003-08-07
Gratia;Turne;Gratia.Turne@yopmail.com;1930-02-24
Phedra;Bouchard;Phedra.Bouchard@yopmail.com;1939-06-14
Peri;Erich;Peri.Erich@yopmail.com;1941-12-10
Dulce;Dorcy;Dulce.Dorcy@yopmail.com;1934-07-02
Sadie;Lanita;Sadie.Lanita@yopmail.com;1982-11-08
Jere;Fairweather;Jere.Fairweather@yopmail.com;1942-10-29
Winifred;Yoko;Winifred.Yoko@yopmail.com;1914-06-15
Korrie;Auberbach;Korrie.Auberbach@yopmail.com;1953-05-05
Claudina;Zenas;Claudina.Zenas@yopmail.com;2013-06-21
Karena;Sholley;Karena.Sholley@yopmail.com;1971-10-10
Rhoda;Peg;Rhoda.Peg@yopmail.com;1936-03-04
Ira;Dalli;Ira.Dalli@yopmail.com;2015-05-02
Clementine;Eben;Clementine.Eben@yopmail.com;1982-11-21
Betta;Kesley;Betta.Kesley@yopmail.com;1997-11-05
Annice;Weitman;Annice.Weitman@yopmail.com;1911-11-28
Lacie;Lane;Lacie.Lane@yopmail.com;1915-05-13
Angela;Bach;Angela.Bach@yopmail.com;1968-04-14
Mathilda;Maxi;Mathilda.Maxi@yopmail.com;1917-06-11
Siana;Brotherson;Siana.Brotherson@yopmail.com;1902-12-14
Gilligan;Cimbura;Gilligan.Cimbura@yopmail.com;1985-01-26
Keelia;Ciapas;Keelia.Ciapas@yopmail.com;1965-08-23
Sheree;Stefa;Sheree.Stefa@yopmail.com;1977-09-17
Malina;Han;Malina.Han@yopmail.com;1929-08-01
Fanny;Rebecka;Fanny.Rebecka@yopmail.com;2010-10-03
June;Raimondo;June.Raimondo@yopmail.com;2015-10-18
Caryl;Darrell;Caryl.Darrell@yopmail.com;1900-08-17
Anica;Ovid;Anica.Ovid@yopmail.com;1964-01-02
Brianna;Maryanne;Brianna.Maryanne@yopmail.com;1907-12-03
Concettina;Allina;Concettina.Allina@yopmail.com;1904-10-16
Debee;Poll;Debee.Poll@yopmail.com;1952-09-14
Melodie;Lytton;Melodie.Lytton@yopmail.com;2013-03-10
Catharine;Tacye;Catharine.Tacye@yopmail.com;1954-03-04
Frances;Goode;Frances.Goode@yopmail.com;1938-04-28
Nariko;Goerke;Nariko.Goerke@yopmail.com;1970-09-28
Ruthe;Teddman;Ruthe.Teddman@yopmail.com;1910-09-17
Ekaterina;Cynar;Ekaterina.Cynar@yopmail.com;1935-10-02
Arlena;Natica;Arlena.Natica@yopmail.com;1995-05-14
Karlee;Dermott;Karlee.Dermott@yopmail.com;1992-07-18
Sherrie;Arne;Sherrie.Arne@yopmail.com;1922-10-22
Vonny;Lasley;Vonny.Lasley@yopmail.com;2013-08-09
Elena;Kalinda;Elena.Kalinda@yopmail.com;1910-02-06
Consuela;Jacobah;Consuela.Jacobah@yopmail.com;2001-06-07
Jinny;Orlene;Jinny.Orlene@yopmail.com;1975-05-22
Diena;Candy;Diena.Candy@yopmail.com;2003-04-07
Kamilah;Yuille;Kamilah.Yuille@yopmail.com;1969-05-08
Rozele;Carmena;Rozele.Carmena@yopmail.com;1904-07-05
Sybille;Sharl;Sybille.Sharl@yopmail.com;1926-10-06
Giustina;Melleta;Giustina.Melleta@yopmail.com;1909-05-01
Augustine;Jehu;Augustine.Jehu@yopmail.com;1922-04-10
Max;Minetta;Max.Minetta@yopmail.com;1953-11-26
Melanie;Bultman;Melanie.Bultman@yopmail.com;2016-10-25
Susette;Eiser;Susette.Eiser@yopmail.com;1910-09-04
Peri;Payson;Peri.Payson@yopmail.com;1913-09-10
Thalia;Cassius;Thalia.Cassius@yopmail.com;1984-08-16
Morganica;Cohdwell;Morganica.Cohdwell@yopmail.com;1941-12-07
Moyna;Hebner;Moyna.Hebner@yopmail.com;1946-02-08
Ofilia;Drus;Ofilia.Drus@yopmail.com;1930-03-17
Codie;Fontana;Codie.Fontana@yopmail.com;1964-01-09
Alex;Burnside;Alex.Burnside@yopmail.com;1952-07-28
Therine;Mich;Therine.Mich@yopmail.com;1949-01-29
Audrie;Ursulette;Audrie.Ursulette@yopmail.com;2002-01-16
Dorthy;Goddard;Dorthy.Goddard@yopmail.com;1914-10-21
Tracey;Isidore;Tracey.Isidore@yopmail.com;1941-05-07
Layla;Kauppi;Layla.Kauppi@yopmail.com;2001-01-13
Lila;Woodberry;Lila.Woodberry@yopmail.com;1974-12-16
Sybille;Helve;Sybille.Helve@yopmail.com;1924-03-15
Vanessa;Florina;Vanessa.Florina@yopmail.com;1945-03-02
Brooks;Albertine;Brooks.Albertine@yopmail.com;1952-11-03
Alleen;Hebner;Alleen.Hebner@yopmail.com;1946-06-08
Caressa;Ricarda;Caressa.Ricarda@yopmail.com;1970-02-21
Cecile;Zrike;Cecile.Zrike@yopmail.com;1917-09-13
Kittie;Bertold;Kittie.Bertold@yopmail.com;1971-07-17
Jany;Tengdin;Jany.Tengdin@yopmail.com;1939-11-04
Kara-Lynn;Pond;Kara-Lynn.Pond@yopmail.com;1957-06-21
Jordan;Kristi;Jordan.Kristi@yopmail.com;1979-06-13
Netty;Idelia;Netty.Idelia@yopmail.com;1911-01-05
Marsiella;Fiester;Marsiella.Fiester@yopmail.com;1946-03-19
Clary;Korey;Clary.Korey@yopmail.com;1934-02-05
Marcy;Weitman;Marcy.Weitman@yopmail.com;1937-02-08
Jorry;Fadiman;Jorry.Fadiman@yopmail.com;1997-10-07
Carmela;Cimbura;Carmela.Cimbura@yopmail.com;1904-07-25
Candy;Morrill;Candy.Morrill@yopmail.com;1960-12-21
Melodie;Wolfgram;Melodie.Wolfgram@yopmail.com;1951-10-20
Helsa;Codding;Helsa.Codding@yopmail.com;1993-01-06
Sallie;Nisbet;Sallie.Nisbet@yopmail.com;2015-04-12
Veda;Junie;Veda.Junie@yopmail.com;1909-03-30
Priscilla;Chabot;Priscilla.Chabot@yopmail.com;2014-01-14
Isa;Cynar;Isa.Cynar@yopmail.com;1920-08-14
Dione;Parette;Dione.Parette@yopmail.com;1917-01-09
Jillayne;Oster;Jillayne.Oster@yopmail.com;1990-10-22
Florencia;Chem;Florencia.Chem@yopmail.com;1901-07-25
Barbi;Delila;Barbi.Delila@yopmail.com;1979-04-05
Dorthy;Ranjiv;Dorthy.Ranjiv@yopmail.com;1993-08-02
Alie;Hylan;Alie.Hylan@yopmail.com;1941-05-21
Lanae;Yate;Lanae.Yate@yopmail.com;1970-11-18
Lanae;Robertson;Lanae.Robertson@yopmail.com;1933-02-05
Stephanie;Urania;Stephanie.Urania@yopmail.com;1955-11-23
Georgetta;Roumell;Georgetta.Roumell@yopmail.com;1996-03-08
Corina;Corrine;Corina.Corrine@yopmail.com;1973-09-04
Tina;Leonard;Tina.Leonard@yopmail.com;2014-07-21
Ashlee;Harriman;Ashlee.Harriman@yopmail.com;1986-04-13
Neila;Anestassia;Neila.Anestassia@yopmail.com;1986-03-28
Perry;Sawtelle;Perry.Sawtelle@yopmail.com;1959-09-08
Lonnie;Deegan;Lonnie.Deegan@yopmail.com;1943-06-21
Hayley;Tryck;Hayley.Tryck@yopmail.com;1979-01-17
Isa;Kravits;Isa.Kravits@yopmail.com;1973-11-16
Tamqrah;Johnsson;Tamqrah.Johnsson@yopmail.com;1934-05-20
Corene;Peti;Corene.Peti@yopmail.com;1988-06-18
Gabriellia;Alice;Gabriellia.Alice@yopmail.com;1999-02-14
Talya;O'Rourke;Talya.O'Rourke@yopmail.com;1902-08-18
Karina;Desai;Karina.Desai@yopmail.com;1957-09-22
Damaris;Audly;Damaris.Audly@yopmail.com;1940-12-17
Karly;Ethban;Karly.Ethban@yopmail.com;1991-02-22
Valera;Erich;Valera.Erich@yopmail.com;1909-03-06
Correy;Mehalek;Correy.Mehalek@yopmail.com;1963-08-12
Mathilda;McClimans;Mathilda.McClimans@yopmail.com;2016-11-23
Chastity;Goldina;Chastity.Goldina@yopmail.com;1910-02-03
Viki;Fax;Viki.Fax@yopmail.com;1939-09-27
Britni;Damarra;Britni.Damarra@yopmail.com;1947-05-14
Marsiella;Arquit;Marsiella.Arquit@yopmail.com;2003-10-16
Lucille;Adamsen;Lucille.Adamsen@yopmail.com;1960-03-09
Nikki;Ferrell;Nikki.Ferrell@yopmail.com;1934-09-29
Jinny;Leopold;Jinny.Leopold@yopmail.com;1964-01-31
Kristan;Wandie;Kristan.Wandie@yopmail.com;1900-08-20
Tera;Lipson;Tera.Lipson@yopmail.com;1925-06-28
Carmela;Alwin;Carmela.Alwin@yopmail.com;1983-07-19
Goldie;Brodench;Goldie.Brodench@yopmail.com;1952-05-12
Ariela;Ahab;Ariela.Ahab@yopmail.com;1952-07-08
Gwyneth;Buckler;Gwyneth.Buckler@yopmail.com;2009-05-09
Elmira;Cohdwell;Elmira.Cohdwell@yopmail.com;1996-06-18
Nollie;Horan;Nollie.Horan@yopmail.com;1963-10-12
Dorene;Truc;Dorene.Truc@yopmail.com;1906-03-23
Rosene;Tarrant;Rosene.Tarrant@yopmail.com;1979-11-07
Mellicent;Reidar;Mellicent.Reidar@yopmail.com;2011-07-03
Alleen;Bryna;Alleen.Bryna@yopmail.com;1948-01-01
Rozele;Saunderson;Rozele.Saunderson@yopmail.com;1966-02-18
Vivia;Kunin;Vivia.Kunin@yopmail.com;1947-05-20
Tressa;Faso;Tressa.Faso@yopmail.com;1915-10-11
Althea;Yorick;Althea.Yorick@yopmail.com;1974-01-26
Melodie;Fontana;Melodie.Fontana@yopmail.com;2010-07-27
Vonny;Parette;Vonny.Parette@yopmail.com;1942-11-30
Nannie;Firmin;Nannie.Firmin@yopmail.com;1940-08-20
Thalia;Ackerley;Thalia.Ackerley@yopmail.com;1968-07-23
Micheline;Tayib;Micheline.Tayib@yopmail.com;1906-10-14
Aigneis;Hollingsworth;Aigneis.Hollingsworth@yopmail.com;1900-10-05
Gabi;Boycey;Gabi.Boycey@yopmail.com;2018-06-06
Misha;Hathaway;Misha.Hathaway@yopmail.com;1914-10-18
Sindee;Nore;Sindee.Nore@yopmail.com;1915-05-20
Rayna;Noam;Rayna.Noam@yopmail.com;1902-11-07
Inga;Giule;Inga.Giule@yopmail.com;1928-01-12
Olwen;Hieronymus;Olwen.Hieronymus@yopmail.com;1933-07-27
Blinni;Garlinda;Blinni.Garlinda@yopmail.com;1951-03-01
Helena;Milson;Helena.Milson@yopmail.com;1933-07-24
Ermengarde;Belldas;Ermengarde.Belldas@yopmail.com;1914-09-16
Noelle;Land;Noelle.Land@yopmail.com;2014-10-13
Darlleen;Nance;Darlleen.Nance@yopmail.com;1922-02-01
Kara-Lynn;Pyle;Kara-Lynn.Pyle@yopmail.com;1941-11-06
Laure;Faso;Laure.Faso@yopmail.com;1947-10-13
Brietta;Hylan;Brietta.Hylan@yopmail.com;1962-07-15
Brena;Rurik;Brena.Rurik@yopmail.com;1979-03-21
Lucille;August;Lucille.August@yopmail.com;1995-05-27
Ana;Han;Ana.Han@yopmail.com;2005-07-14
Esmeralda;Maiah;Esmeralda.Maiah@yopmail.com;1921-06-09
Petronia;Reinke;Petronia.Reinke@yopmail.com;1997-09-11
Chrystel;Cutlerr;Chrystel.Cutlerr@yopmail.com;2011-03-27
Maye;Brunell;Maye.Brunell@yopmail.com;1903-01-09
Lauryn;Jary;Lauryn.Jary@yopmail.com;1916-04-08
Agnese;Hashim;Agnese.Hashim@yopmail.com;2013-04-24
Merle;Esmaria;Merle.Esmaria@yopmail.com;2010-04-17
Trudie;Liebermann;Trudie.Liebermann@yopmail.com;2009-09-20
June;Ardeha;June.Ardeha@yopmail.com;1914-09-01
Wileen;Obed;Wileen.Obed@yopmail.com;2000-03-15
Jackie;Chauncey;Jackie.Chauncey@yopmail.com;1910-08-31
Regina;Stanwood;Regina.Stanwood@yopmail.com;1923-03-07
Lucille;Larochelle;Lucille.Larochelle@yopmail.com;1922-03-13
Meriel;Laverne;Meriel.Laverne@yopmail.com;1900-06-06
Robbi;Willie;Robbi.Willie@yopmail.com;2003-04-19