firstname;lastname;email;Field Name
Vevay;Campball;Vevay.Campball@yopmail.com;2005-10-31
Aurore;Rodmann;Aurore.Rodmann@yopmail.com;2013-07-13
Audrie;Meli;Audrie.Meli@yopmail.com;1982-06-23
Basia;Hertzfeld;Basia.Hertzfeld@yopmail.com;1926-10-17
Grier;Even;Grier.Even@yopmail.com;1986-07-31
Aimil;Taam;Aimil.Taam@yopmail.com;1974-08-25
Amalie;Maples;Amalie.Maples@yopmail.com;1906-01-31
Stephanie;Peg;Stephanie.Peg@yopmail.com;1975-04-03
Nyssa;Bonucci;Nyssa.Bonucci@yopmail.com;1900-03-29
Aeriela;Maurine;Aeriela.Maurine@yopmail.com;1914-07-15
Edith;Carvey;Edith.Carvey@yopmail.com;1911-06-18
Maud;Mauer;Maud.Mauer@yopmail.com;1935-06-25
Etta;Carleen;Etta.Carleen@yopmail.com;1913-11-02
Alleen;Weitman;Alleen.Weitman@yopmail.com;1978-01-31
Willetta;Sherrie;Willetta.Sherrie@yopmail.com;1944-06-26
Thalia;Turne;Thalia.Turne@yopmail.com;1928-07-28
Hannis;Monaco;Hannis.Monaco@yopmail.com;1955-03-13
Michaelina;Wesle;Michaelina.Wesle@yopmail.com;1937-05-30
Vevay;Sacken;Vevay.Sacken@yopmail.com;1942-03-12
Dennie;Lubin;Dennie.Lubin@yopmail.com;1928-03-07
Janenna;Cottle;Janenna.Cottle@yopmail.com;1974-01-18
Jolyn;Gusella;Jolyn.Gusella@yopmail.com;1967-11-21
Rani;Solitta;Rani.Solitta@yopmail.com;1903-11-03
Georgina;Rillings;Georgina.Rillings@yopmail.com;2016-10-01
Blinni;Loeb;Blinni.Loeb@yopmail.com;2017-09-15
Ericka;Wolfgram;Ericka.Wolfgram@yopmail.com;1927-11-22
Gui;Dearborn;Gui.Dearborn@yopmail.com;2014-12-28
Blondelle;Hachmin;Blondelle.Hachmin@yopmail.com;1920-07-21
Wynne;Chauncey;Wynne.Chauncey@yopmail.com;1915-05-01
Nickie;Sasnett;Nickie.Sasnett@yopmail.com;1930-08-10
Britni;Lorenz;Britni.Lorenz@yopmail.com;1903-10-25
Millie;Pandolfi;Millie.Pandolfi@yopmail.com;2016-06-28
Clarice;Nicoline;Clarice.Nicoline@yopmail.com;2001-05-03
Jessamyn;Berne;Jessamyn.Berne@yopmail.com;1906-04-03
Kellen;My;Kellen.My@yopmail.com;2014-04-13
Belinda;Erb;Belinda.Erb@yopmail.com;2002-01-23
Rozele;Vacuva;Rozele.Vacuva@yopmail.com;1921-12-19
Joceline;Leffen;Joceline.Leffen@yopmail.com;1985-09-24
Cecile;Nelsen;Cecile.Nelsen@yopmail.com;1988-07-26
Amii;Tengdin;Amii.Tengdin@yopmail.com;2007-02-26
Stephanie;Casimir;Stephanie.Casimir@yopmail.com;1905-11-18
Tybie;Bivins;Tybie.Bivins@yopmail.com;2016-01-22
Cam;Engdahl;Cam.Engdahl@yopmail.com;1907-07-13
Marguerite;Reneta;Marguerite.Reneta@yopmail.com;1989-03-20
Halette;Phaidra;Halette.Phaidra@yopmail.com;1982-10-23
Zondra;Socha;Zondra.Socha@yopmail.com;2016-01-11
Sara-Ann;Tiffa;Sara-Ann.Tiffa@yopmail.com;1902-07-25
Hannis;Nikaniki;Hannis.Nikaniki@yopmail.com;1975-12-24
Paule;Gladstone;Paule.Gladstone@yopmail.com;1970-10-03
Lusa;Cyrie;Lusa.Cyrie@yopmail.com;2012-03-22
Cyndie;Hedve;Cyndie.Hedve@yopmail.com;1902-07-31
Lila;Gladstone;Lila.Gladstone@yopmail.com;1974-12-08
Winny;Raama;Winny.Raama@yopmail.com;1974-05-22
Wanda;Faria;Wanda.Faria@yopmail.com;1970-12-12
Tami;Colleen;Tami.Colleen@yopmail.com;2011-12-13
Kenna;Wyn;Kenna.Wyn@yopmail.com;1966-08-09
Carree;Shuler;Carree.Shuler@yopmail.com;2015-08-17
Gloria;Skell;Gloria.Skell@yopmail.com;1913-12-25
Deane;Tamsky;Deane.Tamsky@yopmail.com;1973-03-15
Aurore;Henebry;Aurore.Henebry@yopmail.com;1918-12-25
Neila;Kylander;Neila.Kylander@yopmail.com;1915-07-04
Katuscha;Daniele;Katuscha.Daniele@yopmail.com;1994-10-04
Berta;Vernier;Berta.Vernier@yopmail.com;1980-12-23
Reeba;Rosette;Reeba.Rosette@yopmail.com;1965-06-08
Shannah;O'Rourke;Shannah.O'Rourke@yopmail.com;2008-03-10
Mariele;Haymes;Mariele.Haymes@yopmail.com;1990-09-26
Caryl;Beniamino;Caryl.Beniamino@yopmail.com;1994-06-01
Jacquetta;LaRue;Jacquetta.LaRue@yopmail.com;1999-12-24
Lindie;Wareing;Lindie.Wareing@yopmail.com;1920-12-09
Nataline;Zaslow;Nataline.Zaslow@yopmail.com;1916-02-11
June;Tamsky;June.Tamsky@yopmail.com;1940-09-15
Jessy;Uird;Jessy.Uird@yopmail.com;1946-05-10
Ninnetta;McCutcheon;Ninnetta.McCutcheon@yopmail.com;2008-06-19
Amelia;Jefferey;Amelia.Jefferey@yopmail.com;2003-11-30
Jaclyn;Zina;Jaclyn.Zina@yopmail.com;1970-05-28
Tybie;Bury;Tybie.Bury@yopmail.com;1941-08-05
Leontine;Amadas;Leontine.Amadas@yopmail.com;1917-06-24
Joleen;Celestine;Joleen.Celestine@yopmail.com;2016-10-08
Kristina;Primalia;Kristina.Primalia@yopmail.com;2003-04-18
Ilse;Naashom;Ilse.Naashom@yopmail.com;1953-09-19
Judy;Yoko;Judy.Yoko@yopmail.com;1996-04-01
Sissy;Iphlgenia;Sissy.Iphlgenia@yopmail.com;2002-02-07
Antonietta;Buttaro;Antonietta.Buttaro@yopmail.com;1902-12-19
Aimil;Lenny;Aimil.Lenny@yopmail.com;2005-02-28
Roseline;Carvey;Roseline.Carvey@yopmail.com;1934-07-05
Winny;Hessler;Winny.Hessler@yopmail.com;1917-02-20
Kimmy;Tannie;Kimmy.Tannie@yopmail.com;1992-09-16
Myrtice;Prouty;Myrtice.Prouty@yopmail.com;1931-06-13
Dede;Noelyn;Dede.Noelyn@yopmail.com;1913-04-04
Katuscha;Gaal;Katuscha.Gaal@yopmail.com;2000-12-17
Leanna;Duwalt;Leanna.Duwalt@yopmail.com;1968-02-24
Tiffie;Ambrosia;Tiffie.Ambrosia@yopmail.com;1973-03-24
Gilda;Thad;Gilda.Thad@yopmail.com;1939-05-11
Jacquetta;Korey;Jacquetta.Korey@yopmail.com;2019-02-18
Adelle;Cavan;Adelle.Cavan@yopmail.com;2006-03-10
Randa;Faso;Randa.Faso@yopmail.com;1977-03-17
Berget;Kenney;Berget.Kenney@yopmail.com;1997-04-06
Jobi;Tamsky;Jobi.Tamsky@yopmail.com;1972-01-22
Misha;Revkah;Misha.Revkah@yopmail.com;2002-07-28
Minda;Wildermuth;Minda.Wildermuth@yopmail.com;1911-02-07
Christal;Percy;Christal.Percy@yopmail.com;1944-01-19
Valera;Cressida;Valera.Cressida@yopmail.com;1960-06-29
Kaja;Jefferey;Kaja.Jefferey@yopmail.com;1973-09-07
Emylee;Clywd;Emylee.Clywd@yopmail.com;2007-03-24
Berta;Christine;Berta.Christine@yopmail.com;1928-04-23
Janey;Gladstone;Janey.Gladstone@yopmail.com;1941-05-16
Melanie;Prober;Melanie.Prober@yopmail.com;1943-12-23
Camile;Thad;Camile.Thad@yopmail.com;1992-09-25
Candi;Billye;Candi.Billye@yopmail.com;1932-10-06
Aubrie;Mike;Aubrie.Mike@yopmail.com;1924-05-21
Carilyn;Vary;Carilyn.Vary@yopmail.com;1978-11-29
Corry;Catie;Corry.Catie@yopmail.com;1946-01-13
Corry;Brittani;Corry.Brittani@yopmail.com;1996-05-24
Marguerite;Zuzana;Marguerite.Zuzana@yopmail.com;1932-03-13
Paola;Alejoa;Paola.Alejoa@yopmail.com;2003-03-19
Ingrid;Drus;Ingrid.Drus@yopmail.com;1942-02-06
Micheline;Zamora;Micheline.Zamora@yopmail.com;1985-08-18
Shell;Xerxes;Shell.Xerxes@yopmail.com;2019-08-05
Lucille;Natica;Lucille.Natica@yopmail.com;1986-04-06
Kathi;Horan;Kathi.Horan@yopmail.com;1911-10-15
Tina;Horan;Tina.Horan@yopmail.com;1912-03-28
Lonnie;Riordan;Lonnie.Riordan@yopmail.com;1912-12-15
Alyda;Solitta;Alyda.Solitta@yopmail.com;2008-12-09
Danika;Lubin;Danika.Lubin@yopmail.com;1942-07-01
Christian;Syd;Christian.Syd@yopmail.com;1982-10-20
Brana;Stacy;Brana.Stacy@yopmail.com;1936-05-02
Bibby;Brieta;Bibby.Brieta@yopmail.com;1926-08-21
Jaclyn;Joni;Jaclyn.Joni@yopmail.com;2007-06-06
Ayn;Heisel;Ayn.Heisel@yopmail.com;2013-07-14
Kalina;Rugen;Kalina.Rugen@yopmail.com;1959-03-20
Carolina;Wiener;Carolina.Wiener@yopmail.com;1978-02-13
Deedee;Toor;Deedee.Toor@yopmail.com;1997-07-21
Jobi;Belanger;Jobi.Belanger@yopmail.com;1977-10-09
Ivett;Artie;Ivett.Artie@yopmail.com;1954-03-08
Lauryn;Cath;Lauryn.Cath@yopmail.com;1956-12-24
Brooks;Amadas;Brooks.Amadas@yopmail.com;2003-01-05
Audrie;Idelia;Audrie.Idelia@yopmail.com;1921-04-22
Carmencita;Carmena;Carmencita.Carmena@yopmail.com;1931-11-23
Therine;Mehalek;Therine.Mehalek@yopmail.com;2006-03-27
Edith;Bevin;Edith.Bevin@yopmail.com;1918-08-24
Edee;O'Neill;Edee.O'Neill@yopmail.com;1900-01-27
Mathilda;Orpah;Mathilda.Orpah@yopmail.com;2006-07-09
Celestyna;Zina;Celestyna.Zina@yopmail.com;1966-09-17
Shaylyn;Linskey;Shaylyn.Linskey@yopmail.com;1937-09-25
Lorne;Kare;Lorne.Kare@yopmail.com;2000-09-04
Babita;Chick;Babita.Chick@yopmail.com;1966-10-29
Gratia;Barney;Gratia.Barney@yopmail.com;2011-08-13
Catharine;Behre;Catharine.Behre@yopmail.com;1949-10-15
Kayla;Tayib;Kayla.Tayib@yopmail.com;1966-03-08
Renie;Kare;Renie.Kare@yopmail.com;1912-03-07
Theodora;Sholley;Theodora.Sholley@yopmail.com;1972-09-05
Christal;Rooney;Christal.Rooney@yopmail.com;2014-10-16
Melanie;Luhe;Melanie.Luhe@yopmail.com;2006-03-23
Flo;Haerr;Flo.Haerr@yopmail.com;2014-06-05
Ebonee;Ietta;Ebonee.Ietta@yopmail.com;2015-08-11
Caryl;Monk;Caryl.Monk@yopmail.com;1995-05-13
Marti;Ball;Marti.Ball@yopmail.com;2002-07-16
Estell;Leopold;Estell.Leopold@yopmail.com;1960-08-08
Elyssa;Eachern;Elyssa.Eachern@yopmail.com;1911-04-09
Kirbee;Joli;Kirbee.Joli@yopmail.com;1952-11-01
Neila;Anyah;Neila.Anyah@yopmail.com;1927-07-13
Tarra;Carri;Tarra.Carri@yopmail.com;2000-05-17
Alejandra;Solitta;Alejandra.Solitta@yopmail.com;2013-12-24
Florie;Remmer;Florie.Remmer@yopmail.com;2001-04-11
Nikki;Wenda;Nikki.Wenda@yopmail.com;1986-10-10
Andree;Darbie;Andree.Darbie@yopmail.com;1955-11-19
Monika;Dulciana;Monika.Dulciana@yopmail.com;1977-03-26
Wanda;Armanda;Wanda.Armanda@yopmail.com;1963-12-24
Coral;Kermit;Coral.Kermit@yopmail.com;1932-07-27
Kathy;Hathaway;Kathy.Hathaway@yopmail.com;1937-03-20
Ida;Ricki;Ida.Ricki@yopmail.com;1938-09-08
Lorie;Hirsch;Lorie.Hirsch@yopmail.com;1977-04-20
Paulita;Demitria;Paulita.Demitria@yopmail.com;1966-07-03
Ashlee;Si;Ashlee.Si@yopmail.com;1982-09-09
Tani;Hailee;Tani.Hailee@yopmail.com;1970-04-20
Lila;Rocray;Lila.Rocray@yopmail.com;1940-10-08
Ricky;Remmer;Ricky.Remmer@yopmail.com;1900-02-20
Ninnetta;Juan;Ninnetta.Juan@yopmail.com;1969-01-16
Katuscha;Oriana;Katuscha.Oriana@yopmail.com;2019-11-12
Alejandra;Wallis;Alejandra.Wallis@yopmail.com;2017-09-29
Ira;Wilona;Ira.Wilona@yopmail.com;1953-01-24
Liana;Iphlgenia;Liana.Iphlgenia@yopmail.com;1988-12-20
Jinny;Bouchard;Jinny.Bouchard@yopmail.com;2000-10-20
Gale;Honoria;Gale.Honoria@yopmail.com;1931-02-25
Ardys;Knowling;Ardys.Knowling@yopmail.com;2015-10-07
Elmira;Rozanna;Elmira.Rozanna@yopmail.com;2016-04-17
Dianemarie;Krystle;Dianemarie.Krystle@yopmail.com;2013-09-23
Clo;Dunkin;Clo.Dunkin@yopmail.com;1999-07-06
Anica;Marijo;Anica.Marijo@yopmail.com;1966-12-07
Kate;Keelia;Kate.Keelia@yopmail.com;1961-09-07
Claudina;Arley;Claudina.Arley@yopmail.com;2013-05-01
Kamilah;Garbe;Kamilah.Garbe@yopmail.com;1953-03-18
Alie;Sabella;Alie.Sabella@yopmail.com;1904-12-30
Anallese;Dawkins;Anallese.Dawkins@yopmail.com;1921-08-16
Hollie;Emmy;Hollie.Emmy@yopmail.com;1918-09-30
Adriana;Wesle;Adriana.Wesle@yopmail.com;1912-05-18
Paule;Masao;Paule.Masao@yopmail.com;1959-11-09
Jobi;Michella;Jobi.Michella@yopmail.com;1968-05-10
Carmela;Ade;Carmela.Ade@yopmail.com;2014-08-22
Jennica;Tayib;Jennica.Tayib@yopmail.com;1984-11-11
Pierette;Pandolfi;Pierette.Pandolfi@yopmail.com;1906-08-03
Florie;Clarissa;Florie.Clarissa@yopmail.com;1913-08-27
Ariela;Sheng;Ariela.Sheng@yopmail.com;1925-09-28
Lulita;Imelida;Lulita.Imelida@yopmail.com;1934-01-08
Olivette;Jalbert;Olivette.Jalbert@yopmail.com;1951-11-28
Letizia;Whittaker;Letizia.Whittaker@yopmail.com;1940-08-16
Emma;Wyn;Emma.Wyn@yopmail.com;2017-12-06
Damaris;Rad;Damaris.Rad@yopmail.com;1993-07-14
Ursulina;Zitvaa;Ursulina.Zitvaa@yopmail.com;1996-10-18
Donetta;Abbot;Donetta.Abbot@yopmail.com;1980-07-26
Eadie;Idelia;Eadie.Idelia@yopmail.com;1980-05-30
Kelly;Graig;Kelly.Graig@yopmail.com;2017-11-22
Penelopa;Vorster;Penelopa.Vorster@yopmail.com;1959-10-11
Maurene;Percy;Maurene.Percy@yopmail.com;1935-02-20
Bernardine;Erb;Bernardine.Erb@yopmail.com;1958-11-17
Siana;Vale;Siana.Vale@yopmail.com;2003-10-12
Devina;Mayeda;Devina.Mayeda@yopmail.com;1989-03-01
Elvira;Astra;Elvira.Astra@yopmail.com;1988-06-21
Maridel;Loleta;Maridel.Loleta@yopmail.com;1914-04-18
Christal;Papageno;Christal.Papageno@yopmail.com;1916-01-09
Rebeca;Delp;Rebeca.Delp@yopmail.com;1928-08-07
Elka;Kannry;Elka.Kannry@yopmail.com;2008-07-30
Magdalena;Maisey;Magdalena.Maisey@yopmail.com;1929-01-18
Neila;Erich;Neila.Erich@yopmail.com;1948-12-15
Rayna;Fiester;Rayna.Fiester@yopmail.com;1903-06-29
Violet;Hashim;Violet.Hashim@yopmail.com;1920-06-30
Briney;Norvol;Briney.Norvol@yopmail.com;2015-10-24
Raquela;Matthew;Raquela.Matthew@yopmail.com;2014-10-02
Vanessa;Tufts;Vanessa.Tufts@yopmail.com;1911-03-17
Emmey;Felizio;Emmey.Felizio@yopmail.com;2004-01-03
Bernardine;Hathaway;Bernardine.Hathaway@yopmail.com;1973-11-11
Anthia;Wind;Anthia.Wind@yopmail.com;1948-05-13
Claudina;Kamaria;Claudina.Kamaria@yopmail.com;1911-02-27
Patricia;Ephrem;Patricia.Ephrem@yopmail.com;1990-01-12
Nicoli;Kevon;Nicoli.Kevon@yopmail.com;1935-05-05
Carilyn;Lewes;Carilyn.Lewes@yopmail.com;1993-01-29
Siana;Corrine;Siana.Corrine@yopmail.com;2014-12-10
Aurelie;Parette;Aurelie.Parette@yopmail.com;2002-08-21
Kore;Greenwald;Kore.Greenwald@yopmail.com;1961-11-29
Mariele;Amadas;Mariele.Amadas@yopmail.com;1903-03-01
Kelly;Frodi;Kelly.Frodi@yopmail.com;1945-07-22
Teriann;Wallis;Teriann.Wallis@yopmail.com;2007-12-21
Concettina;Alva;Concettina.Alva@yopmail.com;1938-04-01
Aurore;Masao;Aurore.Masao@yopmail.com;1971-08-07
Clo;Cassius;Clo.Cassius@yopmail.com;1977-09-12
Ida;Monaco;Ida.Monaco@yopmail.com;1904-03-23
Joeann;Fosque;Joeann.Fosque@yopmail.com;2017-02-20
Shaylyn;Koziara;Shaylyn.Koziara@yopmail.com;1953-06-25
Brena;Fairweather;Brena.Fairweather@yopmail.com;2014-07-22
Jennica;Gilmour;Jennica.Gilmour@yopmail.com;2006-10-07
Paola;Lewes;Paola.Lewes@yopmail.com;2014-10-01
Almeta;Neils;Almeta.Neils@yopmail.com;1930-08-27
Beverley;Stanwood;Beverley.Stanwood@yopmail.com;2010-10-09
Deane;Naashom;Deane.Naashom@yopmail.com;1941-06-18
Lenna;Sharl;Lenna.Sharl@yopmail.com;1905-09-24
Tatiania;Fairweather;Tatiania.Fairweather@yopmail.com;1975-02-25
Christal;Noman;Christal.Noman@yopmail.com;1977-08-11
Deloria;Euridice;Deloria.Euridice@yopmail.com;1906-03-11
Perry;Cavan;Perry.Cavan@yopmail.com;1969-11-07
Clary;Barrus;Clary.Barrus@yopmail.com;2015-08-11
Rosabelle;Gusella;Rosabelle.Gusella@yopmail.com;1909-02-25
Valeda;Latini;Valeda.Latini@yopmail.com;2010-07-16
Tersina;Land;Tersina.Land@yopmail.com;2007-11-12
Jemie;Tristram;Jemie.Tristram@yopmail.com;1993-02-07
Elka;Ethban;Elka.Ethban@yopmail.com;1902-04-18
Damaris;Berne;Damaris.Berne@yopmail.com;1993-07-31
Amalie;Uird;Amalie.Uird@yopmail.com;1937-06-22
Phedra;Moina;Phedra.Moina@yopmail.com;1984-02-28
Alia;Bevin;Alia.Bevin@yopmail.com;1986-09-24
Annaliese;Lane;Annaliese.Lane@yopmail.com;2012-12-12
Doralynne;Ruvolo;Doralynne.Ruvolo@yopmail.com;1901-08-11
Cherilyn;Riordan;Cherilyn.Riordan@yopmail.com;1906-03-02
Lauryn;Hanleigh;Lauryn.Hanleigh@yopmail.com;2005-09-30
Edee;Vivle;Edee.Vivle@yopmail.com;2003-04-16
Mireielle;Callista;Mireielle.Callista@yopmail.com;1954-04-17
Libbie;Drus;Libbie.Drus@yopmail.com;1903-09-20
Nessie;Deny;Nessie.Deny@yopmail.com;1919-05-03
Edyth;McLaughlin;Edyth.McLaughlin@yopmail.com;1974-09-17
Marline;Helve;Marline.Helve@yopmail.com;1960-08-07
Vivia;Tippets;Vivia.Tippets@yopmail.com;1988-12-08
Cecile;Lenny;Cecile.Lenny@yopmail.com;1963-12-05
Jordan;Elephus;Jordan.Elephus@yopmail.com;1908-08-30
Celisse;Gualtiero;Celisse.Gualtiero@yopmail.com;1959-03-11
Rhoda;Dawkins;Rhoda.Dawkins@yopmail.com;2006-07-14
Isa;Damarra;Isa.Damarra@yopmail.com;1977-06-09
Gianina;Dituri;Gianina.Dituri@yopmail.com;1947-10-22
Lelah;Goddard;Lelah.Goddard@yopmail.com;1931-06-08
Katleen;Ethban;Katleen.Ethban@yopmail.com;2013-05-20
Morganica;McCutcheon;Morganica.McCutcheon@yopmail.com;2007-01-18
Myriam;Means;Myriam.Means@yopmail.com;1950-07-19
Elie;Baylor;Elie.Baylor@yopmail.com;1944-10-18
Lorie;Earlie;Lorie.Earlie@yopmail.com;1905-11-23
Orelia;Pearse;Orelia.Pearse@yopmail.com;1956-07-12
Anthia;Ulphia;Anthia.Ulphia@yopmail.com;1998-09-14
Tiffie;Monaco;Tiffie.Monaco@yopmail.com;1990-03-22
Aimil;Bouchard;Aimil.Bouchard@yopmail.com;1908-02-27
Marylou;Bury;Marylou.Bury@yopmail.com;1989-03-26
Carmela;Ellord;Carmela.Ellord@yopmail.com;2014-04-06
Frank;Donoghue;Frank.Donoghue@yopmail.com;1981-03-01
Maisey;Jaylene;Maisey.Jaylene@yopmail.com;1926-12-13
Charlena;Buckler;Charlena.Buckler@yopmail.com;1964-06-19
Trixi;Means;Trixi.Means@yopmail.com;1951-06-09
Merle;Flyn;Merle.Flyn@yopmail.com;1917-07-04
Jolyn;Brodench;Jolyn.Brodench@yopmail.com;1948-10-18
Britni;Wesle;Britni.Wesle@yopmail.com;1927-07-31
Tybie;Kazimir;Tybie.Kazimir@yopmail.com;1949-09-04
Dari;Quent;Dari.Quent@yopmail.com;1957-04-09
Amelia;Raimondo;Amelia.Raimondo@yopmail.com;1930-05-18
Karena;Nerita;Karena.Nerita@yopmail.com;2007-09-09
Chickie;Nahum;Chickie.Nahum@yopmail.com;1999-07-22
Morganica;Skell;Morganica.Skell@yopmail.com;1949-01-09
Wynne;Klotz;Wynne.Klotz@yopmail.com;1905-02-11
Maurene;Curren;Maurene.Curren@yopmail.com;1962-06-07
Raf;Diogenes;Raf.Diogenes@yopmail.com;1984-12-25
Lesly;Giule;Lesly.Giule@yopmail.com;1945-09-04
Gwyneth;Erich;Gwyneth.Erich@yopmail.com;1944-11-21
Valeda;Gavrila;Valeda.Gavrila@yopmail.com;1972-06-09
Willetta;Rodmann;Willetta.Rodmann@yopmail.com;1975-12-05
Aimil;Jess;Aimil.Jess@yopmail.com;1995-05-02
Lanae;Burch;Lanae.Burch@yopmail.com;2007-10-16
Elise;Knowling;Elise.Knowling@yopmail.com;1990-11-29
Xylina;Greenwald;Xylina.Greenwald@yopmail.com;1952-06-25
Brooks;Blisse;Brooks.Blisse@yopmail.com;1963-07-03
Marjie;Stover;Marjie.Stover@yopmail.com;2015-11-11
Corina;Ortrude;Corina.Ortrude@yopmail.com;1920-01-11
Bettine;Timon;Bettine.Timon@yopmail.com;1909-11-12
Chloris;Noman;Chloris.Noman@yopmail.com;1949-04-22
Eugine;Riordan;Eugine.Riordan@yopmail.com;1952-06-10
Adele;Taam;Adele.Taam@yopmail.com;2003-09-19
Riannon;Llovera;Riannon.Llovera@yopmail.com;1992-01-25
Mireielle;Miru;Mireielle.Miru@yopmail.com;1950-09-14
Krystle;Randene;Krystle.Randene@yopmail.com;1933-01-07
Dyann;Center;Dyann.Center@yopmail.com;1957-10-19
Gusty;Shirberg;Gusty.Shirberg@yopmail.com;1977-10-26
Tori;Kesley;Tori.Kesley@yopmail.com;2011-05-26
Anallese;Anselmi;Anallese.Anselmi@yopmail.com;1976-11-20
Queenie;Margarete;Queenie.Margarete@yopmail.com;1902-03-05
Atlanta;Gunn;Atlanta.Gunn@yopmail.com;1992-12-04
Frank;Barbey;Frank.Barbey@yopmail.com;1997-07-04
Juliane;Iaverne;Juliane.Iaverne@yopmail.com;1971-07-23
Cherrita;Gaulin;Cherrita.Gaulin@yopmail.com;1998-10-04
Yvonne;Bethany;Yvonne.Bethany@yopmail.com;1909-12-30
Giustina;Chandler;Giustina.Chandler@yopmail.com;1951-02-20
Margarette;Dearborn;Margarette.Dearborn@yopmail.com;2003-06-10
Gusella;Brittani;Gusella.Brittani@yopmail.com;1976-07-07
Suzette;Dudley;Suzette.Dudley@yopmail.com;1980-06-03
Meghann;Rosalba;Meghann.Rosalba@yopmail.com;1915-11-07
Adelle;Ricarda;Adelle.Ricarda@yopmail.com;1991-03-15
Millie;Morehouse;Millie.Morehouse@yopmail.com;1969-03-21
Elbertina;Gerge;Elbertina.Gerge@yopmail.com;1988-03-24
Ruthe;Delp;Ruthe.Delp@yopmail.com;1913-05-09
Lynnea;Bebe;Lynnea.Bebe@yopmail.com;1953-11-22
Brooks;Uird;Brooks.Uird@yopmail.com;1991-12-18
Lulita;Couture;Lulita.Couture@yopmail.com;2012-10-21
Berta;Standing;Berta.Standing@yopmail.com;1970-09-13
Modestia;Arne;Modestia.Arne@yopmail.com;1994-09-20
Molli;Hashim;Molli.Hashim@yopmail.com;1997-12-17
Emelina;Sisile;Emelina.Sisile@yopmail.com;1964-03-12
Courtnay;Lubin;Courtnay.Lubin@yopmail.com;1999-05-31
Roseline;An;Roseline.An@yopmail.com;2019-06-25
Jemie;Gower;Jemie.Gower@yopmail.com;1925-11-12
Dorice;Lareena;Dorice.Lareena@yopmail.com;1936-04-25
Karena;Talia;Karena.Talia@yopmail.com;1976-06-10
Estell;Berl;Estell.Berl@yopmail.com;1990-02-07
Ellette;Ortrude;Ellette.Ortrude@yopmail.com;1962-06-17
Annaliese;Clarissa;Annaliese.Clarissa@yopmail.com;1914-06-06
Candy;Dimitris;Candy.Dimitris@yopmail.com;1988-04-12
Philis;Gregrory;Philis.Gregrory@yopmail.com;1965-03-17
Gusty;Dahlia;Gusty.Dahlia@yopmail.com;1954-10-02
Xylina;Lauraine;Xylina.Lauraine@yopmail.com;2005-06-30
Berget;Etom;Berget.Etom@yopmail.com;1991-02-09
Shell;Saint;Shell.Saint@yopmail.com;1963-10-28
Alyda;Pierette;Alyda.Pierette@yopmail.com;1901-04-07
Atlanta;Xerxes;Atlanta.Xerxes@yopmail.com;1960-07-02
Brena;Telfer;Brena.Telfer@yopmail.com;1978-11-10
Kimberley;McCutcheon;Kimberley.McCutcheon@yopmail.com;1912-05-23
Dawn;Durante;Dawn.Durante@yopmail.com;1913-06-23
Lisette;Persse;Lisette.Persse@yopmail.com;2003-03-06
Pierette;Cristi;Pierette.Cristi@yopmail.com;2017-03-26
Diena;Sisile;Diena.Sisile@yopmail.com;1980-03-13
Paulita;Burch;Paulita.Burch@yopmail.com;1929-03-01
Tiffie;Yusuk;Tiffie.Yusuk@yopmail.com;1938-07-21
Sheree;Randene;Sheree.Randene@yopmail.com;2018-07-12
Heida;Dex;Heida.Dex@yopmail.com;2017-07-17
Sibella;Podvin;Sibella.Podvin@yopmail.com;1945-11-20
Bobinette;Earlie;Bobinette.Earlie@yopmail.com;1959-12-01
Marita;Hieronymus;Marita.Hieronymus@yopmail.com;1955-08-11
Corry;Masao;Corry.Masao@yopmail.com;1991-04-07
Anestassia;Kauppi;Anestassia.Kauppi@yopmail.com;2013-08-14
Edee;Palocz;Edee.Palocz@yopmail.com;1916-01-13
Valeda;Kristi;Valeda.Kristi@yopmail.com;1978-02-11
Ethel;Kunin;Ethel.Kunin@yopmail.com;1931-08-27
Gisela;Koziara;Gisela.Koziara@yopmail.com;1923-09-07
Letizia;Grobe;Letizia.Grobe@yopmail.com;2011-08-31
Darlleen;Callista;Darlleen.Callista@yopmail.com;1916-06-25
Mallory;Ralfston;Mallory.Ralfston@yopmail.com;1962-08-16
Ursulina;Teryn;Ursulina.Teryn@yopmail.com;1982-08-06
Nonnah;Septima;Nonnah.Septima@yopmail.com;1906-09-12
Christal;Infield;Christal.Infield@yopmail.com;1962-02-04
Jean;Shirberg;Jean.Shirberg@yopmail.com;2010-07-24
Leia;Ledah;Leia.Ledah@yopmail.com;1953-07-16
Lauryn;Mozelle;Lauryn.Mozelle@yopmail.com;1963-03-12
Dolli;Olnee;Dolli.Olnee@yopmail.com;1982-02-11
Corene;Kevon;Corene.Kevon@yopmail.com;1914-10-14
Rosaline;Millda;Rosaline.Millda@yopmail.com;1978-01-06
Johna;Urias;Johna.Urias@yopmail.com;2000-06-29
Fredericka;Milde;Fredericka.Milde@yopmail.com;1998-06-11
Marline;Hylan;Marline.Hylan@yopmail.com;1911-12-19
Fredericka;Manolo;Fredericka.Manolo@yopmail.com;1935-03-26
Cristabel;Rad;Cristabel.Rad@yopmail.com;1976-02-20
Theodora;Daniele;Theodora.Daniele@yopmail.com;1945-10-27
Andeee;Schonfeld;Andeee.Schonfeld@yopmail.com;1911-05-19
Leona;Bebe;Leona.Bebe@yopmail.com;1977-11-10
Fanchon;Shama;Fanchon.Shama@yopmail.com;1986-07-16
Cassandra;Buffum;Cassandra.Buffum@yopmail.com;1935-08-27
Magdalena;Bari;Magdalena.Bari@yopmail.com;1900-02-05
Jean;Laurianne;Jean.Laurianne@yopmail.com;1926-02-22
Theodora;Gaynor;Theodora.Gaynor@yopmail.com;1935-11-03
Kassey;Pacorro;Kassey.Pacorro@yopmail.com;1977-09-10
Giustina;Mendez;Giustina.Mendez@yopmail.com;1900-03-14
Ayn;Constancy;Ayn.Constancy@yopmail.com;1927-10-24
Yolane;Reneta;Yolane.Reneta@yopmail.com;1939-05-27
Molli;Burnside;Molli.Burnside@yopmail.com;1943-03-29
Margarette;Garbe;Margarette.Garbe@yopmail.com;1979-09-09
Ana;Faria;Ana.Faria@yopmail.com;1950-12-07
Annora;Lumbard;Annora.Lumbard@yopmail.com;1915-12-23
Kary;Kevon;Kary.Kevon@yopmail.com;1911-03-14
Aimil;Duwalt;Aimil.Duwalt@yopmail.com;2001-10-20
Mahalia;Izaak;Mahalia.Izaak@yopmail.com;1924-07-20
Edee;Joeann;Edee.Joeann@yopmail.com;1994-04-16
Celene;Grayce;Celene.Grayce@yopmail.com;1937-08-12
Dyann;Jorgan;Dyann.Jorgan@yopmail.com;2011-03-28
Bernardine;Prouty;Bernardine.Prouty@yopmail.com;1900-06-02
Queenie;Kannry;Queenie.Kannry@yopmail.com;1907-10-27
Fanchon;Carmena;Fanchon.Carmena@yopmail.com;1967-12-28
Briney;Zitvaa;Briney.Zitvaa@yopmail.com;1971-07-26
Ivett;Curren;Ivett.Curren@yopmail.com;1996-01-14
Margalo;Posner;Margalo.Posner@yopmail.com;1965-07-29
Corene;Sheedy;Corene.Sheedy@yopmail.com;1918-02-12
Joane;Henrie;Joane.Henrie@yopmail.com;1923-07-12
Donnie;Thomasina;Donnie.Thomasina@yopmail.com;1962-04-23
Diena;Crudden;Diena.Crudden@yopmail.com;1938-01-02
Ottilie;Sacken;Ottilie.Sacken@yopmail.com;1962-04-03
Donetta;Wilkinson;Donetta.Wilkinson@yopmail.com;2018-09-25
Nessie;Olin;Nessie.Olin@yopmail.com;2007-03-07
Bobinette;Faust;Bobinette.Faust@yopmail.com;1998-08-16
Raf;Huggins;Raf.Huggins@yopmail.com;1942-07-03
Kenna;Ventre;Kenna.Ventre@yopmail.com;1967-10-02
Jillayne;Schwejda;Jillayne.Schwejda@yopmail.com;1970-12-23
Noelle;Wattenberg;Noelle.Wattenberg@yopmail.com;1938-08-23
Selia;Mitzi;Selia.Mitzi@yopmail.com;1929-01-01
Leeanne;Haldas;Leeanne.Haldas@yopmail.com;2006-01-25
Larine;Edvard;Larine.Edvard@yopmail.com;1993-04-26
Flory;Bow;Flory.Bow@yopmail.com;2007-09-27
Charlena;Han;Charlena.Han@yopmail.com;1996-06-03
Berget;Tayib;Berget.Tayib@yopmail.com;1977-02-25
Sara-Ann;Glovsky;Sara-Ann.Glovsky@yopmail.com;1968-03-10
Nanete;Bryna;Nanete.Bryna@yopmail.com;1998-01-09
Ezmeralda;Grosz;Ezmeralda.Grosz@yopmail.com;1921-12-24
Viki;Deny;Viki.Deny@yopmail.com;1917-11-11
Dorothy;Damarra;Dorothy.Damarra@yopmail.com;1956-02-05
Orsola;Kiersten;Orsola.Kiersten@yopmail.com;1951-12-22
Nelle;Kinnard;Nelle.Kinnard@yopmail.com;1961-06-30
Jemie;Codding;Jemie.Codding@yopmail.com;1918-08-16
Corene;Lipson;Corene.Lipson@yopmail.com;1993-10-23
Abbie;Lay;Abbie.Lay@yopmail.com;2012-08-10
Larine;Michella;Larine.Michella@yopmail.com;2008-12-10
Rayna;Koziara;Rayna.Koziara@yopmail.com;1945-05-11
Kalina;Harned;Kalina.Harned@yopmail.com;1999-11-24
Ada;Sherfield;Ada.Sherfield@yopmail.com;1929-05-15
Linet;Juliet;Linet.Juliet@yopmail.com;1923-06-03
Belinda;Jillane;Belinda.Jillane@yopmail.com;1967-11-09
Jean;Goode;Jean.Goode@yopmail.com;1959-12-05
Celisse;Flyn;Celisse.Flyn@yopmail.com;2013-10-31
Aurore;Ardeha;Aurore.Ardeha@yopmail.com;1985-12-30
Shandie;Sadowski;Shandie.Sadowski@yopmail.com;1918-08-27
Monika;Tippets;Monika.Tippets@yopmail.com;1906-12-24
Lyssa;Mitzi;Lyssa.Mitzi@yopmail.com;1929-11-23
Leeanne;Eugenia;Leeanne.Eugenia@yopmail.com;2001-07-22
Ingrid;Jacqui;Ingrid.Jacqui@yopmail.com;2010-11-21
Charmaine;Mehalek;Charmaine.Mehalek@yopmail.com;1939-03-02
Lynde;Grobe;Lynde.Grobe@yopmail.com;1948-04-09
Kerrin;Clarissa;Kerrin.Clarissa@yopmail.com;1927-07-27
Lizzie;Warthman;Lizzie.Warthman@yopmail.com;1971-04-30
Marylou;Edison;Marylou.Edison@yopmail.com;1967-11-08
Judy;Hourigan;Judy.Hourigan@yopmail.com;1964-12-17
Anestassia;Santoro;Anestassia.Santoro@yopmail.com;1957-03-06
Vita;Gregrory;Vita.Gregrory@yopmail.com;1998-05-15
Merrie;Selway;Merrie.Selway@yopmail.com;1955-06-21
Gusty;Ardeha;Gusty.Ardeha@yopmail.com;1996-11-06
Fayre;Gert;Fayre.Gert@yopmail.com;1961-05-06
Pierette;Dimitris;Pierette.Dimitris@yopmail.com;1917-06-06
Jenilee;Hertzfeld;Jenilee.Hertzfeld@yopmail.com;1992-01-17
Tersina;Ricarda;Tersina.Ricarda@yopmail.com;1924-04-12
Sarette;Berne;Sarette.Berne@yopmail.com;1936-12-14
Leia;Randene;Leia.Randene@yopmail.com;2002-02-03
Mireielle;Lumbard;Mireielle.Lumbard@yopmail.com;1950-09-09
Yvonne;Willie;Yvonne.Willie@yopmail.com;1933-03-01
Marita;Cloris;Marita.Cloris@yopmail.com;1965-09-25
Arabel;Primalia;Arabel.Primalia@yopmail.com;1981-10-31
Emma;Lay;Emma.Lay@yopmail.com;1933-02-08
Stacey;Corabella;Stacey.Corabella@yopmail.com;2015-02-26
Dorene;Modie;Dorene.Modie@yopmail.com;1963-03-26
Tarra;Woodberry;Tarra.Woodberry@yopmail.com;1925-05-29
Angela;Ciro;Angela.Ciro@yopmail.com;1978-11-11
Wilma;Bluh;Wilma.Bluh@yopmail.com;1938-12-19
Jaclyn;Geffner;Jaclyn.Geffner@yopmail.com;1969-08-03
Mellicent;Cookie;Mellicent.Cookie@yopmail.com;1951-01-28
Desirae;Lareena;Desirae.Lareena@yopmail.com;1948-10-18
Lanna;Joachim;Lanna.Joachim@yopmail.com;1980-01-11
Codie;Ardeha;Codie.Ardeha@yopmail.com;2018-11-27
Ann-Marie;Niccolo;Ann-Marie.Niccolo@yopmail.com;1944-05-08
Madeleine;Center;Madeleine.Center@yopmail.com;1908-01-01
Nataline;Olnee;Nataline.Olnee@yopmail.com;1968-12-26
Althea;Ade;Althea.Ade@yopmail.com;1984-02-21
Philis;Joseph;Philis.Joseph@yopmail.com;1988-05-10
Averyl;Argus;Averyl.Argus@yopmail.com;1905-07-13
Dale;Ilka;Dale.Ilka@yopmail.com;1904-02-11
Molli;Seessel;Molli.Seessel@yopmail.com;1959-03-05
Ekaterina;Miru;Ekaterina.Miru@yopmail.com;1936-07-25
Annecorinne;Ledah;Annecorinne.Ledah@yopmail.com;1942-03-20
Riannon;Fadiman;Riannon.Fadiman@yopmail.com;2015-06-01
June;Rudolph;June.Rudolph@yopmail.com;1957-10-26
Dyann;Fry;Dyann.Fry@yopmail.com;1989-09-23
Marylou;Ackerley;Marylou.Ackerley@yopmail.com;1990-10-01
Joy;Dudley;Joy.Dudley@yopmail.com;1908-06-06
Stacey;Maples;Stacey.Maples@yopmail.com;1966-01-31
Monika;Daegal;Monika.Daegal@yopmail.com;1968-09-22
Luci;Briney;Luci.Briney@yopmail.com;1967-05-31
Joeann;Oster;Joeann.Oster@yopmail.com;2014-05-02
Ermengarde;Adore;Ermengarde.Adore@yopmail.com;1917-06-06
Olwen;Paine;Olwen.Paine@yopmail.com;1928-07-08
Asia;Annabella;Asia.Annabella@yopmail.com;1928-02-11
Paule;Saunderson;Paule.Saunderson@yopmail.com;1910-02-09
Dacia;Morgun;Dacia.Morgun@yopmail.com;1916-01-26
Aigneis;Gwenore;Aigneis.Gwenore@yopmail.com;2016-05-16
Kaja;Bertold;Kaja.Bertold@yopmail.com;1959-11-09
Blake;Fennessy;Blake.Fennessy@yopmail.com;1946-06-11
Nicoli;Olympium;Nicoli.Olympium@yopmail.com;2008-01-11
Ebonee;Quent;Ebonee.Quent@yopmail.com;2012-07-23
Paule;Faria;Paule.Faria@yopmail.com;1959-04-30
Keelia;Margarete;Keelia.Margarete@yopmail.com;1967-06-29
Tiffie;Ellord;Tiffie.Ellord@yopmail.com;1987-11-27
Caryl;Weide;Caryl.Weide@yopmail.com;1947-04-22
Theodora;Kolnick;Theodora.Kolnick@yopmail.com;2001-06-16
June;Kylander;June.Kylander@yopmail.com;2003-02-11
Dorthy;Hutchison;Dorthy.Hutchison@yopmail.com;1932-09-26
Leona;Rossner;Leona.Rossner@yopmail.com;1945-11-18
Modestia;Garlinda;Modestia.Garlinda@yopmail.com;1908-07-13
Belinda;Dowski;Belinda.Dowski@yopmail.com;1961-03-28
Molli;Colbert;Molli.Colbert@yopmail.com;1907-06-22
Sheelagh;Braun;Sheelagh.Braun@yopmail.com;1995-12-14
Amara;Sabella;Amara.Sabella@yopmail.com;1996-07-29
Jenda;Emerson;Jenda.Emerson@yopmail.com;1953-08-30
Misha;Wadell;Misha.Wadell@yopmail.com;2007-01-27
Tilly;Kevon;Tilly.Kevon@yopmail.com;1912-03-02
Ida;Astra;Ida.Astra@yopmail.com;1901-02-23
Tani;Ivens;Tani.Ivens@yopmail.com;1980-03-02
Yolane;Flita;Yolane.Flita@yopmail.com;1990-01-09
Cordi;Chandler;Cordi.Chandler@yopmail.com;1968-08-22
Linzy;Ardra;Linzy.Ardra@yopmail.com;1949-01-21
Lonnie;Yorick;Lonnie.Yorick@yopmail.com;1955-02-22
Elise;Bevin;Elise.Bevin@yopmail.com;1933-01-18
Norine;Pettiford;Norine.Pettiford@yopmail.com;2016-06-04
Cathie;Docilla;Cathie.Docilla@yopmail.com;1946-04-25
Tabbatha;Roche;Tabbatha.Roche@yopmail.com;1999-11-16
Aurelie;Schlosser;Aurelie.Schlosser@yopmail.com;1906-03-13
Louella;Maroney;Louella.Maroney@yopmail.com;1951-02-08
Jenilee;Breed;Jenilee.Breed@yopmail.com;1957-05-16
Ira;Raffo;Ira.Raffo@yopmail.com;2019-08-01
Rhoda;Eugenia;Rhoda.Eugenia@yopmail.com;1992-05-12
Zaria;McAdams;Zaria.McAdams@yopmail.com;1970-12-13
Claudina;Merell;Claudina.Merell@yopmail.com;1963-05-31
Edee;An;Edee.An@yopmail.com;1911-01-14
Hyacinthe;Karylin;Hyacinthe.Karylin@yopmail.com;2009-05-10
Karena;Gino;Karena.Gino@yopmail.com;2009-08-18
Patricia;Kevon;Patricia.Kevon@yopmail.com;1942-01-29
Fidelia;Chrystel;Fidelia.Chrystel@yopmail.com;1904-01-11
Concettina;Stelle;Concettina.Stelle@yopmail.com;1912-07-25
Dari;Sancho;Dari.Sancho@yopmail.com;1917-05-14
Jessy;Muriel;Jessy.Muriel@yopmail.com;1944-05-02
Ronna;Urania;Ronna.Urania@yopmail.com;1992-08-25
Arabel;Moseley;Arabel.Moseley@yopmail.com;1909-10-21
Basia;Martsen;Basia.Martsen@yopmail.com;1994-12-16
Fayre;Joachim;Fayre.Joachim@yopmail.com;1963-03-23
Michaelina;Gaspard;Michaelina.Gaspard@yopmail.com;1902-10-31
Konstance;Crudden;Konstance.Crudden@yopmail.com;2017-03-19
Catharine;Holtz;Catharine.Holtz@yopmail.com;1901-02-23
Eadie;Evvie;Eadie.Evvie@yopmail.com;1997-09-19
Desirae;Guildroy;Desirae.Guildroy@yopmail.com;1978-02-11
Ann-Marie;Faust;Ann-Marie.Faust@yopmail.com;1987-12-17
Selia;Smitt;Selia.Smitt@yopmail.com;2017-07-14
Desirae;Lewes;Desirae.Lewes@yopmail.com;1954-05-15
Giustina;Nisbet;Giustina.Nisbet@yopmail.com;1960-06-29
Shandie;Reidar;Shandie.Reidar@yopmail.com;1938-03-10
Ardenia;Saree;Ardenia.Saree@yopmail.com;1945-12-28
Lexine;Shields;Lexine.Shields@yopmail.com;1998-07-31
Shaine;Briney;Shaine.Briney@yopmail.com;1930-12-23
Cyb;Ajay;Cyb.Ajay@yopmail.com;1932-01-11
Shandie;Miru;Shandie.Miru@yopmail.com;1941-04-17
Jacenta;Standing;Jacenta.Standing@yopmail.com;1950-02-18
Shel;Terencio;Shel.Terencio@yopmail.com;2005-01-17
Flory;Guildroy;Flory.Guildroy@yopmail.com;1958-07-22
Deirdre;Cyrie;Deirdre.Cyrie@yopmail.com;1914-07-06
Andree;Leifeste;Andree.Leifeste@yopmail.com;1934-11-10
Meghann;Arne;Meghann.Arne@yopmail.com;1994-01-23
Christian;Voletta;Christian.Voletta@yopmail.com;1982-07-23
Ezmeralda;Waite;Ezmeralda.Waite@yopmail.com;1970-01-10
Micheline;Winthorpe;Micheline.Winthorpe@yopmail.com;2016-12-08
Rhea;Gibbeon;Rhea.Gibbeon@yopmail.com;1938-08-24
Kamilah;Delacourt;Kamilah.Delacourt@yopmail.com;1954-10-06
Berta;Schroth;Berta.Schroth@yopmail.com;1954-01-25
Shaine;Alwin;Shaine.Alwin@yopmail.com;2019-04-13
Rhea;Leler;Rhea.Leler@yopmail.com;1950-07-10
Katharina;Leler;Katharina.Leler@yopmail.com;2016-09-28
Donetta;Eldrid;Donetta.Eldrid@yopmail.com;1974-09-12
Daryl;Dielu;Daryl.Dielu@yopmail.com;1905-05-10
Marline;Raimondo;Marline.Raimondo@yopmail.com;1924-12-10
Augustine;Engdahl;Augustine.Engdahl@yopmail.com;1972-03-03
Madalyn;Elephus;Madalyn.Elephus@yopmail.com;1922-05-21
Norine;Trey;Norine.Trey@yopmail.com;1928-06-27
Estell;Oriana;Estell.Oriana@yopmail.com;1964-10-22
Shauna;Niles;Shauna.Niles@yopmail.com;1974-07-26
Leontine;Bigner;Leontine.Bigner@yopmail.com;1952-12-28
Riannon;Adamsen;Riannon.Adamsen@yopmail.com;1934-11-25
Glenda;Philipp;Glenda.Philipp@yopmail.com;1951-08-28
Rivalee;Margret;Rivalee.Margret@yopmail.com;1931-11-20
Shaylyn;Drus;Shaylyn.Drus@yopmail.com;2018-09-07
Gavrielle;Stuart;Gavrielle.Stuart@yopmail.com;2006-05-20
Tami;Macey;Tami.Macey@yopmail.com;1927-04-27
Wynne;Harriman;Wynne.Harriman@yopmail.com;1997-07-02
Ginnie;Dudley;Ginnie.Dudley@yopmail.com;1969-02-11
Karena;Cleavland;Karena.Cleavland@yopmail.com;1923-12-07
Fred;Pearse;Fred.Pearse@yopmail.com;1912-11-19
Korrie;Bashemeth;Korrie.Bashemeth@yopmail.com;1960-02-07
Darci;Kat;Darci.Kat@yopmail.com;1961-09-24
Stevana;Solitta;Stevana.Solitta@yopmail.com;1997-10-15
Claudina;Alva;Claudina.Alva@yopmail.com;1909-07-17
Teddie;Irmine;Teddie.Irmine@yopmail.com;1908-07-30
Jobi;Koehler;Jobi.Koehler@yopmail.com;1999-02-05
Beatriz;Bahr;Beatriz.Bahr@yopmail.com;1933-04-20
Sophia;Ramona;Sophia.Ramona@yopmail.com;1941-04-06
Lexine;Neils;Lexine.Neils@yopmail.com;2004-11-26
Lory;Linehan;Lory.Linehan@yopmail.com;1925-07-01
Catharine;Berard;Catharine.Berard@yopmail.com;1943-01-10
Marguerite;Hedve;Marguerite.Hedve@yopmail.com;1909-12-16
Ericka;Lissi;Ericka.Lissi@yopmail.com;1976-05-28
Angela;Harriman;Angela.Harriman@yopmail.com;2007-11-12
Pierette;Yate;Pierette.Yate@yopmail.com;2016-12-27
Glynnis;Burkle;Glynnis.Burkle@yopmail.com;1970-08-20
Vanessa;Thomasina;Vanessa.Thomasina@yopmail.com;1976-06-29
Elie;Malanie;Elie.Malanie@yopmail.com;1967-11-14
Katleen;Eliathas;Katleen.Eliathas@yopmail.com;1911-02-18
Marcelline;Thilda;Marcelline.Thilda@yopmail.com;1935-03-12
Silvana;Joni;Silvana.Joni@yopmail.com;1948-06-22
Margette;Pozzy;Margette.Pozzy@yopmail.com;1995-03-26
Brana;Karylin;Brana.Karylin@yopmail.com;1965-04-13
Madelle;Regan;Madelle.Regan@yopmail.com;1954-12-21
Daune;Firmin;Daune.Firmin@yopmail.com;2008-02-11
Bee;Medrek;Bee.Medrek@yopmail.com;1980-11-18
Sara-Ann;Isidore;Sara-Ann.Isidore@yopmail.com;1982-11-18
Sibella;Persse;Sibella.Persse@yopmail.com;2004-09-19
Natka;Stefa;Natka.Stefa@yopmail.com;1906-11-13
Ingrid;Florina;Ingrid.Florina@yopmail.com;1904-12-11
Aaren;Ledah;Aaren.Ledah@yopmail.com;1940-12-16
Alex;Laurianne;Alex.Laurianne@yopmail.com;1936-09-21
Nataline;Boehike;Nataline.Boehike@yopmail.com;1977-10-23
Charlena;Weitman;Charlena.Weitman@yopmail.com;1957-09-27
Peri;Angelis;Peri.Angelis@yopmail.com;2016-03-02
Alisha;Colbert;Alisha.Colbert@yopmail.com;1954-06-21
Gavrielle;Hessler;Gavrielle.Hessler@yopmail.com;1984-07-14
Kara-Lynn;Grayce;Kara-Lynn.Grayce@yopmail.com;1919-11-18
Ginnie;Chem;Ginnie.Chem@yopmail.com;1998-05-24
Corene;My;Corene.My@yopmail.com;1949-04-13
Dawn;Margarete;Dawn.Margarete@yopmail.com;1996-12-29
Kaja;Chaing;Kaja.Chaing@yopmail.com;1902-12-08
Raina;Brady;Raina.Brady@yopmail.com;1910-08-20
Damaris;Diogenes;Damaris.Diogenes@yopmail.com;1942-08-27
Winny;Pulsifer;Winny.Pulsifer@yopmail.com;1960-07-06
Estell;Norvol;Estell.Norvol@yopmail.com;1997-04-04
Aurelie;Garlinda;Aurelie.Garlinda@yopmail.com;1931-02-11
Emma;O'Neill;Emma.O'Neill@yopmail.com;1964-12-08
Hayley;Lytton;Hayley.Lytton@yopmail.com;2009-11-06
Dale;Sadowski;Dale.Sadowski@yopmail.com;1969-04-15
Nikki;Tybald;Nikki.Tybald@yopmail.com;1987-11-26
Alyssa;Reneta;Alyssa.Reneta@yopmail.com;1920-06-20
Albertina;Lenny;Albertina.Lenny@yopmail.com;2002-06-10
Susette;Delacourt;Susette.Delacourt@yopmail.com;2016-11-14
Beth;Atcliffe;Beth.Atcliffe@yopmail.com;1942-12-18
Nikki;Toor;Nikki.Toor@yopmail.com;1906-02-21
Randa;Elbertina;Randa.Elbertina@yopmail.com;2014-05-21
Nadine;Bashemeth;Nadine.Bashemeth@yopmail.com;1964-05-26
Michaelina;Kalinda;Michaelina.Kalinda@yopmail.com;1967-02-22
Rori;Gaynor;Rori.Gaynor@yopmail.com;1956-05-21
Basia;Cadmar;Basia.Cadmar@yopmail.com;1948-06-23
Ida;Mullane;Ida.Mullane@yopmail.com;1982-11-15
Damaris;Geffner;Damaris.Geffner@yopmail.com;1974-02-23
Bobbi;Kathie;Bobbi.Kathie@yopmail.com;1966-09-26
Ricky;Maroney;Ricky.Maroney@yopmail.com;1944-04-16
Genovera;Cadmar;Genovera.Cadmar@yopmail.com;1911-05-06
Florencia;Hewitt;Florencia.Hewitt@yopmail.com;2011-01-10
Marcy;Federica;Marcy.Federica@yopmail.com;1907-12-30
Inga;Yoko;Inga.Yoko@yopmail.com;1984-04-07
Olivette;Bertold;Olivette.Bertold@yopmail.com;1938-08-18
Alleen;Belldas;Alleen.Belldas@yopmail.com;1960-10-28
Vevay;Eliathas;Vevay.Eliathas@yopmail.com;1924-02-17
Melanie;Raffo;Melanie.Raffo@yopmail.com;1913-11-29
Charmaine;Zuzana;Charmaine.Zuzana@yopmail.com;1914-05-05
Mariann;Durware;Mariann.Durware@yopmail.com;1949-07-26
Madelle;Frodi;Madelle.Frodi@yopmail.com;1920-05-22
Jackie;Caitlin;Jackie.Caitlin@yopmail.com;1920-10-25
Kirstin;Salchunas;Kirstin.Salchunas@yopmail.com;1995-12-15
Christy;Campball;Christy.Campball@yopmail.com;1971-02-24
Beverley;Daveta;Beverley.Daveta@yopmail.com;1905-02-10
Ofilia;Agle;Ofilia.Agle@yopmail.com;1918-03-29
Valli;Jerald;Valli.Jerald@yopmail.com;2003-11-12
Valli;Carvey;Valli.Carvey@yopmail.com;1936-06-21
Ida;Harl;Ida.Harl@yopmail.com;2014-09-07
Marleah;Ashok;Marleah.Ashok@yopmail.com;2008-07-25
Moyna;Colp;Moyna.Colp@yopmail.com;1956-09-24
Hyacinthe;Wu;Hyacinthe.Wu@yopmail.com;1929-03-03
Valeda;Katrine;Valeda.Katrine@yopmail.com;1969-10-22
Joane;Valerio;Joane.Valerio@yopmail.com;1996-01-08
Jany;Jefferey;Jany.Jefferey@yopmail.com;1945-03-07
Augustine;Allina;Augustine.Allina@yopmail.com;1984-01-28
Britte;Nahum;Britte.Nahum@yopmail.com;1942-06-12
Melisent;Abram;Melisent.Abram@yopmail.com;1958-01-18
Kara-Lynn;Hartnett;Kara-Lynn.Hartnett@yopmail.com;1963-11-04
Basia;Edmund;Basia.Edmund@yopmail.com;1955-10-12
Gwyneth;Read;Gwyneth.Read@yopmail.com;1973-01-30
Miquela;Diann;Miquela.Diann@yopmail.com;1927-09-21
Ginnie;Malanie;Ginnie.Malanie@yopmail.com;1917-10-01
Raina;Dorine;Raina.Dorine@yopmail.com;2016-02-03
Johna;Poll;Johna.Poll@yopmail.com;1920-04-18
Harmonia;Stevy;Harmonia.Stevy@yopmail.com;1992-03-11
Meghann;Milde;Meghann.Milde@yopmail.com;1945-09-15
Madelle;Yam;Madelle.Yam@yopmail.com;1925-02-13
Ann-Marie;Dituri;Ann-Marie.Dituri@yopmail.com;1953-05-15
Paule;Annabella;Paule.Annabella@yopmail.com;1947-02-18
Bibby;Ogren;Bibby.Ogren@yopmail.com;2017-03-19
Glenda;Leffen;Glenda.Leffen@yopmail.com;1905-12-21
Gabi;Lesley;Gabi.Lesley@yopmail.com;1972-09-05
Tybie;Carbo;Tybie.Carbo@yopmail.com;1955-07-05
Anica;Thema;Anica.Thema@yopmail.com;1985-03-15
Melanie;Nedrud;Melanie.Nedrud@yopmail.com;2008-05-09
Bettine;Maiah;Bettine.Maiah@yopmail.com;2013-09-02
Justinn;Amadas;Justinn.Amadas@yopmail.com;1920-11-23
Molli;Zeeba;Molli.Zeeba@yopmail.com;1913-04-12
Donetta;Uund;Donetta.Uund@yopmail.com;1966-05-03
Alexine;Candy;Alexine.Candy@yopmail.com;1975-03-22
Lisette;Nore;Lisette.Nore@yopmail.com;1922-08-24
Pamella;Erich;Pamella.Erich@yopmail.com;1994-08-02
Elmira;McCutcheon;Elmira.McCutcheon@yopmail.com;1989-03-26
Merci;Chick;Merci.Chick@yopmail.com;1995-05-09
Jackie;Audly;Jackie.Audly@yopmail.com;1928-04-27
Corry;Zenas;Corry.Zenas@yopmail.com;1934-08-01
Laurene;Raffo;Laurene.Raffo@yopmail.com;1946-05-14
Brietta;O'Neill;Brietta.O'Neill@yopmail.com;2007-02-04
Tani;Felecia;Tani.Felecia@yopmail.com;1934-09-04
Cam;Halla;Cam.Halla@yopmail.com;1931-12-18
Mamie;Dom;Mamie.Dom@yopmail.com;1991-12-04
Priscilla;Merell;Priscilla.Merell@yopmail.com;1907-03-09
Tybie;Pip;Tybie.Pip@yopmail.com;1942-07-24
Bobbi;Eachern;Bobbi.Eachern@yopmail.com;1977-05-07
Linet;Bollay;Linet.Bollay@yopmail.com;1917-03-26
Jany;Chauncey;Jany.Chauncey@yopmail.com;1939-01-05
Nollie;Halsey;Nollie.Halsey@yopmail.com;1926-11-03
Amii;Borrell;Amii.Borrell@yopmail.com;1985-06-08
Siana;Bouchard;Siana.Bouchard@yopmail.com;1983-08-06
Hannis;Leonard;Hannis.Leonard@yopmail.com;2005-11-09
Shaine;Solitta;Shaine.Solitta@yopmail.com;1934-05-02
Gloria;Socha;Gloria.Socha@yopmail.com;1912-04-23
Ashlee;Faust;Ashlee.Faust@yopmail.com;2003-08-31
Anestassia;Amadas;Anestassia.Amadas@yopmail.com;1993-07-18
Krystle;Georgy;Krystle.Georgy@yopmail.com;1928-01-16
Karly;Gaynor;Karly.Gaynor@yopmail.com;1935-02-23
Gusella;Bultman;Gusella.Bultman@yopmail.com;1922-07-21
Natka;Michella;Natka.Michella@yopmail.com;2013-01-01
Orelia;Fax;Orelia.Fax@yopmail.com;1942-10-30
Gusella;Ade;Gusella.Ade@yopmail.com;1932-12-05
Elise;Thomasina;Elise.Thomasina@yopmail.com;1958-06-15
Janey;Isidore;Janey.Isidore@yopmail.com;2017-04-28
Andeee;Lymann;Andeee.Lymann@yopmail.com;1909-11-06
Tierney;Amand;Tierney.Amand@yopmail.com;1965-06-02
Glenda;Bury;Glenda.Bury@yopmail.com;1977-10-10
Kylynn;Tyson;Kylynn.Tyson@yopmail.com;1901-08-08
Elora;Keily;Elora.Keily@yopmail.com;1939-07-29
Di;Elo;Di.Elo@yopmail.com;1953-04-05
Calla;Maxi;Calla.Maxi@yopmail.com;1992-10-23
Gale;Autrey;Gale.Autrey@yopmail.com;1920-06-08
Demetris;Oneida;Demetris.Oneida@yopmail.com;2008-12-24
Alleen;Oster;Alleen.Oster@yopmail.com;1911-06-03
Alexine;Carri;Alexine.Carri@yopmail.com;1997-09-10
Dari;Allare;Dari.Allare@yopmail.com;1953-10-04
Stephanie;Winnick;Stephanie.Winnick@yopmail.com;1952-01-14
Teddie;Jess;Teddie.Jess@yopmail.com;1992-08-10
Frieda;Suzetta;Frieda.Suzetta@yopmail.com;1944-10-02
Kassey;Arquit;Kassey.Arquit@yopmail.com;1925-09-25
Elka;Merell;Elka.Merell@yopmail.com;1925-05-18
Celisse;Alarise;Celisse.Alarise@yopmail.com;1918-02-21
Dolli;Zola;Dolli.Zola@yopmail.com;1934-01-16
Adele;Kristi;Adele.Kristi@yopmail.com;1920-09-16
Aurelie;Abernon;Aurelie.Abernon@yopmail.com;1909-11-18
Sabina;Eachern;Sabina.Eachern@yopmail.com;1905-10-27
Merrie;Garbe;Merrie.Garbe@yopmail.com;2009-12-29
Andeee;Moina;Andeee.Moina@yopmail.com;2015-07-10
Jorry;Ogren;Jorry.Ogren@yopmail.com;1954-08-30
Ileana;Old;Ileana.Old@yopmail.com;1979-04-14
Violet;Alice;Violet.Alice@yopmail.com;1945-12-18
Oralee;Sothena;Oralee.Sothena@yopmail.com;1934-11-30
Tamqrah;Wattenberg;Tamqrah.Wattenberg@yopmail.com;1962-09-24
Constance;Blisse;Constance.Blisse@yopmail.com;1917-02-03
Viki;Ashely;Viki.Ashely@yopmail.com;1922-05-16
Joeann;Berard;Joeann.Berard@yopmail.com;2012-08-24
Bee;Breed;Bee.Breed@yopmail.com;2002-09-21
Mireielle;Agle;Mireielle.Agle@yopmail.com;1988-09-20
Jaclyn;Trinetta;Jaclyn.Trinetta@yopmail.com;1918-03-04
Mellicent;Warthman;Mellicent.Warthman@yopmail.com;1984-01-03
Cherrita;Wildermuth;Cherrita.Wildermuth@yopmail.com;1956-10-08
Josephine;Stevy;Josephine.Stevy@yopmail.com;2000-07-27
Marline;Ariella;Marline.Ariella@yopmail.com;2004-12-29
Mahalia;Marcellus;Mahalia.Marcellus@yopmail.com;1900-08-26
Kenna;Felizio;Kenna.Felizio@yopmail.com;1949-01-23
Joleen;Zachary;Joleen.Zachary@yopmail.com;1913-11-15
Sandie;Holtz;Sandie.Holtz@yopmail.com;1919-12-15
Vita;Fiester;Vita.Fiester@yopmail.com;1928-05-27
Collen;Roscoe;Collen.Roscoe@yopmail.com;2016-10-26
Maurene;Holbrook;Maurene.Holbrook@yopmail.com;1963-01-18
Sindee;Dermott;Sindee.Dermott@yopmail.com;1982-10-28
Jenilee;Merriott;Jenilee.Merriott@yopmail.com;1909-11-27
Courtnay;Hoenack;Courtnay.Hoenack@yopmail.com;1980-11-19
Almeta;Alarise;Almeta.Alarise@yopmail.com;1992-02-06
Candy;Sikorski;Candy.Sikorski@yopmail.com;1927-05-10
Dyann;Millda;Dyann.Millda@yopmail.com;1961-05-11
Jennica;Sparhawk;Jennica.Sparhawk@yopmail.com;1955-03-05
Janeczka;Felecia;Janeczka.Felecia@yopmail.com;1907-10-06
Cacilie;Vittoria;Cacilie.Vittoria@yopmail.com;2002-12-13
Mignon;Gordon;Mignon.Gordon@yopmail.com;2013-10-30
Johna;Ulphia;Johna.Ulphia@yopmail.com;1911-03-23
Vanessa;Aloise;Vanessa.Aloise@yopmail.com;1981-05-21
Raf;Madelene;Raf.Madelene@yopmail.com;1900-12-20
Keelia;Fax;Keelia.Fax@yopmail.com;2017-03-06
Riannon;Hedve;Riannon.Hedve@yopmail.com;1914-09-23
Odessa;Fadiman;Odessa.Fadiman@yopmail.com;1900-01-29
Annecorinne;Mitzi;Annecorinne.Mitzi@yopmail.com;2019-01-22
Lesly;Alejoa;Lesly.Alejoa@yopmail.com;1999-08-13
Angelique;Dominy;Angelique.Dominy@yopmail.com;1978-08-26
Darci;Girardo;Darci.Girardo@yopmail.com;1990-04-08
Farrah;Jagir;Farrah.Jagir@yopmail.com;1937-12-12
Rozele;Publia;Rozele.Publia@yopmail.com;2011-12-25
Oona;Nikaniki;Oona.Nikaniki@yopmail.com;1950-10-11
Marguerite;Charity;Marguerite.Charity@yopmail.com;1980-11-11
Raquela;Loring;Raquela.Loring@yopmail.com;1903-12-06
Mireielle;Shaver;Mireielle.Shaver@yopmail.com;1969-11-02
Winifred;Odell;Winifred.Odell@yopmail.com;1958-04-19
Lelah;Ellord;Lelah.Ellord@yopmail.com;1968-05-04
Shandie;Gower;Shandie.Gower@yopmail.com;1994-07-25
Gilligan;Oriana;Gilligan.Oriana@yopmail.com;1978-07-09
Myriam;Marijo;Myriam.Marijo@yopmail.com;1931-02-08
Candi;Skell;Candi.Skell@yopmail.com;2019-02-23
Willetta;Seligman;Willetta.Seligman@yopmail.com;1981-05-15
Deloria;Velick;Deloria.Velick@yopmail.com;1969-09-30
Gale;Nahum;Gale.Nahum@yopmail.com;1924-06-11
Fawne;Morgun;Fawne.Morgun@yopmail.com;1942-12-12
Gui;Yuille;Gui.Yuille@yopmail.com;1999-05-11
Anestassia;Rese;Anestassia.Rese@yopmail.com;1948-01-04
Ginnie;Raama;Ginnie.Raama@yopmail.com;1900-10-26
Albertina;Old;Albertina.Old@yopmail.com;2000-02-01
Magdalena;Tice;Magdalena.Tice@yopmail.com;1918-04-23
Aurore;Cutlerr;Aurore.Cutlerr@yopmail.com;2013-07-18
Riannon;Sabella;Riannon.Sabella@yopmail.com;1947-03-09
Di;Zamora;Di.Zamora@yopmail.com;1992-08-15
Rhoda;Berne;Rhoda.Berne@yopmail.com;1964-09-09
Lanae;Bahr;Lanae.Bahr@yopmail.com;1925-02-11
Micheline;Fitzsimmons;Micheline.Fitzsimmons@yopmail.com;1904-02-07
Phedra;Claudine;Phedra.Claudine@yopmail.com;2007-08-23
Allis;Maurine;Allis.Maurine@yopmail.com;1911-09-25
Donetta;McNully;Donetta.McNully@yopmail.com;1975-04-15
Yvonne;Tayib;Yvonne.Tayib@yopmail.com;1937-06-29
Winny;Gert;Winny.Gert@yopmail.com;1935-09-25
Marcelline;Hachmin;Marcelline.Hachmin@yopmail.com;1969-09-28
Glynnis;Tound;Glynnis.Tound@yopmail.com;1929-05-28
Barbi;Francene;Barbi.Francene@yopmail.com;1994-03-08
Jacenta;Ellord;Jacenta.Ellord@yopmail.com;1939-11-02
Wanda;Kare;Wanda.Kare@yopmail.com;1930-05-10
Emelina;Alarise;Emelina.Alarise@yopmail.com;1941-06-28
Tabbatha;Ethban;Tabbatha.Ethban@yopmail.com;1979-08-07
Cassondra;Sundin;Cassondra.Sundin@yopmail.com;1927-09-08
Veda;Garbe;Veda.Garbe@yopmail.com;2002-09-09
Britte;Joni;Britte.Joni@yopmail.com;1936-02-20
Gloria;Winthorpe;Gloria.Winthorpe@yopmail.com;1984-05-16
Ingrid;Linskey;Ingrid.Linskey@yopmail.com;1903-11-03
Darci;Dielu;Darci.Dielu@yopmail.com;1988-07-14
Hollie;Rosette;Hollie.Rosette@yopmail.com;1982-03-14
Dulce;Bouchard;Dulce.Bouchard@yopmail.com;1915-02-04
Eadie;Toffic;Eadie.Toffic@yopmail.com;1907-01-16
Stevana;Arne;Stevana.Arne@yopmail.com;1928-12-11
Kirstin;Bahr;Kirstin.Bahr@yopmail.com;1977-10-20
Ernesta;Faro;Ernesta.Faro@yopmail.com;1913-08-21
Flory;Wittie;Flory.Wittie@yopmail.com;1966-01-03
Selma;Donell;Selma.Donell@yopmail.com;1994-01-29
Dominga;Wyn;Dominga.Wyn@yopmail.com;1993-05-07
Jerry;Richers;Jerry.Richers@yopmail.com;1903-09-19
Hope;Lane;Hope.Lane@yopmail.com;2008-10-20
Abbie;Bahr;Abbie.Bahr@yopmail.com;1981-06-26
Oona;Emerson;Oona.Emerson@yopmail.com;1902-01-16
Ileana;Hirsch;Ileana.Hirsch@yopmail.com;1987-10-14
Ingrid;Clara;Ingrid.Clara@yopmail.com;1941-11-10
Dacia;Callista;Dacia.Callista@yopmail.com;1936-08-04
Lacie;Greyson;Lacie.Greyson@yopmail.com;1905-10-23
Merrie;Jorgan;Merrie.Jorgan@yopmail.com;2001-11-27
Joy;Santoro;Joy.Santoro@yopmail.com;1992-01-13
Lynea;Torray;Lynea.Torray@yopmail.com;1967-01-18
Genevra;Katrine;Genevra.Katrine@yopmail.com;1954-11-23
Xylina;Drus;Xylina.Drus@yopmail.com;1912-12-02
Chrystel;Teryn;Chrystel.Teryn@yopmail.com;1952-03-01
Kelly;Arvo;Kelly.Arvo@yopmail.com;1978-08-07
Cindelyn;Kenwood;Cindelyn.Kenwood@yopmail.com;1934-02-19
Gwyneth;Ogren;Gwyneth.Ogren@yopmail.com;1903-10-05
Nanete;Georgy;Nanete.Georgy@yopmail.com;1943-09-07
Fina;Nedrud;Fina.Nedrud@yopmail.com;2018-05-04
Jenilee;Berl;Jenilee.Berl@yopmail.com;1900-06-23
Meg;Yorick;Meg.Yorick@yopmail.com;1947-05-02
Elka;Soneson;Elka.Soneson@yopmail.com;1912-06-20
Pearline;Ciro;Pearline.Ciro@yopmail.com;1979-10-02
Beverley;Cottle;Beverley.Cottle@yopmail.com;2015-03-22
Marguerite;Herrera;Marguerite.Herrera@yopmail.com;1927-12-13
Rosabelle;Gino;Rosabelle.Gino@yopmail.com;1972-11-30
Tonia;Schwejda;Tonia.Schwejda@yopmail.com;1961-03-19
Berta;Henrie;Berta.Henrie@yopmail.com;1945-01-03
Josephine;Bennie;Josephine.Bennie@yopmail.com;1995-08-09
Beth;Rona;Beth.Rona@yopmail.com;2009-12-31
Noelle;Chick;Noelle.Chick@yopmail.com;1924-11-10
Claudina;Candy;Claudina.Candy@yopmail.com;1908-12-26
Corene;Harned;Corene.Harned@yopmail.com;1948-01-13
Concettina;Llovera;Concettina.Llovera@yopmail.com;1988-04-15
Tressa;Brittani;Tressa.Brittani@yopmail.com;1916-03-18
Willetta;Stav;Willetta.Stav@yopmail.com;1968-07-19
Iseabal;Heisel;Iseabal.Heisel@yopmail.com;2005-12-27
Leia;Heidt;Leia.Heidt@yopmail.com;1948-12-16
Mariann;Karna;Mariann.Karna@yopmail.com;1988-06-12
Anestassia;Artie;Anestassia.Artie@yopmail.com;1984-06-08
Myrtice;Peonir;Myrtice.Peonir@yopmail.com;1966-07-25
Joane;Valoniah;Joane.Valoniah@yopmail.com;1960-04-06
Winifred;Brittani;Winifred.Brittani@yopmail.com;2008-03-02
Janenna;Killigrew;Janenna.Killigrew@yopmail.com;2009-12-16
Annecorinne;Robertson;Annecorinne.Robertson@yopmail.com;1998-04-14
Gilda;Ingra;Gilda.Ingra@yopmail.com;1933-09-09
Deloria;Ciro;Deloria.Ciro@yopmail.com;1972-05-12
Melisent;Byrne;Melisent.Byrne@yopmail.com;1985-11-19
Brooks;Olympium;Brooks.Olympium@yopmail.com;1967-05-27
Charlena;Carey;Charlena.Carey@yopmail.com;1916-03-12
June;Ophelia;June.Ophelia@yopmail.com;2010-07-01
Lilith;Wilkinson;Lilith.Wilkinson@yopmail.com;1900-10-02
Marguerite;Helve;Marguerite.Helve@yopmail.com;1979-01-23
Jackie;Goldina;Jackie.Goldina@yopmail.com;1954-11-12
Marjie;Tacye;Marjie.Tacye@yopmail.com;2018-01-25
Hayley;Newell;Hayley.Newell@yopmail.com;1989-05-03
Evita;Clie;Evita.Clie@yopmail.com;1995-12-14
Hildegaard;Jobi;Hildegaard.Jobi@yopmail.com;1964-07-27
Orelia;Zina;Orelia.Zina@yopmail.com;1975-12-16
Rosanne;Johanna;Rosanne.Johanna@yopmail.com;1982-03-29
Verla;An;Verla.An@yopmail.com;2014-12-22
Aigneis;Gaynor;Aigneis.Gaynor@yopmail.com;2002-06-20
Lynnea;Jary;Lynnea.Jary@yopmail.com;1967-04-08
Kellen;Trace;Kellen.Trace@yopmail.com;1964-10-10
Kimberley;Ajay;Kimberley.Ajay@yopmail.com;1910-10-18
Gusty;Jammal;Gusty.Jammal@yopmail.com;1947-07-24
Gaylene;Colp;Gaylene.Colp@yopmail.com;2006-04-07
Jacenta;Klemperer;Jacenta.Klemperer@yopmail.com;1965-04-01
Imojean;Khorma;Imojean.Khorma@yopmail.com;1968-12-05
Ernesta;Sasnett;Ernesta.Sasnett@yopmail.com;1956-10-07
Sonni;Natica;Sonni.Natica@yopmail.com;1911-06-08
Sheelagh;Hanshaw;Sheelagh.Hanshaw@yopmail.com;1921-06-28
Arlina;Eben;Arlina.Eben@yopmail.com;1945-08-26
Frank;Audly;Frank.Audly@yopmail.com;1948-02-01
Annabela;Anastatius;Annabela.Anastatius@yopmail.com;2012-03-18
Valeda;Byrne;Valeda.Byrne@yopmail.com;1988-08-31
Libbie;Bord;Libbie.Bord@yopmail.com;1961-05-21
Dale;Diogenes;Dale.Diogenes@yopmail.com;2015-11-23
Nessie;Tatianas;Nessie.Tatianas@yopmail.com;1928-11-01
Starla;Firmin;Starla.Firmin@yopmail.com;1922-06-11
Gratia;Izaak;Gratia.Izaak@yopmail.com;1918-05-19
Trixi;Ummersen;Trixi.Ummersen@yopmail.com;1997-06-06
Catharine;Viddah;Catharine.Viddah@yopmail.com;1976-05-11
Rayna;Redmond;Rayna.Redmond@yopmail.com;1905-01-02
Molli;Quinn;Molli.Quinn@yopmail.com;1963-03-19
Caryl;Schenck;Caryl.Schenck@yopmail.com;1905-11-07
Janey;Malina;Janey.Malina@yopmail.com;1939-10-21
Tracey;Brenn;Tracey.Brenn@yopmail.com;1933-02-09
Flo;Ambrosia;Flo.Ambrosia@yopmail.com;1968-06-12
Jordan;Lemuela;Jordan.Lemuela@yopmail.com;1992-08-24
Harrietta;Obed;Harrietta.Obed@yopmail.com;1934-09-06
Aurore;Bultman;Aurore.Bultman@yopmail.com;2001-01-22
Oona;Shelba;Oona.Shelba@yopmail.com;1960-10-02
Amii;Bibi;Amii.Bibi@yopmail.com;1931-09-15
Dawn;Roarke;Dawn.Roarke@yopmail.com;1949-10-26
Deane;Hartnett;Deane.Hartnett@yopmail.com;1932-02-20
Meghann;Bethany;Meghann.Bethany@yopmail.com;1950-07-01
Kaja;Harday;Kaja.Harday@yopmail.com;2015-10-05