firstname;lastname;email;Field Name
Estell;Haymes;Estell.Haymes@yopmail.com;1922-04-03
Constance;Seumas;Constance.Seumas@yopmail.com;1940-09-24
Jessamyn;Fiester;Jessamyn.Fiester@yopmail.com;2007-01-02
Barbara;Anderea;Barbara.Anderea@yopmail.com;1942-10-21
Tera;Fry;Tera.Fry@yopmail.com;1934-04-15
Jsandye;Bluh;Jsandye.Bluh@yopmail.com;1903-01-16
Queenie;Bethany;Queenie.Bethany@yopmail.com;1915-07-05
Jinny;Giff;Jinny.Giff@yopmail.com;1979-04-24
Selia;Norrie;Selia.Norrie@yopmail.com;1950-12-23
Bernardine;Faust;Bernardine.Faust@yopmail.com;1955-09-08
Dolli;Riva;Dolli.Riva@yopmail.com;1922-05-11
Constance;Auberbach;Constance.Auberbach@yopmail.com;2015-01-29
Kassey;Hortensia;Kassey.Hortensia@yopmail.com;1975-12-31
Marcelline;Chrystel;Marcelline.Chrystel@yopmail.com;1992-09-19
Claudina;Mauer;Claudina.Mauer@yopmail.com;1916-07-03
Alyda;Honoria;Alyda.Honoria@yopmail.com;1991-09-16
Lily;Lubin;Lily.Lubin@yopmail.com;1917-04-22
Estell;Chaing;Estell.Chaing@yopmail.com;1998-08-03
Dorice;Cyrie;Dorice.Cyrie@yopmail.com;1962-07-15
Margette;Sidonius;Margette.Sidonius@yopmail.com;1912-06-15
Jany;Allina;Jany.Allina@yopmail.com;1959-03-26
Carmela;Barrus;Carmela.Barrus@yopmail.com;1967-06-07
Ileana;Tippets;Ileana.Tippets@yopmail.com;1987-03-27
Kristan;Manolo;Kristan.Manolo@yopmail.com;1972-10-17
Phedra;Shuler;Phedra.Shuler@yopmail.com;1972-10-27
Daryl;Tremayne;Daryl.Tremayne@yopmail.com;1993-05-13
Sherrie;Lilas;Sherrie.Lilas@yopmail.com;1916-09-30
Siana;Alejoa;Siana.Alejoa@yopmail.com;1923-02-19
Theodora;Bebe;Theodora.Bebe@yopmail.com;1927-07-16
Carmencita;Byrne;Carmencita.Byrne@yopmail.com;1934-03-20
Kalina;Melony;Kalina.Melony@yopmail.com;2013-05-27
Alexine;Carvey;Alexine.Carvey@yopmail.com;2001-11-27
Fernande;Eckblad;Fernande.Eckblad@yopmail.com;2003-02-08
Lynea;Greenwald;Lynea.Greenwald@yopmail.com;2000-08-05
Heddie;Constancy;Heddie.Constancy@yopmail.com;1977-07-19
Patricia;Raimondo;Patricia.Raimondo@yopmail.com;1937-06-27
Marcy;Roscoe;Marcy.Roscoe@yopmail.com;2005-05-31
Carlie;Artie;Carlie.Artie@yopmail.com;1986-09-22
Jacenta;Iaverne;Jacenta.Iaverne@yopmail.com;1980-01-01
Stevana;Miru;Stevana.Miru@yopmail.com;2017-06-19
Dawn;Monk;Dawn.Monk@yopmail.com;1901-05-22
Lynea;Shields;Lynea.Shields@yopmail.com;1953-10-01
Leona;Lindemann;Leona.Lindemann@yopmail.com;1913-10-30
Suzette;Stanwood;Suzette.Stanwood@yopmail.com;2013-07-13
Meg;Xerxes;Meg.Xerxes@yopmail.com;1978-08-22
Gertrud;Aldric;Gertrud.Aldric@yopmail.com;2009-01-31
Krystle;Lubin;Krystle.Lubin@yopmail.com;1944-01-14
Suzette;Sandye;Suzette.Sandye@yopmail.com;1903-05-18
Winifred;Daniele;Winifred.Daniele@yopmail.com;1988-07-17
Luci;Maiah;Luci.Maiah@yopmail.com;2012-10-31
Annabela;Prober;Annabela.Prober@yopmail.com;1977-09-26
Lucille;Justinn;Lucille.Justinn@yopmail.com;1945-05-29
Charlena;Knowling;Charlena.Knowling@yopmail.com;1975-04-29
Steffane;Kiyoshi;Steffane.Kiyoshi@yopmail.com;1931-09-26
Jere;Alejoa;Jere.Alejoa@yopmail.com;2019-07-29
Aaren;Anderea;Aaren.Anderea@yopmail.com;1968-01-31
Marguerite;Trey;Marguerite.Trey@yopmail.com;1958-01-13
Violet;Gaynor;Violet.Gaynor@yopmail.com;1979-12-31
Gabriellia;Raffo;Gabriellia.Raffo@yopmail.com;1958-07-24
Calla;Love;Calla.Love@yopmail.com;1976-06-30
Carilyn;Hashim;Carilyn.Hashim@yopmail.com;1982-12-19
Trixi;Genna;Trixi.Genna@yopmail.com;1914-01-17
Kaia;Erlandson;Kaia.Erlandson@yopmail.com;1959-12-24
Darlleen;Millda;Darlleen.Millda@yopmail.com;1963-08-21
Caryl;Olin;Caryl.Olin@yopmail.com;1948-08-10
Cindelyn;Wu;Cindelyn.Wu@yopmail.com;1910-07-22
Belva;Niles;Belva.Niles@yopmail.com;1934-12-05
Jere;Goldina;Jere.Goldina@yopmail.com;1908-05-11
Kary;Grimbly;Kary.Grimbly@yopmail.com;1982-07-02
Lita;Briney;Lita.Briney@yopmail.com;2008-08-14
Lolita;Yate;Lolita.Yate@yopmail.com;1934-10-16
Carilyn;Melony;Carilyn.Melony@yopmail.com;1948-01-26
Myriam;Bergman;Myriam.Bergman@yopmail.com;1904-03-24
Karena;Rillings;Karena.Rillings@yopmail.com;1984-12-21
Madelle;Cloris;Madelle.Cloris@yopmail.com;2008-03-24
Hildegaard;Rosalba;Hildegaard.Rosalba@yopmail.com;1973-01-25
Selia;Lynn;Selia.Lynn@yopmail.com;1980-10-07
Claresta;Lamoree;Claresta.Lamoree@yopmail.com;1918-06-11
Anestassia;Luhe;Anestassia.Luhe@yopmail.com;1923-01-08
Amalie;Zachary;Amalie.Zachary@yopmail.com;2001-02-06
Lusa;Verger;Lusa.Verger@yopmail.com;1994-07-31
Celestyna;Syd;Celestyna.Syd@yopmail.com;1943-04-16
Cherrita;Gabrielli;Cherrita.Gabrielli@yopmail.com;1956-12-04
Albertina;Sadowski;Albertina.Sadowski@yopmail.com;1985-11-07
Sue;Faria;Sue.Faria@yopmail.com;1964-12-07
Gerrie;Stover;Gerrie.Stover@yopmail.com;1944-03-24
Caressa;Gillan;Caressa.Gillan@yopmail.com;1942-04-17
Heddie;Ahab;Heddie.Ahab@yopmail.com;1952-07-17
Elvira;Anastatius;Elvira.Anastatius@yopmail.com;1946-03-05
Marjie;Adlare;Marjie.Adlare@yopmail.com;1995-01-03
Jacquetta;Mott;Jacquetta.Mott@yopmail.com;1986-02-20
Zondra;Tayib;Zondra.Tayib@yopmail.com;2019-02-03
Dale;Pozzy;Dale.Pozzy@yopmail.com;1912-05-28
Dacia;Kress;Dacia.Kress@yopmail.com;1959-02-22
Althea;Yate;Althea.Yate@yopmail.com;2017-06-14
Marti;Hoban;Marti.Hoban@yopmail.com;1944-12-04
Cathyleen;Smitt;Cathyleen.Smitt@yopmail.com;1997-06-02
Nerta;Brackely;Nerta.Brackely@yopmail.com;1986-03-02
Minne;Pearse;Minne.Pearse@yopmail.com;1961-09-19
Phylis;Guthrie;Phylis.Guthrie@yopmail.com;1975-08-18
Wynne;Kussell;Wynne.Kussell@yopmail.com;2004-09-04
Eolanda;Nickola;Eolanda.Nickola@yopmail.com;1961-09-30
Kristan;Chick;Kristan.Chick@yopmail.com;1973-01-29
Lorie;Eliathas;Lorie.Eliathas@yopmail.com;1946-03-11
Gerianna;Billye;Gerianna.Billye@yopmail.com;1920-02-10
Cam;Libna;Cam.Libna@yopmail.com;1981-11-30
Judy;Cassius;Judy.Cassius@yopmail.com;1932-08-07
Stephanie;Kathie;Stephanie.Kathie@yopmail.com;1975-03-05
Jenda;Kirbee;Jenda.Kirbee@yopmail.com;2014-04-03
Shaine;Bibi;Shaine.Bibi@yopmail.com;1987-11-09
Elmira;Chobot;Elmira.Chobot@yopmail.com;1903-03-30
Emma;Eldrid;Emma.Eldrid@yopmail.com;1936-05-02
Imojean;Daniele;Imojean.Daniele@yopmail.com;1959-01-03
Maye;Glovsky;Maye.Glovsky@yopmail.com;1976-03-09
Mireielle;Swigart;Mireielle.Swigart@yopmail.com;1955-04-17
Elyssa;Sothena;Elyssa.Sothena@yopmail.com;1938-08-25
Brietta;Lindemann;Brietta.Lindemann@yopmail.com;1993-05-21
Agathe;Lubin;Agathe.Lubin@yopmail.com;1962-03-17
Oona;Jeanne;Oona.Jeanne@yopmail.com;1986-01-25
Helena;Kirbee;Helena.Kirbee@yopmail.com;2001-07-01
Pamella;Laurianne;Pamella.Laurianne@yopmail.com;1900-02-28
Cindelyn;Minetta;Cindelyn.Minetta@yopmail.com;1942-04-21
Teriann;Torray;Teriann.Torray@yopmail.com;1961-05-13
Madeleine;Barbey;Madeleine.Barbey@yopmail.com;1931-10-05
Ginnie;Grimbly;Ginnie.Grimbly@yopmail.com;2017-03-14
Mamie;Lowry;Mamie.Lowry@yopmail.com;1906-01-29
Mureil;Naor;Mureil.Naor@yopmail.com;1980-06-23
Roslyn;Pulsifer;Roslyn.Pulsifer@yopmail.com;1973-10-25
Amara;Hillel;Amara.Hillel@yopmail.com;1959-05-24
Perry;Fulmer;Perry.Fulmer@yopmail.com;2019-08-02
Dorthy;Shama;Dorthy.Shama@yopmail.com;1948-07-27
Catrina;Elo;Catrina.Elo@yopmail.com;1944-01-15
Gusella;Olin;Gusella.Olin@yopmail.com;1973-05-11
Julieta;Erminia;Julieta.Erminia@yopmail.com;1999-01-29
Ezmeralda;Abbot;Ezmeralda.Abbot@yopmail.com;2008-01-30
Oralee;Beniamino;Oralee.Beniamino@yopmail.com;1956-01-21
Chandra;Buckler;Chandra.Buckler@yopmail.com;1953-05-08
Gloria;Azeria;Gloria.Azeria@yopmail.com;1941-04-25
Allis;Evvie;Allis.Evvie@yopmail.com;1946-06-27
Ronna;Dorcy;Ronna.Dorcy@yopmail.com;1940-08-27
Nicoli;Colbert;Nicoli.Colbert@yopmail.com;1928-07-14
Frances;Harl;Frances.Harl@yopmail.com;1922-03-12
Roberta;Katrine;Roberta.Katrine@yopmail.com;1942-02-01
Selia;Germann;Selia.Germann@yopmail.com;1963-09-26
Jenda;Colleen;Jenda.Colleen@yopmail.com;1959-11-26
Joeann;Leler;Joeann.Leler@yopmail.com;2003-08-31
Brynna;Bergman;Brynna.Bergman@yopmail.com;1965-03-31
Kittie;Hirsch;Kittie.Hirsch@yopmail.com;1901-04-30
Jean;Fredi;Jean.Fredi@yopmail.com;1906-05-11
Nikki;Meli;Nikki.Meli@yopmail.com;1992-02-06
Dolli;Pettiford;Dolli.Pettiford@yopmail.com;2015-08-10
Ulrike;Francene;Ulrike.Francene@yopmail.com;1947-11-06
Tomasina;Japeth;Tomasina.Japeth@yopmail.com;1972-12-21
Betta;Casimir;Betta.Casimir@yopmail.com;1921-08-31
Ricky;Pearse;Ricky.Pearse@yopmail.com;1964-05-01
Aigneis;Vivle;Aigneis.Vivle@yopmail.com;1949-04-07
Tracey;Kolnick;Tracey.Kolnick@yopmail.com;1934-08-10
Nannie;Dulciana;Nannie.Dulciana@yopmail.com;1969-02-05
Reeba;Dulciana;Reeba.Dulciana@yopmail.com;1909-07-13
Oralee;Engdahl;Oralee.Engdahl@yopmail.com;1910-10-04
Meriel;Dominy;Meriel.Dominy@yopmail.com;1931-12-28
Nariko;Urania;Nariko.Urania@yopmail.com;1919-03-26
Leanna;Orelee;Leanna.Orelee@yopmail.com;1911-03-18
Gilda;Grimbly;Gilda.Grimbly@yopmail.com;1945-09-13
Vanessa;Wittie;Vanessa.Wittie@yopmail.com;1962-04-20
Ebonee;Hazlett;Ebonee.Hazlett@yopmail.com;1949-06-02
Vevay;Woodberry;Vevay.Woodberry@yopmail.com;2002-08-26
Roslyn;Salchunas;Roslyn.Salchunas@yopmail.com;1974-09-07
Ethel;Bearnard;Ethel.Bearnard@yopmail.com;1970-08-16
Jacquetta;Mott;Jacquetta.Mott@yopmail.com;1914-06-30
Gavrielle;Ambrosia;Gavrielle.Ambrosia@yopmail.com;1996-07-01
Tani;Randene;Tani.Randene@yopmail.com;1973-04-22
Carol-Jean;Dudley;Carol-Jean.Dudley@yopmail.com;1911-09-26
Shel;Maurine;Shel.Maurine@yopmail.com;1924-11-16
Yvonne;Gaal;Yvonne.Gaal@yopmail.com;1964-09-15
Deirdre;Tayib;Deirdre.Tayib@yopmail.com;1934-11-26
Peri;Jess;Peri.Jess@yopmail.com;1934-05-20
Elmira;Lowry;Elmira.Lowry@yopmail.com;1947-01-22
Carly;Anderea;Carly.Anderea@yopmail.com;1938-04-05
Berget;Kussell;Berget.Kussell@yopmail.com;1979-06-29
Blake;Andrel;Blake.Andrel@yopmail.com;1917-12-15
Shel;Florina;Shel.Florina@yopmail.com;1933-11-29
Merrie;Mendez;Merrie.Mendez@yopmail.com;1921-07-15
Jackie;Hollingsworth;Jackie.Hollingsworth@yopmail.com;1934-07-15
Nerta;Helfand;Nerta.Helfand@yopmail.com;2006-04-01
Dianemarie;Read;Dianemarie.Read@yopmail.com;1936-11-25
Chandra;Maiah;Chandra.Maiah@yopmail.com;1926-09-17
Hermione;Sasnett;Hermione.Sasnett@yopmail.com;1935-02-09
Trixi;Mauer;Trixi.Mauer@yopmail.com;1914-09-15
Lila;Neils;Lila.Neils@yopmail.com;2005-10-03
Selma;Knowling;Selma.Knowling@yopmail.com;1905-07-09
Hannis;Peti;Hannis.Peti@yopmail.com;1986-08-10
Agathe;Othilia;Agathe.Othilia@yopmail.com;1964-05-20
Michaelina;Dichy;Michaelina.Dichy@yopmail.com;2001-05-28
Louella;Moseley;Louella.Moseley@yopmail.com;1920-08-25
Constance;Bibi;Constance.Bibi@yopmail.com;1983-03-05
Elka;Vacuva;Elka.Vacuva@yopmail.com;1981-03-24
Kaia;Chinua;Kaia.Chinua@yopmail.com;1901-09-04
Quintina;Thornburg;Quintina.Thornburg@yopmail.com;1906-04-22
Cissiee;Darbie;Cissiee.Darbie@yopmail.com;1993-01-26
Marguerite;Ummersen;Marguerite.Ummersen@yopmail.com;1951-12-22
Fredericka;Fadiman;Fredericka.Fadiman@yopmail.com;1947-11-04
Teriann;Morehouse;Teriann.Morehouse@yopmail.com;2011-11-22
Tonia;Pernick;Tonia.Pernick@yopmail.com;1924-06-10
Konstance;Tiffa;Konstance.Tiffa@yopmail.com;1901-01-12
Augustine;Loring;Augustine.Loring@yopmail.com;1996-11-24
Ricky;McGrody;Ricky.McGrody@yopmail.com;1991-07-05
Wynne;Nea;Wynne.Nea@yopmail.com;1916-01-02
Mathilda;Alfons;Mathilda.Alfons@yopmail.com;2018-10-12
Sheree;Dawkins;Sheree.Dawkins@yopmail.com;1908-08-25
Rebeca;Melony;Rebeca.Melony@yopmail.com;1929-02-15
Tani;Philipp;Tani.Philipp@yopmail.com;1944-04-12
Delilah;Maiah;Delilah.Maiah@yopmail.com;1907-05-27
Joane;Adamsen;Joane.Adamsen@yopmail.com;2011-07-04
Esmeralda;Krystle;Esmeralda.Krystle@yopmail.com;1994-01-02
Kara-Lynn;Ammann;Kara-Lynn.Ammann@yopmail.com;1957-03-01
Rori;Iiette;Rori.Iiette@yopmail.com;1901-06-13
Rochette;Marlie;Rochette.Marlie@yopmail.com;1906-11-07
Kittie;Anestassia;Kittie.Anestassia@yopmail.com;1971-11-29
Sidoney;My;Sidoney.My@yopmail.com;1980-02-29
Belinda;McClimans;Belinda.McClimans@yopmail.com;1947-11-24
Corry;Morgun;Corry.Morgun@yopmail.com;1994-06-24
Cassondra;Baylor;Cassondra.Baylor@yopmail.com;1906-01-20
Justinn;Lipson;Justinn.Lipson@yopmail.com;1954-08-08
Lelah;Peonir;Lelah.Peonir@yopmail.com;1991-03-24
Ottilie;Bluh;Ottilie.Bluh@yopmail.com;1964-06-25
Berta;Gillan;Berta.Gillan@yopmail.com;1981-01-01
Gilligan;Bendick;Gilligan.Bendick@yopmail.com;1920-02-21
Lory;Llovera;Lory.Llovera@yopmail.com;1906-08-21
Lucy;Sherrie;Lucy.Sherrie@yopmail.com;1940-02-06
Mamie;Papageno;Mamie.Papageno@yopmail.com;1912-11-03
Darlleen;Hertzfeld;Darlleen.Hertzfeld@yopmail.com;1928-08-09
Clo;Maiah;Clo.Maiah@yopmail.com;2002-02-01
Nyssa;Suanne;Nyssa.Suanne@yopmail.com;1967-01-18
Merci;Berriman;Merci.Berriman@yopmail.com;2009-10-28
Amii;Janene;Amii.Janene@yopmail.com;1963-07-01
Carmencita;Marden;Carmencita.Marden@yopmail.com;1979-08-06
Vonny;Carleen;Vonny.Carleen@yopmail.com;1954-07-16
Jan;Ardra;Jan.Ardra@yopmail.com;1966-10-11
Dawn;Orelee;Dawn.Orelee@yopmail.com;2008-12-06
Dolli;Ardra;Dolli.Ardra@yopmail.com;1971-10-26
Kathy;Amand;Kathy.Amand@yopmail.com;1905-02-08
Ginnie;Philipp;Ginnie.Philipp@yopmail.com;1991-09-06
Marcy;Garek;Marcy.Garek@yopmail.com;1927-12-25
Norine;Edee;Norine.Edee@yopmail.com;1933-08-01
Henriette;Gaal;Henriette.Gaal@yopmail.com;1935-10-07
Marinna;Zitvaa;Marinna.Zitvaa@yopmail.com;1940-02-11
Mahalia;Shama;Mahalia.Shama@yopmail.com;1903-05-31
Elie;Hertzfeld;Elie.Hertzfeld@yopmail.com;1991-07-17
Sadie;Dielu;Sadie.Dielu@yopmail.com;1925-10-28
Correy;Abernon;Correy.Abernon@yopmail.com;1978-10-14
Jacenta;Hylan;Jacenta.Hylan@yopmail.com;1933-06-23
Rebeca;Janith;Rebeca.Janith@yopmail.com;1958-11-05
Merci;Krystle;Merci.Krystle@yopmail.com;1985-02-15
Lauryn;Joli;Lauryn.Joli@yopmail.com;2005-05-06
Chere;Forrer;Chere.Forrer@yopmail.com;1968-05-01
Shannah;Stav;Shannah.Stav@yopmail.com;1933-03-24
Halette;Jenness;Halette.Jenness@yopmail.com;1945-01-13
Betta;Hutchison;Betta.Hutchison@yopmail.com;1981-08-15
Dania;Macey;Dania.Macey@yopmail.com;2007-10-06
Hallie;Morehouse;Hallie.Morehouse@yopmail.com;1967-06-11
Mathilda;Aprile;Mathilda.Aprile@yopmail.com;1983-10-21
Thalia;Stevy;Thalia.Stevy@yopmail.com;1973-12-08
Melanie;Nea;Melanie.Nea@yopmail.com;1925-06-20
Ardenia;Xerxes;Ardenia.Xerxes@yopmail.com;1970-12-25
Consuela;Vernier;Consuela.Vernier@yopmail.com;1993-04-18
Dorene;Argus;Dorene.Argus@yopmail.com;1993-01-12
Oralee;Gower;Oralee.Gower@yopmail.com;1974-05-29
Wileen;Bertold;Wileen.Bertold@yopmail.com;1924-10-10
Orsola;Velick;Orsola.Velick@yopmail.com;1967-07-08
Gwenneth;Pearse;Gwenneth.Pearse@yopmail.com;1959-04-12
Gwyneth;Harl;Gwyneth.Harl@yopmail.com;1979-11-22
Quintina;Naor;Quintina.Naor@yopmail.com;2005-08-23
Vanessa;Delila;Vanessa.Delila@yopmail.com;1944-12-08
Liana;Tacye;Liana.Tacye@yopmail.com;1938-12-13
Ebonee;Silvan;Ebonee.Silvan@yopmail.com;1958-05-03
Evaleen;Haldas;Evaleen.Haldas@yopmail.com;2008-11-29
Edee;Carmena;Edee.Carmena@yopmail.com;1921-10-02
Angelique;Alrich;Angelique.Alrich@yopmail.com;1952-05-15
Annice;Lissi;Annice.Lissi@yopmail.com;1955-05-10
Alisha;Liebermann;Alisha.Liebermann@yopmail.com;2004-08-08
Petronia;Chem;Petronia.Chem@yopmail.com;1923-06-12
Allyce;Hachmin;Allyce.Hachmin@yopmail.com;2006-12-14
Jessamyn;Pauly;Jessamyn.Pauly@yopmail.com;2006-02-13
Vivia;Read;Vivia.Read@yopmail.com;1921-12-01
Linet;Callista;Linet.Callista@yopmail.com;2001-04-05
Jsandye;Martguerita;Jsandye.Martguerita@yopmail.com;1948-02-08
Christal;Marsden;Christal.Marsden@yopmail.com;1976-07-20
Constance;Zachary;Constance.Zachary@yopmail.com;1900-01-17
Jany;Elbertina;Jany.Elbertina@yopmail.com;1944-03-15
Veda;Barrus;Veda.Barrus@yopmail.com;1950-10-31
Rebeca;Jefferey;Rebeca.Jefferey@yopmail.com;1992-08-09
Sidoney;Tufts;Sidoney.Tufts@yopmail.com;1946-07-15
Roxane;Terrence;Roxane.Terrence@yopmail.com;2000-12-01
Candy;Romelda;Candy.Romelda@yopmail.com;1900-07-13
Sindee;Capello;Sindee.Capello@yopmail.com;1929-04-05
Sashenka;Kylander;Sashenka.Kylander@yopmail.com;1951-06-23
Benita;Pitt;Benita.Pitt@yopmail.com;1934-01-10
Kathy;Raul;Kathy.Raul@yopmail.com;1988-03-25
Sharai;Tound;Sharai.Tound@yopmail.com;1999-08-03
Selia;Latini;Selia.Latini@yopmail.com;1986-12-22
Meriel;Felecia;Meriel.Felecia@yopmail.com;1996-09-03
Rubie;Blase;Rubie.Blase@yopmail.com;1908-08-14
Rani;Elsinore;Rani.Elsinore@yopmail.com;1969-09-07
Josephine;Longfellow;Josephine.Longfellow@yopmail.com;2015-10-14
Tarra;Warthman;Tarra.Warthman@yopmail.com;1993-02-25
Emma;Buttaro;Emma.Buttaro@yopmail.com;1914-05-19
Pearline;Ulphia;Pearline.Ulphia@yopmail.com;2015-09-17
Emma;Darian;Emma.Darian@yopmail.com;1951-06-07
Edith;Paton;Edith.Paton@yopmail.com;2001-06-09
Karina;Bronk;Karina.Bronk@yopmail.com;1946-09-01
Beth;Shelba;Beth.Shelba@yopmail.com;1901-04-17
Charmaine;Desai;Charmaine.Desai@yopmail.com;1955-06-22
Agnese;Randene;Agnese.Randene@yopmail.com;1903-12-02
Trixi;Ricki;Trixi.Ricki@yopmail.com;1921-10-14
Agathe;Pillsbury;Agathe.Pillsbury@yopmail.com;1968-03-31
Emma;Grayce;Emma.Grayce@yopmail.com;1941-04-03
Janey;Emanuel;Janey.Emanuel@yopmail.com;1917-03-08
Margette;Roarke;Margette.Roarke@yopmail.com;2010-12-29
Xylina;Lasley;Xylina.Lasley@yopmail.com;1984-08-15
Oralee;Birdella;Oralee.Birdella@yopmail.com;1987-10-23
Kittie;Septima;Kittie.Septima@yopmail.com;1938-10-06
Jerry;Colleen;Jerry.Colleen@yopmail.com;2012-07-05
Lolita;Kirstin;Lolita.Kirstin@yopmail.com;1931-07-06
Kate;Middleton;Kate.Middleton@yopmail.com;1966-07-22
Judy;Wildermuth;Judy.Wildermuth@yopmail.com;1949-02-22
Elka;Morehouse;Elka.Morehouse@yopmail.com;1987-05-30
Susan;Dunkin;Susan.Dunkin@yopmail.com;2015-02-13
Catrina;Flita;Catrina.Flita@yopmail.com;1954-07-30
Marleah;Lacombe;Marleah.Lacombe@yopmail.com;1938-06-14
Lorenza;Dearborn;Lorenza.Dearborn@yopmail.com;1944-06-13
Shell;Clara;Shell.Clara@yopmail.com;1904-08-30
Sue;Harday;Sue.Harday@yopmail.com;1925-06-20
Valli;Norvol;Valli.Norvol@yopmail.com;1937-10-27
Lacie;Geffner;Lacie.Geffner@yopmail.com;1972-10-27
Emelina;Hepsibah;Emelina.Hepsibah@yopmail.com;1905-09-13
Fidelia;Sekofski;Fidelia.Sekofski@yopmail.com;1962-01-22
Leona;Deny;Leona.Deny@yopmail.com;1970-08-08
Nessie;Rossner;Nessie.Rossner@yopmail.com;1914-08-15
Dominga;Nadia;Dominga.Nadia@yopmail.com;2019-05-18
Cissiee;Bennie;Cissiee.Bennie@yopmail.com;1914-04-22
Donetta;Ader;Donetta.Ader@yopmail.com;1969-07-04
Alyda;Kevon;Alyda.Kevon@yopmail.com;1948-12-12
Johna;Bronk;Johna.Bronk@yopmail.com;2004-10-26
Kayla;Ellord;Kayla.Ellord@yopmail.com;1978-03-29
Allis;Codding;Allis.Codding@yopmail.com;1919-01-11
Wilma;Gilbertson;Wilma.Gilbertson@yopmail.com;1996-11-08
Hildegaard;Madaih;Hildegaard.Madaih@yopmail.com;1922-12-15
Wilma;Anyah;Wilma.Anyah@yopmail.com;1955-02-14
Gavrielle;Morehouse;Gavrielle.Morehouse@yopmail.com;1974-02-21
Amii;Katrine;Amii.Katrine@yopmail.com;1911-09-06
Caritta;Taam;Caritta.Taam@yopmail.com;1917-10-23
Celestyna;Ardra;Celestyna.Ardra@yopmail.com;1906-11-06
Oona;Madelene;Oona.Madelene@yopmail.com;1911-08-10
Ida;Mehalek;Ida.Mehalek@yopmail.com;2008-10-29
Cristine;Latini;Cristine.Latini@yopmail.com;1978-08-08
Adore;Yate;Adore.Yate@yopmail.com;1910-01-21
Marylou;Faria;Marylou.Faria@yopmail.com;1940-08-02
Amelia;Ellord;Amelia.Ellord@yopmail.com;1902-10-30
Etta;Donell;Etta.Donell@yopmail.com;1915-04-26
Anica;McAdams;Anica.McAdams@yopmail.com;1910-02-07
Therine;Cookie;Therine.Cookie@yopmail.com;1978-11-15
Wilma;Boycey;Wilma.Boycey@yopmail.com;1970-04-18
Bobinette;Jarib;Bobinette.Jarib@yopmail.com;1943-01-28
Frieda;Eno;Frieda.Eno@yopmail.com;1963-03-03
Kenna;Reidar;Kenna.Reidar@yopmail.com;1901-12-27
Korrie;Nunci;Korrie.Nunci@yopmail.com;2008-09-02
Gwenneth;O'Rourke;Gwenneth.O'Rourke@yopmail.com;1964-04-14
Kenna;Peg;Kenna.Peg@yopmail.com;1954-12-08
Ottilie;Fairweather;Ottilie.Fairweather@yopmail.com;1965-10-05
Shandie;Faso;Shandie.Faso@yopmail.com;1927-10-31
Janeczka;Ummersen;Janeczka.Ummersen@yopmail.com;1916-02-03
Monika;Corilla;Monika.Corilla@yopmail.com;1952-08-27
Siana;Ashok;Siana.Ashok@yopmail.com;1970-08-22
Anestassia;Brackely;Anestassia.Brackely@yopmail.com;1991-09-25
Kate;Fancie;Kate.Fancie@yopmail.com;2002-03-24
Roseline;Pyle;Roseline.Pyle@yopmail.com;1972-09-14
Nananne;Florina;Nananne.Florina@yopmail.com;1934-11-21
Sheree;Jalbert;Sheree.Jalbert@yopmail.com;1923-07-19
Wynne;Blisse;Wynne.Blisse@yopmail.com;2005-09-14
Peri;Janene;Peri.Janene@yopmail.com;1934-08-22
Amara;Zina;Amara.Zina@yopmail.com;1919-04-03
Adore;Kravits;Adore.Kravits@yopmail.com;1994-07-28
Lexine;Land;Lexine.Land@yopmail.com;1938-09-25
Violet;Ephrem;Violet.Ephrem@yopmail.com;1922-08-06
Amara;Clara;Amara.Clara@yopmail.com;1937-01-23
Dulce;Palocz;Dulce.Palocz@yopmail.com;1966-03-19
Meriel;Aurelio;Meriel.Aurelio@yopmail.com;1901-04-10
Rebeca;Dudley;Rebeca.Dudley@yopmail.com;1903-01-16
Carly;Truc;Carly.Truc@yopmail.com;1953-11-13
Joane;Pyle;Joane.Pyle@yopmail.com;1907-12-30
Rori;Rogerio;Rori.Rogerio@yopmail.com;1976-10-25
Chastity;Tengdin;Chastity.Tengdin@yopmail.com;1900-11-26
Tracey;Egbert;Tracey.Egbert@yopmail.com;2006-02-24
Alie;Ambrosia;Alie.Ambrosia@yopmail.com;1962-06-01
Sara-Ann;Goddard;Sara-Ann.Goddard@yopmail.com;1905-05-23
Adore;Forrer;Adore.Forrer@yopmail.com;1937-11-21
Nanete;Agle;Nanete.Agle@yopmail.com;1921-07-19
Etta;Hessler;Etta.Hessler@yopmail.com;1974-08-31
Aaren;Bibi;Aaren.Bibi@yopmail.com;1954-06-25
Lucy;Carolin;Lucy.Carolin@yopmail.com;1926-12-31
Melanie;Goddard;Melanie.Goddard@yopmail.com;1999-11-16
Rozele;Wooster;Rozele.Wooster@yopmail.com;1982-04-18
Millie;Monaco;Millie.Monaco@yopmail.com;1924-06-28
Tera;Alfons;Tera.Alfons@yopmail.com;2009-05-24
Alia;Ventre;Alia.Ventre@yopmail.com;1971-01-15
Christal;Merna;Christal.Merna@yopmail.com;1944-10-16
Edith;Longfellow;Edith.Longfellow@yopmail.com;1928-11-26
Chloris;Gaulin;Chloris.Gaulin@yopmail.com;1920-04-04
Harrietta;Velick;Harrietta.Velick@yopmail.com;1906-05-03
Fanny;Henebry;Fanny.Henebry@yopmail.com;1988-01-11
Alisha;Schlosser;Alisha.Schlosser@yopmail.com;1982-08-21
Catrina;Monk;Catrina.Monk@yopmail.com;1964-04-27
Aryn;Xerxes;Aryn.Xerxes@yopmail.com;2012-03-21
Sashenka;Rudolph;Sashenka.Rudolph@yopmail.com;1958-11-18
Wendi;Dorine;Wendi.Dorine@yopmail.com;1964-01-02
Ruthe;Barney;Ruthe.Barney@yopmail.com;1937-12-11
Meghann;Anyah;Meghann.Anyah@yopmail.com;1919-05-19
Luci;Bow;Luci.Bow@yopmail.com;2003-09-21
Madeleine;Burnside;Madeleine.Burnside@yopmail.com;1928-11-05
Clary;Aloise;Clary.Aloise@yopmail.com;1929-02-11
Andree;Lareena;Andree.Lareena@yopmail.com;2000-01-04
Vita;Delacourt;Vita.Delacourt@yopmail.com;1949-08-03
Glenda;Hutchison;Glenda.Hutchison@yopmail.com;1991-11-24
Daphne;Keily;Daphne.Keily@yopmail.com;1976-08-26
Nessie;Justinn;Nessie.Justinn@yopmail.com;1969-08-02
Claresta;Fennessy;Claresta.Fennessy@yopmail.com;2006-06-12
Henriette;Roscoe;Henriette.Roscoe@yopmail.com;1903-08-25
Celestyna;Euridice;Celestyna.Euridice@yopmail.com;1913-02-18
Hettie;Deny;Hettie.Deny@yopmail.com;1955-06-10
Blinni;Lipson;Blinni.Lipson@yopmail.com;1930-12-15
Lita;Posner;Lita.Posner@yopmail.com;1923-05-27
Henriette;Sinegold;Henriette.Sinegold@yopmail.com;1927-03-27
Kaia;Seagraves;Kaia.Seagraves@yopmail.com;1980-02-16
Cissiee;Yoko;Cissiee.Yoko@yopmail.com;2014-10-07
Verla;Janith;Verla.Janith@yopmail.com;2006-06-29
Allyce;Margret;Allyce.Margret@yopmail.com;2007-04-25
Caritta;Anastatius;Caritta.Anastatius@yopmail.com;1919-04-27
Pearline;Kiersten;Pearline.Kiersten@yopmail.com;1912-03-07
Alyssa;Buttaro;Alyssa.Buttaro@yopmail.com;1928-01-08
Natka;Fry;Natka.Fry@yopmail.com;1962-11-17
Riannon;Pandolfi;Riannon.Pandolfi@yopmail.com;1960-05-26
Rivalee;Cloris;Rivalee.Cloris@yopmail.com;1970-01-03
Binny;McGrody;Binny.McGrody@yopmail.com;1921-05-20
Collen;Isacco;Collen.Isacco@yopmail.com;1974-06-10
Brietta;Prober;Brietta.Prober@yopmail.com;1990-01-31
Katuscha;Beniamino;Katuscha.Beniamino@yopmail.com;1955-03-02
Shel;Milde;Shel.Milde@yopmail.com;1939-01-21
Queenie;Kenney;Queenie.Kenney@yopmail.com;1947-02-12
Phylis;Alejoa;Phylis.Alejoa@yopmail.com;2003-12-15
Dode;Anastatius;Dode.Anastatius@yopmail.com;1982-10-06
Cathyleen;Pulsifer;Cathyleen.Pulsifer@yopmail.com;1916-06-02
Merle;Girardo;Merle.Girardo@yopmail.com;1985-09-25
Leia;Aloise;Leia.Aloise@yopmail.com;1914-07-14
Ekaterina;Bow;Ekaterina.Bow@yopmail.com;1977-06-27
Sallie;Quinn;Sallie.Quinn@yopmail.com;1994-12-09
Adelle;Yate;Adelle.Yate@yopmail.com;1987-08-01
Jennica;Maiah;Jennica.Maiah@yopmail.com;1958-01-24
Amelia;Helve;Amelia.Helve@yopmail.com;2012-04-09
Melodie;Ledah;Melodie.Ledah@yopmail.com;1973-09-18
Renie;Ajay;Renie.Ajay@yopmail.com;2015-08-15
Corly;Ortrude;Corly.Ortrude@yopmail.com;2015-12-31
Damaris;Anastatius;Damaris.Anastatius@yopmail.com;1941-05-17
Addia;Elvyn;Addia.Elvyn@yopmail.com;2004-10-19
Aeriela;Hermes;Aeriela.Hermes@yopmail.com;1920-04-05
Delilah;Boehike;Delilah.Boehike@yopmail.com;1910-05-24
Gavrielle;Elephus;Gavrielle.Elephus@yopmail.com;1971-07-06
Sidoney;Edison;Sidoney.Edison@yopmail.com;1902-07-14
Max;Constancy;Max.Constancy@yopmail.com;1990-01-10
Lizzie;Hanleigh;Lizzie.Hanleigh@yopmail.com;1938-09-29
Marline;Byrne;Marline.Byrne@yopmail.com;1952-06-15
Noelle;Terrence;Noelle.Terrence@yopmail.com;1989-06-11
Carree;Salvidor;Carree.Salvidor@yopmail.com;1934-07-27
Elvira;Salvidor;Elvira.Salvidor@yopmail.com;2006-10-28
Kittie;Latini;Kittie.Latini@yopmail.com;1935-04-07
Ofilia;Earlie;Ofilia.Earlie@yopmail.com;1936-12-14
Rayna;Susannah;Rayna.Susannah@yopmail.com;1937-03-14
Latisha;Burnside;Latisha.Burnside@yopmail.com;1960-12-04
Deloria;Peg;Deloria.Peg@yopmail.com;1904-11-17
Layla;Nickola;Layla.Nickola@yopmail.com;1950-08-31
Lila;Hanleigh;Lila.Hanleigh@yopmail.com;1914-05-16
Dawn;Clara;Dawn.Clara@yopmail.com;1956-12-15
Cyb;Eckblad;Cyb.Eckblad@yopmail.com;1904-10-17
Kamilah;Darian;Kamilah.Darian@yopmail.com;1936-04-30
Sonni;Waldron;Sonni.Waldron@yopmail.com;1980-08-30
Shaine;Dash;Shaine.Dash@yopmail.com;1935-11-18
Arlena;Winthorpe;Arlena.Winthorpe@yopmail.com;1992-07-12
Elmira;Gert;Elmira.Gert@yopmail.com;2008-04-09
Caryl;Philipp;Caryl.Philipp@yopmail.com;1914-01-13
Clementine;Darbie;Clementine.Darbie@yopmail.com;1937-08-21
Kerrin;Aaberg;Kerrin.Aaberg@yopmail.com;1903-06-05
Asia;Grobe;Asia.Grobe@yopmail.com;1925-04-02
Hope;Elephus;Hope.Elephus@yopmail.com;1967-06-30
Ardenia;Estella;Ardenia.Estella@yopmail.com;1904-03-06
Kristina;Mallon;Kristina.Mallon@yopmail.com;1983-04-12
Myriam;Jeanne;Myriam.Jeanne@yopmail.com;1911-03-01
Gwyneth;Ovid;Gwyneth.Ovid@yopmail.com;1974-07-23
Aryn;Astra;Aryn.Astra@yopmail.com;1933-05-01
Bettine;Lasley;Bettine.Lasley@yopmail.com;1925-07-12
Magdalena;Daniele;Magdalena.Daniele@yopmail.com;1926-02-07
Britte;Hortensia;Britte.Hortensia@yopmail.com;2008-02-05
Lily;Darian;Lily.Darian@yopmail.com;1935-08-21
Karena;Pierette;Karena.Pierette@yopmail.com;1930-02-21
Clo;Jacobah;Clo.Jacobah@yopmail.com;2014-02-14
Lyssa;Tremayne;Lyssa.Tremayne@yopmail.com;1950-03-17
Silvana;Amadas;Silvana.Amadas@yopmail.com;2001-09-14
Bill;Iiette;Bill.Iiette@yopmail.com;1980-05-20
Jany;Kylander;Jany.Kylander@yopmail.com;2005-05-10
Andeee;Georgy;Andeee.Georgy@yopmail.com;1917-10-29
Carilyn;Pond;Carilyn.Pond@yopmail.com;1904-03-12
Carmencita;Bollay;Carmencita.Bollay@yopmail.com;1910-12-25
Mildrid;Glenden;Mildrid.Glenden@yopmail.com;1910-07-01
Ursulina;Raul;Ursulina.Raul@yopmail.com;2016-06-15
Elmira;Septima;Elmira.Septima@yopmail.com;1940-09-18
Corry;Meter;Corry.Meter@yopmail.com;1985-06-04
Mary;Aloise;Mary.Aloise@yopmail.com;1915-11-17
Cyndie;Valoniah;Cyndie.Valoniah@yopmail.com;1944-12-17
Kittie;Heidt;Kittie.Heidt@yopmail.com;1983-09-06
Gertrud;Zaslow;Gertrud.Zaslow@yopmail.com;1997-11-20
Yetty;Anastatius;Yetty.Anastatius@yopmail.com;2012-04-26
Ruthe;Dimitris;Ruthe.Dimitris@yopmail.com;2009-10-21
Aubrie;Glovsky;Aubrie.Glovsky@yopmail.com;1994-09-12
Xylina;Noelyn;Xylina.Noelyn@yopmail.com;1901-05-06
Raquela;Drus;Raquela.Drus@yopmail.com;1907-01-20
Brietta;Ogren;Brietta.Ogren@yopmail.com;1968-09-15
Pearline;Wiener;Pearline.Wiener@yopmail.com;1982-12-25
Millie;Izaak;Millie.Izaak@yopmail.com;1968-02-28
Laurene;Pascia;Laurene.Pascia@yopmail.com;1910-12-17
Georgina;Francyne;Georgina.Francyne@yopmail.com;1921-08-29
Celisse;Stover;Celisse.Stover@yopmail.com;1932-04-23
Maryellen;Wattenberg;Maryellen.Wattenberg@yopmail.com;1958-06-22
Tierney;Charity;Tierney.Charity@yopmail.com;1974-03-16
Elie;Edmund;Elie.Edmund@yopmail.com;2001-04-17
Courtnay;Bonilla;Courtnay.Bonilla@yopmail.com;1919-03-18
Leona;MacIntosh;Leona.MacIntosh@yopmail.com;1987-01-14
Briney;Harday;Briney.Harday@yopmail.com;1905-01-01
Yolane;Beniamino;Yolane.Beniamino@yopmail.com;1966-02-03
Arlina;Alexandr;Arlina.Alexandr@yopmail.com;1960-02-24
Sean;Neils;Sean.Neils@yopmail.com;2003-08-16
Dagmar;Harned;Dagmar.Harned@yopmail.com;1940-09-02
Sharlene;Land;Sharlene.Land@yopmail.com;1926-10-24
Concettina;Armanda;Concettina.Armanda@yopmail.com;1938-03-07
Corly;Haymes;Corly.Haymes@yopmail.com;1952-01-12
Ninnetta;Noelyn;Ninnetta.Noelyn@yopmail.com;1995-09-03
Jany;Parsaye;Jany.Parsaye@yopmail.com;1956-11-24
Caryl;Roarke;Caryl.Roarke@yopmail.com;1970-04-29
Jessy;Taam;Jessy.Taam@yopmail.com;1940-08-28
Marylou;Delacourt;Marylou.Delacourt@yopmail.com;1933-06-21
Mady;Agle;Mady.Agle@yopmail.com;2010-12-04
Mary;Georgy;Mary.Georgy@yopmail.com;1926-03-29
Celestyna;Penelopa;Celestyna.Penelopa@yopmail.com;1930-08-16
Berta;Smitt;Berta.Smitt@yopmail.com;1991-03-02
Eadie;Tayib;Eadie.Tayib@yopmail.com;1984-08-26
Robbi;Eno;Robbi.Eno@yopmail.com;1949-03-17
Silvana;Fiester;Silvana.Fiester@yopmail.com;1944-07-09
Elyssa;Hoenack;Elyssa.Hoenack@yopmail.com;1917-01-08
Sissy;Malina;Sissy.Malina@yopmail.com;1933-02-19
Jessy;Gordon;Jessy.Gordon@yopmail.com;1906-10-21
Lynnea;Merat;Lynnea.Merat@yopmail.com;1957-04-24
Aurelie;Khorma;Aurelie.Khorma@yopmail.com;1906-03-09
Sonni;Martguerita;Sonni.Martguerita@yopmail.com;1985-02-11
Paule;Telfer;Paule.Telfer@yopmail.com;1936-08-29
Belinda;Liebermann;Belinda.Liebermann@yopmail.com;1908-05-16
Raquela;Constancy;Raquela.Constancy@yopmail.com;2006-05-18
Clary;Travax;Clary.Travax@yopmail.com;2014-05-10
Daphne;Bergman;Daphne.Bergman@yopmail.com;1942-02-02
Charmaine;Sisile;Charmaine.Sisile@yopmail.com;1905-05-10
Ezmeralda;Brittani;Ezmeralda.Brittani@yopmail.com;1909-05-18
Frieda;Jobi;Frieda.Jobi@yopmail.com;1932-07-09
Kenna;Dash;Kenna.Dash@yopmail.com;1984-12-16
Wendi;Catie;Wendi.Catie@yopmail.com;1957-02-18
Malina;Lea;Malina.Lea@yopmail.com;2009-08-11
Clarice;Suanne;Clarice.Suanne@yopmail.com;2019-09-24
Lizzie;Hebner;Lizzie.Hebner@yopmail.com;1921-05-12
Sibella;Hessler;Sibella.Hessler@yopmail.com;1933-01-08
Abbie;Weitman;Abbie.Weitman@yopmail.com;1947-06-19
Philis;Sadowski;Philis.Sadowski@yopmail.com;1943-12-14
Agathe;Tomasina;Agathe.Tomasina@yopmail.com;1902-05-11
Aurelie;Prouty;Aurelie.Prouty@yopmail.com;1977-12-27
Katharina;Garrison;Katharina.Garrison@yopmail.com;1987-07-29
Doro;Whiffen;Doro.Whiffen@yopmail.com;1966-09-13
Flory;Love;Flory.Love@yopmail.com;1964-03-07
Genevra;Lauraine;Genevra.Lauraine@yopmail.com;1903-04-26
Aigneis;Tarrant;Aigneis.Tarrant@yopmail.com;1978-09-21
Brietta;Maiah;Brietta.Maiah@yopmail.com;1998-12-30
Brena;Pond;Brena.Pond@yopmail.com;1982-02-08
Merry;Fink;Merry.Fink@yopmail.com;1951-10-25
Fernande;Weitman;Fernande.Weitman@yopmail.com;1943-03-08
Elsie;Seligman;Elsie.Seligman@yopmail.com;2010-12-08
Annaliese;Eachern;Annaliese.Eachern@yopmail.com;1998-04-03
Rhea;Noman;Rhea.Noman@yopmail.com;1912-07-10
Tobe;Tamsky;Tobe.Tamsky@yopmail.com;1988-10-30
Minda;Phi;Minda.Phi@yopmail.com;2007-11-19
Ruthe;Hathaway;Ruthe.Hathaway@yopmail.com;1933-06-10
Aubrie;Fennessy;Aubrie.Fennessy@yopmail.com;1988-07-18
Aubrie;Hedve;Aubrie.Hedve@yopmail.com;1926-04-09
Lexine;Khorma;Lexine.Khorma@yopmail.com;1933-03-08
Ida;Center;Ida.Center@yopmail.com;2008-01-04
Almeta;Joseph;Almeta.Joseph@yopmail.com;1982-11-24
Kellen;Hollingsworth;Kellen.Hollingsworth@yopmail.com;1921-09-24
Rebeca;Serilda;Rebeca.Serilda@yopmail.com;2001-02-21
Donetta;Leonard;Donetta.Leonard@yopmail.com;1911-05-09
Flo;Andrel;Flo.Andrel@yopmail.com;1935-12-19
Doralynne;Avi;Doralynne.Avi@yopmail.com;1941-06-25
Mignon;Fadiman;Mignon.Fadiman@yopmail.com;1939-05-14
Chickie;Sinegold;Chickie.Sinegold@yopmail.com;2001-02-27
Katuscha;Klotz;Katuscha.Klotz@yopmail.com;1908-04-18
Lulita;Vacuva;Lulita.Vacuva@yopmail.com;1925-08-16
Norine;Shaver;Norine.Shaver@yopmail.com;1964-07-27
Charissa;Cristi;Charissa.Cristi@yopmail.com;2003-01-01
Mireielle;Caitlin;Mireielle.Caitlin@yopmail.com;2015-10-14
Evaleen;Gunn;Evaleen.Gunn@yopmail.com;1967-02-11
Leona;Leonard;Leona.Leonard@yopmail.com;1999-02-05
Deedee;Zitvaa;Deedee.Zitvaa@yopmail.com;1942-01-27
Annecorinne;Levey;Annecorinne.Levey@yopmail.com;1909-11-10
Aurelie;Taima;Aurelie.Taima@yopmail.com;1998-10-23
Cristabel;O'Rourke;Cristabel.O'Rourke@yopmail.com;1951-12-22
Alleen;Cecile;Alleen.Cecile@yopmail.com;1972-08-16
Dione;Levey;Dione.Levey@yopmail.com;1927-08-05
Helena;Deegan;Helena.Deegan@yopmail.com;1971-02-24
Hallie;Nester;Hallie.Nester@yopmail.com;1957-08-29
Tiffie;Mayeda;Tiffie.Mayeda@yopmail.com;1980-09-25
Madeleine;Ahab;Madeleine.Ahab@yopmail.com;1951-07-31
Celestyna;Durante;Celestyna.Durante@yopmail.com;2004-08-17
Charmaine;Docilla;Charmaine.Docilla@yopmail.com;2010-09-23
Catharine;Meli;Catharine.Meli@yopmail.com;1958-04-18
Merry;Lasley;Merry.Lasley@yopmail.com;1950-06-05
Jobi;Bergman;Jobi.Bergman@yopmail.com;1990-05-16
Jaclyn;Neva;Jaclyn.Neva@yopmail.com;1951-04-17
Ernesta;Natica;Ernesta.Natica@yopmail.com;2014-02-07
Lilith;Cecile;Lilith.Cecile@yopmail.com;2019-10-10
Cordi;Ioab;Cordi.Ioab@yopmail.com;1991-08-08
Corina;Moina;Corina.Moina@yopmail.com;1977-05-04
Lorne;Michella;Lorne.Michella@yopmail.com;1967-02-25
Lyssa;Lipson;Lyssa.Lipson@yopmail.com;1938-08-16
Aeriela;Narton;Aeriela.Narton@yopmail.com;1988-12-12
Melisent;Leifeste;Melisent.Leifeste@yopmail.com;1950-03-03
Roz;Elo;Roz.Elo@yopmail.com;1960-09-08
Marline;Tillford;Marline.Tillford@yopmail.com;1983-08-14
Phylis;Old;Phylis.Old@yopmail.com;1938-02-05
Alie;Martsen;Alie.Martsen@yopmail.com;1906-12-30
Willetta;Dermott;Willetta.Dermott@yopmail.com;1944-03-09
Tracey;Matthew;Tracey.Matthew@yopmail.com;2000-06-18
Britte;Ruvolo;Britte.Ruvolo@yopmail.com;1970-06-26
Debee;Kiersten;Debee.Kiersten@yopmail.com;1966-10-20
Christal;Elephus;Christal.Elephus@yopmail.com;1948-08-13
Sara-Ann;Docilla;Sara-Ann.Docilla@yopmail.com;1948-06-02
Tori;Sprage;Tori.Sprage@yopmail.com;1983-12-07
Verla;Narton;Verla.Narton@yopmail.com;1982-07-27
Addia;Sperling;Addia.Sperling@yopmail.com;1939-03-07
Valera;Cutlerr;Valera.Cutlerr@yopmail.com;1906-10-01
Bobbi;Stevy;Bobbi.Stevy@yopmail.com;1971-11-04
Lorne;Junie;Lorne.Junie@yopmail.com;1958-01-10
Fina;Alwin;Fina.Alwin@yopmail.com;1923-05-30
Aaren;Center;Aaren.Center@yopmail.com;1990-07-27
Adele;Sparhawk;Adele.Sparhawk@yopmail.com;1990-07-21
Dennie;Corrine;Dennie.Corrine@yopmail.com;1996-11-15
Neila;Schlosser;Neila.Schlosser@yopmail.com;1928-08-18
Mady;Ellerey;Mady.Ellerey@yopmail.com;1963-07-18
Kathi;McCutcheon;Kathi.McCutcheon@yopmail.com;1938-03-04
Gabriellia;Sherfield;Gabriellia.Sherfield@yopmail.com;1959-06-18
Courtnay;Glenden;Courtnay.Glenden@yopmail.com;1960-12-09
Deane;Sprage;Deane.Sprage@yopmail.com;1947-11-12
Daryl;Beniamino;Daryl.Beniamino@yopmail.com;1999-02-11
Benita;Lubin;Benita.Lubin@yopmail.com;2002-09-10
Alisha;Pandolfi;Alisha.Pandolfi@yopmail.com;1966-08-21
Wendi;Dominy;Wendi.Dominy@yopmail.com;1999-06-10
Benita;Kazimir;Benita.Kazimir@yopmail.com;1998-03-21
Evita;Kendrick;Evita.Kendrick@yopmail.com;1977-08-21
Celene;Philoo;Celene.Philoo@yopmail.com;1944-01-30
Viki;Olnee;Viki.Olnee@yopmail.com;2010-03-26
Britte;Maribeth;Britte.Maribeth@yopmail.com;1912-08-04
Jaclyn;Weaks;Jaclyn.Weaks@yopmail.com;1972-11-05
Elise;Nea;Elise.Nea@yopmail.com;1986-09-02
Therine;Kenwood;Therine.Kenwood@yopmail.com;1995-02-21
Paule;Sheedy;Paule.Sheedy@yopmail.com;2010-10-21
Bernardine;Astra;Bernardine.Astra@yopmail.com;1943-07-29
Tracey;Vharat;Tracey.Vharat@yopmail.com;1934-04-18
Oralee;Redmond;Oralee.Redmond@yopmail.com;1913-03-07
Thalia;Klemperer;Thalia.Klemperer@yopmail.com;1980-07-25
Concettina;Kristi;Concettina.Kristi@yopmail.com;1933-08-03
Gretal;Haerr;Gretal.Haerr@yopmail.com;2003-02-18
Jsandye;Fredi;Jsandye.Fredi@yopmail.com;1913-09-30
Sashenka;Socha;Sashenka.Socha@yopmail.com;1980-12-07
Wilma;Plato;Wilma.Plato@yopmail.com;1998-11-06
Marcy;Halsey;Marcy.Halsey@yopmail.com;1927-07-03
Kaja;Zachary;Kaja.Zachary@yopmail.com;1923-06-23
Tilly;Greenwald;Tilly.Greenwald@yopmail.com;1923-02-13
Katharina;Jacinda;Katharina.Jacinda@yopmail.com;2006-03-21
Belva;Regan;Belva.Regan@yopmail.com;1998-03-15
Nannie;Lutero;Nannie.Lutero@yopmail.com;1945-06-27
Tori;Cohdwell;Tori.Cohdwell@yopmail.com;1928-10-18
Willetta;Philipp;Willetta.Philipp@yopmail.com;1965-09-03
Estell;Corilla;Estell.Corilla@yopmail.com;1937-04-05
Mureil;Alcott;Mureil.Alcott@yopmail.com;1959-01-17
Aigneis;Barney;Aigneis.Barney@yopmail.com;2005-01-12
Lauryn;Yerkovich;Lauryn.Yerkovich@yopmail.com;1948-05-24
Kittie;Wittie;Kittie.Wittie@yopmail.com;2008-12-18
Sadie;Love;Sadie.Love@yopmail.com;1925-05-05
Sheelagh;Haymes;Sheelagh.Haymes@yopmail.com;1963-08-20
Olwen;Ade;Olwen.Ade@yopmail.com;1969-05-30
Florencia;Manolo;Florencia.Manolo@yopmail.com;1948-06-27
Rhoda;Hurley;Rhoda.Hurley@yopmail.com;1936-06-13
Lanae;Janene;Lanae.Janene@yopmail.com;2012-09-08
Josephine;Phyllis;Josephine.Phyllis@yopmail.com;1965-08-28
Anthia;Freddi;Anthia.Freddi@yopmail.com;1951-08-14
Tonia;Ambrosia;Tonia.Ambrosia@yopmail.com;1930-01-09
Thalia;Audly;Thalia.Audly@yopmail.com;1926-06-14
Katuscha;Astra;Katuscha.Astra@yopmail.com;1951-07-21
Kamilah;Nunci;Kamilah.Nunci@yopmail.com;1996-12-16
Queenie;Ardra;Queenie.Ardra@yopmail.com;1955-09-09
Aryn;Adore;Aryn.Adore@yopmail.com;1927-05-21
Gerrie;Bryna;Gerrie.Bryna@yopmail.com;2014-09-01
Teriann;Firmin;Teriann.Firmin@yopmail.com;1926-09-05
Roz;Karl;Roz.Karl@yopmail.com;1991-03-19
Justinn;Kamaria;Justinn.Kamaria@yopmail.com;1943-04-17
Shaine;Tremayne;Shaine.Tremayne@yopmail.com;1904-02-12
Sashenka;Marcellus;Sashenka.Marcellus@yopmail.com;2007-12-16
Elyssa;Wareing;Elyssa.Wareing@yopmail.com;1966-10-13
Gisela;Brian;Gisela.Brian@yopmail.com;1961-10-16
Tomasina;Dominy;Tomasina.Dominy@yopmail.com;1928-02-10
Nanete;Kress;Nanete.Kress@yopmail.com;1951-12-10
Dania;Nickola;Dania.Nickola@yopmail.com;1901-05-17
Damaris;Killigrew;Damaris.Killigrew@yopmail.com;1977-07-16
Lolita;Natalia;Lolita.Natalia@yopmail.com;1996-11-25
Clarice;Philoo;Clarice.Philoo@yopmail.com;2014-11-03
Jan;Monaco;Jan.Monaco@yopmail.com;1954-09-06
Marinna;Fiester;Marinna.Fiester@yopmail.com;1908-01-05
Charmaine;Erich;Charmaine.Erich@yopmail.com;2009-05-03
Ofilia;Noam;Ofilia.Noam@yopmail.com;1963-05-23
Robinia;Celestine;Robinia.Celestine@yopmail.com;1975-05-19
Marinna;Knowling;Marinna.Knowling@yopmail.com;2007-02-20
Atlanta;Florina;Atlanta.Florina@yopmail.com;2007-11-17
Tressa;Munn;Tressa.Munn@yopmail.com;1925-06-10
Blinni;Jerald;Blinni.Jerald@yopmail.com;1945-06-16
Shel;Sherrie;Shel.Sherrie@yopmail.com;1908-10-11
Nananne;Lacombe;Nananne.Lacombe@yopmail.com;1984-09-07
Allis;Wolfgram;Allis.Wolfgram@yopmail.com;1990-08-08
Darlleen;Kinnard;Darlleen.Kinnard@yopmail.com;1916-08-11
Gretal;Loleta;Gretal.Loleta@yopmail.com;1930-08-26
Gratia;Jalbert;Gratia.Jalbert@yopmail.com;1959-07-14
Ricky;Lalitta;Ricky.Lalitta@yopmail.com;1932-03-11
Kayla;Richers;Kayla.Richers@yopmail.com;1900-05-17
Ariela;Roxanna;Ariela.Roxanna@yopmail.com;2017-05-23
Netty;MacIntosh;Netty.MacIntosh@yopmail.com;2001-11-18
Brianna;Levey;Brianna.Levey@yopmail.com;1990-11-17
Chere;Berne;Chere.Berne@yopmail.com;1974-02-21
Alisha;Kirbee;Alisha.Kirbee@yopmail.com;1926-11-22
Elyssa;Kiyoshi;Elyssa.Kiyoshi@yopmail.com;1947-10-02
Anthia;Sancho;Anthia.Sancho@yopmail.com;1900-07-17
Yetty;Leffen;Yetty.Leffen@yopmail.com;1945-03-16
Darci;Seessel;Darci.Seessel@yopmail.com;1992-01-18
Roseline;Mich;Roseline.Mich@yopmail.com;1987-04-24
Yolane;Knowling;Yolane.Knowling@yopmail.com;1949-09-24
Charlena;Bronk;Charlena.Bronk@yopmail.com;1956-06-25
Jordan;Muriel;Jordan.Muriel@yopmail.com;2008-07-07
Tatiania;Ethban;Tatiania.Ethban@yopmail.com;1970-02-22
Jsandye;Robertson;Jsandye.Robertson@yopmail.com;1900-07-31
Karlee;Kiersten;Karlee.Kiersten@yopmail.com;1978-01-13
Elmira;Kazimir;Elmira.Kazimir@yopmail.com;1917-03-04
Fredericka;Evangelia;Fredericka.Evangelia@yopmail.com;1951-11-03
Teriann;Cloris;Teriann.Cloris@yopmail.com;1999-05-29
Verla;Brady;Verla.Brady@yopmail.com;1926-02-09
Marguerite;Gherardo;Marguerite.Gherardo@yopmail.com;2012-01-12
Concettina;Tremayne;Concettina.Tremayne@yopmail.com;1940-02-05
Taffy;Barney;Taffy.Barney@yopmail.com;1995-11-15
Carlie;Kenney;Carlie.Kenney@yopmail.com;1946-08-09
Amalie;Cavan;Amalie.Cavan@yopmail.com;1984-06-27
Pollyanna;Pandolfi;Pollyanna.Pandolfi@yopmail.com;1929-03-21
Daryl;Kazimir;Daryl.Kazimir@yopmail.com;2017-07-30
Belinda;Burch;Belinda.Burch@yopmail.com;1927-06-02
Ofilia;Fadiman;Ofilia.Fadiman@yopmail.com;1928-04-09
Estell;Allare;Estell.Allare@yopmail.com;1982-09-16
Kara-Lynn;Erich;Kara-Lynn.Erich@yopmail.com;1980-03-23
Lolita;Stuart;Lolita.Stuart@yopmail.com;1916-01-04
Alia;Etom;Alia.Etom@yopmail.com;1995-08-18
Wileen;Alarise;Wileen.Alarise@yopmail.com;1923-10-11
Livvyy;Garlinda;Livvyy.Garlinda@yopmail.com;1929-05-07
Loree;Georas;Loree.Georas@yopmail.com;2005-06-14
Cristine;Etom;Cristine.Etom@yopmail.com;1959-01-10
Flo;Serilda;Flo.Serilda@yopmail.com;1955-11-17
Lorie;Zetta;Lorie.Zetta@yopmail.com;1906-10-17
Magdalena;Bearnard;Magdalena.Bearnard@yopmail.com;1998-05-27
Rhea;Stephie;Rhea.Stephie@yopmail.com;2006-02-26
Blondelle;Cottle;Blondelle.Cottle@yopmail.com;1909-03-26
Dorice;Kauppi;Dorice.Kauppi@yopmail.com;1955-12-12
Asia;Carey;Asia.Carey@yopmail.com;1940-05-07
Marjie;Hermes;Marjie.Hermes@yopmail.com;1969-03-19
Dotty;Kirbee;Dotty.Kirbee@yopmail.com;1959-07-11
Gale;Fiann;Gale.Fiann@yopmail.com;1947-02-27
Tina;Truc;Tina.Truc@yopmail.com;1944-03-10
Maud;Merriott;Maud.Merriott@yopmail.com;1998-05-25
Millie;Maiah;Millie.Maiah@yopmail.com;1982-02-23
Fidelia;Rhu;Fidelia.Rhu@yopmail.com;1984-11-12
Donetta;Joni;Donetta.Joni@yopmail.com;1944-04-01
Jessamyn;Girardo;Jessamyn.Girardo@yopmail.com;1918-04-28
Kittie;Holbrook;Kittie.Holbrook@yopmail.com;1943-06-12
Jacenta;Tippets;Jacenta.Tippets@yopmail.com;2005-08-17
Adore;Neva;Adore.Neva@yopmail.com;1964-04-19
Britni;Eliathas;Britni.Eliathas@yopmail.com;2006-11-07
Charmaine;Slifka;Charmaine.Slifka@yopmail.com;1961-10-11
Kimmy;Autrey;Kimmy.Autrey@yopmail.com;1985-12-16
Micheline;Peti;Micheline.Peti@yopmail.com;2019-03-27
Siana;Bobbee;Siana.Bobbee@yopmail.com;1995-03-10
Netty;Hieronymus;Netty.Hieronymus@yopmail.com;1934-04-27
Ermengarde;Schwejda;Ermengarde.Schwejda@yopmail.com;1936-10-11
Pierette;Hutchison;Pierette.Hutchison@yopmail.com;1928-11-18
Gratia;Delp;Gratia.Delp@yopmail.com;2005-07-13
Raina;Bonilla;Raina.Bonilla@yopmail.com;1930-03-31
Feliza;Garek;Feliza.Garek@yopmail.com;1940-10-09
Frieda;Japeth;Frieda.Japeth@yopmail.com;1932-11-17
Mary;Corilla;Mary.Corilla@yopmail.com;1930-12-28
Roxane;Hazlett;Roxane.Hazlett@yopmail.com;1944-04-03
Lucy;Fry;Lucy.Fry@yopmail.com;1913-12-16
Corina;Orpah;Corina.Orpah@yopmail.com;1999-11-09
Hannis;Winnick;Hannis.Winnick@yopmail.com;1988-03-25
Alisha;Berl;Alisha.Berl@yopmail.com;1902-07-27
Jasmina;Kenney;Jasmina.Kenney@yopmail.com;1935-12-08
Briney;Viddah;Briney.Viddah@yopmail.com;1908-10-17
Feliza;Mike;Feliza.Mike@yopmail.com;1976-09-27
Alex;Belldas;Alex.Belldas@yopmail.com;1965-10-20
Ernesta;Seumas;Ernesta.Seumas@yopmail.com;1960-06-20
Kara-Lynn;Niles;Kara-Lynn.Niles@yopmail.com;1965-11-27
Alyda;Verger;Alyda.Verger@yopmail.com;1988-03-31
Fredericka;Tamsky;Fredericka.Tamsky@yopmail.com;1904-06-12
Codie;Myrilla;Codie.Myrilla@yopmail.com;2009-05-31
Eugine;Milde;Eugine.Milde@yopmail.com;1939-12-11
Lonnie;Rillings;Lonnie.Rillings@yopmail.com;1930-01-15
Misha;Cloris;Misha.Cloris@yopmail.com;1909-09-20
Inga;Vernier;Inga.Vernier@yopmail.com;2012-10-07
Jackie;Harday;Jackie.Harday@yopmail.com;2009-05-16
Korrie;Gombach;Korrie.Gombach@yopmail.com;1948-04-16
Katuscha;Mehalek;Katuscha.Mehalek@yopmail.com;1912-11-24
Ida;Linehan;Ida.Linehan@yopmail.com;1905-04-27
Sadie;Fink;Sadie.Fink@yopmail.com;1930-11-06
Tera;Johnsson;Tera.Johnsson@yopmail.com;2015-01-10
Tiffie;Ries;Tiffie.Ries@yopmail.com;1904-01-26
Peri;Blase;Peri.Blase@yopmail.com;1959-03-12
Hermione;Craggie;Hermione.Craggie@yopmail.com;1947-12-17
Dennie;Glenden;Dennie.Glenden@yopmail.com;1913-10-08
Fernande;Timon;Fernande.Timon@yopmail.com;1990-05-26
Marylou;Naashom;Marylou.Naashom@yopmail.com;2014-06-12
Frances;Tippets;Frances.Tippets@yopmail.com;1932-11-16
Nikki;Luhe;Nikki.Luhe@yopmail.com;1935-12-09
Melodie;Carey;Melodie.Carey@yopmail.com;1956-12-14
Lynnea;Primalia;Lynnea.Primalia@yopmail.com;1909-03-01
Ellette;Corrine;Ellette.Corrine@yopmail.com;2007-04-16
Jaclyn;Iiette;Jaclyn.Iiette@yopmail.com;1972-10-02
Hope;Dawkins;Hope.Dawkins@yopmail.com;1984-06-27
Kirstin;Plato;Kirstin.Plato@yopmail.com;1969-07-26
Chastity;Nerita;Chastity.Nerita@yopmail.com;1987-02-02
Edith;Lamoree;Edith.Lamoree@yopmail.com;1918-05-21
Adore;Cressida;Adore.Cressida@yopmail.com;1927-08-22
Donetta;Emmy;Donetta.Emmy@yopmail.com;1910-12-06
Kate;Astra;Kate.Astra@yopmail.com;2007-11-02
Paule;Carbo;Paule.Carbo@yopmail.com;2000-01-16
Devina;Fabiola;Devina.Fabiola@yopmail.com;1968-05-11
Berget;Thilda;Berget.Thilda@yopmail.com;1925-02-07
Lucy;Kenney;Lucy.Kenney@yopmail.com;1992-03-29
Mamie;Koehler;Mamie.Koehler@yopmail.com;1991-09-25
Aryn;Bigner;Aryn.Bigner@yopmail.com;1916-09-27
Millie;Tyson;Millie.Tyson@yopmail.com;1922-10-27
Candy;Winthorpe;Candy.Winthorpe@yopmail.com;2018-08-14
Corina;Mitzi;Corina.Mitzi@yopmail.com;1952-10-21
Sophia;Lasley;Sophia.Lasley@yopmail.com;1929-04-09
Selma;Corrine;Selma.Corrine@yopmail.com;1999-05-10
Tomasina;Karna;Tomasina.Karna@yopmail.com;1968-06-14
Phedra;Montgomery;Phedra.Montgomery@yopmail.com;2012-04-13
Barbi;Westphal;Barbi.Westphal@yopmail.com;1955-06-05
Bee;Manolo;Bee.Manolo@yopmail.com;1925-12-19
Mariann;Toni;Mariann.Toni@yopmail.com;1972-11-23
Raina;Even;Raina.Even@yopmail.com;1936-11-11
Florencia;Leffen;Florencia.Leffen@yopmail.com;1946-05-20
Yolane;Selway;Yolane.Selway@yopmail.com;1940-05-29
Marylou;Erskine;Marylou.Erskine@yopmail.com;1988-11-02
Kalina;Penelopa;Kalina.Penelopa@yopmail.com;1972-01-25
Mariele;Atcliffe;Mariele.Atcliffe@yopmail.com;1951-03-20
Janey;Pauly;Janey.Pauly@yopmail.com;1924-06-29
Nelle;Whiffen;Nelle.Whiffen@yopmail.com;2006-12-18
Valli;Lorenz;Valli.Lorenz@yopmail.com;1937-10-23
Diena;Anastatius;Diena.Anastatius@yopmail.com;2001-10-05
Ariela;Flita;Ariela.Flita@yopmail.com;1971-04-16
Annora;Germann;Annora.Germann@yopmail.com;1984-11-06
Gale;Silvan;Gale.Silvan@yopmail.com;1925-05-18
Lorie;Helfand;Lorie.Helfand@yopmail.com;1974-05-17
Christy;Fredi;Christy.Fredi@yopmail.com;1998-06-25
Norine;Chesna;Norine.Chesna@yopmail.com;1921-06-14
Fina;Goode;Fina.Goode@yopmail.com;1968-01-03
Berget;Crudden;Berget.Crudden@yopmail.com;2008-10-11
Wendi;Dearborn;Wendi.Dearborn@yopmail.com;2004-08-05
Sindee;Chauncey;Sindee.Chauncey@yopmail.com;1991-08-16
Gwyneth;Swigart;Gwyneth.Swigart@yopmail.com;1965-10-31
Krystle;Magnolia;Krystle.Magnolia@yopmail.com;2011-12-23
Emma;Greyson;Emma.Greyson@yopmail.com;1981-05-05
Hollie;Katrine;Hollie.Katrine@yopmail.com;1976-02-21
Reeba;Salchunas;Reeba.Salchunas@yopmail.com;1961-08-09
Modestia;Chapland;Modestia.Chapland@yopmail.com;1940-01-30
Beatriz;Leler;Beatriz.Leler@yopmail.com;1922-05-22
Concettina;Junie;Concettina.Junie@yopmail.com;2001-05-24
Krystle;Argus;Krystle.Argus@yopmail.com;1920-11-26
Tarra;Leonard;Tarra.Leonard@yopmail.com;1936-05-24
Brandise;Leonard;Brandise.Leonard@yopmail.com;1953-04-23
Dagmar;Vorster;Dagmar.Vorster@yopmail.com;1957-04-27
Reeba;Burnside;Reeba.Burnside@yopmail.com;1900-09-06
Marnia;Podvin;Marnia.Podvin@yopmail.com;2008-06-06
Jacenta;Idelia;Jacenta.Idelia@yopmail.com;1954-02-26
Pamella;Cyrie;Pamella.Cyrie@yopmail.com;1968-03-29
Ardenia;Ventre;Ardenia.Ventre@yopmail.com;2015-02-05
Daune;Harriman;Daune.Harriman@yopmail.com;1902-04-27
Shaylyn;Anton;Shaylyn.Anton@yopmail.com;1993-01-18
Tani;Pierette;Tani.Pierette@yopmail.com;1920-10-20
Jerry;Behre;Jerry.Behre@yopmail.com;1987-09-22
Merry;Estella;Merry.Estella@yopmail.com;2004-07-23
Joane;Shaddock;Joane.Shaddock@yopmail.com;1905-06-08
Adele;Hilbert;Adele.Hilbert@yopmail.com;1937-08-30
Ottilie;Valerio;Ottilie.Valerio@yopmail.com;1983-03-21
Catrina;Camden;Catrina.Camden@yopmail.com;1911-12-04
Perry;Milson;Perry.Milson@yopmail.com;1907-09-24
Ellette;Juan;Ellette.Juan@yopmail.com;1908-01-06
Larine;Belanger;Larine.Belanger@yopmail.com;1964-03-20
Aurelie;Dudley;Aurelie.Dudley@yopmail.com;1966-06-13
Gusella;Flita;Gusella.Flita@yopmail.com;1921-04-23
Neila;Pyle;Neila.Pyle@yopmail.com;2001-11-30
Caritta;Buckler;Caritta.Buckler@yopmail.com;1964-03-01
Desirae;Gordon;Desirae.Gordon@yopmail.com;1976-08-11
Lenna;Jena;Lenna.Jena@yopmail.com;1960-08-27
Halette;Christal;Halette.Christal@yopmail.com;2005-10-11
Tera;Teddman;Tera.Teddman@yopmail.com;1954-11-12
Eadie;Marisa;Eadie.Marisa@yopmail.com;1928-01-19
Olwen;Wenoa;Olwen.Wenoa@yopmail.com;1944-10-31
Corina;Lail;Corina.Lail@yopmail.com;1955-06-09
Fanny;Munn;Fanny.Munn@yopmail.com;1914-04-30
Sashenka;Thad;Sashenka.Thad@yopmail.com;1978-04-27
Brena;Carri;Brena.Carri@yopmail.com;2002-06-06
Lily;Deegan;Lily.Deegan@yopmail.com;1935-09-11
Sidoney;Desai;Sidoney.Desai@yopmail.com;1908-06-05
Babita;Barney;Babita.Barney@yopmail.com;1998-07-30
Demetris;Francyne;Demetris.Francyne@yopmail.com;2013-02-08
Monika;Klemperer;Monika.Klemperer@yopmail.com;1943-09-05
Vere;Kolnick;Vere.Kolnick@yopmail.com;1985-02-01
Jany;Granoff;Jany.Granoff@yopmail.com;1994-05-02
Harrietta;Bryna;Harrietta.Bryna@yopmail.com;1954-02-14
Rani;Kaja;Rani.Kaja@yopmail.com;1906-12-15
Chrystel;Deny;Chrystel.Deny@yopmail.com;2000-08-14
Sabina;Karna;Sabina.Karna@yopmail.com;1963-09-08
Kamilah;Dunkin;Kamilah.Dunkin@yopmail.com;1942-10-13
Fayre;Gunn;Fayre.Gunn@yopmail.com;2007-06-05
Darlleen;Iphlgenia;Darlleen.Iphlgenia@yopmail.com;1956-10-25
Viviene;Horan;Viviene.Horan@yopmail.com;1900-11-22
Daryl;Franza;Daryl.Franza@yopmail.com;1958-09-14
Glynnis;Fadiman;Glynnis.Fadiman@yopmail.com;1902-06-14
Helena;Abram;Helena.Abram@yopmail.com;1993-10-21
Hallie;Zina;Hallie.Zina@yopmail.com;1936-09-05
Bernardine;Maroney;Bernardine.Maroney@yopmail.com;1971-09-02
Valera;Wattenberg;Valera.Wattenberg@yopmail.com;1965-12-05
Maryellen;Anis;Maryellen.Anis@yopmail.com;1960-09-10
Gui;Sparhawk;Gui.Sparhawk@yopmail.com;1929-03-03
Alexine;Margarete;Alexine.Margarete@yopmail.com;1934-01-07
Lorne;Screens;Lorne.Screens@yopmail.com;1971-05-06
Monika;Mich;Monika.Mich@yopmail.com;1985-01-04
Bettine;Tryck;Bettine.Tryck@yopmail.com;2014-09-28
Gilligan;Burch;Gilligan.Burch@yopmail.com;1917-05-10
Elsie;Diann;Elsie.Diann@yopmail.com;1996-01-21
Violet;Goerke;Violet.Goerke@yopmail.com;2015-07-02
Clementine;Magdalen;Clementine.Magdalen@yopmail.com;1924-08-10
Basia;Old;Basia.Old@yopmail.com;1997-05-22
Harmonia;Autrey;Harmonia.Autrey@yopmail.com;1904-06-19
Courtnay;Blase;Courtnay.Blase@yopmail.com;1953-10-19
Dyann;Rosalba;Dyann.Rosalba@yopmail.com;1915-12-20
Belva;Amand;Belva.Amand@yopmail.com;1986-02-24
Fanny;Strephon;Fanny.Strephon@yopmail.com;1992-04-28
Bobbi;Holbrook;Bobbi.Holbrook@yopmail.com;2004-10-14
Flory;Donell;Flory.Donell@yopmail.com;1950-04-18
Sindee;Calhoun;Sindee.Calhoun@yopmail.com;1953-01-11
Carilyn;Virgin;Carilyn.Virgin@yopmail.com;1905-02-13
Kristan;Lemuela;Kristan.Lemuela@yopmail.com;1912-08-17
Fawne;Monk;Fawne.Monk@yopmail.com;2018-10-30
Tierney;Meli;Tierney.Meli@yopmail.com;1950-04-29
Brooks;Papageno;Brooks.Papageno@yopmail.com;1920-07-20
Elvira;Lorenz;Elvira.Lorenz@yopmail.com;1975-11-04
Renae;McGrody;Renae.McGrody@yopmail.com;1973-04-06
Janis;Thunell;Janis.Thunell@yopmail.com;1911-07-11
Kylynn;Alisia;Kylynn.Alisia@yopmail.com;1993-05-10
Kial;Kress;Kial.Kress@yopmail.com;1925-08-29
Kylynn;Thornburg;Kylynn.Thornburg@yopmail.com;1988-07-21
Shirlee;Wareing;Shirlee.Wareing@yopmail.com;1983-03-31
Kial;Waite;Kial.Waite@yopmail.com;1938-06-15
Reeba;Dorine;Reeba.Dorine@yopmail.com;1935-06-07
Celestyna;Orpah;Celestyna.Orpah@yopmail.com;1996-10-20
Lynde;Meli;Lynde.Meli@yopmail.com;1994-07-08
Christian;Sherfield;Christian.Sherfield@yopmail.com;1926-01-14
Lesly;Rodmann;Lesly.Rodmann@yopmail.com;1971-05-25
Monika;Rad;Monika.Rad@yopmail.com;2001-06-21
Agnese;Leifeste;Agnese.Leifeste@yopmail.com;1952-12-15
Steffane;Helve;Steffane.Helve@yopmail.com;1937-07-26
Lauryn;Fax;Lauryn.Fax@yopmail.com;1954-05-16
Gabi;Bivins;Gabi.Bivins@yopmail.com;1977-10-07
Konstance;Frendel;Konstance.Frendel@yopmail.com;1997-01-19
Coral;Fink;Coral.Fink@yopmail.com;2012-11-17
Elbertina;Bakerman;Elbertina.Bakerman@yopmail.com;1903-07-17