firstname;lastname;email;Field Name
Joceline;Zachary;Joceline.Zachary@yopmail.com;1966-05-09
Adore;Durware;Adore.Durware@yopmail.com;1995-02-08
Pierette;Mauer;Pierette.Mauer@yopmail.com;1934-06-18
Annice;Schalles;Annice.Schalles@yopmail.com;2000-03-24
Fredericka;Wadell;Fredericka.Wadell@yopmail.com;2014-09-23
Annora;Bow;Annora.Bow@yopmail.com;1971-09-17
Ardenia;Erb;Ardenia.Erb@yopmail.com;2002-08-11
Norine;Elvyn;Norine.Elvyn@yopmail.com;1934-04-30
Sheree;Schwejda;Sheree.Schwejda@yopmail.com;2018-03-15
Ivett;Niccolo;Ivett.Niccolo@yopmail.com;1948-03-27
Alyssa;Obed;Alyssa.Obed@yopmail.com;1924-05-10
Leia;Terencio;Leia.Terencio@yopmail.com;1924-01-20
Pamella;Dorcy;Pamella.Dorcy@yopmail.com;1922-05-18
Kore;Janene;Kore.Janene@yopmail.com;2014-10-19
Claudina;Gino;Claudina.Gino@yopmail.com;1900-09-22
Dorice;Lunsford;Dorice.Lunsford@yopmail.com;1943-04-01
Cyndie;Read;Cyndie.Read@yopmail.com;2000-06-12
Gilligan;Bakerman;Gilligan.Bakerman@yopmail.com;1982-04-29
Viki;Tatianas;Viki.Tatianas@yopmail.com;1928-03-13
Nannie;Ledah;Nannie.Ledah@yopmail.com;1914-11-01
Claudina;Ball;Claudina.Ball@yopmail.com;2013-02-09
Adore;Mathilde;Adore.Mathilde@yopmail.com;2008-07-24
Zia;Gilmour;Zia.Gilmour@yopmail.com;2013-11-27
Trudie;Ramona;Trudie.Ramona@yopmail.com;1997-06-20
Lorenza;Elo;Lorenza.Elo@yopmail.com;1980-11-06
Jackie;Tjon;Jackie.Tjon@yopmail.com;1940-02-09
Alia;Rolf;Alia.Rolf@yopmail.com;1934-03-21
Joy;Keelia;Joy.Keelia@yopmail.com;1953-03-03
Catrina;LaRue;Catrina.LaRue@yopmail.com;1986-10-30
Emmey;Lubin;Emmey.Lubin@yopmail.com;1958-10-10
Jessamyn;Teryn;Jessamyn.Teryn@yopmail.com;1929-12-28
Elbertina;Dichy;Elbertina.Dichy@yopmail.com;1954-09-05
Marti;Braun;Marti.Braun@yopmail.com;1938-12-24
Tamqrah;Camden;Tamqrah.Camden@yopmail.com;1934-02-07
Karena;Velick;Karena.Velick@yopmail.com;1906-10-14
Ardys;Jerald;Ardys.Jerald@yopmail.com;1906-02-26
Lacie;Garbe;Lacie.Garbe@yopmail.com;1943-06-17
Marjie;Atcliffe;Marjie.Atcliffe@yopmail.com;1920-09-20
Kimberley;Sidonius;Kimberley.Sidonius@yopmail.com;1939-01-06
Hildegaard;Fulmer;Hildegaard.Fulmer@yopmail.com;1903-08-15
Sara-Ann;Ralfston;Sara-Ann.Ralfston@yopmail.com;1957-05-14
Dawn;Zrike;Dawn.Zrike@yopmail.com;1950-05-08
Lanna;Oster;Lanna.Oster@yopmail.com;1920-06-13
Madelle;Merell;Madelle.Merell@yopmail.com;1925-08-23
Courtnay;Septima;Courtnay.Septima@yopmail.com;1935-09-18
Mariele;Oneida;Mariele.Oneida@yopmail.com;1909-09-12
Rochette;Tengdin;Rochette.Tengdin@yopmail.com;1942-02-18
Claudina;Sinegold;Claudina.Sinegold@yopmail.com;1996-05-03
Lindie;O'Neill;Lindie.O'Neill@yopmail.com;1914-08-03
Jerry;Yusuk;Jerry.Yusuk@yopmail.com;2003-04-13
Brana;Honoria;Brana.Honoria@yopmail.com;1914-05-18
Taffy;Phi;Taffy.Phi@yopmail.com;1944-05-15
Xylina;Donell;Xylina.Donell@yopmail.com;1913-04-09
Carly;Holbrook;Carly.Holbrook@yopmail.com;1926-08-02
Hallie;Moseley;Hallie.Moseley@yopmail.com;1993-10-06
Lynea;Slifka;Lynea.Slifka@yopmail.com;2003-11-10
Meriel;Johnsson;Meriel.Johnsson@yopmail.com;1954-07-06
Myriam;Turne;Myriam.Turne@yopmail.com;1971-01-05
Sybille;Johnsson;Sybille.Johnsson@yopmail.com;2004-03-20
Halette;Sholley;Halette.Sholley@yopmail.com;1951-12-04
Iseabal;Han;Iseabal.Han@yopmail.com;2014-12-17
Claudina;Waldron;Claudina.Waldron@yopmail.com;1903-10-05
Babita;McGrody;Babita.McGrody@yopmail.com;2002-06-06
Florencia;Joni;Florencia.Joni@yopmail.com;1952-08-19
Marjie;Aurelio;Marjie.Aurelio@yopmail.com;1912-03-18
Edyth;Elvyn;Edyth.Elvyn@yopmail.com;1926-12-14
Nanete;Bigner;Nanete.Bigner@yopmail.com;1918-12-13
Rayna;Leifeste;Rayna.Leifeste@yopmail.com;1978-10-10
Gloria;Carolin;Gloria.Carolin@yopmail.com;1980-11-10
Teriann;Fairweather;Teriann.Fairweather@yopmail.com;1940-10-26
Tera;Rodmann;Tera.Rodmann@yopmail.com;1930-11-21
Elora;Brunell;Elora.Brunell@yopmail.com;2011-08-16
Jaime;Chesna;Jaime.Chesna@yopmail.com;1959-07-14
Ardenia;Martguerita;Ardenia.Martguerita@yopmail.com;1903-08-09
Dulce;Artie;Dulce.Artie@yopmail.com;1971-08-06
Queenie;Timon;Queenie.Timon@yopmail.com;1977-11-01
Meg;Harday;Meg.Harday@yopmail.com;1957-03-06
Max;Callista;Max.Callista@yopmail.com;1907-08-29
Jsandye;Morrill;Jsandye.Morrill@yopmail.com;1918-07-28
Kore;Rhu;Kore.Rhu@yopmail.com;1950-07-09
Alex;Shuler;Alex.Shuler@yopmail.com;1972-12-28
Robbi;Stephie;Robbi.Stephie@yopmail.com;1903-11-18
Vevay;Horan;Vevay.Horan@yopmail.com;1938-08-09
Gui;Therine;Gui.Therine@yopmail.com;1926-03-17
Barbara;Saint;Barbara.Saint@yopmail.com;1986-03-06
Patricia;Meter;Patricia.Meter@yopmail.com;1931-10-27
Kial;Naor;Kial.Naor@yopmail.com;1974-06-19
Lisette;Chick;Lisette.Chick@yopmail.com;1938-08-12
Deirdre;Susannah;Deirdre.Susannah@yopmail.com;1946-09-18
Merrie;Annice;Merrie.Annice@yopmail.com;1906-01-11
Theodora;Adalbert;Theodora.Adalbert@yopmail.com;1985-12-27
Clementine;Hurley;Clementine.Hurley@yopmail.com;1939-04-15
Rosanne;Helfand;Rosanne.Helfand@yopmail.com;1975-01-23
Estell;Goldina;Estell.Goldina@yopmail.com;1968-09-22
Antonietta;MacIntosh;Antonietta.MacIntosh@yopmail.com;1922-07-07
Janeczka;Lutero;Janeczka.Lutero@yopmail.com;1970-12-11
Kimberley;Serilda;Kimberley.Serilda@yopmail.com;1995-11-24
Barbi;Hartnett;Barbi.Hartnett@yopmail.com;1985-09-01
Stevana;Guthrie;Stevana.Guthrie@yopmail.com;2011-05-13
Renie;Noelyn;Renie.Noelyn@yopmail.com;1904-04-03
Celisse;Arley;Celisse.Arley@yopmail.com;1976-03-20
Lily;Olnee;Lily.Olnee@yopmail.com;1935-04-06
Nelle;Bevin;Nelle.Bevin@yopmail.com;1991-08-02
Nyssa;Even;Nyssa.Even@yopmail.com;1936-08-21
Lusa;Ephrem;Lusa.Ephrem@yopmail.com;1953-04-03
Sandie;Adalbert;Sandie.Adalbert@yopmail.com;1961-08-15
Dominga;Minetta;Dominga.Minetta@yopmail.com;1928-07-22
Nadine;Grimbly;Nadine.Grimbly@yopmail.com;1957-12-09
Linet;Baudin;Linet.Baudin@yopmail.com;2019-05-11
Merrie;Bebe;Merrie.Bebe@yopmail.com;1921-04-23
Cissiee;Serilda;Cissiee.Serilda@yopmail.com;1967-10-01
Dale;Irmine;Dale.Irmine@yopmail.com;1928-12-15
Alleen;Suk;Alleen.Suk@yopmail.com;1949-12-10
Letizia;Bultman;Letizia.Bultman@yopmail.com;1927-04-02
Ermengarde;Fairweather;Ermengarde.Fairweather@yopmail.com;1918-02-01
Tersina;Colbert;Tersina.Colbert@yopmail.com;1902-03-30
Carlie;Lattie;Carlie.Lattie@yopmail.com;1940-12-24
Edee;Lea;Edee.Lea@yopmail.com;1982-07-25
Steffane;Wiener;Steffane.Wiener@yopmail.com;2002-01-26
Ebonee;Yusuk;Ebonee.Yusuk@yopmail.com;1981-10-14
Kate;Ferrell;Kate.Ferrell@yopmail.com;1992-04-22
Eugine;Jess;Eugine.Jess@yopmail.com;2014-08-04
Dale;Fulmer;Dale.Fulmer@yopmail.com;1947-11-12
Viviene;Fontana;Viviene.Fontana@yopmail.com;2015-03-30
Sidoney;Koziara;Sidoney.Koziara@yopmail.com;1996-07-25
Tracey;Faust;Tracey.Faust@yopmail.com;1932-04-03
Florie;Eno;Florie.Eno@yopmail.com;1920-11-19
Caritta;Atonsah;Caritta.Atonsah@yopmail.com;1951-03-19
Codie;Dawkins;Codie.Dawkins@yopmail.com;1951-11-04
Ingrid;Revkah;Ingrid.Revkah@yopmail.com;1943-05-18
Carol-Jean;Estella;Carol-Jean.Estella@yopmail.com;1946-03-30
Emmey;Christal;Emmey.Christal@yopmail.com;1920-04-30
Nerta;Llovera;Nerta.Llovera@yopmail.com;1997-07-05
Mureil;Madox;Mureil.Madox@yopmail.com;1950-08-24
Beth;Couture;Beth.Couture@yopmail.com;1935-11-28
Queenie;Stoller;Queenie.Stoller@yopmail.com;1904-06-07
Rosaline;Ulphia;Rosaline.Ulphia@yopmail.com;1938-09-04
Ricky;Carvey;Ricky.Carvey@yopmail.com;1968-04-21
Lila;Suanne;Lila.Suanne@yopmail.com;1979-12-25
Romona;Torray;Romona.Torray@yopmail.com;1977-07-11
Elie;Hollingsworth;Elie.Hollingsworth@yopmail.com;1984-05-23
Netty;Munn;Netty.Munn@yopmail.com;1935-12-27
Yetty;Vorster;Yetty.Vorster@yopmail.com;1997-12-19
Dacia;Juliet;Dacia.Juliet@yopmail.com;1949-09-06
Eugine;Stanwood;Eugine.Stanwood@yopmail.com;2016-12-08
Tarra;Aurelio;Tarra.Aurelio@yopmail.com;1901-03-09
Orelia;Chaing;Orelia.Chaing@yopmail.com;1915-09-25
Alisha;Eiser;Alisha.Eiser@yopmail.com;1985-08-06
Cristine;Hailee;Cristine.Hailee@yopmail.com;1963-09-10
Ernesta;Thad;Ernesta.Thad@yopmail.com;1901-04-23
Caressa;Bord;Caressa.Bord@yopmail.com;1979-11-03
Sindee;Shaver;Sindee.Shaver@yopmail.com;1913-01-28
Marjie;Pacorro;Marjie.Pacorro@yopmail.com;2012-06-10
Starla;Gino;Starla.Gino@yopmail.com;2008-08-14
Lacie;Pattin;Lacie.Pattin@yopmail.com;2014-09-25
Chastity;Lanita;Chastity.Lanita@yopmail.com;1972-03-27
Starla;Glovsky;Starla.Glovsky@yopmail.com;1930-04-29
Lila;Carmena;Lila.Carmena@yopmail.com;1998-05-29
Lesly;Shirberg;Lesly.Shirberg@yopmail.com;1971-01-03
Amii;Baylor;Amii.Baylor@yopmail.com;2008-11-24
Paola;Faust;Paola.Faust@yopmail.com;1945-07-07
Phedra;Latini;Phedra.Latini@yopmail.com;2001-07-10
Elsie;Judye;Elsie.Judye@yopmail.com;1917-07-12
Brana;Schalles;Brana.Schalles@yopmail.com;2002-12-09
Sue;Peti;Sue.Peti@yopmail.com;1996-12-09
Leontine;Norvol;Leontine.Norvol@yopmail.com;2011-09-09
Corene;Pierette;Corene.Pierette@yopmail.com;1973-05-31
Ezmeralda;Georas;Ezmeralda.Georas@yopmail.com;1947-12-20
Aurelie;Albertine;Aurelie.Albertine@yopmail.com;1951-03-06
Sashenka;Travax;Sashenka.Travax@yopmail.com;1970-02-26
Sophia;Ochs;Sophia.Ochs@yopmail.com;1913-09-16
Molli;Roche;Molli.Roche@yopmail.com;1926-06-23
Ayn;Linskey;Ayn.Linskey@yopmail.com;1944-12-27
Elise;Angelis;Elise.Angelis@yopmail.com;1913-06-19
Fawne;Millda;Fawne.Millda@yopmail.com;1992-02-26
Hope;Celestine;Hope.Celestine@yopmail.com;1924-10-10
Corly;Fontana;Corly.Fontana@yopmail.com;1990-09-09
Krystle;Valoniah;Krystle.Valoniah@yopmail.com;1907-02-24
Anestassia;Aaberg;Anestassia.Aaberg@yopmail.com;1984-12-20
Dianemarie;Gert;Dianemarie.Gert@yopmail.com;2006-05-24
Jessy;Donoghue;Jessy.Donoghue@yopmail.com;1926-01-15
Amalie;Bibi;Amalie.Bibi@yopmail.com;1952-10-31
Tersina;Niccolo;Tersina.Niccolo@yopmail.com;1979-03-03
Babita;Freddi;Babita.Freddi@yopmail.com;1902-08-30
Althea;Parette;Althea.Parette@yopmail.com;1971-05-22
Christian;Lucienne;Christian.Lucienne@yopmail.com;1913-04-07
Mariele;Cressida;Mariele.Cressida@yopmail.com;1911-09-23
Carolina;Ventre;Carolina.Ventre@yopmail.com;1954-11-14
Rhoda;Tyson;Rhoda.Tyson@yopmail.com;1970-05-12
Ofilia;Gibbeon;Ofilia.Gibbeon@yopmail.com;1920-07-11
Tiffie;Adrienne;Tiffie.Adrienne@yopmail.com;2016-05-23
Miquela;Hylan;Miquela.Hylan@yopmail.com;1930-10-11
Rosanne;Natica;Rosanne.Natica@yopmail.com;1945-03-21
Karina;Lucienne;Karina.Lucienne@yopmail.com;2006-07-09
Ursulina;Engdahl;Ursulina.Engdahl@yopmail.com;2015-03-05
Arlina;Kevon;Arlina.Kevon@yopmail.com;2013-03-24
Gloria;Daveta;Gloria.Daveta@yopmail.com;1924-07-07
Harrietta;Rona;Harrietta.Rona@yopmail.com;1932-03-21
Elfreda;Philoo;Elfreda.Philoo@yopmail.com;1950-06-17
Tori;Poll;Tori.Poll@yopmail.com;1985-04-22
Nananne;Seessel;Nananne.Seessel@yopmail.com;1968-09-02
Alex;Gusella;Alex.Gusella@yopmail.com;1908-10-15
Natka;Kalinda;Natka.Kalinda@yopmail.com;2016-03-11
Vinita;August;Vinita.August@yopmail.com;1973-12-30
Vivia;Kress;Vivia.Kress@yopmail.com;1965-12-05
Sean;Johnsson;Sean.Johnsson@yopmail.com;1976-03-20
Raquela;Danby;Raquela.Danby@yopmail.com;1966-07-08
Esmeralda;Emmy;Esmeralda.Emmy@yopmail.com;1994-07-22
Gusella;Fink;Gusella.Fink@yopmail.com;1930-12-16
Raf;Dunkin;Raf.Dunkin@yopmail.com;1998-02-05
Annice;Roche;Annice.Roche@yopmail.com;2000-09-26
Aryn;Stelle;Aryn.Stelle@yopmail.com;1948-07-13
Myriam;Adamsen;Myriam.Adamsen@yopmail.com;1976-06-20
Tabbatha;Weide;Tabbatha.Weide@yopmail.com;1993-11-27
Alameda;Gilmour;Alameda.Gilmour@yopmail.com;1970-10-11
Sadie;Merriott;Sadie.Merriott@yopmail.com;2000-07-06
Valli;Demitria;Valli.Demitria@yopmail.com;2016-09-30
Mireielle;Carbo;Mireielle.Carbo@yopmail.com;1910-09-15
Amelia;Franza;Amelia.Franza@yopmail.com;1973-10-06
Catrina;Gladstone;Catrina.Gladstone@yopmail.com;2003-11-17
Jaclyn;Jefferey;Jaclyn.Jefferey@yopmail.com;1974-08-23
Melisent;Alabaster;Melisent.Alabaster@yopmail.com;1938-10-07
Carmencita;Auberbach;Carmencita.Auberbach@yopmail.com;1931-03-07
Mignon;Seessel;Mignon.Seessel@yopmail.com;2004-03-29
Rosanne;McNully;Rosanne.McNully@yopmail.com;2019-12-26
Tobe;Hoenack;Tobe.Hoenack@yopmail.com;1962-09-13
Micheline;Sibyls;Micheline.Sibyls@yopmail.com;2017-04-29
Goldie;Callista;Goldie.Callista@yopmail.com;1983-10-23
Coral;Japeth;Coral.Japeth@yopmail.com;1904-03-16
Lucy;Audly;Lucy.Audly@yopmail.com;1939-05-18
Joleen;Nunci;Joleen.Nunci@yopmail.com;1922-07-07
Dione;An;Dione.An@yopmail.com;1909-06-12
Brooks;Delacourt;Brooks.Delacourt@yopmail.com;1981-05-07
Gabi;Afton;Gabi.Afton@yopmail.com;2018-02-15
Consuela;Thunell;Consuela.Thunell@yopmail.com;1995-03-08
Corly;Cimbura;Corly.Cimbura@yopmail.com;1916-11-25
Lucy;Waldron;Lucy.Waldron@yopmail.com;2007-12-08
Josephine;Burch;Josephine.Burch@yopmail.com;1983-11-30
Norine;Cecile;Norine.Cecile@yopmail.com;1980-04-09
Kaia;Zenas;Kaia.Zenas@yopmail.com;1901-12-27
Glynnis;Cassius;Glynnis.Cassius@yopmail.com;1904-07-18
Selma;Kiersten;Selma.Kiersten@yopmail.com;1974-03-01
Giustina;Tamar;Giustina.Tamar@yopmail.com;1906-03-29
Valeda;Trace;Valeda.Trace@yopmail.com;2019-03-02
Jorry;Alabaster;Jorry.Alabaster@yopmail.com;1984-10-05
Barbi;Maisey;Barbi.Maisey@yopmail.com;1968-03-24
Roslyn;Guildroy;Roslyn.Guildroy@yopmail.com;2004-02-18
Cristabel;Borrell;Cristabel.Borrell@yopmail.com;1986-05-29
Arlina;Sibyls;Arlina.Sibyls@yopmail.com;1996-12-31
Dorothy;Nerita;Dorothy.Nerita@yopmail.com;2009-03-03
Doro;Ephrem;Doro.Ephrem@yopmail.com;1931-07-29
Nicoli;Podvin;Nicoli.Podvin@yopmail.com;1917-08-11
Catharine;Caitlin;Catharine.Caitlin@yopmail.com;1953-07-29
Ann-Marie;Isidore;Ann-Marie.Isidore@yopmail.com;1956-07-17
Susan;Maiah;Susan.Maiah@yopmail.com;1934-06-07
Dede;Pernick;Dede.Pernick@yopmail.com;1931-10-28
Verla;Chapland;Verla.Chapland@yopmail.com;1998-10-11
Tarra;Auberbach;Tarra.Auberbach@yopmail.com;1992-11-20
Carree;Poll;Carree.Poll@yopmail.com;1918-12-15
Drucie;Brenn;Drucie.Brenn@yopmail.com;1979-09-17
Minda;Hepsibah;Minda.Hepsibah@yopmail.com;1977-01-08
Mamie;Brackely;Mamie.Brackely@yopmail.com;1936-12-24
Allis;Vacuva;Allis.Vacuva@yopmail.com;1910-08-04
Merle;Avi;Merle.Avi@yopmail.com;2001-05-18
Candy;Atonsah;Candy.Atonsah@yopmail.com;2014-10-26
Kimberley;Nunci;Kimberley.Nunci@yopmail.com;1988-07-13
Sidoney;Brieta;Sidoney.Brieta@yopmail.com;2008-11-21
Ardys;Gilbertson;Ardys.Gilbertson@yopmail.com;2006-02-18
Winifred;Fredi;Winifred.Fredi@yopmail.com;1920-07-08
Justinn;Pandolfi;Justinn.Pandolfi@yopmail.com;1927-04-18
Bee;Nedrud;Bee.Nedrud@yopmail.com;1995-12-08
Jean;Buckler;Jean.Buckler@yopmail.com;1950-12-05
Sabina;Hoban;Sabina.Hoban@yopmail.com;1936-01-31
Mara;Shelba;Mara.Shelba@yopmail.com;1987-07-23
Evita;Allys;Evita.Allys@yopmail.com;1955-10-21
Pierette;Papageno;Pierette.Papageno@yopmail.com;1900-12-31
Felice;Maribeth;Felice.Maribeth@yopmail.com;1918-12-02
Ruthe;Allare;Ruthe.Allare@yopmail.com;1932-09-24
Betta;Ruvolo;Betta.Ruvolo@yopmail.com;2007-04-22
Magdalena;Poppy;Magdalena.Poppy@yopmail.com;1900-03-17
Fanny;Seumas;Fanny.Seumas@yopmail.com;1963-07-14
Danika;Estella;Danika.Estella@yopmail.com;1943-04-20
Nonnah;Pillsbury;Nonnah.Pillsbury@yopmail.com;2000-11-20
Audrie;Melan;Audrie.Melan@yopmail.com;1922-02-08
Theodora;Xerxes;Theodora.Xerxes@yopmail.com;1985-05-05
Karlee;Diogenes;Karlee.Diogenes@yopmail.com;1988-10-29
Gaylene;Reinke;Gaylene.Reinke@yopmail.com;1943-06-09
Delilah;Ezar;Delilah.Ezar@yopmail.com;2003-10-14
Kayla;Narton;Kayla.Narton@yopmail.com;1980-01-22
Justinn;Bakerman;Justinn.Bakerman@yopmail.com;1984-09-01
Shirlee;Chaing;Shirlee.Chaing@yopmail.com;1965-09-27
Yolane;Blase;Yolane.Blase@yopmail.com;1942-03-23
Kamilah;Latini;Kamilah.Latini@yopmail.com;1971-09-19
Dede;Hanleigh;Dede.Hanleigh@yopmail.com;1990-07-16
Cordi;Wallis;Cordi.Wallis@yopmail.com;1924-12-23
Emylee;An;Emylee.An@yopmail.com;1942-06-01
Nadine;Mozelle;Nadine.Mozelle@yopmail.com;1958-02-06
Eve;Marisa;Eve.Marisa@yopmail.com;1929-03-03
Arlina;Abram;Arlina.Abram@yopmail.com;2000-08-05
Gisela;Clarissa;Gisela.Clarissa@yopmail.com;1953-10-28
Concettina;Ackerley;Concettina.Ackerley@yopmail.com;1989-07-22
Lacie;Eiser;Lacie.Eiser@yopmail.com;1946-01-23
Nollie;Pitt;Nollie.Pitt@yopmail.com;1964-06-25
Elora;Margret;Elora.Margret@yopmail.com;1936-05-09
Valeda;Roxanna;Valeda.Roxanna@yopmail.com;2011-08-05
Margarette;Pascia;Margarette.Pascia@yopmail.com;1954-01-28
Gavrielle;Amand;Gavrielle.Amand@yopmail.com;1912-09-20
Wilma;Barney;Wilma.Barney@yopmail.com;1955-12-15
Tabbatha;Elbertina;Tabbatha.Elbertina@yopmail.com;1904-10-01
Zaria;Laurianne;Zaria.Laurianne@yopmail.com;1931-08-03
Wileen;Eugenia;Wileen.Eugenia@yopmail.com;1903-02-21
Tatiania;Duwalt;Tatiania.Duwalt@yopmail.com;1908-09-10
Tamqrah;Pillsbury;Tamqrah.Pillsbury@yopmail.com;1988-04-05
Albertina;Linehan;Albertina.Linehan@yopmail.com;1981-01-05
Eolanda;Sherfield;Eolanda.Sherfield@yopmail.com;1999-12-13
Hallie;Susannah;Hallie.Susannah@yopmail.com;1997-09-22
Willetta;Tamsky;Willetta.Tamsky@yopmail.com;1964-06-09
Lexine;Tacye;Lexine.Tacye@yopmail.com;2012-04-11
Ariela;Skurnik;Ariela.Skurnik@yopmail.com;1923-06-06
Zondra;Mott;Zondra.Mott@yopmail.com;1945-10-01
Mallory;Gower;Mallory.Gower@yopmail.com;1908-12-25
Zsa Zsa;Tarrant;Zsa Zsa.Tarrant@yopmail.com;2019-09-01
Jessy;Nester;Jessy.Nester@yopmail.com;1995-01-27
Marleah;Valerio;Marleah.Valerio@yopmail.com;1944-04-05
Lorne;Weitman;Lorne.Weitman@yopmail.com;1924-08-23
Lily;Ramona;Lily.Ramona@yopmail.com;1956-05-19
Georgina;Jacinda;Georgina.Jacinda@yopmail.com;1984-09-06
Albertina;Engdahl;Albertina.Engdahl@yopmail.com;1926-11-24
Alisha;Goode;Alisha.Goode@yopmail.com;1976-08-26
Layla;Delp;Layla.Delp@yopmail.com;1903-12-26
Belinda;Wittie;Belinda.Wittie@yopmail.com;1987-04-22
Alia;Bethany;Alia.Bethany@yopmail.com;1950-09-21
Mara;Ellord;Mara.Ellord@yopmail.com;1981-05-21
Elyssa;Emmy;Elyssa.Emmy@yopmail.com;1956-03-29
Barbi;Elo;Barbi.Elo@yopmail.com;1912-07-10
Viviene;Cornelia;Viviene.Cornelia@yopmail.com;1949-03-18
Ellette;Couture;Ellette.Couture@yopmail.com;1920-07-27
Modestia;Linskey;Modestia.Linskey@yopmail.com;1916-10-27
Merci;Tacye;Merci.Tacye@yopmail.com;1950-10-18
Ninnetta;Burnside;Ninnetta.Burnside@yopmail.com;1964-04-07
Halette;Edison;Halette.Edison@yopmail.com;1911-02-03
Nicoli;Diogenes;Nicoli.Diogenes@yopmail.com;1991-06-06
Joy;Nore;Joy.Nore@yopmail.com;1938-05-14
Maisey;Kimmie;Maisey.Kimmie@yopmail.com;1947-08-09
Nannie;Hamil;Nannie.Hamil@yopmail.com;1940-12-19
Keelia;Jacqui;Keelia.Jacqui@yopmail.com;2004-11-05
Roslyn;Bennie;Roslyn.Bennie@yopmail.com;1963-04-22
Dacia;Clywd;Dacia.Clywd@yopmail.com;1932-10-06
Albertina;Madaih;Albertina.Madaih@yopmail.com;1908-07-27
Judy;Paine;Judy.Paine@yopmail.com;1960-06-28
Rozele;Yorick;Rozele.Yorick@yopmail.com;1996-03-03
Shannah;Norrie;Shannah.Norrie@yopmail.com;1934-08-20
Britni;Goldina;Britni.Goldina@yopmail.com;2018-03-14
Talya;Bord;Talya.Bord@yopmail.com;2016-12-30
Ashlee;Jarib;Ashlee.Jarib@yopmail.com;2013-08-30
Madeleine;Alabaster;Madeleine.Alabaster@yopmail.com;1980-04-11
Ana;Voletta;Ana.Voletta@yopmail.com;1952-11-30
Leontine;Sandye;Leontine.Sandye@yopmail.com;1939-12-28
Daryl;Nahum;Daryl.Nahum@yopmail.com;1963-06-20
Sissy;Earlie;Sissy.Earlie@yopmail.com;1940-05-30
Fayre;Claudine;Fayre.Claudine@yopmail.com;1942-08-12
Liana;Atcliffe;Liana.Atcliffe@yopmail.com;1959-03-22
Leontine;Berne;Leontine.Berne@yopmail.com;1952-10-18
Dede;Cosenza;Dede.Cosenza@yopmail.com;1997-04-17
Lonnie;Melony;Lonnie.Melony@yopmail.com;1976-07-11
Alejandra;Amasa;Alejandra.Amasa@yopmail.com;2011-03-18
Dyann;Bebe;Dyann.Bebe@yopmail.com;1900-06-28
Antonietta;Raul;Antonietta.Raul@yopmail.com;1904-07-03
Clo;Old;Clo.Old@yopmail.com;1972-04-08
Johna;Hashim;Johna.Hashim@yopmail.com;1985-03-04
Millie;Redmond;Millie.Redmond@yopmail.com;1983-04-25
Ermengarde;Orlene;Ermengarde.Orlene@yopmail.com;1952-07-18
Lanna;Vary;Lanna.Vary@yopmail.com;1903-12-11
Gwenneth;Guildroy;Gwenneth.Guildroy@yopmail.com;1915-05-25
Albertina;Hedve;Albertina.Hedve@yopmail.com;1963-08-18
Annabela;Gherardo;Annabela.Gherardo@yopmail.com;1917-12-15
Cecile;Lilybelle;Cecile.Lilybelle@yopmail.com;1959-06-19
Glynnis;Cassius;Glynnis.Cassius@yopmail.com;1988-08-30
Margarette;Cordi;Margarette.Cordi@yopmail.com;1945-06-19
Cam;Casimir;Cam.Casimir@yopmail.com;1938-09-25
Lelah;Salchunas;Lelah.Salchunas@yopmail.com;1912-12-30
Feliza;Dudley;Feliza.Dudley@yopmail.com;1969-11-06
Coral;Durante;Coral.Durante@yopmail.com;1965-07-05
Lanna;Skurnik;Lanna.Skurnik@yopmail.com;1962-03-03
Priscilla;Wareing;Priscilla.Wareing@yopmail.com;1954-02-14
Monika;Fax;Monika.Fax@yopmail.com;1900-09-08
Evita;Havens;Evita.Havens@yopmail.com;1967-09-02
Dulce;Cohdwell;Dulce.Cohdwell@yopmail.com;2014-11-21
Gloria;Erminia;Gloria.Erminia@yopmail.com;1979-08-08
Kimmy;Honoria;Kimmy.Honoria@yopmail.com;1982-04-09
Molli;Hurley;Molli.Hurley@yopmail.com;1959-03-20
Jorry;Ciapas;Jorry.Ciapas@yopmail.com;1992-09-13
Catharine;Ferino;Catharine.Ferino@yopmail.com;2014-03-03
Arlena;Philipp;Arlena.Philipp@yopmail.com;1923-07-08
Belva;Mitzi;Belva.Mitzi@yopmail.com;1910-08-09
Lulita;Thomasina;Lulita.Thomasina@yopmail.com;2013-04-09
Renie;Sheedy;Renie.Sheedy@yopmail.com;1922-08-19
Mamie;Zamora;Mamie.Zamora@yopmail.com;1996-12-03
Tilly;Ilka;Tilly.Ilka@yopmail.com;1964-08-24
Candy;Bates;Candy.Bates@yopmail.com;1974-01-01
Krystle;Grobe;Krystle.Grobe@yopmail.com;1951-10-09
Krystle;Gwenore;Krystle.Gwenore@yopmail.com;2018-03-21
Laurene;Mauer;Laurene.Mauer@yopmail.com;1927-03-05
Meghann;Charmine;Meghann.Charmine@yopmail.com;1965-09-01
Debee;Ursulette;Debee.Ursulette@yopmail.com;1938-06-01
Ulrike;Knowling;Ulrike.Knowling@yopmail.com;2009-10-09
Neila;Kat;Neila.Kat@yopmail.com;1968-09-30
Minne;Meter;Minne.Meter@yopmail.com;1963-12-12
Queenie;Hull;Queenie.Hull@yopmail.com;1908-11-02
Zaria;Adlare;Zaria.Adlare@yopmail.com;1968-07-23
Nonnah;Pond;Nonnah.Pond@yopmail.com;1935-12-18
Celestyna;Raffo;Celestyna.Raffo@yopmail.com;1907-10-18
Sybille;Aida;Sybille.Aida@yopmail.com;1914-11-17
Regina;Blase;Regina.Blase@yopmail.com;1927-12-08
Ellette;Weinreb;Ellette.Weinreb@yopmail.com;2016-09-22
Phedra;Odell;Phedra.Odell@yopmail.com;1994-11-11
Karina;Giff;Karina.Giff@yopmail.com;1926-03-28
Aili;Peonir;Aili.Peonir@yopmail.com;1938-06-20
Fredericka;Harl;Fredericka.Harl@yopmail.com;1957-04-19
Shauna;Fairweather;Shauna.Fairweather@yopmail.com;1958-08-14
Jessy;Koehler;Jessy.Koehler@yopmail.com;1944-09-04
Kerrin;Lorenz;Kerrin.Lorenz@yopmail.com;1937-05-14
Mildrid;Alva;Mildrid.Alva@yopmail.com;1933-02-25
Aurore;Tillford;Aurore.Tillford@yopmail.com;1904-03-01
Misha;Cavan;Misha.Cavan@yopmail.com;2014-10-18
Addia;Geffner;Addia.Geffner@yopmail.com;1918-05-23
Chickie;Turne;Chickie.Turne@yopmail.com;1983-05-25
Karina;Kaja;Karina.Kaja@yopmail.com;1972-05-22
Wynne;Crudden;Wynne.Crudden@yopmail.com;1903-08-19
Ethel;Avi;Ethel.Avi@yopmail.com;1929-03-16
Tani;Latini;Tani.Latini@yopmail.com;2006-11-07
Asia;Creamer;Asia.Creamer@yopmail.com;1998-08-01
Bertine;Schalles;Bertine.Schalles@yopmail.com;1985-01-30
Farrah;Waldron;Farrah.Waldron@yopmail.com;1903-08-06
Claresta;Publia;Claresta.Publia@yopmail.com;1982-08-19
Tarra;Carleen;Tarra.Carleen@yopmail.com;1907-08-06
Karly;Sprage;Karly.Sprage@yopmail.com;2007-07-11
Maisey;Florina;Maisey.Florina@yopmail.com;1958-09-02
Dione;Pip;Dione.Pip@yopmail.com;1969-03-09
Bee;Ochs;Bee.Ochs@yopmail.com;1936-07-12
Kara-Lynn;Kesley;Kara-Lynn.Kesley@yopmail.com;1961-07-16
Vivia;O'Rourke;Vivia.O'Rourke@yopmail.com;1913-04-15
Caryl;Xerxes;Caryl.Xerxes@yopmail.com;1927-04-30
Rebeca;Primalia;Rebeca.Primalia@yopmail.com;2006-07-12
Vivia;Winthorpe;Vivia.Winthorpe@yopmail.com;1963-08-11
Sarette;Stilwell;Sarette.Stilwell@yopmail.com;1905-03-31
Silvana;Erlandson;Silvana.Erlandson@yopmail.com;1968-12-21
Camile;Annabella;Camile.Annabella@yopmail.com;2015-02-09
Joeann;Pyle;Joeann.Pyle@yopmail.com;2017-02-27
Tani;Loeb;Tani.Loeb@yopmail.com;1997-11-04
Karena;Ludewig;Karena.Ludewig@yopmail.com;2003-08-07
Merci;Trey;Merci.Trey@yopmail.com;1978-11-23
Mady;Vary;Mady.Vary@yopmail.com;1971-09-07
Kirbee;Leopold;Kirbee.Leopold@yopmail.com;1959-02-20
Teriann;Riordan;Teriann.Riordan@yopmail.com;1938-02-12
Winny;Suzetta;Winny.Suzetta@yopmail.com;1966-03-01
Blinni;Lesley;Blinni.Lesley@yopmail.com;2009-02-17
Shaine;Roscoe;Shaine.Roscoe@yopmail.com;1925-10-21
Roz;Yusuk;Roz.Yusuk@yopmail.com;2006-10-14
Molli;Gavrila;Molli.Gavrila@yopmail.com;1943-12-24
Laurene;Elisha;Laurene.Elisha@yopmail.com;1938-07-17
Jaclyn;Arvo;Jaclyn.Arvo@yopmail.com;2008-02-22
Isa;Bibi;Isa.Bibi@yopmail.com;1938-03-21
Gale;Pip;Gale.Pip@yopmail.com;2017-08-05
Kaia;Stefa;Kaia.Stefa@yopmail.com;1932-01-29
Marjie;Chesna;Marjie.Chesna@yopmail.com;1912-11-05
Lesly;Melleta;Lesly.Melleta@yopmail.com;1963-06-01
Claresta;Yusuk;Claresta.Yusuk@yopmail.com;1955-10-29
Oralee;Carri;Oralee.Carri@yopmail.com;1997-03-19
Xylina;Douglass;Xylina.Douglass@yopmail.com;1929-06-11
Beth;Jorgan;Beth.Jorgan@yopmail.com;1902-07-02
Lorenza;Trey;Lorenza.Trey@yopmail.com;1979-07-01
Neila;Bertold;Neila.Bertold@yopmail.com;1980-12-30
Ilse;Belldas;Ilse.Belldas@yopmail.com;1912-01-14
Teriann;Adore;Teriann.Adore@yopmail.com;1919-02-14
Glenda;Pulsifer;Glenda.Pulsifer@yopmail.com;2005-04-09
Alyssa;Berl;Alyssa.Berl@yopmail.com;1991-12-30
Pamella;Beebe;Pamella.Beebe@yopmail.com;1987-06-05
Marinna;McGrody;Marinna.McGrody@yopmail.com;1979-11-24
Kalina;Cath;Kalina.Cath@yopmail.com;1923-04-19
Konstance;Rosemary;Konstance.Rosemary@yopmail.com;1905-01-01
Correy;Alejoa;Correy.Alejoa@yopmail.com;1908-06-14
Fawne;Fiester;Fawne.Fiester@yopmail.com;2003-05-31
Hildegaard;Amethist;Hildegaard.Amethist@yopmail.com;1918-10-31
Jenilee;Stevy;Jenilee.Stevy@yopmail.com;1970-03-13
Cam;Kenwood;Cam.Kenwood@yopmail.com;1934-01-11
Tina;Wu;Tina.Wu@yopmail.com;1968-09-03
Sonni;Linehan;Sonni.Linehan@yopmail.com;2010-09-29
Marcy;Brian;Marcy.Brian@yopmail.com;1949-06-24
Ilse;Lissi;Ilse.Lissi@yopmail.com;1935-05-26
Gavrielle;Clara;Gavrielle.Clara@yopmail.com;1909-07-17
Glenda;Carleen;Glenda.Carleen@yopmail.com;1947-11-19
Lynde;Standing;Lynde.Standing@yopmail.com;1903-08-07
Devina;Arley;Devina.Arley@yopmail.com;1910-01-19
Arlena;Solitta;Arlena.Solitta@yopmail.com;1961-10-13
Natka;Ferino;Natka.Ferino@yopmail.com;2017-01-09
Moyna;McAdams;Moyna.McAdams@yopmail.com;1975-09-14
Grier;Ricarda;Grier.Ricarda@yopmail.com;1918-10-31
Farrah;Uird;Farrah.Uird@yopmail.com;2000-10-25
Therine;Hourigan;Therine.Hourigan@yopmail.com;1967-08-10
Benita;Orpah;Benita.Orpah@yopmail.com;2008-08-31
Gwyneth;Daegal;Gwyneth.Daegal@yopmail.com;2017-01-08
Minda;Wenda;Minda.Wenda@yopmail.com;1957-03-20
Hallie;Erb;Hallie.Erb@yopmail.com;2019-04-27
Emylee;Calhoun;Emylee.Calhoun@yopmail.com;2012-02-21
Lily;Buttaro;Lily.Buttaro@yopmail.com;1902-07-26
Hermione;Himelman;Hermione.Himelman@yopmail.com;1901-09-19
Karina;Jefferey;Karina.Jefferey@yopmail.com;1950-09-05
Alleen;Eugenia;Alleen.Eugenia@yopmail.com;1993-05-16
Deloria;Delp;Deloria.Delp@yopmail.com;1945-06-25
Rebeca;Hurley;Rebeca.Hurley@yopmail.com;1968-05-16
Margalo;Gamaliel;Margalo.Gamaliel@yopmail.com;1991-12-20
Karly;Shanley;Karly.Shanley@yopmail.com;1931-04-19
Carmela;Christine;Carmela.Christine@yopmail.com;1922-08-28
Gianina;Stacy;Gianina.Stacy@yopmail.com;1916-07-29
Kathy;Baudin;Kathy.Baudin@yopmail.com;1913-07-03
Kassey;Kirbee;Kassey.Kirbee@yopmail.com;1903-09-24
Lizzie;Madelene;Lizzie.Madelene@yopmail.com;1989-04-05
Silvana;Pyle;Silvana.Pyle@yopmail.com;1907-03-18
Camile;Lumbard;Camile.Lumbard@yopmail.com;2006-07-26
Rani;Sparhawk;Rani.Sparhawk@yopmail.com;1971-04-20
Vita;Afton;Vita.Afton@yopmail.com;1965-09-30
Frances;Mike;Frances.Mike@yopmail.com;1926-07-04
Alexine;Johnsson;Alexine.Johnsson@yopmail.com;1900-05-13
Candy;Alisia;Candy.Alisia@yopmail.com;1929-05-05
Helsa;Latini;Helsa.Latini@yopmail.com;2008-08-31
Marylou;Henrie;Marylou.Henrie@yopmail.com;1967-06-01
Kirbee;Lowry;Kirbee.Lowry@yopmail.com;1914-07-28
Paule;Mata;Paule.Mata@yopmail.com;1947-07-15
Priscilla;Kiyoshi;Priscilla.Kiyoshi@yopmail.com;2019-02-15
Sue;Weitman;Sue.Weitman@yopmail.com;1996-08-05
Katuscha;Chick;Katuscha.Chick@yopmail.com;2002-02-03
Nyssa;Nore;Nyssa.Nore@yopmail.com;1922-12-17
Almeta;Olympium;Almeta.Olympium@yopmail.com;1952-11-10
Adriana;Alfons;Adriana.Alfons@yopmail.com;1919-10-17
Maud;Irmine;Maud.Irmine@yopmail.com;1984-05-01
Atlanta;Thar;Atlanta.Thar@yopmail.com;1933-08-22
Roxane;Fosque;Roxane.Fosque@yopmail.com;1986-01-19
Suzette;Carleen;Suzette.Carleen@yopmail.com;1980-03-26
Violet;Baylor;Violet.Baylor@yopmail.com;2000-06-19
Keelia;Mandler;Keelia.Mandler@yopmail.com;1930-02-12
Kaja;Tybald;Kaja.Tybald@yopmail.com;1990-05-01
Laure;Schalles;Laure.Schalles@yopmail.com;1986-04-19
Tonia;Wooster;Tonia.Wooster@yopmail.com;1927-05-08
Clo;Eugenia;Clo.Eugenia@yopmail.com;1919-10-15
Estell;Lea;Estell.Lea@yopmail.com;1988-09-21
Melisent;Annice;Melisent.Annice@yopmail.com;1945-11-11
Charlena;Atonsah;Charlena.Atonsah@yopmail.com;1918-03-05
Chrystel;Meli;Chrystel.Meli@yopmail.com;2017-03-11
Ofilia;Norrie;Ofilia.Norrie@yopmail.com;1910-10-17
Shaylyn;Iphlgenia;Shaylyn.Iphlgenia@yopmail.com;2001-12-02
Stephanie;Weitman;Stephanie.Weitman@yopmail.com;1908-12-24
Gavrielle;Gilmour;Gavrielle.Gilmour@yopmail.com;1972-03-06
Zondra;Keily;Zondra.Keily@yopmail.com;2003-01-02
Thalia;Brian;Thalia.Brian@yopmail.com;1949-10-27
Nadine;Schwejda;Nadine.Schwejda@yopmail.com;2014-04-30
Florie;Harned;Florie.Harned@yopmail.com;2007-09-16
Joane;Teddman;Joane.Teddman@yopmail.com;2007-03-20
Jan;Frendel;Jan.Frendel@yopmail.com;1981-08-23
Cathyleen;Kelula;Cathyleen.Kelula@yopmail.com;1925-02-24
Chandra;Chesna;Chandra.Chesna@yopmail.com;1943-03-28
Elena;Weitman;Elena.Weitman@yopmail.com;1999-07-04
Bee;Eiser;Bee.Eiser@yopmail.com;1943-07-26
Ezmeralda;Dorothy;Ezmeralda.Dorothy@yopmail.com;1965-12-24
Christian;Kaja;Christian.Kaja@yopmail.com;1977-10-18
Nataline;Haerr;Nataline.Haerr@yopmail.com;1978-01-25
Jaime;Ammann;Jaime.Ammann@yopmail.com;1974-10-25
Nonnah;Seumas;Nonnah.Seumas@yopmail.com;1941-11-27
Linzy;Bandeen;Linzy.Bandeen@yopmail.com;1959-03-26
Clo;Lowry;Clo.Lowry@yopmail.com;1974-11-05
Gertrud;Gombach;Gertrud.Gombach@yopmail.com;1987-04-08
Tiffie;Koziara;Tiffie.Koziara@yopmail.com;1966-10-30
Tobe;Genna;Tobe.Genna@yopmail.com;1991-07-18
Ericka;Warthman;Ericka.Warthman@yopmail.com;1954-01-26
Sophia;Waite;Sophia.Waite@yopmail.com;1975-01-17
Britni;Orlene;Britni.Orlene@yopmail.com;1978-11-15
Andree;Raimondo;Andree.Raimondo@yopmail.com;1941-09-24
Karina;McAdams;Karina.McAdams@yopmail.com;1909-09-09
Theodora;Joachim;Theodora.Joachim@yopmail.com;2005-08-06
Joy;Reidar;Joy.Reidar@yopmail.com;2013-01-14
Regina;Sheedy;Regina.Sheedy@yopmail.com;1958-08-22
Danika;Standing;Danika.Standing@yopmail.com;1958-11-05
Alameda;Phaidra;Alameda.Phaidra@yopmail.com;1939-05-02
Lilith;Eliathas;Lilith.Eliathas@yopmail.com;1960-12-30
Ileana;Sekofski;Ileana.Sekofski@yopmail.com;1975-06-26
Hermione;Thornburg;Hermione.Thornburg@yopmail.com;1907-07-16
Margette;Harl;Margette.Harl@yopmail.com;1982-07-05
Roslyn;Jerold;Roslyn.Jerold@yopmail.com;2011-11-16
Cecile;Edee;Cecile.Edee@yopmail.com;2014-11-30
Di;Hylan;Di.Hylan@yopmail.com;1982-08-04
Hollie;Screens;Hollie.Screens@yopmail.com;1955-02-02
Roslyn;Kauppi;Roslyn.Kauppi@yopmail.com;1905-04-25
Agathe;Grimbly;Agathe.Grimbly@yopmail.com;1916-03-23
Roseline;Hourigan;Roseline.Hourigan@yopmail.com;1956-07-29
Jeanna;Amasa;Jeanna.Amasa@yopmail.com;1914-05-05
Grier;Papageno;Grier.Papageno@yopmail.com;1916-05-12
Daune;Brian;Daune.Brian@yopmail.com;1911-03-17
Morganica;Magdalen;Morganica.Magdalen@yopmail.com;1934-03-18
Maryellen;Pyle;Maryellen.Pyle@yopmail.com;1946-06-04
Margarette;Auberbach;Margarette.Auberbach@yopmail.com;1946-05-27
Ekaterina;Peonir;Ekaterina.Peonir@yopmail.com;2013-06-27
Lenna;Peonir;Lenna.Peonir@yopmail.com;1918-02-07
Inga;Guildroy;Inga.Guildroy@yopmail.com;1953-09-08
Ginnie;Kolnick;Ginnie.Kolnick@yopmail.com;1987-12-07
Zondra;Burnside;Zondra.Burnside@yopmail.com;1998-07-23
Deirdre;Radu;Deirdre.Radu@yopmail.com;1941-05-05
Donnie;Keelia;Donnie.Keelia@yopmail.com;1967-03-29
Hollie;Elsinore;Hollie.Elsinore@yopmail.com;2003-11-24
Lesly;Eiser;Lesly.Eiser@yopmail.com;1984-11-21
Bobinette;Toor;Bobinette.Toor@yopmail.com;1995-06-20
Romona;Loring;Romona.Loring@yopmail.com;1934-03-20
Sindee;Hunfredo;Sindee.Hunfredo@yopmail.com;1915-03-10
Aili;Garrison;Aili.Garrison@yopmail.com;1928-06-14
Vanessa;Ammann;Vanessa.Ammann@yopmail.com;1944-02-08
Henriette;Lorain;Henriette.Lorain@yopmail.com;1939-12-15
Caressa;Leifeste;Caressa.Leifeste@yopmail.com;2015-04-24
Tarra;Emmy;Tarra.Emmy@yopmail.com;1979-06-06
Ulrike;Janith;Ulrike.Janith@yopmail.com;2016-10-10
Farrah;Aldric;Farrah.Aldric@yopmail.com;1912-02-22
Fredericka;Hubert;Fredericka.Hubert@yopmail.com;1996-10-12
Anthia;Pulsifer;Anthia.Pulsifer@yopmail.com;1915-07-03
Iseabal;Sundin;Iseabal.Sundin@yopmail.com;1941-06-07
Ketti;Suk;Ketti.Suk@yopmail.com;2004-02-05
Adelle;Presber;Adelle.Presber@yopmail.com;1982-11-05
Kirbee;Junie;Kirbee.Junie@yopmail.com;2009-11-06
Merci;Ajay;Merci.Ajay@yopmail.com;1917-01-17
Sharlene;Ophelia;Sharlene.Ophelia@yopmail.com;1930-06-16
Dolli;Shields;Dolli.Shields@yopmail.com;1940-09-10
Fidelia;Fax;Fidelia.Fax@yopmail.com;1946-05-07
Heida;Bergman;Heida.Bergman@yopmail.com;1970-03-23
Larine;Land;Larine.Land@yopmail.com;1987-03-09
Katharina;Gavrila;Katharina.Gavrila@yopmail.com;1929-08-19
Beverley;Byrne;Beverley.Byrne@yopmail.com;1951-12-14
Desirae;Chobot;Desirae.Chobot@yopmail.com;1922-01-10
Elora;Publia;Elora.Publia@yopmail.com;1951-05-10
Jessy;Rona;Jessy.Rona@yopmail.com;1999-10-13
Justinn;Marsden;Justinn.Marsden@yopmail.com;1999-04-02
Celestyna;Aurelio;Celestyna.Aurelio@yopmail.com;1937-11-24
Eve;Koziara;Eve.Koziara@yopmail.com;1983-05-29
Tybie;Sothena;Tybie.Sothena@yopmail.com;2017-11-26
Lenna;Laurianne;Lenna.Laurianne@yopmail.com;1950-05-12
Lesly;Rugen;Lesly.Rugen@yopmail.com;1964-07-14
Tomasina;Lalitta;Tomasina.Lalitta@yopmail.com;1937-09-12
Zaria;Weide;Zaria.Weide@yopmail.com;1922-06-17
Mara;Lucienne;Mara.Lucienne@yopmail.com;1988-03-29
Coral;Mott;Coral.Mott@yopmail.com;1992-02-06
Benita;Phaidra;Benita.Phaidra@yopmail.com;1997-11-27
Nickie;Muriel;Nickie.Muriel@yopmail.com;1914-09-10
Veda;Gillan;Veda.Gillan@yopmail.com;2011-09-05
Vinita;Loring;Vinita.Loring@yopmail.com;1949-06-09
Harmonia;Noelyn;Harmonia.Noelyn@yopmail.com;1972-07-08
Joy;Hubert;Joy.Hubert@yopmail.com;1902-06-18
Imojean;Buckler;Imojean.Buckler@yopmail.com;1927-06-04
Danika;Marisa;Danika.Marisa@yopmail.com;1958-05-20
Arabel;Jorgan;Arabel.Jorgan@yopmail.com;1992-03-08
Rochette;Durante;Rochette.Durante@yopmail.com;1926-11-21
Dede;Aaberg;Dede.Aaberg@yopmail.com;1985-07-31
Delilah;Allina;Delilah.Allina@yopmail.com;1939-08-16
Ottilie;Engdahl;Ottilie.Engdahl@yopmail.com;2004-05-11
Lonnie;Garlinda;Lonnie.Garlinda@yopmail.com;1931-01-07
Morganica;Isidore;Morganica.Isidore@yopmail.com;1942-07-24
Kimmy;Haymes;Kimmy.Haymes@yopmail.com;1903-09-23
Teriann;Granoff;Teriann.Granoff@yopmail.com;1933-07-24
Gloria;Felizio;Gloria.Felizio@yopmail.com;1931-01-25
Marsiella;Cressida;Marsiella.Cressida@yopmail.com;1905-06-16
Bee;Si;Bee.Si@yopmail.com;1953-04-22
Averyl;Marden;Averyl.Marden@yopmail.com;1943-06-01
Jacquetta;Bandeen;Jacquetta.Bandeen@yopmail.com;1913-02-01
Ilse;Cynar;Ilse.Cynar@yopmail.com;1934-08-16
Brianna;Nea;Brianna.Nea@yopmail.com;1936-06-12
Ezmeralda;Sharl;Ezmeralda.Sharl@yopmail.com;1956-02-17
Candi;Eugenia;Candi.Eugenia@yopmail.com;1900-08-09
Ayn;Angelis;Ayn.Angelis@yopmail.com;1908-03-06
Clarice;Durware;Clarice.Durware@yopmail.com;1938-04-22
Siana;Roarke;Siana.Roarke@yopmail.com;1939-09-22
Hollie;Wenda;Hollie.Wenda@yopmail.com;1927-11-27
Dagmar;Rocray;Dagmar.Rocray@yopmail.com;2007-02-23
Ketti;Muriel;Ketti.Muriel@yopmail.com;2004-05-07
Dione;Cimbura;Dione.Cimbura@yopmail.com;1901-06-04
Gisela;Bartlett;Gisela.Bartlett@yopmail.com;1956-05-22
Tomasina;Jess;Tomasina.Jess@yopmail.com;1939-12-27
Verla;Skell;Verla.Skell@yopmail.com;1984-01-25
Aubrie;Gabrielli;Aubrie.Gabrielli@yopmail.com;2002-04-06
Bill;Ethban;Bill.Ethban@yopmail.com;1922-09-22
Glenda;Fry;Glenda.Fry@yopmail.com;1951-04-26
Jean;Malanie;Jean.Malanie@yopmail.com;2008-01-17
Margalo;Brackely;Margalo.Brackely@yopmail.com;1917-08-14
Giustina;Ietta;Giustina.Ietta@yopmail.com;1938-02-15
Clary;Fleeta;Clary.Fleeta@yopmail.com;2013-07-03
Catrina;Ursulette;Catrina.Ursulette@yopmail.com;1943-01-30
Lilith;Manolo;Lilith.Manolo@yopmail.com;1970-09-23
Selia;Gilbertson;Selia.Gilbertson@yopmail.com;1935-11-26
Barbi;Chem;Barbi.Chem@yopmail.com;1979-11-28
Vinita;Warthman;Vinita.Warthman@yopmail.com;1992-04-24
Abbie;Carmena;Abbie.Carmena@yopmail.com;1913-08-15
Joy;Toni;Joy.Toni@yopmail.com;1968-04-04
Neila;Francene;Neila.Francene@yopmail.com;1961-02-15
Sissy;Camden;Sissy.Camden@yopmail.com;2001-07-24
Fanny;Prouty;Fanny.Prouty@yopmail.com;1940-08-09
Esmeralda;Tippets;Esmeralda.Tippets@yopmail.com;1935-03-05
Loree;Leffen;Loree.Leffen@yopmail.com;1963-07-13
Claudina;Corilla;Claudina.Corilla@yopmail.com;1945-10-14
Ernesta;Deny;Ernesta.Deny@yopmail.com;1905-03-15
Lorenza;Medrek;Lorenza.Medrek@yopmail.com;1987-10-31
Arlina;Anestassia;Arlina.Anestassia@yopmail.com;1992-10-28
Di;Merna;Di.Merna@yopmail.com;1919-08-30
Tobe;Florina;Tobe.Florina@yopmail.com;1959-04-29
Hyacinthe;Poppy;Hyacinthe.Poppy@yopmail.com;1946-07-05
Joleen;Pauly;Joleen.Pauly@yopmail.com;2011-09-11
Gabriellia;Natica;Gabriellia.Natica@yopmail.com;1969-10-16
Alleen;Cosenza;Alleen.Cosenza@yopmail.com;1923-10-06
Sadie;Kannry;Sadie.Kannry@yopmail.com;1915-08-06
Shandie;Penelopa;Shandie.Penelopa@yopmail.com;1913-01-27
Janis;Odysseus;Janis.Odysseus@yopmail.com;1975-03-06
Gaylene;Kalinda;Gaylene.Kalinda@yopmail.com;2003-02-12
Arlena;Amadas;Arlena.Amadas@yopmail.com;1913-09-07
Alisha;Pelagias;Alisha.Pelagias@yopmail.com;1945-09-24
Bill;Sheng;Bill.Sheng@yopmail.com;1985-04-21
Ilse;Audly;Ilse.Audly@yopmail.com;1910-01-14
Kamilah;Silvan;Kamilah.Silvan@yopmail.com;1958-01-21
Aimil;Nahum;Aimil.Nahum@yopmail.com;1992-01-28
Sybille;Chobot;Sybille.Chobot@yopmail.com;1912-01-30
Jean;Skell;Jean.Skell@yopmail.com;1913-11-24
Kaja;Ricki;Kaja.Ricki@yopmail.com;1941-07-27
Brietta;Gaulin;Brietta.Gaulin@yopmail.com;1974-10-05
Melanie;Read;Melanie.Read@yopmail.com;1938-12-25
Esmeralda;Lorain;Esmeralda.Lorain@yopmail.com;1933-05-14
Halette;Monk;Halette.Monk@yopmail.com;1977-11-08
Merle;Autrey;Merle.Autrey@yopmail.com;1975-08-17
Sindee;Hanshaw;Sindee.Hanshaw@yopmail.com;1990-03-31
Charissa;Reneta;Charissa.Reneta@yopmail.com;2010-09-16
Rubie;Gilmour;Rubie.Gilmour@yopmail.com;1931-10-09
Nyssa;Mike;Nyssa.Mike@yopmail.com;1966-06-05
Beth;Glenden;Beth.Glenden@yopmail.com;1945-11-29
Gloria;Raffo;Gloria.Raffo@yopmail.com;1928-06-21
Belinda;Rudolph;Belinda.Rudolph@yopmail.com;1970-09-24
Dale;Swigart;Dale.Swigart@yopmail.com;2000-06-22
Starla;Natica;Starla.Natica@yopmail.com;2018-11-09
Phylis;Konyn;Phylis.Konyn@yopmail.com;2017-03-10
Misha;Friede;Misha.Friede@yopmail.com;2003-09-18
Stephanie;Woodberry;Stephanie.Woodberry@yopmail.com;1910-02-06
Sidoney;Tomasina;Sidoney.Tomasina@yopmail.com;1904-01-26
Paulita;McGrody;Paulita.McGrody@yopmail.com;1908-06-27
Celisse;Bobbee;Celisse.Bobbee@yopmail.com;1941-06-10
Adele;Khorma;Adele.Khorma@yopmail.com;1994-10-02
Drucie;Ursulette;Drucie.Ursulette@yopmail.com;1947-09-14
Jenilee;Ellerey;Jenilee.Ellerey@yopmail.com;2005-05-02
Doro;Radu;Doro.Radu@yopmail.com;2012-11-05
Tomasina;Lucienne;Tomasina.Lucienne@yopmail.com;1905-08-24
Ronna;Henrie;Ronna.Henrie@yopmail.com;1970-08-16
Amalie;Jacobah;Amalie.Jacobah@yopmail.com;1946-06-27
Tatiania;Lowry;Tatiania.Lowry@yopmail.com;2016-08-14
Misha;Zrike;Misha.Zrike@yopmail.com;1956-09-24
Evita;Brieta;Evita.Brieta@yopmail.com;1957-08-11
Britni;Heisel;Britni.Heisel@yopmail.com;1925-01-07
Fernande;Leopold;Fernande.Leopold@yopmail.com;1978-10-16
Ulrike;Neva;Ulrike.Neva@yopmail.com;1980-06-30
Basia;Carlson;Basia.Carlson@yopmail.com;2002-01-03
Renie;Clie;Renie.Clie@yopmail.com;1977-02-04
Sue;Justinn;Sue.Justinn@yopmail.com;1909-09-10
Gilligan;Vacuva;Gilligan.Vacuva@yopmail.com;1989-10-09
Barbara;Fadiman;Barbara.Fadiman@yopmail.com;2008-08-22
Shaine;Carmena;Shaine.Carmena@yopmail.com;1959-01-13
Fidelia;Longfellow;Fidelia.Longfellow@yopmail.com;1915-08-29
Fredericka;Nelsen;Fredericka.Nelsen@yopmail.com;1930-11-12
Hallie;Stevy;Hallie.Stevy@yopmail.com;1984-02-04
Hettie;Kevon;Hettie.Kevon@yopmail.com;2005-12-17
Elora;Carlson;Elora.Carlson@yopmail.com;1991-12-29
Thalia;Chinua;Thalia.Chinua@yopmail.com;1978-04-06
Mathilda;Fulmer;Mathilda.Fulmer@yopmail.com;1990-11-27
Genevra;Ruvolo;Genevra.Ruvolo@yopmail.com;1968-07-18
Angelique;Si;Angelique.Si@yopmail.com;1996-01-09
Alexine;Andrel;Alexine.Andrel@yopmail.com;1984-06-23
Phylis;Nahum;Phylis.Nahum@yopmail.com;1902-01-28
Fredericka;Rogerio;Fredericka.Rogerio@yopmail.com;1985-01-20
Bobinette;Trey;Bobinette.Trey@yopmail.com;1939-09-04
Marline;Roarke;Marline.Roarke@yopmail.com;1996-09-24
Lucy;Lindemann;Lucy.Lindemann@yopmail.com;1977-11-04
Maridel;Gerge;Maridel.Gerge@yopmail.com;1940-12-27
Phedra;Middleton;Phedra.Middleton@yopmail.com;1987-11-08
Sabina;Strephon;Sabina.Strephon@yopmail.com;1978-10-20
Louella;Rolf;Louella.Rolf@yopmail.com;2015-07-29
Mellicent;Rosemary;Mellicent.Rosemary@yopmail.com;2008-09-02
Shel;Fontana;Shel.Fontana@yopmail.com;1940-09-28
Karly;Fiester;Karly.Fiester@yopmail.com;1907-02-14
Cyndie;Whiffen;Cyndie.Whiffen@yopmail.com;1995-03-24
Glynnis;Fiester;Glynnis.Fiester@yopmail.com;1931-06-08
Anthia;Wadell;Anthia.Wadell@yopmail.com;1968-08-26
Tomasina;Chabot;Tomasina.Chabot@yopmail.com;1909-10-28
Alyssa;Abram;Alyssa.Abram@yopmail.com;2011-01-16
Lelah;Girardo;Lelah.Girardo@yopmail.com;1927-09-16
Clary;Emanuel;Clary.Emanuel@yopmail.com;1993-01-03
Ana;Greenwald;Ana.Greenwald@yopmail.com;1965-11-29
Augustine;Giff;Augustine.Giff@yopmail.com;1944-07-24
Rosanne;Frodi;Rosanne.Frodi@yopmail.com;1992-02-12
Perry;Norrie;Perry.Norrie@yopmail.com;1993-09-27
Ardeen;Tyson;Ardeen.Tyson@yopmail.com;1916-11-18
Livvyy;Ralfston;Livvyy.Ralfston@yopmail.com;1988-03-31
Vanessa;Fitzsimmons;Vanessa.Fitzsimmons@yopmail.com;1959-06-11
Veda;Sigfrid;Veda.Sigfrid@yopmail.com;2017-01-12
Bernardine;Tatianas;Bernardine.Tatianas@yopmail.com;1988-10-22
Lynnea;Sasnett;Lynnea.Sasnett@yopmail.com;2008-03-11
Lilith;Dermott;Lilith.Dermott@yopmail.com;2001-12-24
Cathyleen;Salvidor;Cathyleen.Salvidor@yopmail.com;1900-12-05
Carree;Felizio;Carree.Felizio@yopmail.com;1912-11-24
Kirbee;Laverne;Kirbee.Laverne@yopmail.com;1964-06-04
Catharine;Bibi;Catharine.Bibi@yopmail.com;2013-09-18
Cassandra;Tatianas;Cassandra.Tatianas@yopmail.com;2013-03-21
Aimil;Schwejda;Aimil.Schwejda@yopmail.com;1967-10-20
Deloria;Leonard;Deloria.Leonard@yopmail.com;1988-09-19
Deedee;Ruvolo;Deedee.Ruvolo@yopmail.com;1901-09-16
Millie;Teddman;Millie.Teddman@yopmail.com;2016-04-01
Coral;Dex;Coral.Dex@yopmail.com;1902-09-20
Addia;Darian;Addia.Darian@yopmail.com;1998-03-14
Donnie;Constancy;Donnie.Constancy@yopmail.com;1921-07-17
Linzy;Wallis;Linzy.Wallis@yopmail.com;1906-01-27
Gwyneth;Westphal;Gwyneth.Westphal@yopmail.com;1901-11-08
Myrtice;Sholley;Myrtice.Sholley@yopmail.com;1972-12-30
Margarette;Egbert;Margarette.Egbert@yopmail.com;1993-05-15
Jobi;Gaulin;Jobi.Gaulin@yopmail.com;1946-06-22
Almeta;Oscar;Almeta.Oscar@yopmail.com;2019-01-24
Kate;Amethist;Kate.Amethist@yopmail.com;1915-09-26
Therine;Ax;Therine.Ax@yopmail.com;1995-07-05
Justinn;Stelle;Justinn.Stelle@yopmail.com;1908-12-12
Eve;Othilia;Eve.Othilia@yopmail.com;1936-01-12
Belva;Dorcy;Belva.Dorcy@yopmail.com;1978-05-05
Ofilia;Alva;Ofilia.Alva@yopmail.com;1933-06-19
Kellen;Faria;Kellen.Faria@yopmail.com;1987-05-08
Berta;Germann;Berta.Germann@yopmail.com;1954-10-05
Merle;Morrill;Merle.Morrill@yopmail.com;1911-10-19
Atlanta;Martsen;Atlanta.Martsen@yopmail.com;1925-08-30
Mellicent;Hermes;Mellicent.Hermes@yopmail.com;1986-08-07
Nyssa;Johanna;Nyssa.Johanna@yopmail.com;1962-08-07
Gretal;Strephon;Gretal.Strephon@yopmail.com;2012-04-28
Ruthe;Dunkin;Ruthe.Dunkin@yopmail.com;1968-02-05
Eve;Ciro;Eve.Ciro@yopmail.com;1965-06-28
Trixi;Erlandson;Trixi.Erlandson@yopmail.com;2011-03-12
Ericka;Gamaliel;Ericka.Gamaliel@yopmail.com;1929-01-21
Misha;Payson;Misha.Payson@yopmail.com;1926-07-12
Caritta;Aprile;Caritta.Aprile@yopmail.com;1929-07-23
Gilda;Forrer;Gilda.Forrer@yopmail.com;1936-07-17
Selia;Bibi;Selia.Bibi@yopmail.com;1956-06-09
Marinna;Dowski;Marinna.Dowski@yopmail.com;1949-03-15
Nerta;Heisel;Nerta.Heisel@yopmail.com;2014-04-22
Noelle;Ammann;Noelle.Ammann@yopmail.com;1921-04-04
Marti;Hamil;Marti.Hamil@yopmail.com;1973-04-14
Damaris;Wyn;Damaris.Wyn@yopmail.com;1945-08-24
Janis;Ilka;Janis.Ilka@yopmail.com;1965-07-20
Kassey;Leifeste;Kassey.Leifeste@yopmail.com;1983-07-17
Doralynne;Horan;Doralynne.Horan@yopmail.com;2013-05-09
Dacia;Cullin;Dacia.Cullin@yopmail.com;1980-11-04
Carmencita;Marlie;Carmencita.Marlie@yopmail.com;1936-08-21
Sarette;Rocray;Sarette.Rocray@yopmail.com;1942-09-02
Bobinette;Tiffa;Bobinette.Tiffa@yopmail.com;2006-01-04
Mariann;Sallyann;Mariann.Sallyann@yopmail.com;1989-10-15
Blondelle;Bollay;Blondelle.Bollay@yopmail.com;1930-06-30
Fawne;Hathaway;Fawne.Hathaway@yopmail.com;1915-12-04
Tera;Montgomery;Tera.Montgomery@yopmail.com;1954-03-20
Stacey;Robertson;Stacey.Robertson@yopmail.com;1972-01-19
Cassondra;Marsden;Cassondra.Marsden@yopmail.com;1996-09-26
Mariele;Felizio;Mariele.Felizio@yopmail.com;1939-01-19
Steffane;Markman;Steffane.Markman@yopmail.com;1901-09-11
Genovera;Huggins;Genovera.Huggins@yopmail.com;1930-01-01
Starla;Dorcy;Starla.Dorcy@yopmail.com;2005-09-11
Bobinette;Adlare;Bobinette.Adlare@yopmail.com;1953-03-25
Roslyn;Marcellus;Roslyn.Marcellus@yopmail.com;1914-12-06
Ebonee;Eugenia;Ebonee.Eugenia@yopmail.com;1976-12-14
Annabela;Darian;Annabela.Darian@yopmail.com;1921-08-27
Rayna;Ader;Rayna.Ader@yopmail.com;1919-08-22
Katuscha;Randene;Katuscha.Randene@yopmail.com;1987-01-25
Bobinette;Lilybelle;Bobinette.Lilybelle@yopmail.com;2005-01-12
Dorene;Casimir;Dorene.Casimir@yopmail.com;1900-01-14
Edyth;Zaslow;Edyth.Zaslow@yopmail.com;1956-11-29
Suzette;Ackerley;Suzette.Ackerley@yopmail.com;2013-01-12
Sarette;Laverne;Sarette.Laverne@yopmail.com;1962-11-21
Heddie;Trace;Heddie.Trace@yopmail.com;1996-09-27
Barbara;Joseph;Barbara.Joseph@yopmail.com;1916-02-17
Tabbatha;Borrell;Tabbatha.Borrell@yopmail.com;1933-03-09
Pierette;Yorick;Pierette.Yorick@yopmail.com;1953-10-19
Carilyn;Jacqui;Carilyn.Jacqui@yopmail.com;1977-01-03
Tatiania;Fink;Tatiania.Fink@yopmail.com;1947-01-05
Kate;Schlosser;Kate.Schlosser@yopmail.com;1958-11-14
Luci;Nikaniki;Luci.Nikaniki@yopmail.com;1902-09-04
Dorice;Janith;Dorice.Janith@yopmail.com;1985-12-21
Ketti;Xerxes;Ketti.Xerxes@yopmail.com;1958-07-21
Tatiania;Lubin;Tatiania.Lubin@yopmail.com;1970-03-17
Alex;Poppy;Alex.Poppy@yopmail.com;1984-10-03
Paola;Carey;Paola.Carey@yopmail.com;1993-02-24
Debee;Ammann;Debee.Ammann@yopmail.com;1987-07-10
Ira;Freddi;Ira.Freddi@yopmail.com;2010-09-18
Joeann;Jillane;Joeann.Jillane@yopmail.com;1921-10-28
Hettie;Wyn;Hettie.Wyn@yopmail.com;1964-09-20
Lusa;Mozelle;Lusa.Mozelle@yopmail.com;1997-10-12
Alie;Bach;Alie.Bach@yopmail.com;1969-11-25
Helena;Edmund;Helena.Edmund@yopmail.com;1968-08-13
Margalo;Brandice;Margalo.Brandice@yopmail.com;1934-06-21
Cathie;Seessel;Cathie.Seessel@yopmail.com;2006-04-03
Correy;Trey;Correy.Trey@yopmail.com;2002-08-22
Pierette;Cherianne;Pierette.Cherianne@yopmail.com;1999-10-18
Annecorinne;Charity;Annecorinne.Charity@yopmail.com;1902-12-18
Justinn;Braun;Justinn.Braun@yopmail.com;2014-06-05
Nicoli;Lutero;Nicoli.Lutero@yopmail.com;2000-04-05
Sadie;Germann;Sadie.Germann@yopmail.com;1979-10-22
Ulrike;Sawtelle;Ulrike.Sawtelle@yopmail.com;2019-05-20
Dawn;Vivle;Dawn.Vivle@yopmail.com;1941-02-23
Valeda;Loring;Valeda.Loring@yopmail.com;1992-02-02
Kelly;Bearnard;Kelly.Bearnard@yopmail.com;1913-08-24
Tiffie;Anselmi;Tiffie.Anselmi@yopmail.com;2010-02-17
Maryellen;Braun;Maryellen.Braun@yopmail.com;1902-06-11
Verla;Leifeste;Verla.Leifeste@yopmail.com;1930-01-08
Isa;Goth;Isa.Goth@yopmail.com;1990-08-02
Brana;Dorcy;Brana.Dorcy@yopmail.com;1972-07-21
Sheree;Dichy;Sheree.Dichy@yopmail.com;1928-02-27
Laurene;Lunsford;Laurene.Lunsford@yopmail.com;1918-09-24
Laurene;Byrne;Laurene.Byrne@yopmail.com;1937-07-25
Selma;Atcliffe;Selma.Atcliffe@yopmail.com;1993-10-14
Carmencita;Rustice;Carmencita.Rustice@yopmail.com;1997-03-13
Zia;Lorenz;Zia.Lorenz@yopmail.com;1972-06-19
Neila;Tyson;Neila.Tyson@yopmail.com;1966-05-11
Farrah;Cristi;Farrah.Cristi@yopmail.com;2011-10-09
Dolli;Merna;Dolli.Merna@yopmail.com;1961-09-01
Jennica;Sophronia;Jennica.Sophronia@yopmail.com;1903-05-15
Wileen;Autrey;Wileen.Autrey@yopmail.com;1945-01-07
Dode;Rossner;Dode.Rossner@yopmail.com;1908-07-06
Morganica;Drus;Morganica.Drus@yopmail.com;1959-12-10
Ofilia;Rossner;Ofilia.Rossner@yopmail.com;1907-12-10
Stacey;Hertzfeld;Stacey.Hertzfeld@yopmail.com;1939-10-07
Elyssa;Gombach;Elyssa.Gombach@yopmail.com;1940-09-25
Kore;Malanie;Kore.Malanie@yopmail.com;1964-09-11
Jany;Dorine;Jany.Dorine@yopmail.com;1991-07-03
Rani;Beebe;Rani.Beebe@yopmail.com;1935-07-10
Marylou;Harriman;Marylou.Harriman@yopmail.com;1990-10-22
Thalia;Pitt;Thalia.Pitt@yopmail.com;1914-06-30
Kara-Lynn;Zeeba;Kara-Lynn.Zeeba@yopmail.com;1955-03-28
Alex;Elsinore;Alex.Elsinore@yopmail.com;1970-07-02
Augustine;Hoenack;Augustine.Hoenack@yopmail.com;2003-09-29
Carlie;Randene;Carlie.Randene@yopmail.com;1928-05-27
Nariko;Greenwald;Nariko.Greenwald@yopmail.com;1954-08-14
Maridel;Auberbach;Maridel.Auberbach@yopmail.com;1919-03-02
Ketti;Brandice;Ketti.Brandice@yopmail.com;2010-12-24
Dolli;Chesna;Dolli.Chesna@yopmail.com;1907-05-28
Sidoney;Joli;Sidoney.Joli@yopmail.com;1958-10-11
Vivia;Albertine;Vivia.Albertine@yopmail.com;1976-11-30
Etta;Alcott;Etta.Alcott@yopmail.com;1914-03-21
Charmaine;Karna;Charmaine.Karna@yopmail.com;1921-07-31
Jessy;Maroney;Jessy.Maroney@yopmail.com;1966-03-26
Cristabel;Anis;Cristabel.Anis@yopmail.com;1965-11-11
Janeczka;Mallon;Janeczka.Mallon@yopmail.com;2006-11-22
Ashlee;Barrus;Ashlee.Barrus@yopmail.com;1910-08-05
Demetris;Pascia;Demetris.Pascia@yopmail.com;1902-10-17
Adele;Rocray;Adele.Rocray@yopmail.com;2000-01-07
Sallie;Smitt;Sallie.Smitt@yopmail.com;2000-11-11
Fredericka;Hurley;Fredericka.Hurley@yopmail.com;1930-04-17
Chloris;Crudden;Chloris.Crudden@yopmail.com;2013-09-11
Melanie;Delp;Melanie.Delp@yopmail.com;1916-12-18
Kenna;Hazlett;Kenna.Hazlett@yopmail.com;1966-01-12
Pollyanna;Aida;Pollyanna.Aida@yopmail.com;1982-08-28
Tomasina;Vanni;Tomasina.Vanni@yopmail.com;1997-06-08
Vinita;Francene;Vinita.Francene@yopmail.com;1983-06-12
Sam;Primalia;Sam.Primalia@yopmail.com;2012-06-28
Melisent;Mike;Melisent.Mike@yopmail.com;1969-05-13
Marnia;Kauppi;Marnia.Kauppi@yopmail.com;2011-10-13
Hermione;Naor;Hermione.Naor@yopmail.com;1907-09-20
Leia;Kesley;Leia.Kesley@yopmail.com;1996-05-02
Valeda;Chesna;Valeda.Chesna@yopmail.com;1973-06-09
Cindelyn;Jacqui;Cindelyn.Jacqui@yopmail.com;1911-04-25
Adriana;Ilka;Adriana.Ilka@yopmail.com;1936-11-26
Berta;Shelba;Berta.Shelba@yopmail.com;1947-07-26
Christian;Shanley;Christian.Shanley@yopmail.com;2007-01-13
Perry;Milson;Perry.Milson@yopmail.com;1991-09-30
Tera;Hortensia;Tera.Hortensia@yopmail.com;1927-05-08
Ezmeralda;Leler;Ezmeralda.Leler@yopmail.com;1949-05-12
Stevana;Daegal;Stevana.Daegal@yopmail.com;1999-12-05
Marcy;Jefferey;Marcy.Jefferey@yopmail.com;1911-10-15
Felice;Eliathas;Felice.Eliathas@yopmail.com;1999-12-25
Misha;Durware;Misha.Durware@yopmail.com;1932-01-02
Lolita;Frendel;Lolita.Frendel@yopmail.com;1990-10-28
Diena;Revkah;Diena.Revkah@yopmail.com;1967-09-20
Lorne;Lowry;Lorne.Lowry@yopmail.com;1969-02-18
Millie;Lilas;Millie.Lilas@yopmail.com;1979-01-08
Genevra;Bebe;Genevra.Bebe@yopmail.com;1929-03-10
Alie;Halsey;Alie.Halsey@yopmail.com;1901-08-12
Silvana;Tound;Silvana.Tound@yopmail.com;1973-10-28
Donnie;Hessler;Donnie.Hessler@yopmail.com;1972-12-26
Ann-Marie;Koehler;Ann-Marie.Koehler@yopmail.com;1961-08-08
Maridel;Durante;Maridel.Durante@yopmail.com;1943-09-20
Viviene;Brunell;Viviene.Brunell@yopmail.com;1996-06-05
Ann-Marie;Adamsen;Ann-Marie.Adamsen@yopmail.com;1983-08-06
Tina;Burch;Tina.Burch@yopmail.com;1929-09-08
Genevra;Woodberry;Genevra.Woodberry@yopmail.com;1977-12-04
Concettina;Hutchison;Concettina.Hutchison@yopmail.com;1958-05-24
Dulcinea;Lasley;Dulcinea.Lasley@yopmail.com;1996-02-21
Emmey;Rhu;Emmey.Rhu@yopmail.com;1901-09-16
Nessie;Percy;Nessie.Percy@yopmail.com;1999-12-09
Rori;Sammons;Rori.Sammons@yopmail.com;1947-03-26
Adele;Ferino;Adele.Ferino@yopmail.com;1975-08-31
Layla;Old;Layla.Old@yopmail.com;1940-05-23
Josephine;Haldas;Josephine.Haldas@yopmail.com;1920-01-26
Ofilia;Edison;Ofilia.Edison@yopmail.com;1941-12-06
Demetris;Dominy;Demetris.Dominy@yopmail.com;1995-05-31