firstname;lastname;email;Field Name
Starla;Kare;Starla.Kare@yopmail.com;1946-05-08
Dianemarie;Carleen;Dianemarie.Carleen@yopmail.com;2011-05-25
Tarra;Emanuel;Tarra.Emanuel@yopmail.com;1974-06-28
Michaelina;Donoghue;Michaelina.Donoghue@yopmail.com;1928-07-30
Giustina;Paine;Giustina.Paine@yopmail.com;1917-02-10
Cordi;Bohlin;Cordi.Bohlin@yopmail.com;1984-12-20
Correy;Sinegold;Correy.Sinegold@yopmail.com;1968-10-16
Gui;Abram;Gui.Abram@yopmail.com;1967-11-30
Belinda;Niles;Belinda.Niles@yopmail.com;1975-04-17
Jemie;Orpah;Jemie.Orpah@yopmail.com;1942-10-11
Thalia;Lytton;Thalia.Lytton@yopmail.com;1918-03-28
Merrie;Madox;Merrie.Madox@yopmail.com;1981-12-13
Melisent;Thunell;Melisent.Thunell@yopmail.com;1923-07-31
Meriel;Luhe;Meriel.Luhe@yopmail.com;2019-07-10
Bee;Bari;Bee.Bari@yopmail.com;1952-07-17
Angela;Bakerman;Angela.Bakerman@yopmail.com;2016-10-18
Bernardine;Bobbee;Bernardine.Bobbee@yopmail.com;1966-08-01
Myriam;Albertine;Myriam.Albertine@yopmail.com;1998-11-11
Dianemarie;Colp;Dianemarie.Colp@yopmail.com;1966-06-12
Elena;Milson;Elena.Milson@yopmail.com;1970-09-20
Sean;Crudden;Sean.Crudden@yopmail.com;1998-12-19
Misha;Baylor;Misha.Baylor@yopmail.com;1920-11-05
Gui;Sabella;Gui.Sabella@yopmail.com;1929-09-23
Queenie;Ralfston;Queenie.Ralfston@yopmail.com;1969-12-25
Aurore;Tannie;Aurore.Tannie@yopmail.com;1916-05-28
Laure;Ehrman;Laure.Ehrman@yopmail.com;1910-06-29
Jean;Anis;Jean.Anis@yopmail.com;1981-07-27
Celestyna;Colbert;Celestyna.Colbert@yopmail.com;1920-08-29
Corene;Zina;Corene.Zina@yopmail.com;1917-08-26
Lanae;Parsaye;Lanae.Parsaye@yopmail.com;1954-07-30
Daune;Gaspard;Daune.Gaspard@yopmail.com;1969-02-28
Nita;Hailee;Nita.Hailee@yopmail.com;2017-06-15
Pearline;Millda;Pearline.Millda@yopmail.com;1925-03-13
Caritta;Maribeth;Caritta.Maribeth@yopmail.com;1980-09-10
Lynde;Wilona;Lynde.Wilona@yopmail.com;2011-10-29
Corry;Idelia;Corry.Idelia@yopmail.com;2010-04-23
Candy;Ingra;Candy.Ingra@yopmail.com;1946-05-06
Carolina;Codding;Carolina.Codding@yopmail.com;1984-12-30
Gertrud;Bow;Gertrud.Bow@yopmail.com;2007-02-09
Christal;Rossner;Christal.Rossner@yopmail.com;1999-05-09
Thalia;Kinnard;Thalia.Kinnard@yopmail.com;1909-09-19
Berta;Alejoa;Berta.Alejoa@yopmail.com;1939-09-18
Renie;Tamsky;Renie.Tamsky@yopmail.com;1934-10-15
Fanchon;Gibbeon;Fanchon.Gibbeon@yopmail.com;2008-02-22
Carree;Tiffa;Carree.Tiffa@yopmail.com;1910-03-31
Libbie;Dom;Libbie.Dom@yopmail.com;1968-10-19
Sam;Larochelle;Sam.Larochelle@yopmail.com;1963-05-05
Shirlee;Ovid;Shirlee.Ovid@yopmail.com;1936-02-21
Lorenza;Pascia;Lorenza.Pascia@yopmail.com;1922-11-23
Norine;Susannah;Norine.Susannah@yopmail.com;2019-01-16
Leontine;Ellord;Leontine.Ellord@yopmail.com;1976-03-30
Kylynn;Fleeta;Kylynn.Fleeta@yopmail.com;1961-12-17
Cathie;Capello;Cathie.Capello@yopmail.com;1904-10-27
Wendi;Dorine;Wendi.Dorine@yopmail.com;1928-03-24
Louella;Helve;Louella.Helve@yopmail.com;2000-09-10
Frieda;Felizio;Frieda.Felizio@yopmail.com;1925-01-15
Tybie;Desai;Tybie.Desai@yopmail.com;1905-10-02
Kamilah;Berriman;Kamilah.Berriman@yopmail.com;1924-03-16
Roberta;Connelly;Roberta.Connelly@yopmail.com;1952-08-26
Violet;Agle;Violet.Agle@yopmail.com;1916-03-23
Linet;Jobi;Linet.Jobi@yopmail.com;1919-01-26
Ira;Obed;Ira.Obed@yopmail.com;2010-02-16
Antonietta;Milson;Antonietta.Milson@yopmail.com;1953-12-18
Jordan;Brandice;Jordan.Brandice@yopmail.com;1993-12-16
Elie;Lenny;Elie.Lenny@yopmail.com;1982-11-05
Genevra;Hanshaw;Genevra.Hanshaw@yopmail.com;1990-07-10
Allyce;Huggins;Allyce.Huggins@yopmail.com;2013-11-25
Marti;Sherrie;Marti.Sherrie@yopmail.com;2005-01-16
Maridel;Swanhildas;Maridel.Swanhildas@yopmail.com;2016-03-04
Blinni;Atcliffe;Blinni.Atcliffe@yopmail.com;1980-12-09
Stevana;Ruvolo;Stevana.Ruvolo@yopmail.com;1964-12-24
Eve;Chrystel;Eve.Chrystel@yopmail.com;1916-05-26
Latisha;Hurley;Latisha.Hurley@yopmail.com;1920-01-27
Kirstin;Natica;Kirstin.Natica@yopmail.com;2008-11-07
Clarice;Federica;Clarice.Federica@yopmail.com;1909-02-25
Edee;Seagraves;Edee.Seagraves@yopmail.com;1921-06-28
Marcelline;Oneida;Marcelline.Oneida@yopmail.com;1975-07-10
Penelopa;Thornburg;Penelopa.Thornburg@yopmail.com;2010-05-27
Tomasina;Brenn;Tomasina.Brenn@yopmail.com;1944-01-28
Ofilia;Colp;Ofilia.Colp@yopmail.com;1999-02-05
Damaris;Nicoline;Damaris.Nicoline@yopmail.com;1968-08-22
Jere;Vernier;Jere.Vernier@yopmail.com;2010-12-15
Gilligan;Mike;Gilligan.Mike@yopmail.com;1977-02-04
Gilda;Hilbert;Gilda.Hilbert@yopmail.com;1960-09-29
Yetty;Dalli;Yetty.Dalli@yopmail.com;1909-01-25
Arabel;Koziara;Arabel.Koziara@yopmail.com;1974-06-02
Penelopa;Bari;Penelopa.Bari@yopmail.com;1955-09-12
Pamella;Frendel;Pamella.Frendel@yopmail.com;1932-08-09
Olwen;Boehike;Olwen.Boehike@yopmail.com;1927-05-16
Sarette;Yorick;Sarette.Yorick@yopmail.com;1913-03-08
Lexine;Louanna;Lexine.Louanna@yopmail.com;1982-08-25
Miquela;Bibi;Miquela.Bibi@yopmail.com;1944-10-01
Tina;Serilda;Tina.Serilda@yopmail.com;2003-11-29
Ira;Joli;Ira.Joli@yopmail.com;1994-03-02
Anica;Egbert;Anica.Egbert@yopmail.com;1937-08-21
Leanna;Kosey;Leanna.Kosey@yopmail.com;1967-04-26
Benita;Whiffen;Benita.Whiffen@yopmail.com;1989-09-13
Livvyy;Goddard;Livvyy.Goddard@yopmail.com;1962-04-12
Janenna;Judye;Janenna.Judye@yopmail.com;1994-10-07
Perry;Wareing;Perry.Wareing@yopmail.com;2017-09-30
Annaliese;Harl;Annaliese.Harl@yopmail.com;1964-09-26
Rayna;Margarete;Rayna.Margarete@yopmail.com;1938-05-22
Dianemarie;Marisa;Dianemarie.Marisa@yopmail.com;1951-10-05
Sue;Brunell;Sue.Brunell@yopmail.com;2000-05-01
Brandise;Juan;Brandise.Juan@yopmail.com;1955-07-01
Janenna;Zola;Janenna.Zola@yopmail.com;1931-03-04
Pierette;Stuart;Pierette.Stuart@yopmail.com;2017-04-21
Joelly;Ball;Joelly.Ball@yopmail.com;1913-04-07
Norine;Juliet;Norine.Juliet@yopmail.com;1915-12-26
Nannie;Oster;Nannie.Oster@yopmail.com;1949-03-22
Georgina;Nicoline;Georgina.Nicoline@yopmail.com;1928-02-01
Jacenta;Rugen;Jacenta.Rugen@yopmail.com;1936-09-13
Odessa;Mata;Odessa.Mata@yopmail.com;1918-01-01
Vinita;Casimir;Vinita.Casimir@yopmail.com;1916-12-23
Eve;Peg;Eve.Peg@yopmail.com;1989-10-03
Jsandye;Arvo;Jsandye.Arvo@yopmail.com;2014-05-15
Bee;Phyllis;Bee.Phyllis@yopmail.com;1917-04-16
Danika;Raimondo;Danika.Raimondo@yopmail.com;1918-01-30
Bernardine;Orelee;Bernardine.Orelee@yopmail.com;2004-02-03
Cissiee;Anestassia;Cissiee.Anestassia@yopmail.com;1926-10-17
Siana;Bartlett;Siana.Bartlett@yopmail.com;1962-08-26
Jerry;Merna;Jerry.Merna@yopmail.com;2002-07-16
Caressa;Elbertina;Caressa.Elbertina@yopmail.com;1979-05-11
Ivett;Dichy;Ivett.Dichy@yopmail.com;1937-04-29
Olivette;Vharat;Olivette.Vharat@yopmail.com;1998-12-02
Consuela;Fleeta;Consuela.Fleeta@yopmail.com;1921-09-30
Thalia;Han;Thalia.Han@yopmail.com;1996-11-04
Brooks;Federica;Brooks.Federica@yopmail.com;1941-11-22
Tierney;Morehouse;Tierney.Morehouse@yopmail.com;1957-08-06
Corry;Berriman;Corry.Berriman@yopmail.com;1931-01-17
Ricky;Orpah;Ricky.Orpah@yopmail.com;1931-07-21
Linet;Velick;Linet.Velick@yopmail.com;1938-03-01
Rochette;Ciro;Rochette.Ciro@yopmail.com;1995-05-28
Ginnie;Germann;Ginnie.Germann@yopmail.com;2012-12-22
Jean;Calhoun;Jean.Calhoun@yopmail.com;1973-12-13
Kalina;Maurine;Kalina.Maurine@yopmail.com;2008-08-01
Ivett;Winnick;Ivett.Winnick@yopmail.com;1998-09-11
Cristabel;Zola;Cristabel.Zola@yopmail.com;1918-03-25
Karina;Abernon;Karina.Abernon@yopmail.com;1972-03-09
Blake;Cloris;Blake.Cloris@yopmail.com;1917-11-30
Aili;Oscar;Aili.Oscar@yopmail.com;1940-07-12
Dawn;Dorcy;Dawn.Dorcy@yopmail.com;2009-11-09
Cathyleen;Margret;Cathyleen.Margret@yopmail.com;2016-05-02
Genovera;Alwin;Genovera.Alwin@yopmail.com;1963-04-26
Zondra;Jeanne;Zondra.Jeanne@yopmail.com;2006-04-27
Darci;Sothena;Darci.Sothena@yopmail.com;1999-09-18
Sue;Thema;Sue.Thema@yopmail.com;1939-09-07
Jaclyn;Gamaliel;Jaclyn.Gamaliel@yopmail.com;1973-08-01
Melina;Sheedy;Melina.Sheedy@yopmail.com;1939-08-17
Mildrid;Ventre;Mildrid.Ventre@yopmail.com;1973-10-23
Berta;Anderea;Berta.Anderea@yopmail.com;1955-10-17
Allis;Nerita;Allis.Nerita@yopmail.com;2008-05-25
Berget;Grayce;Berget.Grayce@yopmail.com;1929-02-08
Edith;Toor;Edith.Toor@yopmail.com;2002-06-03
Alameda;Candy;Alameda.Candy@yopmail.com;1994-07-09
Candi;Daniele;Candi.Daniele@yopmail.com;2006-05-15
Kristina;Quent;Kristina.Quent@yopmail.com;1930-10-27
Trudie;Janene;Trudie.Janene@yopmail.com;2004-05-23
Beatriz;Ferrell;Beatriz.Ferrell@yopmail.com;2013-11-01
Mureil;Saunderson;Mureil.Saunderson@yopmail.com;1949-11-13
Aeriela;Harl;Aeriela.Harl@yopmail.com;1943-02-14
Addia;Lia;Addia.Lia@yopmail.com;1938-09-19
Daune;Slifka;Daune.Slifka@yopmail.com;2016-11-25
Doro;Rosemary;Doro.Rosemary@yopmail.com;1968-09-10
Doro;Ackerley;Doro.Ackerley@yopmail.com;1962-11-21
Moyna;Genna;Moyna.Genna@yopmail.com;1966-02-13
Petronia;Syd;Petronia.Syd@yopmail.com;1938-06-20
Blake;Pitt;Blake.Pitt@yopmail.com;1952-08-01
Evaleen;Drus;Evaleen.Drus@yopmail.com;1932-05-12
Wendi;Lumbard;Wendi.Lumbard@yopmail.com;1909-05-10
Rubie;Bartlett;Rubie.Bartlett@yopmail.com;1901-06-28
Penelopa;Gibbeon;Penelopa.Gibbeon@yopmail.com;1937-03-12
Selia;Burkle;Selia.Burkle@yopmail.com;2006-12-17
Kary;Mandler;Kary.Mandler@yopmail.com;1985-10-12
Brianna;Florina;Brianna.Florina@yopmail.com;2015-03-27
Tiffie;Thornburg;Tiffie.Thornburg@yopmail.com;1991-08-04
Sue;Neva;Sue.Neva@yopmail.com;1947-08-14
Jinny;Pauly;Jinny.Pauly@yopmail.com;2011-11-20
Catrina;Rhu;Catrina.Rhu@yopmail.com;1990-10-17
Yvonne;Shanley;Yvonne.Shanley@yopmail.com;1996-03-16
Amii;Fleeta;Amii.Fleeta@yopmail.com;1990-11-28
Isa;Carleen;Isa.Carleen@yopmail.com;1957-11-28
Karena;Westphal;Karena.Westphal@yopmail.com;1927-01-31
Ardys;Briney;Ardys.Briney@yopmail.com;1980-05-16
Lexine;Verger;Lexine.Verger@yopmail.com;1965-03-26
Diena;Parsaye;Diena.Parsaye@yopmail.com;1905-03-24
Sarette;Weaks;Sarette.Weaks@yopmail.com;1973-11-27
Carmencita;Moina;Carmencita.Moina@yopmail.com;1922-07-29
Annaliese;Abram;Annaliese.Abram@yopmail.com;1967-01-13
Demetris;Corabella;Demetris.Corabella@yopmail.com;1954-12-18
Rani;Olympium;Rani.Olympium@yopmail.com;1956-03-02
Gabi;Madaih;Gabi.Madaih@yopmail.com;1970-02-28
Jessy;Suk;Jessy.Suk@yopmail.com;1975-12-03
Stevana;Longfellow;Stevana.Longfellow@yopmail.com;1993-05-14
Allis;Regan;Allis.Regan@yopmail.com;1924-11-22
Reeba;Arathorn;Reeba.Arathorn@yopmail.com;1957-11-19
Marika;Gordon;Marika.Gordon@yopmail.com;1966-11-20
Liana;Woodberry;Liana.Woodberry@yopmail.com;1953-07-28
Tiffie;Kinnard;Tiffie.Kinnard@yopmail.com;1913-05-07
Fanchon;Mallon;Fanchon.Mallon@yopmail.com;2004-08-04
Rhoda;Meli;Rhoda.Meli@yopmail.com;1958-07-28
Betta;Allys;Betta.Allys@yopmail.com;1968-04-22
Codie;Leopold;Codie.Leopold@yopmail.com;1961-05-26
Kirbee;Burch;Kirbee.Burch@yopmail.com;2011-04-09
Shandie;Peg;Shandie.Peg@yopmail.com;2006-01-20
Roxane;Eben;Roxane.Eben@yopmail.com;1903-03-14
Britni;Izaak;Britni.Izaak@yopmail.com;1944-01-18
Tobe;Ingra;Tobe.Ingra@yopmail.com;1935-02-06
Sue;Weitman;Sue.Weitman@yopmail.com;1934-04-16
Rosaline;Hutchison;Rosaline.Hutchison@yopmail.com;2003-02-12
Hope;Maurine;Hope.Maurine@yopmail.com;2016-08-01
Maurene;An;Maurene.An@yopmail.com;2005-05-17
Misha;Naashom;Misha.Naashom@yopmail.com;1909-11-17
Gretal;Maisey;Gretal.Maisey@yopmail.com;1949-02-21
Karina;Tice;Karina.Tice@yopmail.com;2014-05-16
Caritta;Goerke;Caritta.Goerke@yopmail.com;1970-12-03
Agathe;Wesle;Agathe.Wesle@yopmail.com;1980-05-09
Kore;Ruvolo;Kore.Ruvolo@yopmail.com;2002-05-31
Annice;Stanwood;Annice.Stanwood@yopmail.com;1980-09-24
Taffy;Bettine;Taffy.Bettine@yopmail.com;1911-11-09
Tera;Juan;Tera.Juan@yopmail.com;1935-01-08
Marinna;Cynar;Marinna.Cynar@yopmail.com;1933-12-01
Hannis;Anis;Hannis.Anis@yopmail.com;1965-11-05
Zia;Peonir;Zia.Peonir@yopmail.com;1905-03-06
Jillayne;Whittaker;Jillayne.Whittaker@yopmail.com;2001-10-28
Michaelina;Sharl;Michaelina.Sharl@yopmail.com;1906-01-24
Ann-Marie;Pillsbury;Ann-Marie.Pillsbury@yopmail.com;2018-01-01
Lusa;Lorain;Lusa.Lorain@yopmail.com;1982-08-01
Grier;Greenwald;Grier.Greenwald@yopmail.com;1923-09-21
Kylynn;Moina;Kylynn.Moina@yopmail.com;1963-04-11
Drucie;Voletta;Drucie.Voletta@yopmail.com;2004-10-27
Maridel;Taam;Maridel.Taam@yopmail.com;2007-10-20
Rosene;Bigner;Rosene.Bigner@yopmail.com;1984-11-24
Aimil;Bach;Aimil.Bach@yopmail.com;1984-04-07
Nollie;Demitria;Nollie.Demitria@yopmail.com;2017-10-07
Kelly;Vary;Kelly.Vary@yopmail.com;1987-11-21
Orsola;Shuler;Orsola.Shuler@yopmail.com;1934-02-21
Luci;Ferino;Luci.Ferino@yopmail.com;1932-06-12
Selma;Kronfeld;Selma.Kronfeld@yopmail.com;1922-02-08
Deane;Aida;Deane.Aida@yopmail.com;2018-11-02
Claudina;Reidar;Claudina.Reidar@yopmail.com;1951-03-22
Dari;Mallon;Dari.Mallon@yopmail.com;1910-11-03
Gaylene;Diann;Gaylene.Diann@yopmail.com;1935-07-05
Chastity;Timon;Chastity.Timon@yopmail.com;1938-08-14
Starla;Buffum;Starla.Buffum@yopmail.com;1978-12-05
Justinn;Thunell;Justinn.Thunell@yopmail.com;1996-10-27
Mamie;Graig;Mamie.Graig@yopmail.com;1935-02-16
Lizzie;Suzetta;Lizzie.Suzetta@yopmail.com;1919-06-22
Adriana;Marcellus;Adriana.Marcellus@yopmail.com;2010-06-16
Genovera;Malanie;Genovera.Malanie@yopmail.com;1904-01-11
Christian;Malanie;Christian.Malanie@yopmail.com;1956-11-29
Merry;Greyson;Merry.Greyson@yopmail.com;1976-10-06
Melanie;Henebry;Melanie.Henebry@yopmail.com;1979-09-11
Belva;Barbey;Belva.Barbey@yopmail.com;1982-12-08
Magdalena;Trinetta;Magdalena.Trinetta@yopmail.com;1915-01-13
Dari;Harned;Dari.Harned@yopmail.com;2007-05-05
Marylou;Leffen;Marylou.Leffen@yopmail.com;1997-09-23
Blondelle;Blase;Blondelle.Blase@yopmail.com;1969-03-05
Tressa;Dreda;Tressa.Dreda@yopmail.com;1917-01-11
Tera;Wandie;Tera.Wandie@yopmail.com;1914-01-30
Wendi;Tatianas;Wendi.Tatianas@yopmail.com;1919-12-12
Aurelie;Voletta;Aurelie.Voletta@yopmail.com;1914-03-26
Mahalia;Libna;Mahalia.Libna@yopmail.com;1918-03-07
Tori;Callista;Tori.Callista@yopmail.com;1925-12-06
Giustina;Aloise;Giustina.Aloise@yopmail.com;1935-01-13
Gilligan;Yerkovich;Gilligan.Yerkovich@yopmail.com;1978-04-28
Lindie;Stilwell;Lindie.Stilwell@yopmail.com;2006-12-14
Karina;Garlinda;Karina.Garlinda@yopmail.com;2017-04-21
Verla;Hedve;Verla.Hedve@yopmail.com;1971-08-20
Peri;Raseda;Peri.Raseda@yopmail.com;1906-08-19
Debee;Xerxes;Debee.Xerxes@yopmail.com;2015-02-27
Tarra;Gwenore;Tarra.Gwenore@yopmail.com;1908-11-14
Madeleine;Carvey;Madeleine.Carvey@yopmail.com;1984-02-27
Dorthy;Etom;Dorthy.Etom@yopmail.com;1968-08-12
Alisha;Liva;Alisha.Liva@yopmail.com;1930-07-21
Paola;Faro;Paola.Faro@yopmail.com;1907-06-16
Orelia;Gusella;Orelia.Gusella@yopmail.com;1952-12-15
Layla;Miru;Layla.Miru@yopmail.com;1912-10-05
Louella;Nunci;Louella.Nunci@yopmail.com;1931-02-17
Margalo;Sundin;Margalo.Sundin@yopmail.com;1972-08-05
Elena;Grayce;Elena.Grayce@yopmail.com;1934-07-14
Peri;Eben;Peri.Eben@yopmail.com;1929-12-16
Molli;Yorick;Molli.Yorick@yopmail.com;1905-05-27
Steffane;Land;Steffane.Land@yopmail.com;1988-03-03
Berget;Shaddock;Berget.Shaddock@yopmail.com;1941-05-02
Deloria;Autrey;Deloria.Autrey@yopmail.com;1952-10-27
Jany;Sadowski;Jany.Sadowski@yopmail.com;1921-05-26
Marcy;Douglass;Marcy.Douglass@yopmail.com;1926-04-21
Sandie;Cyrie;Sandie.Cyrie@yopmail.com;1913-05-29
Olivette;Audly;Olivette.Audly@yopmail.com;1948-07-20
Lusa;Amethist;Lusa.Amethist@yopmail.com;1933-04-21
Amara;Tice;Amara.Tice@yopmail.com;1978-02-05
Louella;Jobi;Louella.Jobi@yopmail.com;2019-07-01
Sandie;Carri;Sandie.Carri@yopmail.com;2000-05-09
Damaris;Lattie;Damaris.Lattie@yopmail.com;1949-08-02
Kara-Lynn;Ortrude;Kara-Lynn.Ortrude@yopmail.com;1971-03-04
Goldie;Campball;Goldie.Campball@yopmail.com;2016-07-21
Lorne;Bow;Lorne.Bow@yopmail.com;2014-09-25
Lanna;Amethist;Lanna.Amethist@yopmail.com;1962-03-12
Mamie;Fontana;Mamie.Fontana@yopmail.com;1945-02-15
Hettie;Eliathas;Hettie.Eliathas@yopmail.com;1948-05-01
Donetta;Glenden;Donetta.Glenden@yopmail.com;1968-11-05
Teddie;Vary;Teddie.Vary@yopmail.com;1941-06-03
Maud;Annabella;Maud.Annabella@yopmail.com;2003-12-10
Flo;Philipp;Flo.Philipp@yopmail.com;1942-01-21
Fanny;Timon;Fanny.Timon@yopmail.com;1942-10-02
Atlanta;Ramona;Atlanta.Ramona@yopmail.com;1927-12-02
Fanchon;Granoff;Fanchon.Granoff@yopmail.com;1940-09-22
Devina;Janith;Devina.Janith@yopmail.com;1902-09-30
Judy;Behre;Judy.Behre@yopmail.com;2007-07-09
Leanna;Malvino;Leanna.Malvino@yopmail.com;1985-04-24
Lonnie;Jobi;Lonnie.Jobi@yopmail.com;1922-11-22
Drucie;Candy;Drucie.Candy@yopmail.com;1951-12-18
Gloria;Salvidor;Gloria.Salvidor@yopmail.com;1989-09-01
Georgetta;Rona;Georgetta.Rona@yopmail.com;1945-09-07
Dulcinea;Saunderson;Dulcinea.Saunderson@yopmail.com;1969-07-20
Cherilyn;Christine;Cherilyn.Christine@yopmail.com;1935-06-18
Glynnis;Cimbura;Glynnis.Cimbura@yopmail.com;2008-06-01
Dorice;Ruvolo;Dorice.Ruvolo@yopmail.com;2013-01-05
Rubie;Sheng;Rubie.Sheng@yopmail.com;1924-04-10
Wendi;Ajay;Wendi.Ajay@yopmail.com;1966-12-05
Fidelia;Brodench;Fidelia.Brodench@yopmail.com;1950-07-29
Mildrid;Reidar;Mildrid.Reidar@yopmail.com;1956-05-21
Lilith;Kinnard;Lilith.Kinnard@yopmail.com;1954-09-30
Cyndie;Norrie;Cyndie.Norrie@yopmail.com;1967-10-25
Lilith;Pond;Lilith.Pond@yopmail.com;2014-04-24
Farrah;Palocz;Farrah.Palocz@yopmail.com;1971-07-23
Melanie;Vharat;Melanie.Vharat@yopmail.com;1921-09-06
Frank;Bobbee;Frank.Bobbee@yopmail.com;1981-03-14
Karena;Hortensia;Karena.Hortensia@yopmail.com;1953-09-29
Margette;Bevin;Margette.Bevin@yopmail.com;2019-02-06
Marsiella;Arvo;Marsiella.Arvo@yopmail.com;1942-01-11
Dorothy;Graig;Dorothy.Graig@yopmail.com;1914-02-12
Phedra;Quent;Phedra.Quent@yopmail.com;1955-12-03
Meriel;Screens;Meriel.Screens@yopmail.com;1957-08-15
Mamie;Shelba;Mamie.Shelba@yopmail.com;1979-05-12
Farrah;Huggins;Farrah.Huggins@yopmail.com;1974-07-21
Wileen;Kermit;Wileen.Kermit@yopmail.com;1974-09-02
Gabriellia;Sprage;Gabriellia.Sprage@yopmail.com;2009-08-15
Olivette;Gemini;Olivette.Gemini@yopmail.com;1931-01-04
Magdalena;Riva;Magdalena.Riva@yopmail.com;2019-01-12
Marita;Burch;Marita.Burch@yopmail.com;1926-02-11
Shaine;Persse;Shaine.Persse@yopmail.com;1946-05-26
Sidoney;Dichy;Sidoney.Dichy@yopmail.com;1984-11-02
Shandie;Herrera;Shandie.Herrera@yopmail.com;1903-06-08
Candy;Korey;Candy.Korey@yopmail.com;1970-12-31
Dorene;Kauppi;Dorene.Kauppi@yopmail.com;1946-08-30
Sashenka;Sigfrid;Sashenka.Sigfrid@yopmail.com;1922-06-01
Karolina;Maroney;Karolina.Maroney@yopmail.com;1946-09-21
Tani;Muriel;Tani.Muriel@yopmail.com;1943-01-18
Valera;Mathilde;Valera.Mathilde@yopmail.com;1977-04-27
Starla;Phi;Starla.Phi@yopmail.com;1989-05-18
Millie;Eno;Millie.Eno@yopmail.com;2011-09-30
Nonnah;Arathorn;Nonnah.Arathorn@yopmail.com;1927-01-11
Ardys;Arne;Ardys.Arne@yopmail.com;1932-10-09
Vinita;Gaulin;Vinita.Gaulin@yopmail.com;1905-03-31
Clary;Croix;Clary.Croix@yopmail.com;1964-11-11
Leia;Isidore;Leia.Isidore@yopmail.com;1982-05-14
Debee;Bohlin;Debee.Bohlin@yopmail.com;1947-08-24
Sheree;Odell;Sheree.Odell@yopmail.com;2010-05-03
Caryl;Cutlerr;Caryl.Cutlerr@yopmail.com;1922-05-12
Vivia;Kesley;Vivia.Kesley@yopmail.com;1996-10-25
Amelia;Tiffa;Amelia.Tiffa@yopmail.com;1915-05-30
Joelly;Jacqui;Joelly.Jacqui@yopmail.com;2003-09-05
Lorne;Prouty;Lorne.Prouty@yopmail.com;1978-07-15
Dennie;Candy;Dennie.Candy@yopmail.com;1978-05-18
Kristan;Jenness;Kristan.Jenness@yopmail.com;2001-05-29
Gertrud;Anastatius;Gertrud.Anastatius@yopmail.com;1904-09-08
Kara-Lynn;Esmaria;Kara-Lynn.Esmaria@yopmail.com;1908-09-28
Gabriellia;Borrell;Gabriellia.Borrell@yopmail.com;1941-08-22
Lauryn;Billye;Lauryn.Billye@yopmail.com;1960-04-05
Aurelie;Eiser;Aurelie.Eiser@yopmail.com;1943-01-28
Merry;Zetta;Merry.Zetta@yopmail.com;1906-11-29
Andree;Skell;Andree.Skell@yopmail.com;1962-12-21
Gretal;Ruvolo;Gretal.Ruvolo@yopmail.com;1937-11-18
Trudie;Linskey;Trudie.Linskey@yopmail.com;1970-04-21
Briney;Pond;Briney.Pond@yopmail.com;1924-11-27
Margarette;Cleo;Margarette.Cleo@yopmail.com;1943-12-06
Gratia;Chandler;Gratia.Chandler@yopmail.com;1928-03-09
Rori;Lytton;Rori.Lytton@yopmail.com;2005-08-09
Fayre;Iphlgenia;Fayre.Iphlgenia@yopmail.com;2002-09-09
Frank;Jarib;Frank.Jarib@yopmail.com;1963-10-08
Debee;Henrie;Debee.Henrie@yopmail.com;1905-11-29
Emmey;Dichy;Emmey.Dichy@yopmail.com;1978-01-08
Cristine;Eldrid;Cristine.Eldrid@yopmail.com;1942-11-23
Chandra;Claudine;Chandra.Claudine@yopmail.com;1991-10-20
Livvyy;Paton;Livvyy.Paton@yopmail.com;1964-01-13
Ingrid;Norvol;Ingrid.Norvol@yopmail.com;2007-04-17
Kary;Demitria;Kary.Demitria@yopmail.com;2019-08-26
Meghann;Jacqui;Meghann.Jacqui@yopmail.com;1997-02-16
Odessa;Desai;Odessa.Desai@yopmail.com;1918-04-23
Albertina;Fairweather;Albertina.Fairweather@yopmail.com;2005-10-23
Kathy;Havens;Kathy.Havens@yopmail.com;1965-04-09
Dulce;Gert;Dulce.Gert@yopmail.com;1930-02-05
Di;Desai;Di.Desai@yopmail.com;1942-11-18
Elyssa;McCutcheon;Elyssa.McCutcheon@yopmail.com;1928-02-07
Aeriela;Chinua;Aeriela.Chinua@yopmail.com;2011-01-28
Netty;Kevon;Netty.Kevon@yopmail.com;1961-08-20
Robbi;Flita;Robbi.Flita@yopmail.com;1965-06-05
Tabbatha;Kirbee;Tabbatha.Kirbee@yopmail.com;1924-08-02
Jillayne;Ajay;Jillayne.Ajay@yopmail.com;1903-11-13
Dione;Kaete;Dione.Kaete@yopmail.com;1976-01-03
Atlanta;Kimmie;Atlanta.Kimmie@yopmail.com;2014-05-30
Daphne;Allare;Daphne.Allare@yopmail.com;2013-12-20
Jobi;Oriana;Jobi.Oriana@yopmail.com;1926-01-01
Agathe;Ogren;Agathe.Ogren@yopmail.com;2018-01-25
Kylynn;Chrystel;Kylynn.Chrystel@yopmail.com;1966-10-13
Barbi;Payson;Barbi.Payson@yopmail.com;2000-05-31
Paule;Carvey;Paule.Carvey@yopmail.com;1955-03-24
Wileen;Jacinda;Wileen.Jacinda@yopmail.com;1994-07-01
Florie;Johnsson;Florie.Johnsson@yopmail.com;1965-12-29
Nicoli;Vanni;Nicoli.Vanni@yopmail.com;1975-01-18
Daune;Poppy;Daune.Poppy@yopmail.com;1974-07-09
Cissiee;Hilbert;Cissiee.Hilbert@yopmail.com;1960-05-14
Aubrie;Even;Aubrie.Even@yopmail.com;1957-07-07
Inga;Wind;Inga.Wind@yopmail.com;2000-07-27
Thalia;Deny;Thalia.Deny@yopmail.com;2015-10-04
Dawn;Rosalba;Dawn.Rosalba@yopmail.com;2014-09-23
Concettina;Land;Concettina.Land@yopmail.com;1917-05-27
Lesly;Ventre;Lesly.Ventre@yopmail.com;1912-07-24
Larine;Dimitris;Larine.Dimitris@yopmail.com;1929-02-04
Kial;Ashely;Kial.Ashely@yopmail.com;1926-08-19
Grier;Ball;Grier.Ball@yopmail.com;1961-08-03
Aimil;Tengdin;Aimil.Tengdin@yopmail.com;2005-12-20
Ermengarde;Parsaye;Ermengarde.Parsaye@yopmail.com;1949-10-28
Dawn;Abbot;Dawn.Abbot@yopmail.com;1993-10-27
Tonia;Bobbee;Tonia.Bobbee@yopmail.com;1935-08-18
Lila;Sparhawk;Lila.Sparhawk@yopmail.com;1911-07-01
Maye;Tristram;Maye.Tristram@yopmail.com;1978-02-13
Ruthe;Yuille;Ruthe.Yuille@yopmail.com;1907-09-02
Brynna;Lorain;Brynna.Lorain@yopmail.com;1974-11-12
Teriann;Kosey;Teriann.Kosey@yopmail.com;2007-11-22
Alameda;Bonucci;Alameda.Bonucci@yopmail.com;1976-12-13
Mathilda;Knowling;Mathilda.Knowling@yopmail.com;1911-07-13
Susan;Cressida;Susan.Cressida@yopmail.com;1969-11-28
Gisela;Johanna;Gisela.Johanna@yopmail.com;1939-06-06
Mathilda;Shaver;Mathilda.Shaver@yopmail.com;1947-11-09
Karly;Ashok;Karly.Ashok@yopmail.com;1931-01-20
Willetta;Harl;Willetta.Harl@yopmail.com;1909-10-17
Zondra;Sawtelle;Zondra.Sawtelle@yopmail.com;1904-09-06
Shauna;Duwalt;Shauna.Duwalt@yopmail.com;1916-07-09
Leeanne;Dex;Leeanne.Dex@yopmail.com;1927-01-23
Hayley;Morgun;Hayley.Morgun@yopmail.com;2010-06-11
Marguerite;Cyrie;Marguerite.Cyrie@yopmail.com;1966-05-02
Lonnie;Flyn;Lonnie.Flyn@yopmail.com;1965-11-16
Sheree;Sandye;Sheree.Sandye@yopmail.com;1946-01-08
Cassondra;Egbert;Cassondra.Egbert@yopmail.com;1994-03-02
Harmonia;Weinreb;Harmonia.Weinreb@yopmail.com;1920-11-03
Deloria;Cavan;Deloria.Cavan@yopmail.com;1931-03-03
Mathilda;Jorgan;Mathilda.Jorgan@yopmail.com;1976-10-03
Fanny;Decato;Fanny.Decato@yopmail.com;1927-12-31
Yolane;Hanleigh;Yolane.Hanleigh@yopmail.com;1928-02-02
Lita;Erskine;Lita.Erskine@yopmail.com;1912-02-06
Randa;Solitta;Randa.Solitta@yopmail.com;1947-06-16
Jacenta;Sheng;Jacenta.Sheng@yopmail.com;1934-06-14
Ketti;Jalbert;Ketti.Jalbert@yopmail.com;1923-08-15
Maisey;Carey;Maisey.Carey@yopmail.com;1911-07-18
Concettina;Chrystel;Concettina.Chrystel@yopmail.com;1994-03-06
Myrtice;Christine;Myrtice.Christine@yopmail.com;1991-03-21
Kassey;Aaberg;Kassey.Aaberg@yopmail.com;1998-09-29
Shel;Germann;Shel.Germann@yopmail.com;1990-07-26
Emelina;Pandolfi;Emelina.Pandolfi@yopmail.com;1995-08-21
Tilly;Lewes;Tilly.Lewes@yopmail.com;1942-02-18
Jackie;Cornelia;Jackie.Cornelia@yopmail.com;1985-04-30
Nita;Mehalek;Nita.Mehalek@yopmail.com;1934-12-29
Layla;Alwin;Layla.Alwin@yopmail.com;1985-11-20
Dominga;Ashely;Dominga.Ashely@yopmail.com;1996-11-28
Concettina;Honoria;Concettina.Honoria@yopmail.com;2008-08-19
Beverley;Nelsen;Beverley.Nelsen@yopmail.com;1963-03-30
Atlanta;Stanwood;Atlanta.Stanwood@yopmail.com;1985-12-07
Kirbee;Avi;Kirbee.Avi@yopmail.com;1994-12-15
Caressa;Scammon;Caressa.Scammon@yopmail.com;2009-08-22
Berget;Sherfield;Berget.Sherfield@yopmail.com;1968-11-16
Gale;Catie;Gale.Catie@yopmail.com;1946-07-06
Korrie;Gaynor;Korrie.Gaynor@yopmail.com;1970-08-25
Deane;Diann;Deane.Diann@yopmail.com;2007-09-14
Harmonia;Bandeen;Harmonia.Bandeen@yopmail.com;1910-12-15
Marcelline;Granoff;Marcelline.Granoff@yopmail.com;1902-08-17
Fayre;Chaing;Fayre.Chaing@yopmail.com;2001-05-18
Marnia;Olnee;Marnia.Olnee@yopmail.com;1994-08-14
Gavrielle;Odysseus;Gavrielle.Odysseus@yopmail.com;1968-11-01
Etta;Giff;Etta.Giff@yopmail.com;2002-11-07
Cindelyn;Llovera;Cindelyn.Llovera@yopmail.com;1964-12-27
Sharlene;Greenwald;Sharlene.Greenwald@yopmail.com;1928-04-15
Tami;Zetta;Tami.Zetta@yopmail.com;2014-01-12
Estell;Fadiman;Estell.Fadiman@yopmail.com;2015-04-18
Arlena;Arvo;Arlena.Arvo@yopmail.com;1937-11-23
Lacie;Cherianne;Lacie.Cherianne@yopmail.com;1958-01-16
Jany;Dorcy;Jany.Dorcy@yopmail.com;1966-04-07
Delilah;Lindemann;Delilah.Lindemann@yopmail.com;1907-09-21
Joane;Bivins;Joane.Bivins@yopmail.com;1900-07-08
Audrie;Lewes;Audrie.Lewes@yopmail.com;2012-10-18
Riannon;Kathie;Riannon.Kathie@yopmail.com;1973-06-05
Kathy;Aldric;Kathy.Aldric@yopmail.com;1989-07-08
Jaclyn;Elo;Jaclyn.Elo@yopmail.com;1915-01-06
Starla;Talia;Starla.Talia@yopmail.com;1967-02-17
Aubrie;Jess;Aubrie.Jess@yopmail.com;1980-03-20
Berget;Erlandson;Berget.Erlandson@yopmail.com;1915-07-17
Phylis;Abbot;Phylis.Abbot@yopmail.com;1952-03-16
Harmonia;Carri;Harmonia.Carri@yopmail.com;1946-07-06
Karena;Soneson;Karena.Soneson@yopmail.com;1935-04-26
Marita;Abernon;Marita.Abernon@yopmail.com;1911-07-13
Celestyna;Maroney;Celestyna.Maroney@yopmail.com;1917-11-15
Linzy;Friede;Linzy.Friede@yopmail.com;1994-12-21
Bettine;Mandler;Bettine.Mandler@yopmail.com;1997-12-31
Miquela;Ranjiv;Miquela.Ranjiv@yopmail.com;1906-10-04
Leona;Oriana;Leona.Oriana@yopmail.com;2010-10-14
Robinia;Harl;Robinia.Harl@yopmail.com;1989-04-26
Emilia;Kress;Emilia.Kress@yopmail.com;1994-11-12
Kore;Curren;Kore.Curren@yopmail.com;1903-09-05
Sherrie;Wildermuth;Sherrie.Wildermuth@yopmail.com;1999-08-02
Joy;Standing;Joy.Standing@yopmail.com;1954-10-16
Addia;Vivle;Addia.Vivle@yopmail.com;1935-07-08
Jolyn;Seagraves;Jolyn.Seagraves@yopmail.com;2007-06-30
Karlee;Amadas;Karlee.Amadas@yopmail.com;1917-01-04
Sara-Ann;Cookie;Sara-Ann.Cookie@yopmail.com;2008-08-19
Christy;Chrystel;Christy.Chrystel@yopmail.com;1928-03-20
Tina;Leler;Tina.Leler@yopmail.com;1922-07-21
Trixi;Cloris;Trixi.Cloris@yopmail.com;1919-02-16
Collen;Gaspard;Collen.Gaspard@yopmail.com;1911-01-23
Lynde;Kendrick;Lynde.Kendrick@yopmail.com;1979-02-06
Margarette;Phaidra;Margarette.Phaidra@yopmail.com;1963-11-08
Catrina;Yusuk;Catrina.Yusuk@yopmail.com;1985-05-12
Tani;Wildermuth;Tani.Wildermuth@yopmail.com;1996-09-25
Fernande;Olnee;Fernande.Olnee@yopmail.com;1986-09-21
Hannis;Mike;Hannis.Mike@yopmail.com;2002-11-05
Rhoda;Randene;Rhoda.Randene@yopmail.com;1959-03-30
Arlena;Soneson;Arlena.Soneson@yopmail.com;1962-07-09
Codie;Wildermuth;Codie.Wildermuth@yopmail.com;1955-10-02
Letizia;Jorgan;Letizia.Jorgan@yopmail.com;1987-12-13
Trudie;Holtz;Trudie.Holtz@yopmail.com;1901-03-19
Ezmeralda;Dosia;Ezmeralda.Dosia@yopmail.com;1981-08-27
Valeda;Firmin;Valeda.Firmin@yopmail.com;1987-02-27
Evita;McGrody;Evita.McGrody@yopmail.com;1953-03-11
Jenda;Stilwell;Jenda.Stilwell@yopmail.com;1945-06-19
Sheree;Himelman;Sheree.Himelman@yopmail.com;1989-02-14
Alyssa;Cyrie;Alyssa.Cyrie@yopmail.com;1958-09-21
Melodie;Allare;Melodie.Allare@yopmail.com;1917-04-27
Dagmar;Behre;Dagmar.Behre@yopmail.com;1922-03-07
Ardeen;Wu;Ardeen.Wu@yopmail.com;1947-07-18
Doro;Wattenberg;Doro.Wattenberg@yopmail.com;2004-07-13
Mureil;Bevin;Mureil.Bevin@yopmail.com;1914-10-25
Georgina;Pascia;Georgina.Pascia@yopmail.com;1943-04-30
Bernie;Rhu;Bernie.Rhu@yopmail.com;1969-04-24
Charmaine;Dorothy;Charmaine.Dorothy@yopmail.com;1943-03-18
Veda;Meter;Veda.Meter@yopmail.com;2002-06-14
Patricia;Vins;Patricia.Vins@yopmail.com;1942-03-12
Cyb;Friede;Cyb.Friede@yopmail.com;1965-11-19
Nita;Baudin;Nita.Baudin@yopmail.com;1935-10-12
Emmey;Kannry;Emmey.Kannry@yopmail.com;1914-07-21
Rayna;Lenny;Rayna.Lenny@yopmail.com;1986-03-01
Petronia;Fairweather;Petronia.Fairweather@yopmail.com;2009-12-05
Lesly;Ardra;Lesly.Ardra@yopmail.com;2000-04-30
Gianina;Mendez;Gianina.Mendez@yopmail.com;1933-03-13
Dari;Zachary;Dari.Zachary@yopmail.com;1965-03-23
Meghann;Nadia;Meghann.Nadia@yopmail.com;1959-03-09
Perry;Vastah;Perry.Vastah@yopmail.com;1901-09-18
Mireielle;Noman;Mireielle.Noman@yopmail.com;1913-04-12
Roxane;Jeanne;Roxane.Jeanne@yopmail.com;1926-01-23
Dulcinea;Loring;Dulcinea.Loring@yopmail.com;1993-06-25
Vivia;Zola;Vivia.Zola@yopmail.com;1935-10-12
Lynea;Deegan;Lynea.Deegan@yopmail.com;1964-07-22
Juliane;Belldas;Juliane.Belldas@yopmail.com;1901-08-21
Maurene;Zeeba;Maurene.Zeeba@yopmail.com;1944-08-26
Kimmy;Tryck;Kimmy.Tryck@yopmail.com;1917-05-24
Ermengarde;Moseley;Ermengarde.Moseley@yopmail.com;1914-10-07
Nananne;Demitria;Nananne.Demitria@yopmail.com;1973-04-26
Antonietta;Rad;Antonietta.Rad@yopmail.com;1924-06-25
Ana;Colbert;Ana.Colbert@yopmail.com;1975-07-15
Joane;Vivle;Joane.Vivle@yopmail.com;1946-08-17
Dotty;Borrell;Dotty.Borrell@yopmail.com;1968-06-09
Kayla;Pascia;Kayla.Pascia@yopmail.com;1980-06-10
Valli;Bendick;Valli.Bendick@yopmail.com;1932-12-26
Kalina;Penelopa;Kalina.Penelopa@yopmail.com;1980-12-07
Etta;Juliet;Etta.Juliet@yopmail.com;2002-08-20
Mary;Maisey;Mary.Maisey@yopmail.com;1934-08-20
Berta;Shirberg;Berta.Shirberg@yopmail.com;1958-04-01
Miquela;Wolfgram;Miquela.Wolfgram@yopmail.com;1996-06-25
Carly;Charity;Carly.Charity@yopmail.com;1947-09-18
Karlee;Harned;Karlee.Harned@yopmail.com;1965-05-26
Selma;Jammal;Selma.Jammal@yopmail.com;1927-09-04
Christal;Fredi;Christal.Fredi@yopmail.com;1963-08-25
Aigneis;Kevon;Aigneis.Kevon@yopmail.com;1903-04-07
Sibella;Helfand;Sibella.Helfand@yopmail.com;1900-09-27
Mahalia;Sekofski;Mahalia.Sekofski@yopmail.com;1907-07-13
Wendi;Irmine;Wendi.Irmine@yopmail.com;1954-10-14
Carmela;Albertine;Carmela.Albertine@yopmail.com;1946-03-30
Annabela;Delila;Annabela.Delila@yopmail.com;1969-02-26
Tierney;Fennessy;Tierney.Fennessy@yopmail.com;1908-08-26
Gisela;Denis;Gisela.Denis@yopmail.com;1901-12-28
Alyda;Sherfield;Alyda.Sherfield@yopmail.com;1901-05-02
Stevana;Sperling;Stevana.Sperling@yopmail.com;2014-01-01
Fina;Peti;Fina.Peti@yopmail.com;1993-08-27
Cecile;Sparhawk;Cecile.Sparhawk@yopmail.com;1916-01-22
Noelle;Curren;Noelle.Curren@yopmail.com;1903-09-08
Rubie;Dom;Rubie.Dom@yopmail.com;1922-04-25
Loree;Dowski;Loree.Dowski@yopmail.com;1931-02-27
Ekaterina;Tristram;Ekaterina.Tristram@yopmail.com;1938-12-05
Rosene;Boehike;Rosene.Boehike@yopmail.com;1940-12-10
Delilah;Hirsch;Delilah.Hirsch@yopmail.com;1968-02-15
Donetta;Delp;Donetta.Delp@yopmail.com;1927-09-22
Caritta;Hoenack;Caritta.Hoenack@yopmail.com;1901-04-10
Karly;Tamar;Karly.Tamar@yopmail.com;1996-09-24
Cathyleen;Arathorn;Cathyleen.Arathorn@yopmail.com;2013-01-20
Veda;Ries;Veda.Ries@yopmail.com;1961-06-20
Elora;Holtz;Elora.Holtz@yopmail.com;1983-11-23
Teriann;Lalitta;Teriann.Lalitta@yopmail.com;1998-11-20
Janeczka;Kaja;Janeczka.Kaja@yopmail.com;1987-03-01
Vita;Mozelle;Vita.Mozelle@yopmail.com;1921-08-27
Cordi;Tybald;Cordi.Tybald@yopmail.com;1998-10-25
Max;Johnsson;Max.Johnsson@yopmail.com;1973-01-02
Lesly;Shuler;Lesly.Shuler@yopmail.com;1965-12-30
Drucie;Zuzana;Drucie.Zuzana@yopmail.com;1964-05-23
Marita;Sophronia;Marita.Sophronia@yopmail.com;2001-01-16
Sybille;Nance;Sybille.Nance@yopmail.com;1997-05-14
Robbi;Tufts;Robbi.Tufts@yopmail.com;1923-04-11
Marleah;Yerkovich;Marleah.Yerkovich@yopmail.com;1949-06-02
Elie;Roumell;Elie.Roumell@yopmail.com;1943-03-15
Elyssa;Maroney;Elyssa.Maroney@yopmail.com;1921-09-06
Marjie;Maryanne;Marjie.Maryanne@yopmail.com;1931-03-26
Emma;Bonucci;Emma.Bonucci@yopmail.com;1926-06-11
Gusella;Claudine;Gusella.Claudine@yopmail.com;1965-11-30
Feliza;Amethist;Feliza.Amethist@yopmail.com;1936-01-19
Asia;Birdella;Asia.Birdella@yopmail.com;2016-05-20
Arlena;McLaughlin;Arlena.McLaughlin@yopmail.com;1973-08-08
Sidoney;Darian;Sidoney.Darian@yopmail.com;2008-06-29
Gertrud;Milde;Gertrud.Milde@yopmail.com;1958-07-27
Malina;Faro;Malina.Faro@yopmail.com;1900-10-26
Dawn;Chem;Dawn.Chem@yopmail.com;1933-01-29
Judy;Corilla;Judy.Corilla@yopmail.com;1904-06-07
Odessa;Kare;Odessa.Kare@yopmail.com;1972-08-05
Ginnie;Secrest;Ginnie.Secrest@yopmail.com;1964-08-24
Mellicent;Bohlin;Mellicent.Bohlin@yopmail.com;1948-06-20
Nanete;Lowry;Nanete.Lowry@yopmail.com;1933-05-08
Livvyy;Rheingold;Livvyy.Rheingold@yopmail.com;2009-04-03
Tani;Parsaye;Tani.Parsaye@yopmail.com;1943-09-01
Louella;Dash;Louella.Dash@yopmail.com;1910-07-24
Althea;Melan;Althea.Melan@yopmail.com;1974-01-04
Hyacinthe;Christal;Hyacinthe.Christal@yopmail.com;1941-05-16
Ulrike;Raychel;Ulrike.Raychel@yopmail.com;1927-07-02
Nyssa;Demitria;Nyssa.Demitria@yopmail.com;1913-12-17
Celestyna;Kat;Celestyna.Kat@yopmail.com;2016-05-02
Susette;Ricki;Susette.Ricki@yopmail.com;2019-05-29
Hollie;Pernick;Hollie.Pernick@yopmail.com;1957-09-07
Pamella;Kolnick;Pamella.Kolnick@yopmail.com;1957-08-07
Netty;Barney;Netty.Barney@yopmail.com;1990-09-16
Christy;Corrine;Christy.Corrine@yopmail.com;1938-12-16
Karina;Arne;Karina.Arne@yopmail.com;1973-03-02
Bobinette;Oriana;Bobinette.Oriana@yopmail.com;2002-06-06
Demetris;Lindemann;Demetris.Lindemann@yopmail.com;1950-11-18
Kaia;Tybald;Kaia.Tybald@yopmail.com;1933-11-11
Kelly;Drisko;Kelly.Drisko@yopmail.com;1947-10-10
Melodie;Jorgan;Melodie.Jorgan@yopmail.com;1987-07-22
Monika;Jobi;Monika.Jobi@yopmail.com;1910-02-17
Harmonia;Maiah;Harmonia.Maiah@yopmail.com;1943-05-03
Christian;Weitman;Christian.Weitman@yopmail.com;1928-11-21
Fidelia;Reinke;Fidelia.Reinke@yopmail.com;1905-07-10
Berta;Allys;Berta.Allys@yopmail.com;1923-03-19
Monika;Tufts;Monika.Tufts@yopmail.com;1932-05-29
Rebeca;Parette;Rebeca.Parette@yopmail.com;1993-09-26
Riannon;Sabella;Riannon.Sabella@yopmail.com;2019-05-06
Vivia;Bebe;Vivia.Bebe@yopmail.com;1995-03-17
Louella;Ahab;Louella.Ahab@yopmail.com;1931-05-08
Maridel;Birdella;Maridel.Birdella@yopmail.com;1964-09-13
Tatiania;Weitman;Tatiania.Weitman@yopmail.com;1906-01-04
Marika;Pillsbury;Marika.Pillsbury@yopmail.com;1916-02-19
Nonnah;Fillbert;Nonnah.Fillbert@yopmail.com;1972-12-21
Judy;Cosenza;Judy.Cosenza@yopmail.com;1971-04-30
Merry;Milson;Merry.Milson@yopmail.com;2019-02-08
Bill;Cosenza;Bill.Cosenza@yopmail.com;1938-10-31
Lily;Bonucci;Lily.Bonucci@yopmail.com;1915-08-26
Blake;Beniamino;Blake.Beniamino@yopmail.com;1925-09-11
Ashlee;Vanni;Ashlee.Vanni@yopmail.com;1923-06-05
Riannon;Rurik;Riannon.Rurik@yopmail.com;1980-07-25
Hayley;Tryck;Hayley.Tryck@yopmail.com;1928-12-21
Demetris;Bohlin;Demetris.Bohlin@yopmail.com;1914-08-23
Ana;Bertold;Ana.Bertold@yopmail.com;1979-04-08
Amelia;Rese;Amelia.Rese@yopmail.com;1982-06-28
Helsa;Wolfgram;Helsa.Wolfgram@yopmail.com;1958-02-28
Michaelina;Joli;Michaelina.Joli@yopmail.com;1963-02-22
Sonni;Moseley;Sonni.Moseley@yopmail.com;1904-10-16
Madelle;Alexandr;Madelle.Alexandr@yopmail.com;1918-12-12
Berget;Loring;Berget.Loring@yopmail.com;1953-09-07
Aryn;Janith;Aryn.Janith@yopmail.com;1979-03-12
Esmeralda;Chabot;Esmeralda.Chabot@yopmail.com;2001-09-16
Shaylyn;Vilma;Shaylyn.Vilma@yopmail.com;1949-06-23
Mildrid;Eldrid;Mildrid.Eldrid@yopmail.com;2008-01-05
Kore;Olympium;Kore.Olympium@yopmail.com;1903-11-11
Fanny;Reneta;Fanny.Reneta@yopmail.com;1903-01-17
Goldie;Lareena;Goldie.Lareena@yopmail.com;2000-04-28
Joelly;Christine;Joelly.Christine@yopmail.com;1972-06-15
Corina;Peti;Corina.Peti@yopmail.com;1947-03-04
Tiffie;Rona;Tiffie.Rona@yopmail.com;1967-03-30
Brandise;Carleen;Brandise.Carleen@yopmail.com;1918-07-10
Rochette;Sherrie;Rochette.Sherrie@yopmail.com;1951-01-10
Moyna;Girardo;Moyna.Girardo@yopmail.com;1978-10-14
Sibella;Sidonius;Sibella.Sidonius@yopmail.com;1931-10-19
Natka;Trinetta;Natka.Trinetta@yopmail.com;1998-08-10
Oralee;Barney;Oralee.Barney@yopmail.com;1973-01-25
Shandie;Silvan;Shandie.Silvan@yopmail.com;1973-04-15
Kary;Suanne;Kary.Suanne@yopmail.com;1905-10-09
Fernande;Swigart;Fernande.Swigart@yopmail.com;1903-05-12
Ardenia;Shuler;Ardenia.Shuler@yopmail.com;1958-05-18
Fawne;Markman;Fawne.Markman@yopmail.com;1907-07-07
Marika;Juan;Marika.Juan@yopmail.com;1987-08-12
Ingrid;Jaylene;Ingrid.Jaylene@yopmail.com;1966-08-19
Jacquetta;Frendel;Jacquetta.Frendel@yopmail.com;1901-10-16
Romona;Nerita;Romona.Nerita@yopmail.com;1950-08-09
Flory;Manolo;Flory.Manolo@yopmail.com;1966-04-01
Silvana;Olin;Silvana.Olin@yopmail.com;1936-12-25
Ingrid;Robertson;Ingrid.Robertson@yopmail.com;1987-01-23
Meghann;Kevon;Meghann.Kevon@yopmail.com;1974-06-05
Daune;Eckblad;Daune.Eckblad@yopmail.com;1909-11-14
Fidelia;Lenny;Fidelia.Lenny@yopmail.com;1938-11-16
Susette;Camden;Susette.Camden@yopmail.com;2002-07-07
Anallese;Narton;Anallese.Narton@yopmail.com;1987-03-29
Vevay;Thema;Vevay.Thema@yopmail.com;1927-10-21
Fayre;Rodmann;Fayre.Rodmann@yopmail.com;1914-11-07
Ronna;Dituri;Ronna.Dituri@yopmail.com;1903-03-20
Tani;Argus;Tani.Argus@yopmail.com;2008-09-25
Dale;Isacco;Dale.Isacco@yopmail.com;1972-11-12
Olivette;Schonfeld;Olivette.Schonfeld@yopmail.com;1927-06-14
Corly;Pacorro;Corly.Pacorro@yopmail.com;1979-11-02
Clo;Brian;Clo.Brian@yopmail.com;1908-08-16
Carly;Nedrud;Carly.Nedrud@yopmail.com;1962-12-31
Lexine;Christal;Lexine.Christal@yopmail.com;2012-08-08
Gisela;Milson;Gisela.Milson@yopmail.com;1923-10-20
Sissy;Lia;Sissy.Lia@yopmail.com;1931-12-26
Julieta;McCutcheon;Julieta.McCutcheon@yopmail.com;1977-07-29
Zondra;Rad;Zondra.Rad@yopmail.com;1904-01-09
Anestassia;Leffen;Anestassia.Leffen@yopmail.com;2009-07-05
Vita;Dudley;Vita.Dudley@yopmail.com;1928-12-25
Dede;Pettiford;Dede.Pettiford@yopmail.com;1972-09-28
Jenilee;Cavan;Jenilee.Cavan@yopmail.com;1970-04-04
Gavrielle;Zaslow;Gavrielle.Zaslow@yopmail.com;1999-02-21
Roseline;Jeanne;Roseline.Jeanne@yopmail.com;1919-06-16
Emilia;Saint;Emilia.Saint@yopmail.com;1961-07-04
Mary;Olympium;Mary.Olympium@yopmail.com;1973-12-17
Larine;Kylander;Larine.Kylander@yopmail.com;1986-07-04
Lanna;Loeb;Lanna.Loeb@yopmail.com;1927-12-11
Nananne;Serilda;Nananne.Serilda@yopmail.com;1917-04-14
Ezmeralda;Velick;Ezmeralda.Velick@yopmail.com;1958-11-17
Arlena;Monaco;Arlena.Monaco@yopmail.com;1934-12-07
Fina;Ruvolo;Fina.Ruvolo@yopmail.com;2004-08-27
Philis;Vivle;Philis.Vivle@yopmail.com;1925-01-21
Kate;Loring;Kate.Loring@yopmail.com;1955-04-01
Corina;Suzetta;Corina.Suzetta@yopmail.com;1916-01-13
Ivett;Couture;Ivett.Couture@yopmail.com;1981-09-20
Lanae;Vilma;Lanae.Vilma@yopmail.com;1959-08-24
Meghann;Kamaria;Meghann.Kamaria@yopmail.com;2001-12-07
Regina;Tannie;Regina.Tannie@yopmail.com;1987-10-01
Genovera;Poll;Genovera.Poll@yopmail.com;1983-08-25
Melina;Melleta;Melina.Melleta@yopmail.com;1908-05-11
Arlena;Sidonius;Arlena.Sidonius@yopmail.com;1996-11-19
Aili;Terencio;Aili.Terencio@yopmail.com;1998-07-22
Angelique;Chobot;Angelique.Chobot@yopmail.com;1913-02-18
Joy;Olin;Joy.Olin@yopmail.com;1914-10-07
Annaliese;Sallyann;Annaliese.Sallyann@yopmail.com;1948-11-28
Beatriz;Sandye;Beatriz.Sandye@yopmail.com;1979-08-06
Marline;McGrody;Marline.McGrody@yopmail.com;1907-07-03
Melodie;Kiyoshi;Melodie.Kiyoshi@yopmail.com;2006-06-08
Kate;Westphal;Kate.Westphal@yopmail.com;1980-11-09
Dorice;Travax;Dorice.Travax@yopmail.com;1914-05-05
Pollyanna;Sisile;Pollyanna.Sisile@yopmail.com;1920-02-19
Bernie;Pillsbury;Bernie.Pillsbury@yopmail.com;1984-05-03
Roz;Dannye;Roz.Dannye@yopmail.com;1903-09-10
Di;Cristi;Di.Cristi@yopmail.com;1979-02-03
Queenie;Standing;Queenie.Standing@yopmail.com;1990-02-06
Keelia;Swanhildas;Keelia.Swanhildas@yopmail.com;1928-10-04
Tonia;Vastah;Tonia.Vastah@yopmail.com;2018-09-24
Jenda;Winnick;Jenda.Winnick@yopmail.com;2002-11-18
Coral;Eben;Coral.Eben@yopmail.com;1938-07-11
Isa;Hertzfeld;Isa.Hertzfeld@yopmail.com;1957-02-16
Calla;McGrody;Calla.McGrody@yopmail.com;1988-02-10
Alex;Gino;Alex.Gino@yopmail.com;1971-10-04
Genevra;Rugen;Genevra.Rugen@yopmail.com;1974-03-06
Petronia;Nahum;Petronia.Nahum@yopmail.com;1969-07-29
Nyssa;Chobot;Nyssa.Chobot@yopmail.com;1901-10-16
Petronia;Karylin;Petronia.Karylin@yopmail.com;1925-05-19
Wileen;Eckblad;Wileen.Eckblad@yopmail.com;2015-03-06
Addia;Kaete;Addia.Kaete@yopmail.com;1987-04-30
Lorenza;Mayeda;Lorenza.Mayeda@yopmail.com;2011-05-20
Nikki;Croix;Nikki.Croix@yopmail.com;1935-12-03
Misha;Bultman;Misha.Bultman@yopmail.com;1949-10-03
Sheree;Lowry;Sheree.Lowry@yopmail.com;1906-05-10
Roxane;Pelagias;Roxane.Pelagias@yopmail.com;1905-05-31
Belva;Juliet;Belva.Juliet@yopmail.com;1991-10-23
Linet;Nerita;Linet.Nerita@yopmail.com;2011-10-31
Jessamyn;Chrystel;Jessamyn.Chrystel@yopmail.com;1911-11-07
Laurene;Ranjiv;Laurene.Ranjiv@yopmail.com;1936-11-06
Brandise;Viddah;Brandise.Viddah@yopmail.com;1910-09-07
Sharai;Moina;Sharai.Moina@yopmail.com;1920-11-30
Corly;Alisia;Corly.Alisia@yopmail.com;1920-07-14
Roseline;Hartnett;Roseline.Hartnett@yopmail.com;2005-05-10
Lucy;Jagir;Lucy.Jagir@yopmail.com;1980-03-18
Perry;Faria;Perry.Faria@yopmail.com;2001-12-20
Ayn;Brunell;Ayn.Brunell@yopmail.com;1922-05-26
Corene;Emanuel;Corene.Emanuel@yopmail.com;1915-11-12
Nonnah;Oster;Nonnah.Oster@yopmail.com;1973-07-26
Audrie;Calhoun;Audrie.Calhoun@yopmail.com;1912-08-11
Lizzie;Eachern;Lizzie.Eachern@yopmail.com;1961-08-26
Alie;Amasa;Alie.Amasa@yopmail.com;1904-03-18
Ada;Irmine;Ada.Irmine@yopmail.com;1919-08-23
Emilia;Plato;Emilia.Plato@yopmail.com;1925-01-13
Lory;Cosenza;Lory.Cosenza@yopmail.com;1920-02-12
Karolina;Podvin;Karolina.Podvin@yopmail.com;1926-08-29
Rebeca;Nahum;Rebeca.Nahum@yopmail.com;1909-12-17
Carly;Marlie;Carly.Marlie@yopmail.com;1954-02-19
Ivett;Cassius;Ivett.Cassius@yopmail.com;1948-12-26
Augustine;Craggie;Augustine.Craggie@yopmail.com;2001-10-02
Larine;Wooster;Larine.Wooster@yopmail.com;1974-09-18
Josephine;Cornelia;Josephine.Cornelia@yopmail.com;2018-03-27
Kara-Lynn;Pip;Kara-Lynn.Pip@yopmail.com;1986-07-26
Valeda;Bouchard;Valeda.Bouchard@yopmail.com;1961-09-21
Layla;Milde;Layla.Milde@yopmail.com;1921-07-01
Christian;Publia;Christian.Publia@yopmail.com;1967-06-15
Jenilee;Weinreb;Jenilee.Weinreb@yopmail.com;1900-12-08
Esmeralda;Standing;Esmeralda.Standing@yopmail.com;2013-07-22
Leeanne;Vilma;Leeanne.Vilma@yopmail.com;1942-11-09
Lexine;Knowling;Lexine.Knowling@yopmail.com;1968-11-23
Blake;Ailyn;Blake.Ailyn@yopmail.com;1996-04-14
Sybille;Avi;Sybille.Avi@yopmail.com;1926-08-02
Ofilia;Stevy;Ofilia.Stevy@yopmail.com;1959-10-17
Justinn;Read;Justinn.Read@yopmail.com;1963-02-08
Merci;Mintz;Merci.Mintz@yopmail.com;1967-11-07
Danika;Estella;Danika.Estella@yopmail.com;1989-01-13
Marylou;Tufts;Marylou.Tufts@yopmail.com;1936-10-05
Constance;Gregrory;Constance.Gregrory@yopmail.com;2007-03-19
Alyda;Arvo;Alyda.Arvo@yopmail.com;1918-07-08
Randa;Dimitris;Randa.Dimitris@yopmail.com;2001-09-14
Genovera;Hertzfeld;Genovera.Hertzfeld@yopmail.com;1976-12-08
Shel;Rona;Shel.Rona@yopmail.com;1928-05-03
Priscilla;Sancho;Priscilla.Sancho@yopmail.com;1966-03-30
Constance;Dunkin;Constance.Dunkin@yopmail.com;2013-07-22
Jacquetta;Nelsen;Jacquetta.Nelsen@yopmail.com;2003-06-16
Amii;Merat;Amii.Merat@yopmail.com;1913-12-19
Concettina;Carey;Concettina.Carey@yopmail.com;1939-07-02
Philis;Velick;Philis.Velick@yopmail.com;1971-12-13
Addia;Old;Addia.Old@yopmail.com;2011-10-24
Marleah;Ackerley;Marleah.Ackerley@yopmail.com;1978-11-02
Annabela;Pacorro;Annabela.Pacorro@yopmail.com;1989-09-15
Suzette;Regan;Suzette.Regan@yopmail.com;1949-04-10
Jobi;Rocray;Jobi.Rocray@yopmail.com;1951-06-03
Mahalia;Azeria;Mahalia.Azeria@yopmail.com;1909-11-22
Lorenza;Sothena;Lorenza.Sothena@yopmail.com;1999-01-24
Alleen;Arne;Alleen.Arne@yopmail.com;1921-12-21
Nonnah;Wenda;Nonnah.Wenda@yopmail.com;1970-03-08
Andree;Maurine;Andree.Maurine@yopmail.com;1982-02-14
Marti;Cassius;Marti.Cassius@yopmail.com;1949-08-16
Randa;Ajay;Randa.Ajay@yopmail.com;1996-07-09
Edith;Pillsbury;Edith.Pillsbury@yopmail.com;1995-09-23
Millie;Elsinore;Millie.Elsinore@yopmail.com;1908-09-29
Alejandra;Ellord;Alejandra.Ellord@yopmail.com;1935-02-13
Ricky;Janene;Ricky.Janene@yopmail.com;1953-01-21
Damaris;Tillford;Damaris.Tillford@yopmail.com;2010-03-29
Cindelyn;Phaidra;Cindelyn.Phaidra@yopmail.com;1934-07-20
Cyndie;Sinegold;Cyndie.Sinegold@yopmail.com;1956-06-28
Di;Loring;Di.Loring@yopmail.com;1943-11-15
Dotty;Ries;Dotty.Ries@yopmail.com;2016-05-08
Hayley;Grimbly;Hayley.Grimbly@yopmail.com;1976-08-19
Pierette;Vins;Pierette.Vins@yopmail.com;1921-09-07
Maye;Voletta;Maye.Voletta@yopmail.com;1978-09-09
Leeanne;Arvo;Leeanne.Arvo@yopmail.com;2012-08-04
Miquela;Gavrila;Miquela.Gavrila@yopmail.com;1989-09-12
Leona;Capello;Leona.Capello@yopmail.com;1981-01-26
Fanny;Neva;Fanny.Neva@yopmail.com;1988-06-20
Aimil;Tryck;Aimil.Tryck@yopmail.com;1935-12-24
Donnie;Skurnik;Donnie.Skurnik@yopmail.com;1921-04-04
Rebeca;Gombach;Rebeca.Gombach@yopmail.com;1977-11-22
Romona;Carey;Romona.Carey@yopmail.com;1921-02-08
Katharina;Zuzana;Katharina.Zuzana@yopmail.com;1951-03-06
Elka;Kevon;Elka.Kevon@yopmail.com;1934-03-07
Mahalia;Lenny;Mahalia.Lenny@yopmail.com;1953-03-21
Bibby;Mauer;Bibby.Mauer@yopmail.com;1923-09-26
Joy;Milson;Joy.Milson@yopmail.com;1902-06-19
Lily;Isidore;Lily.Isidore@yopmail.com;1987-08-26
Stevana;Leffen;Stevana.Leffen@yopmail.com;2000-01-05
Oona;Sandye;Oona.Sandye@yopmail.com;1901-09-03
Penelopa;Yorick;Penelopa.Yorick@yopmail.com;2006-07-30
Gilligan;Elsinore;Gilligan.Elsinore@yopmail.com;1906-11-17
Wanda;Radu;Wanda.Radu@yopmail.com;2016-06-09
Sophia;Dex;Sophia.Dex@yopmail.com;1913-04-06
Vanessa;Heidt;Vanessa.Heidt@yopmail.com;1946-02-15
Diena;Shirberg;Diena.Shirberg@yopmail.com;1916-03-13
Evita;Thilda;Evita.Thilda@yopmail.com;1942-08-23
Carmencita;Hazlett;Carmencita.Hazlett@yopmail.com;1935-04-07
Winifred;Colyer;Winifred.Colyer@yopmail.com;2004-09-28
Roslyn;Couture;Roslyn.Couture@yopmail.com;1926-02-08
Johna;Belanger;Johna.Belanger@yopmail.com;1972-07-05
Jany;Eldrid;Jany.Eldrid@yopmail.com;2016-06-14
Cacilie;Lail;Cacilie.Lail@yopmail.com;2000-06-29
Ermengarde;Monaco;Ermengarde.Monaco@yopmail.com;1994-08-07
Belinda;Tristram;Belinda.Tristram@yopmail.com;1907-01-15
Phylis;Juan;Phylis.Juan@yopmail.com;1956-01-04
Ida;Kylander;Ida.Kylander@yopmail.com;1973-09-03
Amii;O'Carroll;Amii.O'Carroll@yopmail.com;1993-08-22
Jenda;Turne;Jenda.Turne@yopmail.com;1956-05-14
Diena;Sprage;Diena.Sprage@yopmail.com;1966-07-31
Ofilia;Delp;Ofilia.Delp@yopmail.com;1981-11-30
Cherilyn;Shelba;Cherilyn.Shelba@yopmail.com;1991-09-03
Siana;Olin;Siana.Olin@yopmail.com;2002-11-19
Charmaine;Saint;Charmaine.Saint@yopmail.com;1973-03-22
Aaren;Bultman;Aaren.Bultman@yopmail.com;1996-06-18
Rhea;Alva;Rhea.Alva@yopmail.com;1935-03-23
Hettie;Daegal;Hettie.Daegal@yopmail.com;1908-02-21
Alleen;Kare;Alleen.Kare@yopmail.com;1944-01-11
Korrie;Sigfrid;Korrie.Sigfrid@yopmail.com;2009-12-30
Frank;Bonilla;Frank.Bonilla@yopmail.com;2014-08-17
Christal;Roumell;Christal.Roumell@yopmail.com;1995-10-26
Sarette;Latini;Sarette.Latini@yopmail.com;1927-06-24
Heida;Lubin;Heida.Lubin@yopmail.com;1995-10-30
Morganica;Loleta;Morganica.Loleta@yopmail.com;1933-10-01
Justinn;Winnick;Justinn.Winnick@yopmail.com;1907-10-02
Rani;Blisse;Rani.Blisse@yopmail.com;1931-06-29
Nessie;Candy;Nessie.Candy@yopmail.com;1988-02-09
Ofilia;Markman;Ofilia.Markman@yopmail.com;2010-01-22
Melisent;Campball;Melisent.Campball@yopmail.com;1948-03-23
Ardeen;Aloise;Ardeen.Aloise@yopmail.com;1995-04-27
Amalie;Romelda;Amalie.Romelda@yopmail.com;1952-06-28
Brianna;Kunin;Brianna.Kunin@yopmail.com;2009-11-22
Darlleen;Whiffen;Darlleen.Whiffen@yopmail.com;1959-12-02
Robbi;Allare;Robbi.Allare@yopmail.com;1945-10-02
Dania;Phyllis;Dania.Phyllis@yopmail.com;1966-10-30
Chloris;Etom;Chloris.Etom@yopmail.com;1969-09-03
Lesly;Lumbard;Lesly.Lumbard@yopmail.com;1927-07-13
Georgina;Gombach;Georgina.Gombach@yopmail.com;1995-08-11
Eadie;Dorcy;Eadie.Dorcy@yopmail.com;1930-04-19
Flory;Norvol;Flory.Norvol@yopmail.com;1987-10-13
Kathy;Terrence;Kathy.Terrence@yopmail.com;2012-07-26
Queenie;Fillbert;Queenie.Fillbert@yopmail.com;2000-07-13
Joy;Santoro;Joy.Santoro@yopmail.com;2016-10-26
Karolina;Stevy;Karolina.Stevy@yopmail.com;2006-11-27
Kate;Drisko;Kate.Drisko@yopmail.com;1939-10-23
Nerta;Lowry;Nerta.Lowry@yopmail.com;1927-09-19
Lusa;Faria;Lusa.Faria@yopmail.com;1948-06-13
Dolli;Jacqui;Dolli.Jacqui@yopmail.com;1935-03-17
Christal;McLaughlin;Christal.McLaughlin@yopmail.com;1956-05-23
Brena;Even;Brena.Even@yopmail.com;1954-07-25
Petronia;Elvyn;Petronia.Elvyn@yopmail.com;1998-06-24
Sheelagh;Colbert;Sheelagh.Colbert@yopmail.com;1998-12-13
Fidelia;Harriman;Fidelia.Harriman@yopmail.com;1947-03-11
Suzette;Trace;Suzette.Trace@yopmail.com;1942-11-04
Eadie;Wilona;Eadie.Wilona@yopmail.com;1998-01-17
Christal;Boycey;Christal.Boycey@yopmail.com;1939-12-03
Joeann;Ax;Joeann.Ax@yopmail.com;1926-11-19
Jinny;Martguerita;Jinny.Martguerita@yopmail.com;1970-04-01
Reeba;Gaal;Reeba.Gaal@yopmail.com;1963-08-21
Amalie;Teddman;Amalie.Teddman@yopmail.com;1903-06-22
Ketti;Vivle;Ketti.Vivle@yopmail.com;1926-08-08
Catharine;Means;Catharine.Means@yopmail.com;1959-11-27
Basia;Sheedy;Basia.Sheedy@yopmail.com;1934-03-15
Chloris;Maurine;Chloris.Maurine@yopmail.com;1906-01-19
Perry;Even;Perry.Even@yopmail.com;1936-12-17
Cam;Gavrila;Cam.Gavrila@yopmail.com;2010-07-29
Shannah;Valoniah;Shannah.Valoniah@yopmail.com;1908-09-07
Max;Anis;Max.Anis@yopmail.com;1927-04-22
Collen;Vharat;Collen.Vharat@yopmail.com;1979-01-19
Siana;Salvidor;Siana.Salvidor@yopmail.com;1912-07-31
Phedra;Juan;Phedra.Juan@yopmail.com;1942-09-07
Marita;An;Marita.An@yopmail.com;2015-03-06
Celestyna;Wilkinson;Celestyna.Wilkinson@yopmail.com;1927-08-08
Daune;Burkle;Daune.Burkle@yopmail.com;1946-06-26
Taffy;Ashely;Taffy.Ashely@yopmail.com;1949-01-07
Phedra;Blisse;Phedra.Blisse@yopmail.com;1989-07-05
Marnia;Duwalt;Marnia.Duwalt@yopmail.com;2002-05-20
Ira;Linehan;Ira.Linehan@yopmail.com;2002-04-10
Beth;Seagraves;Beth.Seagraves@yopmail.com;1986-06-08
Tonia;Kenwood;Tonia.Kenwood@yopmail.com;1946-10-05
Fidelia;Eliathas;Fidelia.Eliathas@yopmail.com;1945-05-07
Chrystel;Frendel;Chrystel.Frendel@yopmail.com;1977-05-28
Marleah;Anton;Marleah.Anton@yopmail.com;1923-02-15
Glynnis;Whiffen;Glynnis.Whiffen@yopmail.com;1901-08-22
Cassondra;Revkah;Cassondra.Revkah@yopmail.com;1985-10-21
Larine;Decato;Larine.Decato@yopmail.com;1987-01-28
Jany;Bluh;Jany.Bluh@yopmail.com;1970-01-06
Chickie;Chrystel;Chickie.Chrystel@yopmail.com;1998-04-02
Justinn;Iaverne;Justinn.Iaverne@yopmail.com;1901-10-15
Maryellen;Zitvaa;Maryellen.Zitvaa@yopmail.com;1940-03-28
Vere;Mich;Vere.Mich@yopmail.com;1986-06-12
Kylynn;Smitt;Kylynn.Smitt@yopmail.com;1959-04-29
Ezmeralda;Melleta;Ezmeralda.Melleta@yopmail.com;1994-03-31
Vinita;Kirbee;Vinita.Kirbee@yopmail.com;2016-02-19
Margarette;Bow;Margarette.Bow@yopmail.com;1970-04-20
Theodora;Rosette;Theodora.Rosette@yopmail.com;1965-09-04
Mariann;Lareena;Mariann.Lareena@yopmail.com;1946-06-19
Libbie;Paine;Libbie.Paine@yopmail.com;2003-01-29
Stacey;Paine;Stacey.Paine@yopmail.com;1943-10-15
Annaliese;Stephie;Annaliese.Stephie@yopmail.com;1919-10-15
Ashlee;Uird;Ashlee.Uird@yopmail.com;1931-02-04
Fayre;Sothena;Fayre.Sothena@yopmail.com;1911-01-30
Averyl;Reneta;Averyl.Reneta@yopmail.com;1999-08-19
Dulcinea;Gaynor;Dulcinea.Gaynor@yopmail.com;1924-10-11
Fidelia;Judye;Fidelia.Judye@yopmail.com;1994-04-06
Alejandra;Liebermann;Alejandra.Liebermann@yopmail.com;1996-04-29
Ivett;Darbie;Ivett.Darbie@yopmail.com;2012-11-30
Meghann;Xerxes;Meghann.Xerxes@yopmail.com;1931-05-30
Emma;Gale;Emma.Gale@yopmail.com;1902-06-21
Coral;Rheingold;Coral.Rheingold@yopmail.com;1901-09-04
Alyssa;Bryna;Alyssa.Bryna@yopmail.com;1932-05-17
Fred;Emanuel;Fred.Emanuel@yopmail.com;1929-05-19