firstname;lastname;email;Field Name
Wanda;Bertold;Wanda.Bertold@yopmail.com;1997-05-23
Flory;Baudin;Flory.Baudin@yopmail.com;2008-01-03
Gilligan;Deegan;Gilligan.Deegan@yopmail.com;1914-03-01
Leeanne;Payson;Leeanne.Payson@yopmail.com;2001-07-13
Codie;Llovera;Codie.Llovera@yopmail.com;1941-05-18
Roz;Sekofski;Roz.Sekofski@yopmail.com;1974-10-28
Blondelle;McCutcheon;Blondelle.McCutcheon@yopmail.com;1971-11-10
Ariela;Henrie;Ariela.Henrie@yopmail.com;1966-01-18
Catharine;Colleen;Catharine.Colleen@yopmail.com;2004-12-04
Tilly;Alwin;Tilly.Alwin@yopmail.com;2015-12-08
Modestia;Schalles;Modestia.Schalles@yopmail.com;1942-08-27
Jenilee;Hachmin;Jenilee.Hachmin@yopmail.com;1916-12-27
Carmencita;Bonilla;Carmencita.Bonilla@yopmail.com;2007-06-16
Berget;Chesna;Berget.Chesna@yopmail.com;1944-07-31
Caressa;Gemini;Caressa.Gemini@yopmail.com;2001-01-27
Rosene;Gwenore;Rosene.Gwenore@yopmail.com;1943-11-04
Danika;Carolin;Danika.Carolin@yopmail.com;2014-05-26
Ruthe;Gaulin;Ruthe.Gaulin@yopmail.com;1989-08-07
Tracey;Swanhildas;Tracey.Swanhildas@yopmail.com;1930-07-14
Amalie;Vastah;Amalie.Vastah@yopmail.com;1940-08-29
Sonni;Amasa;Sonni.Amasa@yopmail.com;1946-05-17
Josephine;Andrel;Josephine.Andrel@yopmail.com;1906-04-21
Lizzie;Pulsifer;Lizzie.Pulsifer@yopmail.com;1933-02-22
Althea;Eckblad;Althea.Eckblad@yopmail.com;2006-01-20
Elise;Madaih;Elise.Madaih@yopmail.com;1969-06-05
Marnia;Ivens;Marnia.Ivens@yopmail.com;1973-06-07
Carlie;Hazlett;Carlie.Hazlett@yopmail.com;1955-10-17
Lonnie;Celestine;Lonnie.Celestine@yopmail.com;2000-04-02
Rivalee;Girardo;Rivalee.Girardo@yopmail.com;1927-02-16
Marinna;Nunci;Marinna.Nunci@yopmail.com;1910-12-05
Karly;Olin;Karly.Olin@yopmail.com;2009-07-29
Brena;Carleen;Brena.Carleen@yopmail.com;1942-07-05
Caritta;Izaak;Caritta.Izaak@yopmail.com;1903-12-23
Lesly;Odysseus;Lesly.Odysseus@yopmail.com;1927-09-20
Dulce;Marisa;Dulce.Marisa@yopmail.com;1981-06-28
Melina;Dulciana;Melina.Dulciana@yopmail.com;1912-01-08
Abbie;Peti;Abbie.Peti@yopmail.com;1924-06-18
Sadie;Thomasina;Sadie.Thomasina@yopmail.com;1936-03-28
Deirdre;Remmer;Deirdre.Remmer@yopmail.com;2019-08-04
Demetris;Alrich;Demetris.Alrich@yopmail.com;2016-05-19
Selma;Anton;Selma.Anton@yopmail.com;1968-05-16
Micheline;Schroth;Micheline.Schroth@yopmail.com;1971-09-27
Rubie;Primalia;Rubie.Primalia@yopmail.com;1954-03-24
Albertina;Gemini;Albertina.Gemini@yopmail.com;1992-05-12
Raina;Melony;Raina.Melony@yopmail.com;1905-01-13
Bobbi;Fillbert;Bobbi.Fillbert@yopmail.com;1922-06-08
Jacquetta;Whittaker;Jacquetta.Whittaker@yopmail.com;1917-08-17
Stacey;Camden;Stacey.Camden@yopmail.com;1918-01-02
Consuela;Kunin;Consuela.Kunin@yopmail.com;1972-04-02
Althea;Wolfgram;Althea.Wolfgram@yopmail.com;1980-09-15
Eolanda;Infield;Eolanda.Infield@yopmail.com;1998-09-28
Frieda;Wilkinson;Frieda.Wilkinson@yopmail.com;1945-06-26
Edyth;Riva;Edyth.Riva@yopmail.com;1937-05-11
Kimberley;Sothena;Kimberley.Sothena@yopmail.com;1952-09-11
Mara;Seessel;Mara.Seessel@yopmail.com;1931-11-10
Dotty;Laurianne;Dotty.Laurianne@yopmail.com;1980-02-21
Benita;Ralfston;Benita.Ralfston@yopmail.com;1928-08-11
Sashenka;Gahl;Sashenka.Gahl@yopmail.com;1955-03-31
Keelia;Moina;Keelia.Moina@yopmail.com;1922-07-16
Tracey;Bakerman;Tracey.Bakerman@yopmail.com;1940-01-24
Beatriz;Dituri;Beatriz.Dituri@yopmail.com;2007-03-06
Rosanne;Morrill;Rosanne.Morrill@yopmail.com;1937-03-08
Doralynne;Auberbach;Doralynne.Auberbach@yopmail.com;2010-09-18
Melina;Hachmin;Melina.Hachmin@yopmail.com;1979-03-31
Suzette;Maisey;Suzette.Maisey@yopmail.com;1993-10-06
Genovera;Longfellow;Genovera.Longfellow@yopmail.com;1943-03-25
Corly;Schalles;Corly.Schalles@yopmail.com;2002-12-05
Cyb;Chrystel;Cyb.Chrystel@yopmail.com;2007-09-01
Annice;Roarke;Annice.Roarke@yopmail.com;1984-10-22
Fanny;Lorenz;Fanny.Lorenz@yopmail.com;1912-02-16
Stacey;Sasnett;Stacey.Sasnett@yopmail.com;1930-02-11
Maurene;Katrine;Maurene.Katrine@yopmail.com;1929-12-03
Chandra;Kiersten;Chandra.Kiersten@yopmail.com;2005-06-18
Merrie;Tice;Merrie.Tice@yopmail.com;1958-01-17
Ruthe;Uund;Ruthe.Uund@yopmail.com;1900-02-10
Brena;Ciro;Brena.Ciro@yopmail.com;1902-10-10
Albertina;Wenoa;Albertina.Wenoa@yopmail.com;1999-01-31
Fredericka;Etom;Fredericka.Etom@yopmail.com;1974-11-29
Jorry;Carlson;Jorry.Carlson@yopmail.com;1939-12-18
Jessy;Faro;Jessy.Faro@yopmail.com;1937-08-24
Glenda;Chinua;Glenda.Chinua@yopmail.com;1929-07-02
Phedra;Stilwell;Phedra.Stilwell@yopmail.com;1993-04-25
Caressa;Fiann;Caressa.Fiann@yopmail.com;2007-06-10
Ketti;Yorick;Ketti.Yorick@yopmail.com;1995-03-19
Patricia;Dulciana;Patricia.Dulciana@yopmail.com;1954-11-17
Viviene;Hubert;Viviene.Hubert@yopmail.com;1915-05-03
Fawne;Helve;Fawne.Helve@yopmail.com;1992-03-27
Belinda;Revkah;Belinda.Revkah@yopmail.com;1989-07-01
Beverley;Zrike;Beverley.Zrike@yopmail.com;1949-12-13
Lolita;Brodench;Lolita.Brodench@yopmail.com;1903-03-09
Konstance;Tatianas;Konstance.Tatianas@yopmail.com;1965-12-13
Marcy;Stanwood;Marcy.Stanwood@yopmail.com;2011-05-29
Lilith;Leifeste;Lilith.Leifeste@yopmail.com;1909-11-24
Dione;Klemperer;Dione.Klemperer@yopmail.com;1956-10-18
Janey;Ball;Janey.Ball@yopmail.com;2013-02-26
Kathy;McCutcheon;Kathy.McCutcheon@yopmail.com;1909-01-08
Aurore;Schwejda;Aurore.Schwejda@yopmail.com;1920-03-04
Cordi;Fadiman;Cordi.Fadiman@yopmail.com;1996-02-11
Thalia;Diann;Thalia.Diann@yopmail.com;1965-05-29
Ernesta;Martguerita;Ernesta.Martguerita@yopmail.com;2018-07-08
Dale;Calhoun;Dale.Calhoun@yopmail.com;1902-10-18
Ottilie;Munn;Ottilie.Munn@yopmail.com;1949-10-19
Jinny;Roche;Jinny.Roche@yopmail.com;1922-04-02
Livvyy;Nisbet;Livvyy.Nisbet@yopmail.com;1904-07-01
Allis;Gale;Allis.Gale@yopmail.com;1926-11-18
Jere;Dosia;Jere.Dosia@yopmail.com;1957-02-09
Cathyleen;Fennessy;Cathyleen.Fennessy@yopmail.com;1917-11-03
Vita;Norvol;Vita.Norvol@yopmail.com;1958-06-26
Beth;Smitt;Beth.Smitt@yopmail.com;2002-10-08
Malina;Vernier;Malina.Vernier@yopmail.com;1901-02-11
Jorry;Slifka;Jorry.Slifka@yopmail.com;1948-12-24
Shaine;McClimans;Shaine.McClimans@yopmail.com;1985-01-30
Theodora;Berl;Theodora.Berl@yopmail.com;2003-07-20
Karolina;Quent;Karolina.Quent@yopmail.com;1998-01-17
Nadine;Brodench;Nadine.Brodench@yopmail.com;1991-08-06
Mildrid;Dominy;Mildrid.Dominy@yopmail.com;2008-06-05
Lynnea;Pauly;Lynnea.Pauly@yopmail.com;1976-09-21
Nananne;Bury;Nananne.Bury@yopmail.com;1993-12-10
Henriette;Keily;Henriette.Keily@yopmail.com;2006-07-11
Dede;Idelia;Dede.Idelia@yopmail.com;2018-05-05
Raquela;Havens;Raquela.Havens@yopmail.com;1980-03-09
Lacie;Cloris;Lacie.Cloris@yopmail.com;2009-06-16
Sandie;Vins;Sandie.Vins@yopmail.com;1984-02-27
Gerianna;Merell;Gerianna.Merell@yopmail.com;1971-08-02
Heddie;Prouty;Heddie.Prouty@yopmail.com;1979-06-28
Demetris;Phi;Demetris.Phi@yopmail.com;1929-01-20
Wileen;Kare;Wileen.Kare@yopmail.com;1910-03-09
Sidoney;Ventre;Sidoney.Ventre@yopmail.com;1902-05-21
Bobinette;Denis;Bobinette.Denis@yopmail.com;1964-12-12
Lyssa;Japeth;Lyssa.Japeth@yopmail.com;1960-08-14
Renae;Lea;Renae.Lea@yopmail.com;1954-05-15
Basia;Shama;Basia.Shama@yopmail.com;2012-03-22
Tami;Ahab;Tami.Ahab@yopmail.com;2002-11-08
Fanchon;Malanie;Fanchon.Malanie@yopmail.com;1951-08-08
Lily;Raimondo;Lily.Raimondo@yopmail.com;1949-04-03
Marti;Bibi;Marti.Bibi@yopmail.com;1902-04-30
Deedee;Rese;Deedee.Rese@yopmail.com;1918-09-17
Collen;Barney;Collen.Barney@yopmail.com;1998-11-25
Kimberley;Han;Kimberley.Han@yopmail.com;1957-10-01
Elka;Graig;Elka.Graig@yopmail.com;1995-01-19
Aurore;Laverne;Aurore.Laverne@yopmail.com;1973-04-05
Kirstin;Aloise;Kirstin.Aloise@yopmail.com;1925-07-15
Hettie;Alisia;Hettie.Alisia@yopmail.com;1954-08-11
Dorthy;Zuzana;Dorthy.Zuzana@yopmail.com;1976-06-30
Tressa;Bakerman;Tressa.Bakerman@yopmail.com;1946-03-25
Constance;Dreda;Constance.Dreda@yopmail.com;1983-06-19
Xylina;Frodi;Xylina.Frodi@yopmail.com;1975-06-10
Florencia;MacIntosh;Florencia.MacIntosh@yopmail.com;2005-04-05
Peri;Podvin;Peri.Podvin@yopmail.com;1985-06-08
Alleen;Casimir;Alleen.Casimir@yopmail.com;1935-05-29
Danny;Frodi;Danny.Frodi@yopmail.com;1937-08-13
Lorie;Ellerey;Lorie.Ellerey@yopmail.com;2006-12-31
Katleen;Leler;Katleen.Leler@yopmail.com;1906-03-01
Oona;Margarete;Oona.Margarete@yopmail.com;1933-03-30
Goldie;Bakerman;Goldie.Bakerman@yopmail.com;1968-09-06
Lory;Hartnett;Lory.Hartnett@yopmail.com;1918-03-26
Hyacinthe;Fabiola;Hyacinthe.Fabiola@yopmail.com;1946-03-03
Antonietta;Alisia;Antonietta.Alisia@yopmail.com;1989-10-17
Rosanne;Emmy;Rosanne.Emmy@yopmail.com;1934-09-10
Tarra;Colyer;Tarra.Colyer@yopmail.com;1944-12-19
Corene;Hubert;Corene.Hubert@yopmail.com;1920-01-11
Dania;Kat;Dania.Kat@yopmail.com;1984-07-06
Sarette;Glenden;Sarette.Glenden@yopmail.com;1981-11-08
Morganica;Sidonius;Morganica.Sidonius@yopmail.com;1977-05-10
Tilly;Byrne;Tilly.Byrne@yopmail.com;1945-11-15
Florie;Lowry;Florie.Lowry@yopmail.com;1960-07-30
Abbie;Kenney;Abbie.Kenney@yopmail.com;1992-01-01
Roberta;Chandler;Roberta.Chandler@yopmail.com;2016-12-09
Angelique;Shama;Angelique.Shama@yopmail.com;1987-03-16
Kittie;Ellerey;Kittie.Ellerey@yopmail.com;1933-08-08
Feliza;Millda;Feliza.Millda@yopmail.com;1935-02-12
Wanda;Ajay;Wanda.Ajay@yopmail.com;1918-05-06
Dominga;Hortensia;Dominga.Hortensia@yopmail.com;2003-01-06
Sissy;Marisa;Sissy.Marisa@yopmail.com;1972-11-16
Lucille;Stoller;Lucille.Stoller@yopmail.com;1918-04-07
Kelly;Guildroy;Kelly.Guildroy@yopmail.com;2018-06-13
Georgetta;Esmaria;Georgetta.Esmaria@yopmail.com;2000-08-30
Ingrid;Arne;Ingrid.Arne@yopmail.com;1902-06-22
Odessa;Phi;Odessa.Phi@yopmail.com;1989-07-15
Hollie;Swanhildas;Hollie.Swanhildas@yopmail.com;2001-12-08
Alisha;Middleton;Alisha.Middleton@yopmail.com;1945-03-19
Starla;Buffum;Starla.Buffum@yopmail.com;1918-10-04
Lolita;Eno;Lolita.Eno@yopmail.com;1942-10-02
Yetty;Ax;Yetty.Ax@yopmail.com;1948-06-20
Lulita;Carlson;Lulita.Carlson@yopmail.com;2018-03-06
Aigneis;Isacco;Aigneis.Isacco@yopmail.com;1939-01-20
Kirstin;Raseda;Kirstin.Raseda@yopmail.com;1997-04-01
Glynnis;Edison;Glynnis.Edison@yopmail.com;1905-08-30
Carlie;Kat;Carlie.Kat@yopmail.com;1938-07-04
Merci;Woodberry;Merci.Woodberry@yopmail.com;1907-03-21
Esmeralda;Luhe;Esmeralda.Luhe@yopmail.com;1948-02-16
Marsiella;Chobot;Marsiella.Chobot@yopmail.com;1985-12-31
Marita;Hourigan;Marita.Hourigan@yopmail.com;1951-05-15
Winny;Lunsford;Winny.Lunsford@yopmail.com;1981-11-05
Reeba;Barbey;Reeba.Barbey@yopmail.com;2015-03-28
Frances;Melan;Frances.Melan@yopmail.com;1903-06-25
Gertrud;Cassius;Gertrud.Cassius@yopmail.com;1909-08-28
Misha;Moseley;Misha.Moseley@yopmail.com;2018-12-15
Tatiania;Hessler;Tatiania.Hessler@yopmail.com;1958-01-05
Annora;Taima;Annora.Taima@yopmail.com;1974-12-04
Bibby;Hourigan;Bibby.Hourigan@yopmail.com;1931-04-06
Trudie;Alejoa;Trudie.Alejoa@yopmail.com;1912-08-04
Susette;Ortrude;Susette.Ortrude@yopmail.com;1922-06-13
Georgetta;O'Carroll;Georgetta.O'Carroll@yopmail.com;1979-06-18
Consuela;Brunell;Consuela.Brunell@yopmail.com;1965-01-03
Melisent;Zrike;Melisent.Zrike@yopmail.com;1953-07-05
Pearline;Syd;Pearline.Syd@yopmail.com;2000-03-17
Frank;Alejoa;Frank.Alejoa@yopmail.com;1919-11-16
Marinna;Ingra;Marinna.Ingra@yopmail.com;1925-07-16
Charlena;Parette;Charlena.Parette@yopmail.com;1908-08-07
Dorene;Olnee;Dorene.Olnee@yopmail.com;1966-09-05
Zsa Zsa;Nahum;Zsa Zsa.Nahum@yopmail.com;2019-02-05
Joeann;Thilda;Joeann.Thilda@yopmail.com;1948-08-25
Kamilah;Nelsen;Kamilah.Nelsen@yopmail.com;1991-10-30
Diena;Hubert;Diena.Hubert@yopmail.com;1905-12-03
Vivia;Himelman;Vivia.Himelman@yopmail.com;2000-10-23
Sharai;Tomasina;Sharai.Tomasina@yopmail.com;1901-10-25
Valera;Firmin;Valera.Firmin@yopmail.com;1972-08-16
Phedra;Georas;Phedra.Georas@yopmail.com;1962-01-20
Margalo;Lytton;Margalo.Lytton@yopmail.com;1931-09-02
Sheelagh;Jarib;Sheelagh.Jarib@yopmail.com;1970-06-13
Esmeralda;Tiffa;Esmeralda.Tiffa@yopmail.com;1940-09-10
Genevra;Loring;Genevra.Loring@yopmail.com;1961-01-16
Alie;Craggie;Alie.Craggie@yopmail.com;1960-11-20
Justinn;Pauly;Justinn.Pauly@yopmail.com;1957-02-09
Sheree;Phaidra;Sheree.Phaidra@yopmail.com;1988-06-20
Dianemarie;Kussell;Dianemarie.Kussell@yopmail.com;1982-09-20
Margette;Lay;Margette.Lay@yopmail.com;1999-09-06
Collen;Wyn;Collen.Wyn@yopmail.com;1929-12-03
Judy;Leopold;Judy.Leopold@yopmail.com;1928-03-02
Kimberley;Wenoa;Kimberley.Wenoa@yopmail.com;1968-05-06
Karolina;Giff;Karolina.Giff@yopmail.com;1960-10-23
Kathy;Euridice;Kathy.Euridice@yopmail.com;1981-10-06
Paule;Elo;Paule.Elo@yopmail.com;1995-10-04
Melina;Verger;Melina.Verger@yopmail.com;1916-07-24
Janis;Laurianne;Janis.Laurianne@yopmail.com;1990-03-22
Sheelagh;Hanleigh;Sheelagh.Hanleigh@yopmail.com;1982-11-10
Celene;Eugenia;Celene.Eugenia@yopmail.com;1935-09-04
Justinn;Read;Justinn.Read@yopmail.com;1924-09-09
Gale;Millda;Gale.Millda@yopmail.com;1988-07-31
Jasmina;Rosemary;Jasmina.Rosemary@yopmail.com;2019-08-05
Betta;Hylan;Betta.Hylan@yopmail.com;2017-02-19
Correy;Elo;Correy.Elo@yopmail.com;1922-06-05
Viki;Berard;Viki.Berard@yopmail.com;1912-12-27
Aurore;Carri;Aurore.Carri@yopmail.com;1937-08-17
Moyna;Dermott;Moyna.Dermott@yopmail.com;1957-03-11
Candi;Aida;Candi.Aida@yopmail.com;1951-08-10
Shaine;Saint;Shaine.Saint@yopmail.com;1959-03-27
Helsa;Eno;Helsa.Eno@yopmail.com;1917-03-17
Bobinette;Adrienne;Bobinette.Adrienne@yopmail.com;2007-08-19
Aubrie;Claudine;Aubrie.Claudine@yopmail.com;1920-05-08
Tobe;Wiener;Tobe.Wiener@yopmail.com;1925-12-13
Melisent;Magdalen;Melisent.Magdalen@yopmail.com;1969-10-05
Maurene;Kinnard;Maurene.Kinnard@yopmail.com;2016-10-16
Dale;Latini;Dale.Latini@yopmail.com;1965-05-06
Elvira;Lalitta;Elvira.Lalitta@yopmail.com;1921-09-06
Micheline;Lumbard;Micheline.Lumbard@yopmail.com;1907-06-16
Lolita;Weinreb;Lolita.Weinreb@yopmail.com;2003-08-04
Rozele;Maisey;Rozele.Maisey@yopmail.com;1979-05-18
Gloria;Guildroy;Gloria.Guildroy@yopmail.com;2014-09-01
Minne;Elo;Minne.Elo@yopmail.com;1974-08-21
Adore;Chick;Adore.Chick@yopmail.com;1939-08-14
Stevana;Slifka;Stevana.Slifka@yopmail.com;1965-06-17
Deloria;Couture;Deloria.Couture@yopmail.com;1919-02-10
Inga;Pozzy;Inga.Pozzy@yopmail.com;1936-12-10
Cherrita;Frendel;Cherrita.Frendel@yopmail.com;2012-07-25
Wilma;Elo;Wilma.Elo@yopmail.com;1991-03-08
Fredericka;Hortensia;Fredericka.Hortensia@yopmail.com;1979-12-01
Dorothy;Loeb;Dorothy.Loeb@yopmail.com;1945-12-31
Katharina;Saint;Katharina.Saint@yopmail.com;1941-12-12
Lulita;Gower;Lulita.Gower@yopmail.com;1903-06-04
Alleen;Leonard;Alleen.Leonard@yopmail.com;1949-12-02
Angela;Seligman;Angela.Seligman@yopmail.com;2008-10-27
Nelle;Clarissa;Nelle.Clarissa@yopmail.com;2015-08-01
Kary;Muriel;Kary.Muriel@yopmail.com;2008-04-05
Rhea;Mendez;Rhea.Mendez@yopmail.com;2019-08-30
Britte;Agle;Britte.Agle@yopmail.com;1996-03-24
Grier;Sherrie;Grier.Sherrie@yopmail.com;1969-12-30
Chastity;Crudden;Chastity.Crudden@yopmail.com;1952-09-30
Isa;Hoban;Isa.Hoban@yopmail.com;1932-01-08
Ronna;Lutero;Ronna.Lutero@yopmail.com;1966-11-11
Jany;Haldas;Jany.Haldas@yopmail.com;1954-11-29
Maryellen;Israeli;Maryellen.Israeli@yopmail.com;1912-10-16
Sidoney;Odysseus;Sidoney.Odysseus@yopmail.com;1952-06-16
Ayn;Mott;Ayn.Mott@yopmail.com;1979-08-28
Lucy;Alejoa;Lucy.Alejoa@yopmail.com;1967-05-20
Halette;Standing;Halette.Standing@yopmail.com;2009-01-17
Cristabel;Tremayne;Cristabel.Tremayne@yopmail.com;1947-04-06
Celene;Danby;Celene.Danby@yopmail.com;1922-04-26
Tani;Odell;Tani.Odell@yopmail.com;2001-07-15
Halette;Fairweather;Halette.Fairweather@yopmail.com;1931-03-28
Jenda;Hathaway;Jenda.Hathaway@yopmail.com;1994-02-14
Clarice;Bobbee;Clarice.Bobbee@yopmail.com;2016-06-15
Queenie;Joli;Queenie.Joli@yopmail.com;1918-07-24
Dorene;Carey;Dorene.Carey@yopmail.com;1918-03-07
Kittie;Amand;Kittie.Amand@yopmail.com;1996-05-28
Danika;Durante;Danika.Durante@yopmail.com;2016-02-17
Charlena;Florina;Charlena.Florina@yopmail.com;1904-06-10
Isa;Liva;Isa.Liva@yopmail.com;1942-05-13
Arlina;Iiette;Arlina.Iiette@yopmail.com;1981-08-22
Cecile;Brodench;Cecile.Brodench@yopmail.com;1983-02-06
Vita;Parette;Vita.Parette@yopmail.com;1947-05-23
Jan;Nickola;Jan.Nickola@yopmail.com;1912-04-01
Tani;Lorain;Tani.Lorain@yopmail.com;1906-05-04
Bee;Roxanna;Bee.Roxanna@yopmail.com;2002-11-15
Sherrie;Nickola;Sherrie.Nickola@yopmail.com;1968-01-15
Raquela;Erlandson;Raquela.Erlandson@yopmail.com;2015-02-28
Gwenneth;Holtz;Gwenneth.Holtz@yopmail.com;1912-03-07
Paule;Smitt;Paule.Smitt@yopmail.com;1932-09-16
Candy;Pandolfi;Candy.Pandolfi@yopmail.com;1966-09-01
Trixi;Thunell;Trixi.Thunell@yopmail.com;1905-02-12
Nataline;Fax;Nataline.Fax@yopmail.com;2010-03-01
Wilma;Birdella;Wilma.Birdella@yopmail.com;1997-11-16
Consuela;Bevin;Consuela.Bevin@yopmail.com;1981-07-28
Jessamyn;Cherianne;Jessamyn.Cherianne@yopmail.com;1922-12-07
Annora;My;Annora.My@yopmail.com;1987-02-11
Heida;Havens;Heida.Havens@yopmail.com;1998-04-02
Kary;Narton;Kary.Narton@yopmail.com;2015-12-02
Jenilee;Kristi;Jenilee.Kristi@yopmail.com;1976-03-07
Roslyn;Erskine;Roslyn.Erskine@yopmail.com;1922-07-29
Amalie;Mintz;Amalie.Mintz@yopmail.com;1975-01-30
Sophia;Ball;Sophia.Ball@yopmail.com;1976-10-06
Alyssa;Atonsah;Alyssa.Atonsah@yopmail.com;1959-12-07
Wanda;Ovid;Wanda.Ovid@yopmail.com;1987-02-22
Annabela;Larochelle;Annabela.Larochelle@yopmail.com;1931-08-10
Allis;Dex;Allis.Dex@yopmail.com;2009-10-18
Eolanda;Eliathas;Eolanda.Eliathas@yopmail.com;1992-01-23
Jacenta;Ader;Jacenta.Ader@yopmail.com;1911-10-21
Tarra;Dyche;Tarra.Dyche@yopmail.com;1913-02-25
Eadie;Pacorro;Eadie.Pacorro@yopmail.com;2018-09-09
Sam;Cutlerr;Sam.Cutlerr@yopmail.com;1913-03-05
Gerrie;Nester;Gerrie.Nester@yopmail.com;1925-09-01
Candi;Kristi;Candi.Kristi@yopmail.com;1947-02-09
Ira;Margret;Ira.Margret@yopmail.com;1907-05-07
Consuela;Eliathas;Consuela.Eliathas@yopmail.com;1933-12-29
Clementine;Anyah;Clementine.Anyah@yopmail.com;1944-12-09
Frank;Sholley;Frank.Sholley@yopmail.com;1976-07-07
Leona;Cordi;Leona.Cordi@yopmail.com;2000-09-14
Amara;Bahr;Amara.Bahr@yopmail.com;1954-05-25
Gavrielle;Ellerey;Gavrielle.Ellerey@yopmail.com;2005-09-22
Brietta;Schlosser;Brietta.Schlosser@yopmail.com;1947-02-22
Danika;Neva;Danika.Neva@yopmail.com;2008-02-12
Tomasina;Gillan;Tomasina.Gillan@yopmail.com;1993-07-10
Katleen;Sherrie;Katleen.Sherrie@yopmail.com;1905-09-12
Heddie;Hollingsworth;Heddie.Hollingsworth@yopmail.com;1944-06-24
Joane;Peonir;Joane.Peonir@yopmail.com;1981-10-10
Binny;Robertson;Binny.Robertson@yopmail.com;1927-07-02
Magdalena;Rolf;Magdalena.Rolf@yopmail.com;1970-06-16
Nickie;Hollingsworth;Nickie.Hollingsworth@yopmail.com;1929-08-10
Clo;Terrence;Clo.Terrence@yopmail.com;1939-09-06
Olivette;Himelman;Olivette.Himelman@yopmail.com;1999-12-25
Darlleen;Isacco;Darlleen.Isacco@yopmail.com;1993-01-30
Sarette;Berl;Sarette.Berl@yopmail.com;2002-10-13
Gratia;Wittie;Gratia.Wittie@yopmail.com;1993-06-29
Max;Honoria;Max.Honoria@yopmail.com;1985-07-21
Maisey;Stelle;Maisey.Stelle@yopmail.com;1917-04-11
Emylee;Lail;Emylee.Lail@yopmail.com;1967-02-04
Britte;Lanita;Britte.Lanita@yopmail.com;1961-08-03
Maridel;Simmonds;Maridel.Simmonds@yopmail.com;1956-10-04
Mamie;Brodench;Mamie.Brodench@yopmail.com;1910-09-09
Minne;Gower;Minne.Gower@yopmail.com;1976-12-28
Linzy;Bertold;Linzy.Bertold@yopmail.com;2007-12-10
Marguerite;Audly;Marguerite.Audly@yopmail.com;1990-10-20
Feliza;Timon;Feliza.Timon@yopmail.com;1986-01-01
Henriette;Serilda;Henriette.Serilda@yopmail.com;1993-04-25
Roz;O'Carroll;Roz.O'Carroll@yopmail.com;1943-11-06
Talya;Cutlerr;Talya.Cutlerr@yopmail.com;1973-05-29
Farrah;Moina;Farrah.Moina@yopmail.com;1983-10-06
Atlanta;Joseph;Atlanta.Joseph@yopmail.com;2005-04-28
Ellette;Giule;Ellette.Giule@yopmail.com;1952-03-11
Sidoney;Bertold;Sidoney.Bertold@yopmail.com;1971-08-23
Olwen;Vernier;Olwen.Vernier@yopmail.com;1956-05-13
Marika;Hermes;Marika.Hermes@yopmail.com;1917-03-03
Bill;Nadia;Bill.Nadia@yopmail.com;1912-08-08
Liana;Sperling;Liana.Sperling@yopmail.com;2011-10-21
Minda;Christal;Minda.Christal@yopmail.com;1901-05-07
Mady;Cecile;Mady.Cecile@yopmail.com;2017-04-03
Beth;Bohlin;Beth.Bohlin@yopmail.com;1919-05-31
Dominga;Marlie;Dominga.Marlie@yopmail.com;2008-04-21
Carolina;Mauer;Carolina.Mauer@yopmail.com;1913-08-13
Melodie;Jerold;Melodie.Jerold@yopmail.com;1944-12-12
Loree;Kellby;Loree.Kellby@yopmail.com;1948-10-09
Evita;Bakerman;Evita.Bakerman@yopmail.com;2006-03-01
Dotty;Leopold;Dotty.Leopold@yopmail.com;1927-12-22
Amara;Brian;Amara.Brian@yopmail.com;1900-03-21
Brooks;Sothena;Brooks.Sothena@yopmail.com;1959-10-03
Chandra;Maples;Chandra.Maples@yopmail.com;2008-04-14
Mady;Eno;Mady.Eno@yopmail.com;1984-01-19
Lanna;Cleavland;Lanna.Cleavland@yopmail.com;1993-08-13
Valeda;Tacye;Valeda.Tacye@yopmail.com;1945-11-23
Ricky;Ariella;Ricky.Ariella@yopmail.com;1993-02-05
Tiffie;McLaughlin;Tiffie.McLaughlin@yopmail.com;2010-07-15
Asia;Ammann;Asia.Ammann@yopmail.com;2009-02-09
Mellicent;Carlson;Mellicent.Carlson@yopmail.com;1946-05-14
Sara-Ann;Lissi;Sara-Ann.Lissi@yopmail.com;1939-01-01
Randa;Codding;Randa.Codding@yopmail.com;1933-10-11
Ilse;Adlare;Ilse.Adlare@yopmail.com;2010-11-27
Cacilie;Parette;Cacilie.Parette@yopmail.com;2007-10-31
Marinna;Weinreb;Marinna.Weinreb@yopmail.com;1908-06-09
Marinna;Stephie;Marinna.Stephie@yopmail.com;1978-05-29
Georgina;Sasnett;Georgina.Sasnett@yopmail.com;1904-05-20
Jemie;Harriman;Jemie.Harriman@yopmail.com;2001-12-29
Shaine;Latini;Shaine.Latini@yopmail.com;1995-03-02
Ekaterina;Jaylene;Ekaterina.Jaylene@yopmail.com;1944-10-25
Melodie;Girardo;Melodie.Girardo@yopmail.com;1979-08-13
Viviene;Annabella;Viviene.Annabella@yopmail.com;1976-09-13
Georgetta;Buckler;Georgetta.Buckler@yopmail.com;1917-07-31
Ardeen;Carolin;Ardeen.Carolin@yopmail.com;1919-02-19
Corry;Annabella;Corry.Annabella@yopmail.com;1928-08-29
Renie;Westphal;Renie.Westphal@yopmail.com;1902-12-15
Monika;Merna;Monika.Merna@yopmail.com;1907-10-28
Selma;Gamaliel;Selma.Gamaliel@yopmail.com;1958-09-27
Kamilah;Lorenz;Kamilah.Lorenz@yopmail.com;1938-10-17
Gertrud;Bonucci;Gertrud.Bonucci@yopmail.com;2012-07-19
Debee;Estella;Debee.Estella@yopmail.com;1968-10-23
Ingrid;Callista;Ingrid.Callista@yopmail.com;1929-04-05
Nonnah;Guthrie;Nonnah.Guthrie@yopmail.com;1933-07-02
Patricia;Riva;Patricia.Riva@yopmail.com;1925-02-04
Ricky;Masao;Ricky.Masao@yopmail.com;1927-11-01
Tomasina;Rad;Tomasina.Rad@yopmail.com;1939-06-22
Gavrielle;Pattin;Gavrielle.Pattin@yopmail.com;1982-06-29
Amelia;Dannye;Amelia.Dannye@yopmail.com;1923-10-01
Catharine;Aaberg;Catharine.Aaberg@yopmail.com;1962-06-06
Margalo;Llovera;Margalo.Llovera@yopmail.com;1958-12-23
Nessie;Rossner;Nessie.Rossner@yopmail.com;1955-02-24
Chloris;Ammann;Chloris.Ammann@yopmail.com;2013-06-09
Marsiella;Fleeta;Marsiella.Fleeta@yopmail.com;1973-01-16
Inga;Hedve;Inga.Hedve@yopmail.com;1929-10-15
Doro;Callista;Doro.Callista@yopmail.com;2001-01-18
Stacey;O'Neill;Stacey.O'Neill@yopmail.com;1947-06-05
Lila;Seumas;Lila.Seumas@yopmail.com;1921-06-15
Lynde;Bebe;Lynde.Bebe@yopmail.com;1909-05-05
Romona;Roche;Romona.Roche@yopmail.com;1990-12-26
Flory;Borrell;Flory.Borrell@yopmail.com;1996-07-30
Joleen;Sundin;Joleen.Sundin@yopmail.com;1901-03-19
Elora;Merriott;Elora.Merriott@yopmail.com;1903-12-14
Nessie;Decato;Nessie.Decato@yopmail.com;1904-05-15
Stacey;Clywd;Stacey.Clywd@yopmail.com;1926-08-21
Elora;Cristi;Elora.Cristi@yopmail.com;1911-05-31
Fernande;Posner;Fernande.Posner@yopmail.com;2001-11-30
Therine;Schenck;Therine.Schenck@yopmail.com;1921-09-16
Rosanne;Sprage;Rosanne.Sprage@yopmail.com;1978-10-06
Cecile;Koziara;Cecile.Koziara@yopmail.com;1998-07-09
Mallory;Estella;Mallory.Estella@yopmail.com;1963-12-08
Donnie;Chobot;Donnie.Chobot@yopmail.com;1934-12-21
Blondelle;Sammons;Blondelle.Sammons@yopmail.com;1902-07-20
Melina;Dearborn;Melina.Dearborn@yopmail.com;1913-11-20
Corina;Paton;Corina.Paton@yopmail.com;1986-07-17
Janenna;Ephrem;Janenna.Ephrem@yopmail.com;2019-11-23
Correy;Hourigan;Correy.Hourigan@yopmail.com;2003-03-23
Margarette;Dowski;Margarette.Dowski@yopmail.com;1928-06-13
Camile;Dyche;Camile.Dyche@yopmail.com;1921-07-22
Meriel;Amethist;Meriel.Amethist@yopmail.com;1958-09-13
Allyce;Junie;Allyce.Junie@yopmail.com;1933-07-12
Corina;Kirbee;Corina.Kirbee@yopmail.com;1925-10-20
Lynnea;Gaynor;Lynnea.Gaynor@yopmail.com;1934-01-17
Joy;Fulmer;Joy.Fulmer@yopmail.com;1905-02-15
Deirdre;Jeanne;Deirdre.Jeanne@yopmail.com;1954-09-01
Amalie;Ioab;Amalie.Ioab@yopmail.com;1993-07-29
Merci;Tybald;Merci.Tybald@yopmail.com;2005-12-01
Priscilla;Thunell;Priscilla.Thunell@yopmail.com;1972-05-10
Zondra;Seagraves;Zondra.Seagraves@yopmail.com;1918-08-08
Jaclyn;Olympium;Jaclyn.Olympium@yopmail.com;1967-09-21
Brynna;Laurianne;Brynna.Laurianne@yopmail.com;1978-03-19
Regina;Armanda;Regina.Armanda@yopmail.com;1938-05-28
Alisha;Kiyoshi;Alisha.Kiyoshi@yopmail.com;1925-03-01
Merle;Leopold;Merle.Leopold@yopmail.com;1973-04-02
Molli;Mendez;Molli.Mendez@yopmail.com;1964-07-28
Elmira;Kermit;Elmira.Kermit@yopmail.com;1937-11-07
Ricky;Kannry;Ricky.Kannry@yopmail.com;2005-11-04
Marika;Blisse;Marika.Blisse@yopmail.com;1937-03-10
Rebeca;Bahr;Rebeca.Bahr@yopmail.com;1970-03-25
Caressa;Ahab;Caressa.Ahab@yopmail.com;1960-11-24
Sean;Voletta;Sean.Voletta@yopmail.com;1941-04-05
Therine;Dom;Therine.Dom@yopmail.com;1948-04-25
Odessa;Koziara;Odessa.Koziara@yopmail.com;1921-02-03
Monika;Autrey;Monika.Autrey@yopmail.com;1918-07-03
Carlie;Cookie;Carlie.Cookie@yopmail.com;1996-08-17
Marline;Jary;Marline.Jary@yopmail.com;1922-03-17
Thalia;Fredi;Thalia.Fredi@yopmail.com;1975-10-20
Libbie;Louanna;Libbie.Louanna@yopmail.com;1981-06-18
Belinda;Hoenack;Belinda.Hoenack@yopmail.com;1913-12-05
Alisha;Edee;Alisha.Edee@yopmail.com;2018-04-02
Pollyanna;Cullin;Pollyanna.Cullin@yopmail.com;1900-08-13
Jere;Grobe;Jere.Grobe@yopmail.com;1907-08-31
Sonni;Gaal;Sonni.Gaal@yopmail.com;1918-12-10
Therine;Silvan;Therine.Silvan@yopmail.com;1900-07-10
Viviene;Valoniah;Viviene.Valoniah@yopmail.com;1902-06-24
Quintina;Mozelle;Quintina.Mozelle@yopmail.com;1935-07-30
Nessie;Gunn;Nessie.Gunn@yopmail.com;1958-03-04
Concettina;Selway;Concettina.Selway@yopmail.com;1956-05-07
Bill;Wind;Bill.Wind@yopmail.com;1930-09-14
Madelle;Forrer;Madelle.Forrer@yopmail.com;1931-05-31
Arlina;Koziara;Arlina.Koziara@yopmail.com;1962-03-25
Rosene;Vastah;Rosene.Vastah@yopmail.com;1902-08-15
Heddie;Mott;Heddie.Mott@yopmail.com;1978-08-09
Deedee;Sandye;Deedee.Sandye@yopmail.com;1977-02-01
Aryn;Celestine;Aryn.Celestine@yopmail.com;1968-10-09
Myriam;Travax;Myriam.Travax@yopmail.com;1992-05-17
Dominga;Egbert;Dominga.Egbert@yopmail.com;1970-05-14
Gretal;Hourigan;Gretal.Hourigan@yopmail.com;1962-02-16
Annabela;Terrence;Annabela.Terrence@yopmail.com;1984-10-31
Althea;Pearse;Althea.Pearse@yopmail.com;1971-11-15
Tani;Wattenberg;Tani.Wattenberg@yopmail.com;1935-11-16
Brandise;Beebe;Brandise.Beebe@yopmail.com;2009-08-24
Natka;Nikaniki;Natka.Nikaniki@yopmail.com;2009-06-25
Elyssa;Middleton;Elyssa.Middleton@yopmail.com;1963-06-21
Brianna;Stover;Brianna.Stover@yopmail.com;1985-10-31
Jackie;Stelle;Jackie.Stelle@yopmail.com;1915-09-07
Alia;Sparhawk;Alia.Sparhawk@yopmail.com;2012-12-10
Therine;Warthman;Therine.Warthman@yopmail.com;1971-09-15
Pollyanna;Jess;Pollyanna.Jess@yopmail.com;1905-05-05
Micheline;Connelly;Micheline.Connelly@yopmail.com;1965-08-16
Elise;Alwin;Elise.Alwin@yopmail.com;1994-12-22
Oona;Rad;Oona.Rad@yopmail.com;1918-10-18
Jeanna;Connelly;Jeanna.Connelly@yopmail.com;1986-06-25
Genovera;Vins;Genovera.Vins@yopmail.com;2019-12-27
Modestia;Septima;Modestia.Septima@yopmail.com;1944-04-13
Gerrie;Kellby;Gerrie.Kellby@yopmail.com;1931-11-16
Marnia;Waldron;Marnia.Waldron@yopmail.com;1996-07-22
Lindie;Thunell;Lindie.Thunell@yopmail.com;1949-07-08
Antonietta;Torray;Antonietta.Torray@yopmail.com;1973-01-31
Suzette;Ludewig;Suzette.Ludewig@yopmail.com;1969-07-16
Dotty;Thomasina;Dotty.Thomasina@yopmail.com;2017-04-15
Paule;Gaal;Paule.Gaal@yopmail.com;2014-08-22
Elora;Teryn;Elora.Teryn@yopmail.com;1993-02-22
Joane;Japeth;Joane.Japeth@yopmail.com;1900-10-19
Karly;Shields;Karly.Shields@yopmail.com;1946-12-01
Sophia;Thomasina;Sophia.Thomasina@yopmail.com;1929-02-25
Steffane;Neils;Steffane.Neils@yopmail.com;1965-05-06
Meghann;Scammon;Meghann.Scammon@yopmail.com;1997-03-02
Tressa;Berriman;Tressa.Berriman@yopmail.com;1913-08-05
Coral;Wu;Coral.Wu@yopmail.com;1913-08-16
Tilly;Hanleigh;Tilly.Hanleigh@yopmail.com;1941-12-19
Pearline;Guildroy;Pearline.Guildroy@yopmail.com;1964-05-09
Halette;Schroth;Halette.Schroth@yopmail.com;1913-02-10
Ekaterina;Gilbertson;Ekaterina.Gilbertson@yopmail.com;1970-09-18
Meriel;Hedve;Meriel.Hedve@yopmail.com;1926-07-02
Maud;Ulphia;Maud.Ulphia@yopmail.com;1910-05-21
Ana;Narton;Ana.Narton@yopmail.com;1975-03-03
Clarice;Louanna;Clarice.Louanna@yopmail.com;1933-01-29
Bibby;Pulsifer;Bibby.Pulsifer@yopmail.com;1940-09-22
Cyndie;Zachary;Cyndie.Zachary@yopmail.com;1922-03-31
Sallie;Harday;Sallie.Harday@yopmail.com;1960-10-10
Mallory;Robertson;Mallory.Robertson@yopmail.com;1910-11-10
Mureil;Afton;Mureil.Afton@yopmail.com;1967-02-09
Tami;Salvidor;Tami.Salvidor@yopmail.com;2016-05-15
Lelah;Colleen;Lelah.Colleen@yopmail.com;1933-01-14
Donnie;Harriman;Donnie.Harriman@yopmail.com;2011-11-11
Ginnie;Chobot;Ginnie.Chobot@yopmail.com;1948-12-06
Shaylyn;An;Shaylyn.An@yopmail.com;1960-03-08
Iseabal;Brackely;Iseabal.Brackely@yopmail.com;1938-04-05
Darlleen;Kauppi;Darlleen.Kauppi@yopmail.com;1941-01-07
Thalia;Hylan;Thalia.Hylan@yopmail.com;2008-04-28
Cathyleen;Verger;Cathyleen.Verger@yopmail.com;1910-05-08
Andeee;Evvie;Andeee.Evvie@yopmail.com;1944-03-04
Jenda;Eldrid;Jenda.Eldrid@yopmail.com;1932-09-11
Leanna;Whittaker;Leanna.Whittaker@yopmail.com;2002-10-20
Carlie;Rustice;Carlie.Rustice@yopmail.com;1910-03-03
Cam;Gillan;Cam.Gillan@yopmail.com;1934-11-21
Florie;Olnee;Florie.Olnee@yopmail.com;1958-10-15
Almeta;Bibi;Almeta.Bibi@yopmail.com;1903-11-08
Rozele;Junie;Rozele.Junie@yopmail.com;1967-12-28
Molli;Zachary;Molli.Zachary@yopmail.com;1955-12-07
Benita;Henebry;Benita.Henebry@yopmail.com;1929-08-29
Tami;Cristi;Tami.Cristi@yopmail.com;1976-08-18
Annabela;Chauncey;Annabela.Chauncey@yopmail.com;1973-01-22
Sharai;Pacorro;Sharai.Pacorro@yopmail.com;1998-10-18
Hollie;Korey;Hollie.Korey@yopmail.com;1928-12-06
Vanessa;Angelis;Vanessa.Angelis@yopmail.com;1900-08-30
Beatriz;Cutlerr;Beatriz.Cutlerr@yopmail.com;1953-10-04
Taffy;Thilda;Taffy.Thilda@yopmail.com;1985-09-12
Alexine;Mauer;Alexine.Mauer@yopmail.com;1962-08-27
Paulita;Stacy;Paulita.Stacy@yopmail.com;1914-11-12
Drucie;Stevy;Drucie.Stevy@yopmail.com;1949-07-20
Lanae;Bury;Lanae.Bury@yopmail.com;1966-08-21
Kate;Winthorpe;Kate.Winthorpe@yopmail.com;1966-07-24
Lita;Tjon;Lita.Tjon@yopmail.com;2014-10-07
Cristine;Elisha;Cristine.Elisha@yopmail.com;1939-09-21
Tera;Kress;Tera.Kress@yopmail.com;1963-06-14
Ivett;Crudden;Ivett.Crudden@yopmail.com;1939-04-20
Edith;Buffum;Edith.Buffum@yopmail.com;1954-12-11
Joeann;Roarke;Joeann.Roarke@yopmail.com;2017-06-12
Dania;Japeth;Dania.Japeth@yopmail.com;1901-04-14
Stephanie;Peonir;Stephanie.Peonir@yopmail.com;1999-12-05
Tamqrah;Lemuela;Tamqrah.Lemuela@yopmail.com;2004-03-12
Lenna;Helve;Lenna.Helve@yopmail.com;2004-08-18
Nicoli;Ogren;Nicoli.Ogren@yopmail.com;1976-06-26
Mahalia;Bibi;Mahalia.Bibi@yopmail.com;1986-06-13
Priscilla;Delila;Priscilla.Delila@yopmail.com;2018-01-09
Daune;Toni;Daune.Toni@yopmail.com;1947-05-18
Helena;Morgun;Helena.Morgun@yopmail.com;2012-11-06
Therine;Florina;Therine.Florina@yopmail.com;2013-06-10
Glenda;Bendick;Glenda.Bendick@yopmail.com;1948-09-09
Devina;Parette;Devina.Parette@yopmail.com;1903-02-09
Farrah;Ethban;Farrah.Ethban@yopmail.com;1935-02-02
Tressa;Mayeda;Tressa.Mayeda@yopmail.com;1961-03-19
Emma;Maiah;Emma.Maiah@yopmail.com;1918-07-25
Angelique;Lilybelle;Angelique.Lilybelle@yopmail.com;1972-07-05
Maurene;Jess;Maurene.Jess@yopmail.com;2003-03-28
Zsa Zsa;Valoniah;Zsa Zsa.Valoniah@yopmail.com;1966-02-02
Agnese;Sholley;Agnese.Sholley@yopmail.com;1988-07-11
Valli;Nadia;Valli.Nadia@yopmail.com;1946-05-17
Addia;Thornburg;Addia.Thornburg@yopmail.com;1998-01-24
Corry;Allare;Corry.Allare@yopmail.com;1983-03-05
Ana;Rebecka;Ana.Rebecka@yopmail.com;2002-01-11
Lizzie;Narton;Lizzie.Narton@yopmail.com;1936-09-08
Aili;Therine;Aili.Therine@yopmail.com;1954-01-20
Janeczka;Trey;Janeczka.Trey@yopmail.com;1928-01-19
Iseabal;Fadiman;Iseabal.Fadiman@yopmail.com;1935-09-14
Nita;Niles;Nita.Niles@yopmail.com;1967-07-07
Corly;Latini;Corly.Latini@yopmail.com;1920-11-22
Larine;Billye;Larine.Billye@yopmail.com;1933-03-23
Ernesta;Tarrant;Ernesta.Tarrant@yopmail.com;1912-11-09
Winny;Cimbura;Winny.Cimbura@yopmail.com;1979-09-21
Dyann;Carleen;Dyann.Carleen@yopmail.com;1951-12-12
Carilyn;Lissi;Carilyn.Lissi@yopmail.com;1927-02-20
Almeta;Sperling;Almeta.Sperling@yopmail.com;1955-04-19
Wileen;Stanwood;Wileen.Stanwood@yopmail.com;1935-03-31
Dari;Elisha;Dari.Elisha@yopmail.com;1947-02-01
Trudie;Maryanne;Trudie.Maryanne@yopmail.com;1902-11-21
Carmela;Ventre;Carmela.Ventre@yopmail.com;1956-02-01
Katharina;Hunfredo;Katharina.Hunfredo@yopmail.com;1939-06-12
Dennie;Phi;Dennie.Phi@yopmail.com;1970-09-20
Gavrielle;Brady;Gavrielle.Brady@yopmail.com;1973-10-22
Gabi;Urania;Gabi.Urania@yopmail.com;1918-07-27
Courtnay;Colleen;Courtnay.Colleen@yopmail.com;1901-02-12
Lacie;Jillane;Lacie.Jillane@yopmail.com;1931-09-11
Jenilee;Truc;Jenilee.Truc@yopmail.com;1929-10-09
Elora;Septima;Elora.Septima@yopmail.com;1989-07-24
Margarette;Cavan;Margarette.Cavan@yopmail.com;1987-08-19
Marjie;Junie;Marjie.Junie@yopmail.com;1923-02-04
Grier;Auberbach;Grier.Auberbach@yopmail.com;1949-06-11
Olwen;Blisse;Olwen.Blisse@yopmail.com;1913-05-17
Melodie;Karna;Melodie.Karna@yopmail.com;1993-09-28
Dione;Yate;Dione.Yate@yopmail.com;1904-10-22
Konstance;Seumas;Konstance.Seumas@yopmail.com;1902-01-10
Daryl;Holbrook;Daryl.Holbrook@yopmail.com;1935-07-14
Jorry;Raffo;Jorry.Raffo@yopmail.com;2007-08-21
Audrie;Pernick;Audrie.Pernick@yopmail.com;1940-10-14
Bobinette;Pacorro;Bobinette.Pacorro@yopmail.com;1909-01-04
Binny;Jacqui;Binny.Jacqui@yopmail.com;2004-12-08
Brianna;Arvo;Brianna.Arvo@yopmail.com;1959-07-23
Mellicent;Clara;Mellicent.Clara@yopmail.com;1997-03-18
Mady;Gahl;Mady.Gahl@yopmail.com;1972-12-18
Aigneis;Jorgan;Aigneis.Jorgan@yopmail.com;1972-12-01
Phylis;Pearse;Phylis.Pearse@yopmail.com;1923-07-21
Joceline;Ranjiv;Joceline.Ranjiv@yopmail.com;1944-10-28
Gertrud;Argus;Gertrud.Argus@yopmail.com;2007-11-07
Jordan;Carmena;Jordan.Carmena@yopmail.com;1945-08-31
Albertina;Fabiola;Albertina.Fabiola@yopmail.com;1968-12-15
Donetta;Levey;Donetta.Levey@yopmail.com;2017-03-03
Delilah;Guthrie;Delilah.Guthrie@yopmail.com;1943-06-03
Mahalia;Yate;Mahalia.Yate@yopmail.com;1990-06-19
Elsie;Emmy;Elsie.Emmy@yopmail.com;1904-09-24
Yvonne;Gaspard;Yvonne.Gaspard@yopmail.com;1944-05-15
Celene;Dosia;Celene.Dosia@yopmail.com;2013-06-22
Beverley;Wattenberg;Beverley.Wattenberg@yopmail.com;2016-09-04
Orsola;Muriel;Orsola.Muriel@yopmail.com;1978-01-06
Annora;Chaing;Annora.Chaing@yopmail.com;1979-01-22
Tomasina;Ovid;Tomasina.Ovid@yopmail.com;1900-04-05
Deane;Cavan;Deane.Cavan@yopmail.com;1990-12-21
Margarette;Grosz;Margarette.Grosz@yopmail.com;1998-01-12
Theodora;Orpah;Theodora.Orpah@yopmail.com;1983-09-30
Netty;Maroney;Netty.Maroney@yopmail.com;2012-02-10
Selia;Tjon;Selia.Tjon@yopmail.com;1954-10-06
Carree;Ingra;Carree.Ingra@yopmail.com;1970-01-14
Lorie;Obed;Lorie.Obed@yopmail.com;1911-02-14
Alie;Nisbet;Alie.Nisbet@yopmail.com;1932-10-10
Stevana;Natalia;Stevana.Natalia@yopmail.com;1927-01-21
Brena;Edmund;Brena.Edmund@yopmail.com;1930-05-21
Valera;Ariella;Valera.Ariella@yopmail.com;1903-11-28
Steffane;Edmund;Steffane.Edmund@yopmail.com;2008-09-22
Kellen;Mike;Kellen.Mike@yopmail.com;2016-08-03
Brianna;Hortensia;Brianna.Hortensia@yopmail.com;1987-03-15
Emma;Ralfston;Emma.Ralfston@yopmail.com;2018-08-08
Rayna;Magnolia;Rayna.Magnolia@yopmail.com;1961-01-14
Sibella;Kevon;Sibella.Kevon@yopmail.com;1983-06-11
Jean;Magdalen;Jean.Magdalen@yopmail.com;1954-09-14
Vita;My;Vita.My@yopmail.com;1960-02-08
Carol-Jean;Rooney;Carol-Jean.Rooney@yopmail.com;2005-11-28
Morganica;Damarra;Morganica.Damarra@yopmail.com;2014-03-16
Ardys;Ivens;Ardys.Ivens@yopmail.com;1935-09-29
Hallie;Horan;Hallie.Horan@yopmail.com;1950-05-30
Pierette;Ricarda;Pierette.Ricarda@yopmail.com;1997-07-13
Dyann;Melleta;Dyann.Melleta@yopmail.com;2001-07-11
Janeczka;Socha;Janeczka.Socha@yopmail.com;1933-11-25
Ayn;Jorgan;Ayn.Jorgan@yopmail.com;2000-07-08
Beth;Gilmour;Beth.Gilmour@yopmail.com;1966-08-19
Teddie;Delp;Teddie.Delp@yopmail.com;1911-10-07
Nita;Emerson;Nita.Emerson@yopmail.com;1989-03-03
Allyce;Wilona;Allyce.Wilona@yopmail.com;1988-04-20
Deloria;Tound;Deloria.Tound@yopmail.com;1919-10-12
Addia;Scammon;Addia.Scammon@yopmail.com;2007-02-10
Kial;Merat;Kial.Merat@yopmail.com;1960-08-24
Ann-Marie;Deegan;Ann-Marie.Deegan@yopmail.com;1960-12-05
Corry;Bohlin;Corry.Bohlin@yopmail.com;1924-07-03
Latisha;Wesle;Latisha.Wesle@yopmail.com;1989-12-01
Marjie;Sprage;Marjie.Sprage@yopmail.com;1905-06-02
Ricky;Grimbly;Ricky.Grimbly@yopmail.com;2016-09-24
Tilly;Shields;Tilly.Shields@yopmail.com;1953-07-07
Lelah;Chandler;Lelah.Chandler@yopmail.com;1926-01-26
Dede;Ball;Dede.Ball@yopmail.com;1979-11-06
Mignon;McGrody;Mignon.McGrody@yopmail.com;1949-01-24
Ana;Paton;Ana.Paton@yopmail.com;1938-09-23
Orsola;Grimbly;Orsola.Grimbly@yopmail.com;1900-06-02
Kelly;Junie;Kelly.Junie@yopmail.com;1975-11-14
Debee;Bultman;Debee.Bultman@yopmail.com;2009-05-04
Chickie;Shaver;Chickie.Shaver@yopmail.com;1929-10-19
Jackie;Goth;Jackie.Goth@yopmail.com;1976-04-29
Frieda;Redmond;Frieda.Redmond@yopmail.com;1993-02-08
Bettine;Corabella;Bettine.Corabella@yopmail.com;2007-06-27
Sandie;Kathie;Sandie.Kathie@yopmail.com;1924-09-02
Tiffie;Even;Tiffie.Even@yopmail.com;1926-04-13
Susette;Germann;Susette.Germann@yopmail.com;1998-02-19
Sheelagh;Avi;Sheelagh.Avi@yopmail.com;1964-01-17
Barbara;Pettiford;Barbara.Pettiford@yopmail.com;2012-01-01
Leia;Brackely;Leia.Brackely@yopmail.com;1929-04-19
Chrystel;Orelee;Chrystel.Orelee@yopmail.com;1977-07-20
Raf;Cutlerr;Raf.Cutlerr@yopmail.com;1961-06-22
Shirlee;Marlie;Shirlee.Marlie@yopmail.com;1924-06-24
Henriette;Korey;Henriette.Korey@yopmail.com;1987-05-16
Johna;Maribeth;Johna.Maribeth@yopmail.com;1937-11-30
Korrie;Zamora;Korrie.Zamora@yopmail.com;2010-08-25
Ardys;Remmer;Ardys.Remmer@yopmail.com;1943-12-19
Andree;Gemini;Andree.Gemini@yopmail.com;2018-12-11
Stevana;Behre;Stevana.Behre@yopmail.com;2015-06-16
Abbie;Christine;Abbie.Christine@yopmail.com;1935-04-03
Pierette;Lay;Pierette.Lay@yopmail.com;1976-03-14
Brandise;Llovera;Brandise.Llovera@yopmail.com;1961-11-11
Kelly;Merell;Kelly.Merell@yopmail.com;1944-08-18
Meg;Guildroy;Meg.Guildroy@yopmail.com;1973-07-04
Asia;Hebner;Asia.Hebner@yopmail.com;1987-06-22
Rosanne;Stanwood;Rosanne.Stanwood@yopmail.com;1995-12-24
Peri;Philipp;Peri.Philipp@yopmail.com;1910-10-12
Theodora;Demitria;Theodora.Demitria@yopmail.com;2014-05-19
Gusella;Dituri;Gusella.Dituri@yopmail.com;1949-07-23
Gerianna;Hepsibah;Gerianna.Hepsibah@yopmail.com;1923-05-27
Anthia;Krystle;Anthia.Krystle@yopmail.com;1933-07-08
Norine;Hewitt;Norine.Hewitt@yopmail.com;2004-01-04
Vivia;Lucienne;Vivia.Lucienne@yopmail.com;1921-08-17
Elyssa;Cleo;Elyssa.Cleo@yopmail.com;1937-04-19
Tybie;Gaulin;Tybie.Gaulin@yopmail.com;1909-12-13
Marcelline;Kenney;Marcelline.Kenney@yopmail.com;1969-12-30
Gianina;Posner;Gianina.Posner@yopmail.com;1915-01-14
Jackie;Croix;Jackie.Croix@yopmail.com;1935-12-31
Farrah;Markman;Farrah.Markman@yopmail.com;1903-01-29
Katharina;Delacourt;Katharina.Delacourt@yopmail.com;1971-11-09
Rosanne;Helfand;Rosanne.Helfand@yopmail.com;1938-05-02
Wanda;Cherianne;Wanda.Cherianne@yopmail.com;1906-12-01
Annecorinne;Tice;Annecorinne.Tice@yopmail.com;1962-06-11
Antonietta;Ferrell;Antonietta.Ferrell@yopmail.com;1911-08-19
Dede;Tippets;Dede.Tippets@yopmail.com;1904-09-02
Maurene;Iphlgenia;Maurene.Iphlgenia@yopmail.com;1955-06-11
Myrtice;Vharat;Myrtice.Vharat@yopmail.com;1966-06-25
Gaylene;Alice;Gaylene.Alice@yopmail.com;1932-01-04
Kirstin;Karl;Kirstin.Karl@yopmail.com;1954-02-18
Veda;Tippets;Veda.Tippets@yopmail.com;1968-06-21
Augustine;Percy;Augustine.Percy@yopmail.com;1955-11-02
Mellicent;Alva;Mellicent.Alva@yopmail.com;1914-05-29
Oona;Lilybelle;Oona.Lilybelle@yopmail.com;2003-09-02
Lyssa;Chinua;Lyssa.Chinua@yopmail.com;1904-02-19
Pamella;Anis;Pamella.Anis@yopmail.com;2011-06-02
Gloria;Blase;Gloria.Blase@yopmail.com;1985-06-30
Vonny;Shaver;Vonny.Shaver@yopmail.com;2013-03-13
Candy;Rolf;Candy.Rolf@yopmail.com;1996-03-07
Eve;Voletta;Eve.Voletta@yopmail.com;1966-09-24
Atlanta;Iphlgenia;Atlanta.Iphlgenia@yopmail.com;1945-11-05
Katleen;Bebe;Katleen.Bebe@yopmail.com;1975-07-11
Raquela;Tamar;Raquela.Tamar@yopmail.com;1922-06-15
Linet;Cecile;Linet.Cecile@yopmail.com;1986-01-23
Giustina;Flyn;Giustina.Flyn@yopmail.com;1944-08-12
Philis;Philipp;Philis.Philipp@yopmail.com;2008-05-01
Carlie;Lilybelle;Carlie.Lilybelle@yopmail.com;1925-09-28
Henriette;Chrystel;Henriette.Chrystel@yopmail.com;1907-09-06
Cyb;Stevy;Cyb.Stevy@yopmail.com;1931-10-16
Vita;Monaco;Vita.Monaco@yopmail.com;1973-10-30
Edith;Lane;Edith.Lane@yopmail.com;1948-01-06
Joane;Roscoe;Joane.Roscoe@yopmail.com;1962-02-27
Brietta;Hanshaw;Brietta.Hanshaw@yopmail.com;1980-01-05
Annice;Quent;Annice.Quent@yopmail.com;1960-05-24
Kenna;Zaslow;Kenna.Zaslow@yopmail.com;1928-06-30
Netty;Delila;Netty.Delila@yopmail.com;1966-05-31
Latisha;Colleen;Latisha.Colleen@yopmail.com;1995-12-23
Angela;Mathilde;Angela.Mathilde@yopmail.com;1907-10-29
Rosaline;Carlson;Rosaline.Carlson@yopmail.com;1984-06-30
Anica;Suanne;Anica.Suanne@yopmail.com;2017-05-12
Roz;Hachmin;Roz.Hachmin@yopmail.com;1962-10-09
Cam;Rhu;Cam.Rhu@yopmail.com;1959-11-09
Fidelia;Edmund;Fidelia.Edmund@yopmail.com;1973-11-11
Marline;Gherardo;Marline.Gherardo@yopmail.com;1963-07-09
Roberta;Howlyn;Roberta.Howlyn@yopmail.com;1976-03-05
Wynne;Vins;Wynne.Vins@yopmail.com;1999-05-10
Rani;Kalinda;Rani.Kalinda@yopmail.com;1963-03-14
Marylou;Ranjiv;Marylou.Ranjiv@yopmail.com;1984-05-01
Arlina;Latini;Arlina.Latini@yopmail.com;1923-01-15
Wileen;Ardeha;Wileen.Ardeha@yopmail.com;1979-07-12
Delilah;Kellby;Delilah.Kellby@yopmail.com;2005-08-13
Vere;Elisha;Vere.Elisha@yopmail.com;1973-09-28
Sadie;Ursulette;Sadie.Ursulette@yopmail.com;1924-05-25
Gretal;Grobe;Gretal.Grobe@yopmail.com;1980-02-18
Daphne;Hertzfeld;Daphne.Hertzfeld@yopmail.com;1911-10-14
Fanny;Germann;Fanny.Germann@yopmail.com;1986-07-08
Candi;Naashom;Candi.Naashom@yopmail.com;1979-04-17
Maridel;Clie;Maridel.Clie@yopmail.com;2007-12-05
Eadie;Jacinda;Eadie.Jacinda@yopmail.com;1925-07-06
Celisse;Lynn;Celisse.Lynn@yopmail.com;1980-05-09
Jordan;Taam;Jordan.Taam@yopmail.com;1946-10-24
Corry;Yerkovich;Corry.Yerkovich@yopmail.com;1991-01-30
Linet;Meter;Linet.Meter@yopmail.com;2018-09-19
Dulce;Hashim;Dulce.Hashim@yopmail.com;2011-04-05
Lory;Tufts;Lory.Tufts@yopmail.com;1985-12-30
Belva;Remmer;Belva.Remmer@yopmail.com;1956-08-05
Robbi;Persse;Robbi.Persse@yopmail.com;2000-10-25
Maryellen;Beniamino;Maryellen.Beniamino@yopmail.com;1916-06-22
Caressa;Laverne;Caressa.Laverne@yopmail.com;1968-11-25
Kerrin;Ahab;Kerrin.Ahab@yopmail.com;1955-12-12
Jerry;Henebry;Jerry.Henebry@yopmail.com;1920-09-05
Kellen;Faso;Kellen.Faso@yopmail.com;1920-02-23
Kimberley;Mallon;Kimberley.Mallon@yopmail.com;1945-09-30
Meg;Abernon;Meg.Abernon@yopmail.com;1946-02-28
Misha;Buttaro;Misha.Buttaro@yopmail.com;1928-05-13
Tersina;Gilbertson;Tersina.Gilbertson@yopmail.com;1975-08-17
Barbi;Honoria;Barbi.Honoria@yopmail.com;1901-09-24
Meghann;Gualtiero;Meghann.Gualtiero@yopmail.com;2017-07-17
Stevana;Autrey;Stevana.Autrey@yopmail.com;2000-01-05
Albertina;Honoria;Albertina.Honoria@yopmail.com;1971-01-31
Calla;Ardeha;Calla.Ardeha@yopmail.com;1921-09-30
Vere;Judye;Vere.Judye@yopmail.com;1994-04-25
Brietta;Brodench;Brietta.Brodench@yopmail.com;1988-07-08
Vanessa;Flita;Vanessa.Flita@yopmail.com;1954-01-13
Inga;Lilybelle;Inga.Lilybelle@yopmail.com;1952-12-01
Mellicent;Yate;Mellicent.Yate@yopmail.com;2000-02-07
Felice;August;Felice.August@yopmail.com;1962-04-05
Renae;Maxi;Renae.Maxi@yopmail.com;1964-03-10
Lynde;Gordon;Lynde.Gordon@yopmail.com;1938-10-14
Celestyna;Tufts;Celestyna.Tufts@yopmail.com;1972-12-28
Maye;Lemuela;Maye.Lemuela@yopmail.com;1968-03-01
Misha;Hamil;Misha.Hamil@yopmail.com;1971-08-29
Philis;Ehrman;Philis.Ehrman@yopmail.com;2004-04-19
Mariele;Dermott;Mariele.Dermott@yopmail.com;1937-03-27
Karlee;Lattie;Karlee.Lattie@yopmail.com;1902-03-26
Pamella;Modie;Pamella.Modie@yopmail.com;1972-08-02
Jan;Holtz;Jan.Holtz@yopmail.com;1938-11-12
Jennica;Sidonius;Jennica.Sidonius@yopmail.com;1954-02-25
Farrah;Pettiford;Farrah.Pettiford@yopmail.com;1921-03-12
Lynea;McNully;Lynea.McNully@yopmail.com;1973-09-23
Brooks;Baudin;Brooks.Baudin@yopmail.com;1960-02-14
Brietta;Gillan;Brietta.Gillan@yopmail.com;2007-08-07
Loree;Odysseus;Loree.Odysseus@yopmail.com;2019-08-11
Nariko;Cherianne;Nariko.Cherianne@yopmail.com;1975-07-02
Aili;Felecia;Aili.Felecia@yopmail.com;1941-09-28
Ermengarde;Hailee;Ermengarde.Hailee@yopmail.com;1930-05-20
Susette;Pyle;Susette.Pyle@yopmail.com;1981-09-11
Katuscha;Ciapas;Katuscha.Ciapas@yopmail.com;1966-01-21
Brietta;Breed;Brietta.Breed@yopmail.com;1938-04-13
Sophia;Leopold;Sophia.Leopold@yopmail.com;1966-03-26
Alameda;Geffner;Alameda.Geffner@yopmail.com;1994-07-27
Catrina;Charmine;Catrina.Charmine@yopmail.com;1950-03-10
Barbara;Christine;Barbara.Christine@yopmail.com;1955-04-04
Belinda;Tamsky;Belinda.Tamsky@yopmail.com;1912-09-17
Lilith;Noelyn;Lilith.Noelyn@yopmail.com;1959-06-07
Kalina;Robertson;Kalina.Robertson@yopmail.com;1926-10-18
Stevana;Cadmar;Stevana.Cadmar@yopmail.com;2000-02-14
Karena;Romelda;Karena.Romelda@yopmail.com;1919-08-25
Fernande;Markman;Fernande.Markman@yopmail.com;1959-07-23
Bee;Chandler;Bee.Chandler@yopmail.com;1998-07-31
Collen;Muriel;Collen.Muriel@yopmail.com;1958-07-19
Orelia;Edvard;Orelia.Edvard@yopmail.com;1946-09-23
Atlanta;Yorick;Atlanta.Yorick@yopmail.com;1910-09-09
Noelle;Oster;Noelle.Oster@yopmail.com;1949-01-24
Melisent;Schalles;Melisent.Schalles@yopmail.com;2015-05-21
Sabina;Billye;Sabina.Billye@yopmail.com;1914-03-23
Doro;Verger;Doro.Verger@yopmail.com;1900-06-15
Verla;Weinreb;Verla.Weinreb@yopmail.com;1963-03-21
Lonnie;Girardo;Lonnie.Girardo@yopmail.com;1917-11-20
Cristabel;Nea;Cristabel.Nea@yopmail.com;1948-12-15
Nyssa;Bobbee;Nyssa.Bobbee@yopmail.com;1959-09-05
Ivett;Gherardo;Ivett.Gherardo@yopmail.com;2009-12-08
Shandie;Arley;Shandie.Arley@yopmail.com;1955-08-30
Nananne;Maribeth;Nananne.Maribeth@yopmail.com;2019-07-10
Sheree;Kronfeld;Sheree.Kronfeld@yopmail.com;1929-03-09
Margalo;Lane;Margalo.Lane@yopmail.com;1985-09-20
Bee;Iphlgenia;Bee.Iphlgenia@yopmail.com;2006-01-31
Ginnie;Clara;Ginnie.Clara@yopmail.com;1916-06-11
Hope;Bari;Hope.Bari@yopmail.com;1949-06-30
Theodora;Kesley;Theodora.Kesley@yopmail.com;1911-07-28
Ottilie;Shirberg;Ottilie.Shirberg@yopmail.com;1941-09-26
Cherrita;Land;Cherrita.Land@yopmail.com;1914-01-13
Kaja;Odell;Kaja.Odell@yopmail.com;1970-04-06
Marnia;Fiester;Marnia.Fiester@yopmail.com;1959-01-12
Kristan;Oneida;Kristan.Oneida@yopmail.com;1953-05-06
Marjie;Chabot;Marjie.Chabot@yopmail.com;1926-06-10
Oona;Wadell;Oona.Wadell@yopmail.com;1992-12-09
Sam;Jacinda;Sam.Jacinda@yopmail.com;1932-09-10
Cyndie;Adalbert;Cyndie.Adalbert@yopmail.com;1936-06-11
Starla;Arquit;Starla.Arquit@yopmail.com;1986-12-30
Barbara;Kaja;Barbara.Kaja@yopmail.com;1960-04-16
Tressa;Garlinda;Tressa.Garlinda@yopmail.com;1983-03-25
Loree;Ivens;Loree.Ivens@yopmail.com;1996-07-30
Lisette;Lytton;Lisette.Lytton@yopmail.com;1998-10-07
Merle;Telfer;Merle.Telfer@yopmail.com;1988-06-11
Zondra;Erminia;Zondra.Erminia@yopmail.com;1960-08-17
Jobi;Azeria;Jobi.Azeria@yopmail.com;1918-11-13
Evaleen;Lilas;Evaleen.Lilas@yopmail.com;1924-08-31
Elie;Rillings;Elie.Rillings@yopmail.com;1920-01-23
Etta;Pond;Etta.Pond@yopmail.com;2014-04-15
Chickie;Mata;Chickie.Mata@yopmail.com;1907-04-07
Nickie;Sperling;Nickie.Sperling@yopmail.com;1915-12-22
Randa;Glenden;Randa.Glenden@yopmail.com;1910-03-30
Kassey;Heisel;Kassey.Heisel@yopmail.com;1992-06-16
Ethel;Sharl;Ethel.Sharl@yopmail.com;2019-10-09
Judy;Tacye;Judy.Tacye@yopmail.com;1996-03-15
Lynnea;Papageno;Lynnea.Papageno@yopmail.com;1906-01-30
Jasmina;Frodi;Jasmina.Frodi@yopmail.com;2005-11-19
Tybie;Mintz;Tybie.Mintz@yopmail.com;2017-12-21
Estell;Charmine;Estell.Charmine@yopmail.com;1961-06-28
Leeanne;Kunin;Leeanne.Kunin@yopmail.com;1955-07-28
Shauna;Iaverne;Shauna.Iaverne@yopmail.com;2013-12-17
Ana;Rosette;Ana.Rosette@yopmail.com;1989-05-07
Jasmina;Colbert;Jasmina.Colbert@yopmail.com;1910-08-17
Michaelina;Morehouse;Michaelina.Morehouse@yopmail.com;1971-08-22
Carlie;Gower;Carlie.Gower@yopmail.com;1970-06-16
Max;Goddard;Max.Goddard@yopmail.com;1945-12-03
Bibby;Middleton;Bibby.Middleton@yopmail.com;1945-02-21
Sharai;Means;Sharai.Means@yopmail.com;1952-09-15
Ardenia;Darrell;Ardenia.Darrell@yopmail.com;1930-10-25
Sara-Ann;Yusuk;Sara-Ann.Yusuk@yopmail.com;1929-05-08
Charmaine;Monk;Charmaine.Monk@yopmail.com;2001-08-10
Johna;Sadowski;Johna.Sadowski@yopmail.com;2011-11-22
Amelia;Wattenberg;Amelia.Wattenberg@yopmail.com;1966-08-07
Ileana;Lynn;Ileana.Lynn@yopmail.com;1941-03-10
Evaleen;Myrilla;Evaleen.Myrilla@yopmail.com;2011-03-08
Rayna;Dex;Rayna.Dex@yopmail.com;1941-08-27
Michaelina;Korey;Michaelina.Korey@yopmail.com;1952-05-29
Adele;Annabella;Adele.Annabella@yopmail.com;1990-05-12
Karlee;Peonir;Karlee.Peonir@yopmail.com;1974-07-11
Kristina;Raffo;Kristina.Raffo@yopmail.com;2001-12-29
Mara;Gamaliel;Mara.Gamaliel@yopmail.com;1923-10-09
Ermengarde;Grayce;Ermengarde.Grayce@yopmail.com;1965-03-24
Liana;Redmond;Liana.Redmond@yopmail.com;1957-08-30
Damaris;O'Rourke;Damaris.O'Rourke@yopmail.com;1980-01-14
Iseabal;Dash;Iseabal.Dash@yopmail.com;1941-09-14
Hannis;Henrie;Hannis.Henrie@yopmail.com;1950-09-16
Candy;Eiser;Candy.Eiser@yopmail.com;2013-05-24
Vanessa;Astra;Vanessa.Astra@yopmail.com;1958-09-12
Quintina;Ilka;Quintina.Ilka@yopmail.com;1980-10-04
June;Bigner;June.Bigner@yopmail.com;1914-11-04
Bee;Suzetta;Bee.Suzetta@yopmail.com;1953-01-09
Ardeen;Sammons;Ardeen.Sammons@yopmail.com;2010-06-02
Rosanne;Hortensia;Rosanne.Hortensia@yopmail.com;1917-11-06
Celene;Bergman;Celene.Bergman@yopmail.com;1984-01-06
Genevra;Armanda;Genevra.Armanda@yopmail.com;1965-01-13
Elfreda;Bevin;Elfreda.Bevin@yopmail.com;2014-05-27
Georgina;Center;Georgina.Center@yopmail.com;1936-02-09
Molli;Brenn;Molli.Brenn@yopmail.com;1919-02-17
Etta;Bow;Etta.Bow@yopmail.com;1906-03-26
Larine;Raseda;Larine.Raseda@yopmail.com;1960-09-24
Vevay;Bronk;Vevay.Bronk@yopmail.com;1984-04-21
Rivalee;Sekofski;Rivalee.Sekofski@yopmail.com;2001-12-03
Willetta;Bandeen;Willetta.Bandeen@yopmail.com;1999-07-13
Janey;Nickola;Janey.Nickola@yopmail.com;1910-09-30
Merry;Seligman;Merry.Seligman@yopmail.com;1989-05-06
Sharai;Bibi;Sharai.Bibi@yopmail.com;1997-07-27
Adelle;Taima;Adelle.Taima@yopmail.com;1908-09-12
Felice;Brenn;Felice.Brenn@yopmail.com;1986-01-14
Thalia;Curren;Thalia.Curren@yopmail.com;1976-01-12
Joy;Tremayne;Joy.Tremayne@yopmail.com;1945-05-22
Pamella;Christal;Pamella.Christal@yopmail.com;1989-07-01
Fayre;Argus;Fayre.Argus@yopmail.com;2009-05-13
Miquela;Vittoria;Miquela.Vittoria@yopmail.com;1988-03-18
Stevana;Therine;Stevana.Therine@yopmail.com;1992-03-17
Rani;Gaulin;Rani.Gaulin@yopmail.com;2002-08-01
Imojean;Vivle;Imojean.Vivle@yopmail.com;1988-02-12
Amelia;Allys;Amelia.Allys@yopmail.com;1952-03-19
Blinni;O'Carroll;Blinni.O'Carroll@yopmail.com;1936-03-03
Juliane;Eliathas;Juliane.Eliathas@yopmail.com;1908-03-10
Vanessa;Carbo;Vanessa.Carbo@yopmail.com;1990-10-10
Kial;Ramona;Kial.Ramona@yopmail.com;1966-12-18
Wynne;Sikorski;Wynne.Sikorski@yopmail.com;1950-03-24
Jessamyn;Mitzi;Jessamyn.Mitzi@yopmail.com;1928-10-10
Christal;Elbertina;Christal.Elbertina@yopmail.com;1980-12-16
Dorice;Wallis;Dorice.Wallis@yopmail.com;1992-01-11
Marguerite;Letsou;Marguerite.Letsou@yopmail.com;1974-10-03
Ida;Ulphia;Ida.Ulphia@yopmail.com;1922-03-20
Deirdre;Arley;Deirdre.Arley@yopmail.com;2001-12-25
Dianemarie;Maribeth;Dianemarie.Maribeth@yopmail.com;2010-08-22
Caressa;Drisko;Caressa.Drisko@yopmail.com;1908-08-30
Lilith;Jarib;Lilith.Jarib@yopmail.com;1911-02-15
Melisent;Chobot;Melisent.Chobot@yopmail.com;1929-06-02
Ivett;Carolin;Ivett.Carolin@yopmail.com;1937-10-27
Feliza;Tannie;Feliza.Tannie@yopmail.com;1906-08-07
Fred;Lasley;Fred.Lasley@yopmail.com;1966-01-24
Shirlee;Urania;Shirlee.Urania@yopmail.com;1911-05-13
Courtnay;Hanleigh;Courtnay.Hanleigh@yopmail.com;1999-02-16
Cassandra;Kolnick;Cassandra.Kolnick@yopmail.com;1969-05-05
Jacquetta;Kristi;Jacquetta.Kristi@yopmail.com;1989-12-12
Kirstin;Harl;Kirstin.Harl@yopmail.com;2009-03-09
Gusty;Thar;Gusty.Thar@yopmail.com;1965-07-07
Brandise;Cavan;Brandise.Cavan@yopmail.com;1942-11-23