firstname;lastname;email;Field Name
Dale;Koehler;Dale.Koehler@yopmail.com;1917-10-15
Ariela;Cressida;Ariela.Cressida@yopmail.com;1962-05-24
Vanessa;Afton;Vanessa.Afton@yopmail.com;1907-09-08
Regina;Sidonius;Regina.Sidonius@yopmail.com;1933-04-07
Penelopa;Burch;Penelopa.Burch@yopmail.com;1904-07-10
Kaja;Freddi;Kaja.Freddi@yopmail.com;1982-03-02
Vinita;Hartnett;Vinita.Hartnett@yopmail.com;1906-05-22
Sheelagh;Demitria;Sheelagh.Demitria@yopmail.com;1901-12-27
Alleen;Couture;Alleen.Couture@yopmail.com;2015-02-27
Maryellen;Obed;Maryellen.Obed@yopmail.com;1900-08-29
Tybie;Meter;Tybie.Meter@yopmail.com;1971-02-15
Lolita;Amethist;Lolita.Amethist@yopmail.com;1920-05-11
Annora;Margret;Annora.Margret@yopmail.com;2010-10-18
Susette;Junie;Susette.Junie@yopmail.com;1980-05-17
Ardenia;Leary;Ardenia.Leary@yopmail.com;1972-04-14
Wanda;Firmin;Wanda.Firmin@yopmail.com;1987-03-26
Berget;Honoria;Berget.Honoria@yopmail.com;1941-07-21
Sara-Ann;Bennie;Sara-Ann.Bennie@yopmail.com;1933-12-22
Gwenneth;Erskine;Gwenneth.Erskine@yopmail.com;1937-05-02
Estell;Gale;Estell.Gale@yopmail.com;1930-04-02
Stevana;Remmer;Stevana.Remmer@yopmail.com;2015-12-19
Livvyy;Edvard;Livvyy.Edvard@yopmail.com;1959-08-07
Ericka;Cullin;Ericka.Cullin@yopmail.com;1963-03-06
Cristine;Hieronymus;Cristine.Hieronymus@yopmail.com;1985-12-05
Myrtice;Chesna;Myrtice.Chesna@yopmail.com;1941-07-07
Jolyn;Nore;Jolyn.Nore@yopmail.com;1900-02-25
Lily;Bearnard;Lily.Bearnard@yopmail.com;1942-05-24
Ilse;Janith;Ilse.Janith@yopmail.com;1992-03-11
Benita;Loring;Benita.Loring@yopmail.com;1966-02-05
Gilligan;Sparhawk;Gilligan.Sparhawk@yopmail.com;2011-05-13
Bibby;Publia;Bibby.Publia@yopmail.com;1958-07-29
Marcelline;Cherianne;Marcelline.Cherianne@yopmail.com;2003-12-08
Gertrud;LaRue;Gertrud.LaRue@yopmail.com;1936-11-07
Sean;Ephrem;Sean.Ephrem@yopmail.com;1967-10-25
Hyacinthe;Boycey;Hyacinthe.Boycey@yopmail.com;1947-08-07
Lorenza;Yate;Lorenza.Yate@yopmail.com;2013-01-26
Olivette;Wallis;Olivette.Wallis@yopmail.com;1988-04-19
Kore;Hieronymus;Kore.Hieronymus@yopmail.com;1953-01-24
Violet;Garrison;Violet.Garrison@yopmail.com;2010-02-21
Oralee;Thema;Oralee.Thema@yopmail.com;2008-12-25
Tabbatha;Karna;Tabbatha.Karna@yopmail.com;2012-04-17
Frieda;Rosalba;Frieda.Rosalba@yopmail.com;1999-04-12
Candy;Urania;Candy.Urania@yopmail.com;1930-09-19
Roslyn;Ochs;Roslyn.Ochs@yopmail.com;1985-12-21
Annaliese;Nea;Annaliese.Nea@yopmail.com;1958-09-13
Desirae;Engdahl;Desirae.Engdahl@yopmail.com;1956-10-20
Desirae;Colyer;Desirae.Colyer@yopmail.com;1929-12-22
Sharai;Gherardo;Sharai.Gherardo@yopmail.com;2006-01-01
Madeleine;Levey;Madeleine.Levey@yopmail.com;1945-03-20
Selma;Daegal;Selma.Daegal@yopmail.com;1932-05-02
Charlena;Chinua;Charlena.Chinua@yopmail.com;1999-07-25
Steffane;Gino;Steffane.Gino@yopmail.com;1955-09-06
Dacia;Decato;Dacia.Decato@yopmail.com;1915-01-14
Maisey;Barbey;Maisey.Barbey@yopmail.com;1987-04-15
Karina;Ephrem;Karina.Ephrem@yopmail.com;1975-05-04
Gloria;Shanley;Gloria.Shanley@yopmail.com;1964-08-06
Elbertina;Kronfeld;Elbertina.Kronfeld@yopmail.com;1997-08-01
Deloria;Croix;Deloria.Croix@yopmail.com;1920-08-22
Misha;Hathaway;Misha.Hathaway@yopmail.com;2011-06-09
Clo;Pascia;Clo.Pascia@yopmail.com;2007-06-28
Marnia;Harday;Marnia.Harday@yopmail.com;1989-09-14
Helena;Hieronymus;Helena.Hieronymus@yopmail.com;1977-08-19
Mariann;Haldas;Mariann.Haldas@yopmail.com;1958-05-18
Augustine;Haerr;Augustine.Haerr@yopmail.com;1965-07-19
Marti;Beniamino;Marti.Beniamino@yopmail.com;1999-05-20
Bertine;Pandolfi;Bertine.Pandolfi@yopmail.com;2009-12-26
Lonnie;Sasnett;Lonnie.Sasnett@yopmail.com;1965-04-09
Augustine;Gamaliel;Augustine.Gamaliel@yopmail.com;1910-04-19
Concettina;Pozzy;Concettina.Pozzy@yopmail.com;1905-02-27
Lily;Smitt;Lily.Smitt@yopmail.com;1991-04-23
Stevana;Cloris;Stevana.Cloris@yopmail.com;1930-10-16
Wileen;Suanne;Wileen.Suanne@yopmail.com;2001-12-06
Gratia;Hoban;Gratia.Hoban@yopmail.com;1916-08-16
Daryl;Liva;Daryl.Liva@yopmail.com;2004-06-27
Valli;Ingra;Valli.Ingra@yopmail.com;1947-11-24
Nessie;Wadell;Nessie.Wadell@yopmail.com;1986-11-08
Goldie;Loeb;Goldie.Loeb@yopmail.com;2000-04-23
Clarice;Delila;Clarice.Delila@yopmail.com;1910-10-17
Lesly;Romelda;Lesly.Romelda@yopmail.com;1957-09-11
Deedee;Andrel;Deedee.Andrel@yopmail.com;1970-10-25
Vivia;Waldron;Vivia.Waldron@yopmail.com;1977-08-01
Evita;Millda;Evita.Millda@yopmail.com;1924-11-06
Linet;Joachim;Linet.Joachim@yopmail.com;1989-09-06
Marnia;Kalinda;Marnia.Kalinda@yopmail.com;1907-06-09
Melanie;Gaynor;Melanie.Gaynor@yopmail.com;1988-05-02
Krystle;Hortensia;Krystle.Hortensia@yopmail.com;1921-05-07
Sallie;Nelsen;Sallie.Nelsen@yopmail.com;1923-09-16
Gianina;Jaylene;Gianina.Jaylene@yopmail.com;1931-08-24
Modestia;Brian;Modestia.Brian@yopmail.com;1987-11-25
Fayre;Fredi;Fayre.Fredi@yopmail.com;1911-01-22
Bibby;Fitzsimmons;Bibby.Fitzsimmons@yopmail.com;1930-09-12
Barbi;Tryck;Barbi.Tryck@yopmail.com;1988-12-27
Lonnie;Percy;Lonnie.Percy@yopmail.com;1978-06-14
Heida;Jethro;Heida.Jethro@yopmail.com;1907-06-11
Gratia;Gert;Gratia.Gert@yopmail.com;1942-12-16
Perry;Shuler;Perry.Shuler@yopmail.com;1970-06-29
Catrina;Tristram;Catrina.Tristram@yopmail.com;1980-10-01
Corly;Selway;Corly.Selway@yopmail.com;1986-07-24
Vanessa;Ashely;Vanessa.Ashely@yopmail.com;1914-10-29
Kamilah;Luhe;Kamilah.Luhe@yopmail.com;2014-01-02
Sadie;Jerold;Sadie.Jerold@yopmail.com;1959-12-23
Pierette;Lubin;Pierette.Lubin@yopmail.com;1951-11-16
Berget;Halsey;Berget.Halsey@yopmail.com;2014-07-29
Dede;Ade;Dede.Ade@yopmail.com;1945-01-07
Philis;Sharl;Philis.Sharl@yopmail.com;1979-10-11
Helena;Jethro;Helena.Jethro@yopmail.com;2011-09-18
Carree;Nickola;Carree.Nickola@yopmail.com;1922-12-15
Adele;Blase;Adele.Blase@yopmail.com;1958-01-01
Annora;Chinua;Annora.Chinua@yopmail.com;1994-07-18
Charlena;Ventre;Charlena.Ventre@yopmail.com;1920-06-13
Tybie;Monaco;Tybie.Monaco@yopmail.com;1954-10-22
Margarette;Eiser;Margarette.Eiser@yopmail.com;1959-11-22
Alyda;Dearborn;Alyda.Dearborn@yopmail.com;1967-03-01
Sheree;Magdalen;Sheree.Magdalen@yopmail.com;1977-01-02
Adele;Seessel;Adele.Seessel@yopmail.com;1917-05-31
Quintina;Kat;Quintina.Kat@yopmail.com;1988-05-15
Elbertina;Saint;Elbertina.Saint@yopmail.com;2003-12-12
Ana;Wilona;Ana.Wilona@yopmail.com;1961-09-17
Latisha;Afton;Latisha.Afton@yopmail.com;2013-08-25
Aeriela;Lubin;Aeriela.Lubin@yopmail.com;1934-05-19
Noelle;Pelagias;Noelle.Pelagias@yopmail.com;1949-02-07
Arlena;Libna;Arlena.Libna@yopmail.com;1969-05-20
Brandise;Peonir;Brandise.Peonir@yopmail.com;1973-03-24
Celene;Frodi;Celene.Frodi@yopmail.com;1962-12-20
Korrie;Brandice;Korrie.Brandice@yopmail.com;1940-03-08
Imojean;Clarissa;Imojean.Clarissa@yopmail.com;2019-01-12
Raquela;Killigrew;Raquela.Killigrew@yopmail.com;1977-12-18
Katharina;Mike;Katharina.Mike@yopmail.com;1938-04-22
Gratia;LaRue;Gratia.LaRue@yopmail.com;1971-05-07
Deirdre;Screens;Deirdre.Screens@yopmail.com;1984-01-31
Rhea;Creamer;Rhea.Creamer@yopmail.com;1990-06-16
Bee;Nikaniki;Bee.Nikaniki@yopmail.com;1903-05-12
Mellicent;Docilla;Mellicent.Docilla@yopmail.com;1916-08-09
Sheelagh;Faro;Sheelagh.Faro@yopmail.com;1910-10-21
Concettina;Bronk;Concettina.Bronk@yopmail.com;1940-03-02
Katuscha;Wenda;Katuscha.Wenda@yopmail.com;1950-10-08
Shandie;Jillane;Shandie.Jillane@yopmail.com;1902-11-02
Maridel;Durante;Maridel.Durante@yopmail.com;2016-11-18
Eve;Robertson;Eve.Robertson@yopmail.com;1965-04-05
Ileana;Cutlerr;Ileana.Cutlerr@yopmail.com;1906-09-19
Daryl;Carvey;Daryl.Carvey@yopmail.com;1903-02-18
Ekaterina;Kevon;Ekaterina.Kevon@yopmail.com;1978-03-01
Annora;Glovsky;Annora.Glovsky@yopmail.com;1931-11-09
Natka;Faro;Natka.Faro@yopmail.com;2015-03-25
Viviene;Ochs;Viviene.Ochs@yopmail.com;1912-01-29
Claudina;Amasa;Claudina.Amasa@yopmail.com;1920-10-09
Fanny;Belldas;Fanny.Belldas@yopmail.com;1926-07-03
Mamie;Tarrant;Mamie.Tarrant@yopmail.com;1957-10-31
Imojean;Jarib;Imojean.Jarib@yopmail.com;1902-12-18
Kaja;Wooster;Kaja.Wooster@yopmail.com;1933-04-23
Anestassia;Devlen;Anestassia.Devlen@yopmail.com;1912-05-29
Larine;Goldina;Larine.Goldina@yopmail.com;1934-05-14
Vonny;Gilbertson;Vonny.Gilbertson@yopmail.com;1911-01-26
Fanny;Gunn;Fanny.Gunn@yopmail.com;2000-05-09
Viviene;Yate;Viviene.Yate@yopmail.com;1978-06-05
Amelia;Old;Amelia.Old@yopmail.com;1927-03-20
Sallie;Payson;Sallie.Payson@yopmail.com;1922-08-06
Annabela;Nahum;Annabela.Nahum@yopmail.com;1973-03-28
Valli;Kannry;Valli.Kannry@yopmail.com;1954-12-26
Lila;Gabrielli;Lila.Gabrielli@yopmail.com;1923-11-24
Fernande;Boehike;Fernande.Boehike@yopmail.com;1987-10-27
Sadie;Madaih;Sadie.Madaih@yopmail.com;1949-06-15
Bibby;Pond;Bibby.Pond@yopmail.com;1978-03-13
Nariko;Posner;Nariko.Posner@yopmail.com;1907-04-30
Belinda;Girardo;Belinda.Girardo@yopmail.com;2017-07-14
Lynea;Faro;Lynea.Faro@yopmail.com;1997-05-11
Daphne;Iphlgenia;Daphne.Iphlgenia@yopmail.com;1973-05-19
Mureil;Wareing;Mureil.Wareing@yopmail.com;1948-11-30
Anallese;Allys;Anallese.Allys@yopmail.com;2004-11-28
Mady;Reneta;Mady.Reneta@yopmail.com;1990-10-21
Rosanne;Brandice;Rosanne.Brandice@yopmail.com;1903-07-27
Gerianna;Saunderson;Gerianna.Saunderson@yopmail.com;2000-04-05
Chastity;Byrne;Chastity.Byrne@yopmail.com;2013-02-03
Susette;Dermott;Susette.Dermott@yopmail.com;1917-03-06
Elyssa;Gualtiero;Elyssa.Gualtiero@yopmail.com;1910-10-17
Sandie;Federica;Sandie.Federica@yopmail.com;1962-11-13
Clary;Alva;Clary.Alva@yopmail.com;1995-05-15
Karly;Teddman;Karly.Teddman@yopmail.com;1977-01-05
Michaelina;Izaak;Michaelina.Izaak@yopmail.com;1930-03-08
Ardeen;Sacken;Ardeen.Sacken@yopmail.com;1957-01-26
Ana;Loring;Ana.Loring@yopmail.com;1975-07-11
Nyssa;Bashemeth;Nyssa.Bashemeth@yopmail.com;2010-01-11
Jany;Ax;Jany.Ax@yopmail.com;2012-07-23
Janenna;Bendick;Janenna.Bendick@yopmail.com;1918-07-01
Violet;Stefa;Violet.Stefa@yopmail.com;2012-06-25
Almeta;Othilia;Almeta.Othilia@yopmail.com;1908-03-23
Viviene;Campball;Viviene.Campball@yopmail.com;1982-03-26
Livvyy;Rad;Livvyy.Rad@yopmail.com;1934-07-31
Jacquetta;Kosey;Jacquetta.Kosey@yopmail.com;1988-01-29
Flory;Knowling;Flory.Knowling@yopmail.com;1903-04-15
Jenda;Chrystel;Jenda.Chrystel@yopmail.com;1988-03-19
Tami;Charmine;Tami.Charmine@yopmail.com;2012-01-23
Kimberley;Vilma;Kimberley.Vilma@yopmail.com;1976-05-05
Kirbee;Daegal;Kirbee.Daegal@yopmail.com;1979-06-24
Karina;Henebry;Karina.Henebry@yopmail.com;1971-08-27
Catharine;Celestine;Catharine.Celestine@yopmail.com;1958-06-30
Heida;Zrike;Heida.Zrike@yopmail.com;2004-12-18
Clementine;Woodberry;Clementine.Woodberry@yopmail.com;1932-08-24
Vivia;Gordon;Vivia.Gordon@yopmail.com;2017-09-28
Kristan;Concha;Kristan.Concha@yopmail.com;1977-05-19
Belva;Harned;Belva.Harned@yopmail.com;1978-11-12
Mallory;Brittani;Mallory.Brittani@yopmail.com;1977-04-17
Leontine;Billye;Leontine.Billye@yopmail.com;1967-02-21
Hannis;Sibyls;Hannis.Sibyls@yopmail.com;1912-02-12
Jasmina;Shuler;Jasmina.Shuler@yopmail.com;1911-01-25
Penelopa;Lorenz;Penelopa.Lorenz@yopmail.com;2012-08-25
Jenilee;Fulmer;Jenilee.Fulmer@yopmail.com;1976-07-31
Ashlee;Lalitta;Ashlee.Lalitta@yopmail.com;2018-09-04
Louella;Gillan;Louella.Gillan@yopmail.com;1916-02-15
Arabel;Leary;Arabel.Leary@yopmail.com;1904-10-25
Edyth;Pernick;Edyth.Pernick@yopmail.com;1933-04-08
Chrystel;Creamer;Chrystel.Creamer@yopmail.com;1965-04-13
Marylou;Obed;Marylou.Obed@yopmail.com;1959-08-27
Letizia;Melan;Letizia.Melan@yopmail.com;1994-12-04
Lelah;Seessel;Lelah.Seessel@yopmail.com;2015-05-14
Kittie;Darian;Kittie.Darian@yopmail.com;1916-05-10
Tilly;Zenas;Tilly.Zenas@yopmail.com;1970-02-23
Renie;Sigfrid;Renie.Sigfrid@yopmail.com;2016-11-03
Constance;Belldas;Constance.Belldas@yopmail.com;2000-11-10
Gwyneth;Christal;Gwyneth.Christal@yopmail.com;1908-05-13
Linet;Yuille;Linet.Yuille@yopmail.com;1974-05-21
Emylee;Gladstone;Emylee.Gladstone@yopmail.com;1902-11-28
Tersina;McGrody;Tersina.McGrody@yopmail.com;1946-05-22
Danika;Holtz;Danika.Holtz@yopmail.com;1963-07-30
Emma;Curren;Emma.Curren@yopmail.com;1967-01-18
Blondelle;Thornburg;Blondelle.Thornburg@yopmail.com;2014-03-25
Jasmina;Belldas;Jasmina.Belldas@yopmail.com;2013-08-14
Pollyanna;Lea;Pollyanna.Lea@yopmail.com;1952-05-26
Brena;Ioab;Brena.Ioab@yopmail.com;1966-07-05
Collen;Hourigan;Collen.Hourigan@yopmail.com;2010-10-01
Rayna;Sikorski;Rayna.Sikorski@yopmail.com;1905-03-15
Marline;Jethro;Marline.Jethro@yopmail.com;1904-09-25
Dari;Cavan;Dari.Cavan@yopmail.com;1997-04-15
Latisha;Cosenza;Latisha.Cosenza@yopmail.com;1908-02-04
Rebeca;Kaete;Rebeca.Kaete@yopmail.com;2014-12-06
Winifred;Chinua;Winifred.Chinua@yopmail.com;1917-02-11
Hyacinthe;Tjon;Hyacinthe.Tjon@yopmail.com;1980-04-09
Natka;Juan;Natka.Juan@yopmail.com;1936-10-10
Monika;Thar;Monika.Thar@yopmail.com;1922-08-22
Ginnie;Aida;Ginnie.Aida@yopmail.com;1967-08-16
Merle;Izaak;Merle.Izaak@yopmail.com;1919-10-10
Giustina;Smitt;Giustina.Smitt@yopmail.com;1993-09-27
Roberta;Beebe;Roberta.Beebe@yopmail.com;1934-02-10
Iseabal;Gombach;Iseabal.Gombach@yopmail.com;2013-03-14
Maryellen;Peg;Maryellen.Peg@yopmail.com;2018-02-26
Jaclyn;Felizio;Jaclyn.Felizio@yopmail.com;2009-08-18
Cathyleen;Erskine;Cathyleen.Erskine@yopmail.com;1971-11-08
Elka;Terencio;Elka.Terencio@yopmail.com;2018-10-30
Mariele;Middleton;Mariele.Middleton@yopmail.com;1950-10-02
Aryn;O'Rourke;Aryn.O'Rourke@yopmail.com;1912-09-25
Maridel;Gusella;Maridel.Gusella@yopmail.com;1950-01-05
Jany;Robertson;Jany.Robertson@yopmail.com;2010-05-22
Jaclyn;Iphlgenia;Jaclyn.Iphlgenia@yopmail.com;1969-02-18
Iseabal;Stilwell;Iseabal.Stilwell@yopmail.com;1929-03-20
Lindie;Orlene;Lindie.Orlene@yopmail.com;1909-07-17
Petronia;Connelly;Petronia.Connelly@yopmail.com;2003-04-15
Tracey;Hertzfeld;Tracey.Hertzfeld@yopmail.com;2015-05-13
Jan;Elo;Jan.Elo@yopmail.com;1997-10-24
Daphne;Fairweather;Daphne.Fairweather@yopmail.com;1992-01-13
Annora;Thomasina;Annora.Thomasina@yopmail.com;1984-12-27
Alyda;Abernon;Alyda.Abernon@yopmail.com;2001-11-24
Valli;Tound;Valli.Tound@yopmail.com;1970-07-25
Cherilyn;Junie;Cherilyn.Junie@yopmail.com;1958-07-25
Alyda;Verger;Alyda.Verger@yopmail.com;2006-10-10
Beth;Velick;Beth.Velick@yopmail.com;2017-11-20
Angela;Read;Angela.Read@yopmail.com;1914-01-25
Helena;Pattin;Helena.Pattin@yopmail.com;1904-04-12
Nanete;Diogenes;Nanete.Diogenes@yopmail.com;1979-12-21
Genovera;Yam;Genovera.Yam@yopmail.com;1990-06-14
Orelia;Lorenz;Orelia.Lorenz@yopmail.com;1943-05-07
Jenda;Bonilla;Jenda.Bonilla@yopmail.com;1933-04-10
Janey;Dichy;Janey.Dichy@yopmail.com;1989-01-15
Ronna;Hamil;Ronna.Hamil@yopmail.com;1961-05-19
Corry;Kaja;Corry.Kaja@yopmail.com;1963-01-23
Darci;Toor;Darci.Toor@yopmail.com;1941-09-01
Giustina;Carolin;Giustina.Carolin@yopmail.com;1937-03-15
Marjie;Darrell;Marjie.Darrell@yopmail.com;1940-01-28
Kaja;Ephrem;Kaja.Ephrem@yopmail.com;2017-03-22
Bernie;Grobe;Bernie.Grobe@yopmail.com;1910-09-18
Dyann;Virgin;Dyann.Virgin@yopmail.com;1919-05-01
Hettie;Reidar;Hettie.Reidar@yopmail.com;1956-11-04
Melina;McGrody;Melina.McGrody@yopmail.com;1952-02-27
Stevana;Dermott;Stevana.Dermott@yopmail.com;1968-08-28
Melina;Torray;Melina.Torray@yopmail.com;1947-02-07
Nadine;Hubert;Nadine.Hubert@yopmail.com;1926-11-18
Mahalia;Angelis;Mahalia.Angelis@yopmail.com;1991-12-05
Helena;Alisia;Helena.Alisia@yopmail.com;1961-12-14
Monika;Tybald;Monika.Tybald@yopmail.com;1934-07-14
Miquela;Payson;Miquela.Payson@yopmail.com;1985-09-25
Raf;Rosette;Raf.Rosette@yopmail.com;1904-10-19
Gabi;Thema;Gabi.Thema@yopmail.com;1984-08-01
Jan;Hanleigh;Jan.Hanleigh@yopmail.com;1956-12-03
Glenda;Velick;Glenda.Velick@yopmail.com;1941-02-01
Pollyanna;Tamsky;Pollyanna.Tamsky@yopmail.com;2013-06-07
Alyda;Wattenberg;Alyda.Wattenberg@yopmail.com;1929-10-10
Oralee;Jacqui;Oralee.Jacqui@yopmail.com;1976-08-08
Dotty;Papageno;Dotty.Papageno@yopmail.com;1915-03-15
Esmeralda;Riordan;Esmeralda.Riordan@yopmail.com;1975-11-25
Stevana;Thilda;Stevana.Thilda@yopmail.com;2016-06-12
Laurene;Federica;Laurene.Federica@yopmail.com;1980-01-30
Jerry;Obed;Jerry.Obed@yopmail.com;2017-08-20
Fred;Junie;Fred.Junie@yopmail.com;1982-01-15
Brandise;Regan;Brandise.Regan@yopmail.com;1918-04-10
Barbi;Letsou;Barbi.Letsou@yopmail.com;1956-11-12
Lolita;Belanger;Lolita.Belanger@yopmail.com;1926-08-15
Tonia;Lattie;Tonia.Lattie@yopmail.com;1929-12-23
Estell;Kravits;Estell.Kravits@yopmail.com;1997-08-01
Patricia;Stav;Patricia.Stav@yopmail.com;1921-05-20
Esmeralda;Kermit;Esmeralda.Kermit@yopmail.com;1997-09-13
Lucille;Aprile;Lucille.Aprile@yopmail.com;1945-08-13
Tamqrah;Alva;Tamqrah.Alva@yopmail.com;1990-12-17
Leona;Nahum;Leona.Nahum@yopmail.com;1960-02-12
Henriette;Peti;Henriette.Peti@yopmail.com;1935-06-23
Kaia;Felizio;Kaia.Felizio@yopmail.com;1977-03-10
Tierney;Colleen;Tierney.Colleen@yopmail.com;1965-01-10
Florie;Cottle;Florie.Cottle@yopmail.com;1963-04-22
Odessa;Leler;Odessa.Leler@yopmail.com;2018-07-10
Selia;Amadas;Selia.Amadas@yopmail.com;1969-05-29
Cam;Hartnett;Cam.Hartnett@yopmail.com;1906-11-28
Gisela;Ferrell;Gisela.Ferrell@yopmail.com;1972-02-29
Raquela;Lauraine;Raquela.Lauraine@yopmail.com;1923-08-03
Rosabelle;Modie;Rosabelle.Modie@yopmail.com;2004-08-22
Lelah;Gamaliel;Lelah.Gamaliel@yopmail.com;1958-12-17
Joceline;Evangelia;Joceline.Evangelia@yopmail.com;1955-08-05
Marleah;Dudley;Marleah.Dudley@yopmail.com;1973-07-08
Helsa;Stefa;Helsa.Stefa@yopmail.com;2002-02-06
Shaine;Dahlia;Shaine.Dahlia@yopmail.com;1962-12-14
Lily;Pascia;Lily.Pascia@yopmail.com;2015-04-23
Kathy;Odysseus;Kathy.Odysseus@yopmail.com;2010-11-26
Margarette;Fry;Margarette.Fry@yopmail.com;1981-03-19
Livvyy;Thomasina;Livvyy.Thomasina@yopmail.com;2004-01-26
Albertina;Lesley;Albertina.Lesley@yopmail.com;1911-10-31
Janenna;Bashemeth;Janenna.Bashemeth@yopmail.com;1922-11-10
Gusty;Abbot;Gusty.Abbot@yopmail.com;1997-03-15
Barbara;Woodberry;Barbara.Woodberry@yopmail.com;1924-02-25
Dede;Merat;Dede.Merat@yopmail.com;1913-02-20
Clo;Ioab;Clo.Ioab@yopmail.com;1988-08-30
Hermione;Ashok;Hermione.Ashok@yopmail.com;1942-01-23
Sallie;Horan;Sallie.Horan@yopmail.com;2001-05-06
Lanna;Keelia;Lanna.Keelia@yopmail.com;1911-04-18
Leona;O'Rourke;Leona.O'Rourke@yopmail.com;1966-05-13
Arlena;Alejoa;Arlena.Alejoa@yopmail.com;1923-05-07
Ezmeralda;Madelene;Ezmeralda.Madelene@yopmail.com;2016-01-21
Merry;Mandler;Merry.Mandler@yopmail.com;1954-04-14
Ginnie;Redmond;Ginnie.Redmond@yopmail.com;1960-03-05
Merrie;Winthorpe;Merrie.Winthorpe@yopmail.com;1989-06-25
Renae;Carleen;Renae.Carleen@yopmail.com;1937-05-14
Doralynne;Haerr;Doralynne.Haerr@yopmail.com;1915-05-05
Bill;Koziara;Bill.Koziara@yopmail.com;1976-01-26
Danika;Malvino;Danika.Malvino@yopmail.com;1902-05-25
Alex;Trey;Alex.Trey@yopmail.com;1923-02-08
Gabi;Dex;Gabi.Dex@yopmail.com;2000-01-07
Cyndie;Remmer;Cyndie.Remmer@yopmail.com;1925-08-12
Kamilah;Whiffen;Kamilah.Whiffen@yopmail.com;1929-10-21
Babita;Yuille;Babita.Yuille@yopmail.com;1946-03-09
Peri;Pernick;Peri.Pernick@yopmail.com;1964-02-29
Andeee;Niccolo;Andeee.Niccolo@yopmail.com;2012-12-12
Ronna;Lynn;Ronna.Lynn@yopmail.com;1935-07-19
Joelly;Sadowski;Joelly.Sadowski@yopmail.com;1941-05-13
Julieta;Joeann;Julieta.Joeann@yopmail.com;1912-05-06
Heddie;Randene;Heddie.Randene@yopmail.com;1904-12-17
Nonnah;Rocray;Nonnah.Rocray@yopmail.com;2006-04-22
Sean;Lindemann;Sean.Lindemann@yopmail.com;2006-08-26
Krystle;Yerkovich;Krystle.Yerkovich@yopmail.com;1906-03-31
Eugine;Gemini;Eugine.Gemini@yopmail.com;2007-08-26
Margalo;Chauncey;Margalo.Chauncey@yopmail.com;1994-10-03
Christy;Magdalen;Christy.Magdalen@yopmail.com;1964-10-29
Nonnah;Philipp;Nonnah.Philipp@yopmail.com;1955-08-20
Micheline;Kristi;Micheline.Kristi@yopmail.com;1930-06-06
Corina;Taam;Corina.Taam@yopmail.com;1907-07-26
Tori;Chick;Tori.Chick@yopmail.com;2004-03-25
Kathy;Cecile;Kathy.Cecile@yopmail.com;1987-05-28
Lenna;Merat;Lenna.Merat@yopmail.com;2000-03-05
Rani;Cordi;Rani.Cordi@yopmail.com;1926-06-06
Grier;Stover;Grier.Stover@yopmail.com;1926-05-27
Adore;Trinetta;Adore.Trinetta@yopmail.com;2009-01-28
Heddie;Sigfrid;Heddie.Sigfrid@yopmail.com;1988-09-13
Jeanna;Gordon;Jeanna.Gordon@yopmail.com;1924-01-20
Randa;Gavrila;Randa.Gavrila@yopmail.com;1939-04-30
Jacquetta;Alice;Jacquetta.Alice@yopmail.com;1922-04-15
Kaja;Martsen;Kaja.Martsen@yopmail.com;1934-07-30
Chere;Angelis;Chere.Angelis@yopmail.com;1925-06-18
Bernie;Izaak;Bernie.Izaak@yopmail.com;1974-12-14
Malina;Rolf;Malina.Rolf@yopmail.com;1970-04-22
Peri;Ovid;Peri.Ovid@yopmail.com;1947-12-11
Robinia;Jarib;Robinia.Jarib@yopmail.com;1974-05-23
Jennica;Burnside;Jennica.Burnside@yopmail.com;1905-03-17
Hallie;Whiffen;Hallie.Whiffen@yopmail.com;1955-06-13
Elena;Bryna;Elena.Bryna@yopmail.com;1925-01-06
Candi;MacIntosh;Candi.MacIntosh@yopmail.com;1970-09-07
Janis;Ahab;Janis.Ahab@yopmail.com;1904-06-27
Mary;Christine;Mary.Christine@yopmail.com;1917-11-17
Brooks;Ilka;Brooks.Ilka@yopmail.com;1944-10-24
Jaclyn;Goldina;Jaclyn.Goldina@yopmail.com;1968-09-27
Hyacinthe;Autrey;Hyacinthe.Autrey@yopmail.com;1916-08-23
Blake;Grayce;Blake.Grayce@yopmail.com;1988-01-04
Amelia;Whittaker;Amelia.Whittaker@yopmail.com;1917-09-22
Aaren;Richers;Aaren.Richers@yopmail.com;1963-05-05
Gratia;Cleo;Gratia.Cleo@yopmail.com;1999-11-15
Katuscha;Casimir;Katuscha.Casimir@yopmail.com;1943-09-16
Kenna;Thema;Kenna.Thema@yopmail.com;1986-09-01
Gratia;Yerkovich;Gratia.Yerkovich@yopmail.com;1924-07-18
Merry;Valerio;Merry.Valerio@yopmail.com;1963-05-14
Lucy;Silvan;Lucy.Silvan@yopmail.com;1909-01-19
Debee;Hanleigh;Debee.Hanleigh@yopmail.com;1916-09-19
Ninnetta;Shuler;Ninnetta.Shuler@yopmail.com;1991-12-05
Kate;Nicoline;Kate.Nicoline@yopmail.com;1912-10-18
Aurore;Sherfield;Aurore.Sherfield@yopmail.com;1962-08-11
Ursulina;Carmena;Ursulina.Carmena@yopmail.com;1903-04-16
Emylee;Dahlia;Emylee.Dahlia@yopmail.com;1957-08-20
Robinia;Ledah;Robinia.Ledah@yopmail.com;1989-10-07
Corry;Bethany;Corry.Bethany@yopmail.com;1955-08-02
Tami;Kauppi;Tami.Kauppi@yopmail.com;1958-01-20
Felice;Drus;Felice.Drus@yopmail.com;1902-04-08
Lorenza;Anselmi;Lorenza.Anselmi@yopmail.com;1913-08-22
Edith;Tremayne;Edith.Tremayne@yopmail.com;1982-05-11
Pamella;Corrine;Pamella.Corrine@yopmail.com;1922-09-15
Allis;Randene;Allis.Randene@yopmail.com;1994-08-14
Vanessa;Prouty;Vanessa.Prouty@yopmail.com;2007-12-12
Glenda;Penelopa;Glenda.Penelopa@yopmail.com;1994-08-19
Yvonne;Jary;Yvonne.Jary@yopmail.com;1947-01-14
Dorthy;Prober;Dorthy.Prober@yopmail.com;1900-07-23
Elvira;Dermott;Elvira.Dermott@yopmail.com;1935-04-13
Shaine;Sidonius;Shaine.Sidonius@yopmail.com;1936-07-14
Mignon;Lymann;Mignon.Lymann@yopmail.com;1997-10-16
Maisey;Howlyn;Maisey.Howlyn@yopmail.com;1983-02-09
Margalo;Liva;Margalo.Liva@yopmail.com;1948-08-25
Clarice;Phaidra;Clarice.Phaidra@yopmail.com;1912-03-27
Aryn;Muriel;Aryn.Muriel@yopmail.com;1984-11-27
Charlena;Kesley;Charlena.Kesley@yopmail.com;1919-03-11
Fanny;Barney;Fanny.Barney@yopmail.com;1995-07-14
Brena;Clywd;Brena.Clywd@yopmail.com;1998-11-25
Audrie;Yusuk;Audrie.Yusuk@yopmail.com;1927-08-13
Joleen;Johanna;Joleen.Johanna@yopmail.com;2019-10-20
Rhoda;Kenwood;Rhoda.Kenwood@yopmail.com;1930-03-15
Rori;Grayce;Rori.Grayce@yopmail.com;2002-09-29
Maryellen;Tufts;Maryellen.Tufts@yopmail.com;1987-02-23
Jean;Fulmer;Jean.Fulmer@yopmail.com;1912-01-29
Gwenneth;Tamar;Gwenneth.Tamar@yopmail.com;1915-05-13
Lonnie;Melleta;Lonnie.Melleta@yopmail.com;1976-04-07
Vevay;Ramona;Vevay.Ramona@yopmail.com;1900-05-05
Wanda;Iphlgenia;Wanda.Iphlgenia@yopmail.com;1942-01-19
Antonietta;Maryanne;Antonietta.Maryanne@yopmail.com;1924-01-26
Tera;Evvie;Tera.Evvie@yopmail.com;1913-03-08
Tori;Ortrude;Tori.Ortrude@yopmail.com;1951-02-28
Bernardine;Fosque;Bernardine.Fosque@yopmail.com;1925-11-18
Magdalena;Solitta;Magdalena.Solitta@yopmail.com;1920-01-05
Jenda;Anyah;Jenda.Anyah@yopmail.com;1904-03-29
Dione;Sholley;Dione.Sholley@yopmail.com;1968-10-25
Fernande;Cottle;Fernande.Cottle@yopmail.com;1911-09-05
Quintina;Delp;Quintina.Delp@yopmail.com;1921-02-11
Jemie;Hachmin;Jemie.Hachmin@yopmail.com;1969-01-17
Lexine;Firmin;Lexine.Firmin@yopmail.com;1931-01-29
Heida;Dominy;Heida.Dominy@yopmail.com;2004-08-30
Corene;Cherianne;Corene.Cherianne@yopmail.com;1988-09-20
Krystle;Arathorn;Krystle.Arathorn@yopmail.com;1981-10-20
Debee;Bohlin;Debee.Bohlin@yopmail.com;1914-05-24
Arlina;Heisel;Arlina.Heisel@yopmail.com;2017-02-20
Alyda;Bonucci;Alyda.Bonucci@yopmail.com;1958-12-14
Brana;Ranjiv;Brana.Ranjiv@yopmail.com;1914-01-08
Miquela;Bibi;Miquela.Bibi@yopmail.com;1948-07-19
Diena;Stav;Diena.Stav@yopmail.com;1905-12-18
Hallie;Leifeste;Hallie.Leifeste@yopmail.com;1999-08-23
Desirae;LaRue;Desirae.LaRue@yopmail.com;1990-06-14
Gavrielle;Waite;Gavrielle.Waite@yopmail.com;2017-12-04
Thalia;Natica;Thalia.Natica@yopmail.com;1982-03-13
Aeriela;Dowski;Aeriela.Dowski@yopmail.com;1906-12-28
Cherilyn;Iiette;Cherilyn.Iiette@yopmail.com;1948-06-26
Elmira;Whittaker;Elmira.Whittaker@yopmail.com;1971-01-05
Evaleen;Azeria;Evaleen.Azeria@yopmail.com;1923-01-21
Betta;Yoko;Betta.Yoko@yopmail.com;1955-04-12
Jan;Lowry;Jan.Lowry@yopmail.com;1958-10-31
Codie;Maryanne;Codie.Maryanne@yopmail.com;2006-07-30
Jacenta;Schalles;Jacenta.Schalles@yopmail.com;1988-06-03
Elena;Allys;Elena.Allys@yopmail.com;2012-07-20
Britte;Viddah;Britte.Viddah@yopmail.com;1991-02-17
Ebonee;Klotz;Ebonee.Klotz@yopmail.com;1926-06-25
Ursulina;Rustice;Ursulina.Rustice@yopmail.com;1966-09-15
Lindie;Ardra;Lindie.Ardra@yopmail.com;1913-07-28
Roslyn;Means;Roslyn.Means@yopmail.com;1927-04-08
Leontine;Nisbet;Leontine.Nisbet@yopmail.com;1952-05-11
Roslyn;Payson;Roslyn.Payson@yopmail.com;1919-05-24
Dagmar;Martguerita;Dagmar.Martguerita@yopmail.com;1921-11-05
Lily;Fink;Lily.Fink@yopmail.com;1925-07-25
Edee;Pip;Edee.Pip@yopmail.com;1900-06-28
Allyce;Gino;Allyce.Gino@yopmail.com;1989-07-26
Cassondra;Hollingsworth;Cassondra.Hollingsworth@yopmail.com;1944-01-23
Ethel;Clarissa;Ethel.Clarissa@yopmail.com;1969-07-28
Rani;Emmy;Rani.Emmy@yopmail.com;1968-07-25
Ileana;Alwin;Ileana.Alwin@yopmail.com;1940-11-12
Jordan;Halsey;Jordan.Halsey@yopmail.com;1913-06-20
Jinny;Tippets;Jinny.Tippets@yopmail.com;1917-01-14
Harmonia;Agle;Harmonia.Agle@yopmail.com;2011-02-16
Evita;Atcliffe;Evita.Atcliffe@yopmail.com;1990-11-11
Carolina;Trinetta;Carolina.Trinetta@yopmail.com;1928-09-04
Correy;Vernier;Correy.Vernier@yopmail.com;2013-01-17
Riannon;Gwenore;Riannon.Gwenore@yopmail.com;1987-01-08
Cyndie;Sharl;Cyndie.Sharl@yopmail.com;1961-03-25
Ana;Simmonds;Ana.Simmonds@yopmail.com;2004-06-23
Charissa;Kristi;Charissa.Kristi@yopmail.com;1970-08-10
Felice;Helfand;Felice.Helfand@yopmail.com;1904-05-16
Regina;Vivle;Regina.Vivle@yopmail.com;1913-03-18
Ebonee;Means;Ebonee.Means@yopmail.com;2007-11-29
Kary;Morehouse;Kary.Morehouse@yopmail.com;1907-05-15
Celene;Melony;Celene.Melony@yopmail.com;1954-05-01
Zsa Zsa;Stephie;Zsa Zsa.Stephie@yopmail.com;1910-12-10
Corene;Brackely;Corene.Brackely@yopmail.com;1964-09-19
Rayna;Libna;Rayna.Libna@yopmail.com;1997-06-28
Eugine;Reinke;Eugine.Reinke@yopmail.com;1922-06-14
Esmeralda;Koehler;Esmeralda.Koehler@yopmail.com;1919-01-03
Leontine;Gerge;Leontine.Gerge@yopmail.com;1917-05-19
Alisha;Peg;Alisha.Peg@yopmail.com;1938-03-24
Ellette;Guildroy;Ellette.Guildroy@yopmail.com;1995-01-29
Kristina;Damarra;Kristina.Damarra@yopmail.com;1940-05-27
Britni;Yusuk;Britni.Yusuk@yopmail.com;1985-01-27
Cam;Fiann;Cam.Fiann@yopmail.com;2006-04-25
Teriann;Alva;Teriann.Alva@yopmail.com;1987-02-25
Helena;Ailyn;Helena.Ailyn@yopmail.com;2010-05-23
Wanda;Ulphia;Wanda.Ulphia@yopmail.com;1928-03-24
Lynde;Aurelio;Lynde.Aurelio@yopmail.com;1955-02-15
Margette;Wadell;Margette.Wadell@yopmail.com;1910-09-23
Inga;Cleavland;Inga.Cleavland@yopmail.com;1959-04-13
Myriam;Abbot;Myriam.Abbot@yopmail.com;1969-03-27
Steffane;Emmaline;Steffane.Emmaline@yopmail.com;1974-05-23
Sindee;Rocray;Sindee.Rocray@yopmail.com;1980-09-17
Ethel;Wind;Ethel.Wind@yopmail.com;1909-09-09
Stacey;Toni;Stacey.Toni@yopmail.com;1968-03-26
Calla;Alva;Calla.Alva@yopmail.com;1929-04-25
Margette;Gaynor;Margette.Gaynor@yopmail.com;1953-04-07
Jackie;Decato;Jackie.Decato@yopmail.com;1989-03-13
Sarette;Goth;Sarette.Goth@yopmail.com;1909-04-17
Rhoda;Persse;Rhoda.Persse@yopmail.com;2000-07-28
Bernie;Anestassia;Bernie.Anestassia@yopmail.com;1905-05-13
Marline;Sharl;Marline.Sharl@yopmail.com;2008-04-03
Diena;Kirstin;Diena.Kirstin@yopmail.com;1930-07-13
Bertine;Aloise;Bertine.Aloise@yopmail.com;1950-08-19
Fina;Poppy;Fina.Poppy@yopmail.com;2002-03-03
Esmeralda;Mendez;Esmeralda.Mendez@yopmail.com;1938-10-10
Halette;Bartlett;Halette.Bartlett@yopmail.com;1934-11-28
Randa;Egbert;Randa.Egbert@yopmail.com;1917-12-19
Nickie;Latini;Nickie.Latini@yopmail.com;1979-10-19
Roz;Milde;Roz.Milde@yopmail.com;1952-07-07
Kara-Lynn;Peonir;Kara-Lynn.Peonir@yopmail.com;1996-12-24
Sheree;Edvard;Sheree.Edvard@yopmail.com;1942-04-14
Cecile;Seligman;Cecile.Seligman@yopmail.com;1943-01-23
Elena;Leopold;Elena.Leopold@yopmail.com;1927-08-24
Drucie;Rossner;Drucie.Rossner@yopmail.com;2003-05-07
Celisse;Laurianne;Celisse.Laurianne@yopmail.com;2006-03-05
Shel;Charity;Shel.Charity@yopmail.com;1906-06-04
Melanie;Wind;Melanie.Wind@yopmail.com;1985-08-18
Alameda;Gordon;Alameda.Gordon@yopmail.com;2015-01-03
Mureil;Seligman;Mureil.Seligman@yopmail.com;1918-12-02
Starla;Mintz;Starla.Mintz@yopmail.com;1904-05-29
Malina;Carolin;Malina.Carolin@yopmail.com;1949-02-17
Paulita;Chinua;Paulita.Chinua@yopmail.com;1987-04-01
Genovera;Bibi;Genovera.Bibi@yopmail.com;2004-10-22
Verla;Jeanne;Verla.Jeanne@yopmail.com;1926-11-26
Emmey;Fiester;Emmey.Fiester@yopmail.com;1946-06-28
Madeleine;Koehler;Madeleine.Koehler@yopmail.com;1997-08-17
Fidelia;Atonsah;Fidelia.Atonsah@yopmail.com;1997-08-18
Chrystel;Clara;Chrystel.Clara@yopmail.com;1948-12-12
Tabbatha;Vernier;Tabbatha.Vernier@yopmail.com;1937-04-05
Xylina;Dom;Xylina.Dom@yopmail.com;1969-11-17
Codie;Caitlin;Codie.Caitlin@yopmail.com;1980-01-13
Raina;Old;Raina.Old@yopmail.com;1952-04-11
Jessy;Linehan;Jessy.Linehan@yopmail.com;1992-06-15
Rosanne;Rhu;Rosanne.Rhu@yopmail.com;1979-10-11
Neila;Gwenore;Neila.Gwenore@yopmail.com;1980-05-24
Rebeca;Heisel;Rebeca.Heisel@yopmail.com;1935-05-07
Marleah;Danby;Marleah.Danby@yopmail.com;1905-02-21
Aili;Rheingold;Aili.Rheingold@yopmail.com;1962-05-07
Hermione;Mich;Hermione.Mich@yopmail.com;1988-03-10
Amara;Ezar;Amara.Ezar@yopmail.com;1916-04-02
Ericka;Larochelle;Ericka.Larochelle@yopmail.com;1910-03-15
Viki;Bakerman;Viki.Bakerman@yopmail.com;2019-01-18
Ronna;Velick;Ronna.Velick@yopmail.com;2010-07-15
Marnia;Slifka;Marnia.Slifka@yopmail.com;1984-05-18
Carol-Jean;Dannye;Carol-Jean.Dannye@yopmail.com;1999-07-20
Mildrid;Kaja;Mildrid.Kaja@yopmail.com;1957-07-08
Janey;Carri;Janey.Carri@yopmail.com;2006-08-09
Anallese;Tice;Anallese.Tice@yopmail.com;2019-03-01
Elka;Christine;Elka.Christine@yopmail.com;1912-07-12
Catrina;Faso;Catrina.Faso@yopmail.com;2003-07-11
Marcy;Abernon;Marcy.Abernon@yopmail.com;1915-04-19
Malina;MacIntosh;Malina.MacIntosh@yopmail.com;2009-07-16
Violet;Casimir;Violet.Casimir@yopmail.com;1988-04-06
Pollyanna;Kaja;Pollyanna.Kaja@yopmail.com;1968-04-12
Vevay;Lumbard;Vevay.Lumbard@yopmail.com;1903-03-16
Blake;Tamsky;Blake.Tamsky@yopmail.com;1942-11-15
Jan;Kristi;Jan.Kristi@yopmail.com;1925-09-10
Trudie;Harday;Trudie.Harday@yopmail.com;1971-04-07
Kittie;Wattenberg;Kittie.Wattenberg@yopmail.com;1993-04-22
Raquela;Sheedy;Raquela.Sheedy@yopmail.com;1982-03-20
Marleah;Ax;Marleah.Ax@yopmail.com;1997-05-29
Stacey;Garlinda;Stacey.Garlinda@yopmail.com;1977-11-24
Alyda;Shirberg;Alyda.Shirberg@yopmail.com;1913-10-28
Eve;Hermes;Eve.Hermes@yopmail.com;2000-12-09
Aimil;Taam;Aimil.Taam@yopmail.com;2010-10-15
Lory;Atcliffe;Lory.Atcliffe@yopmail.com;1977-01-17
Luci;Tristram;Luci.Tristram@yopmail.com;1915-07-13
Iseabal;Khorma;Iseabal.Khorma@yopmail.com;1978-12-29
Brandise;Manolo;Brandise.Manolo@yopmail.com;1916-07-19
Dede;Jacqui;Dede.Jacqui@yopmail.com;2008-01-28
Vanessa;Helve;Vanessa.Helve@yopmail.com;1958-11-11
Shell;Liebermann;Shell.Liebermann@yopmail.com;1955-12-25
Laurene;Rheingold;Laurene.Rheingold@yopmail.com;1938-08-26
Morganica;Tacye;Morganica.Tacye@yopmail.com;1954-06-21
Kary;Jalbert;Kary.Jalbert@yopmail.com;1911-04-27
Jobi;Doig;Jobi.Doig@yopmail.com;1915-06-28
Stacey;Edee;Stacey.Edee@yopmail.com;1998-12-04
Sindee;Wenda;Sindee.Wenda@yopmail.com;1980-09-28
Christal;Dahlia;Christal.Dahlia@yopmail.com;1927-07-21
Merci;Redmond;Merci.Redmond@yopmail.com;1976-10-21
Deirdre;Melan;Deirdre.Melan@yopmail.com;2000-10-28
Jacquetta;Selway;Jacquetta.Selway@yopmail.com;2009-01-11
Sallie;Tarrant;Sallie.Tarrant@yopmail.com;1972-07-18
Juliane;Lenny;Juliane.Lenny@yopmail.com;1980-04-27
Jany;Fiann;Jany.Fiann@yopmail.com;1910-03-29
Lolita;Eno;Lolita.Eno@yopmail.com;1924-03-20
Ardenia;Brenn;Ardenia.Brenn@yopmail.com;2005-11-13
Rozele;Skurnik;Rozele.Skurnik@yopmail.com;1920-10-07
Robinia;Jarib;Robinia.Jarib@yopmail.com;1969-09-26
Gabriellia;Beebe;Gabriellia.Beebe@yopmail.com;1959-05-31
Angela;Sekofski;Angela.Sekofski@yopmail.com;1988-02-23
Elie;Sidonius;Elie.Sidonius@yopmail.com;1929-01-09
Tobe;Nerita;Tobe.Nerita@yopmail.com;1927-01-10
Randa;Montgomery;Randa.Montgomery@yopmail.com;1960-06-16
Annaliese;Sandye;Annaliese.Sandye@yopmail.com;1905-01-29
Siana;Hoenack;Siana.Hoenack@yopmail.com;2008-12-18
Regina;Maples;Regina.Maples@yopmail.com;1966-03-28
Demetris;Morgun;Demetris.Morgun@yopmail.com;1935-09-15
Madelle;Talia;Madelle.Talia@yopmail.com;1942-03-19
Collen;Buffum;Collen.Buffum@yopmail.com;1944-07-28
Ileana;Justinn;Ileana.Justinn@yopmail.com;1918-05-24
Tersina;Dimitris;Tersina.Dimitris@yopmail.com;1930-03-29
Gusty;Dituri;Gusty.Dituri@yopmail.com;2019-07-16
Ingrid;Kannry;Ingrid.Kannry@yopmail.com;1913-04-26
Rayna;Guthrie;Rayna.Guthrie@yopmail.com;1923-10-04
Edyth;Marlie;Edyth.Marlie@yopmail.com;1971-09-15
Anallese;Jarib;Anallese.Jarib@yopmail.com;1986-01-17
Glynnis;Maisey;Glynnis.Maisey@yopmail.com;1909-01-27
Karena;Cloris;Karena.Cloris@yopmail.com;1996-11-26
Dorice;Sandye;Dorice.Sandye@yopmail.com;1979-05-17
Raquela;Ophelia;Raquela.Ophelia@yopmail.com;1921-09-07
Dale;Lenny;Dale.Lenny@yopmail.com;1942-03-31
Cathie;Sothena;Cathie.Sothena@yopmail.com;1969-07-30
Tarra;Hertzfeld;Tarra.Hertzfeld@yopmail.com;1935-03-31
Cathie;Longfellow;Cathie.Longfellow@yopmail.com;1975-02-17
Linzy;Gavrila;Linzy.Gavrila@yopmail.com;1927-09-07
Nollie;Liebermann;Nollie.Liebermann@yopmail.com;1917-08-01
Reeba;Kiersten;Reeba.Kiersten@yopmail.com;1934-10-19
Jaclyn;Cimbura;Jaclyn.Cimbura@yopmail.com;1928-08-20
Amalie;Nedrud;Amalie.Nedrud@yopmail.com;1958-12-05
Shirlee;Clara;Shirlee.Clara@yopmail.com;1923-02-11
Alameda;Rosette;Alameda.Rosette@yopmail.com;1943-02-01
Ginnie;Tiffa;Ginnie.Tiffa@yopmail.com;1906-11-16
Jere;Bartlett;Jere.Bartlett@yopmail.com;1955-04-10
Ayn;Tarrant;Ayn.Tarrant@yopmail.com;2010-06-04
Carmela;Maiah;Carmela.Maiah@yopmail.com;1989-08-17
Hyacinthe;Morehouse;Hyacinthe.Morehouse@yopmail.com;1916-08-03
Estell;Durante;Estell.Durante@yopmail.com;1964-10-25
Lusa;Tryck;Lusa.Tryck@yopmail.com;1988-07-28
Brianna;Ader;Brianna.Ader@yopmail.com;1986-10-04
Pollyanna;Halla;Pollyanna.Halla@yopmail.com;2006-01-08
Rhea;McAdams;Rhea.McAdams@yopmail.com;1961-08-26
Lilith;Hoenack;Lilith.Hoenack@yopmail.com;1914-07-25
Corina;Telfer;Corina.Telfer@yopmail.com;1980-07-10
Marinna;LaRue;Marinna.LaRue@yopmail.com;1982-04-27
Candi;Lytton;Candi.Lytton@yopmail.com;1967-05-27
Feliza;Tice;Feliza.Tice@yopmail.com;1972-06-10
Aaren;Ricarda;Aaren.Ricarda@yopmail.com;2003-11-25
Angela;Modie;Angela.Modie@yopmail.com;1957-12-16
Deane;Tamsky;Deane.Tamsky@yopmail.com;2007-03-26
Vita;Levey;Vita.Levey@yopmail.com;1944-07-08
Lynnea;Scammon;Lynnea.Scammon@yopmail.com;1982-03-10
Alejandra;Frodi;Alejandra.Frodi@yopmail.com;1996-03-08
Morganica;Estella;Morganica.Estella@yopmail.com;1932-03-03
Eolanda;Krystle;Eolanda.Krystle@yopmail.com;1955-01-01
Jaime;Tristram;Jaime.Tristram@yopmail.com;1971-10-14
Christal;Hourigan;Christal.Hourigan@yopmail.com;1971-09-01
Orsola;Sibyls;Orsola.Sibyls@yopmail.com;1978-06-09
Sabina;MacIntosh;Sabina.MacIntosh@yopmail.com;1931-06-04
Inga;Aaberg;Inga.Aaberg@yopmail.com;1965-11-08
Devina;Isidore;Devina.Isidore@yopmail.com;1968-10-17
Hettie;Madelene;Hettie.Madelene@yopmail.com;2017-04-11
Corina;Raychel;Corina.Raychel@yopmail.com;1901-01-05
Yolane;Earlie;Yolane.Earlie@yopmail.com;1905-12-18
Binny;Warthman;Binny.Warthman@yopmail.com;1957-05-17
Nanete;Japeth;Nanete.Japeth@yopmail.com;1904-07-06
Inga;Rossner;Inga.Rossner@yopmail.com;2000-04-18
Nicoli;Philipp;Nicoli.Philipp@yopmail.com;1969-03-17
Barbara;Joeann;Barbara.Joeann@yopmail.com;2008-09-24
Katharina;Gaspard;Katharina.Gaspard@yopmail.com;1935-10-09
Sindee;Ophelia;Sindee.Ophelia@yopmail.com;1959-12-18
Marylou;Clara;Marylou.Clara@yopmail.com;1936-07-24
Mireielle;Burkle;Mireielle.Burkle@yopmail.com;1954-05-30
Fayre;Teryn;Fayre.Teryn@yopmail.com;2010-02-16
Penelopa;Mathilde;Penelopa.Mathilde@yopmail.com;1968-02-18
Gwyneth;Karylin;Gwyneth.Karylin@yopmail.com;1992-06-04
Belva;Sheedy;Belva.Sheedy@yopmail.com;2008-06-25
Kate;Kat;Kate.Kat@yopmail.com;1933-01-26
Max;Kare;Max.Kare@yopmail.com;1956-03-21
Gavrielle;Olympium;Gavrielle.Olympium@yopmail.com;1996-01-22
Barbi;Jillane;Barbi.Jillane@yopmail.com;1923-07-30
Eugine;Vanni;Eugine.Vanni@yopmail.com;1989-11-03
Cindelyn;Mata;Cindelyn.Mata@yopmail.com;1973-12-27
Asia;Kravits;Asia.Kravits@yopmail.com;2016-02-03
Katuscha;Nisbet;Katuscha.Nisbet@yopmail.com;1947-02-01
Paule;Bethany;Paule.Bethany@yopmail.com;2010-08-15
Cecile;Gualtiero;Cecile.Gualtiero@yopmail.com;1921-07-11
Gale;Valerio;Gale.Valerio@yopmail.com;1994-03-07
Cam;Gabrielli;Cam.Gabrielli@yopmail.com;1961-06-06
Shirlee;Briney;Shirlee.Briney@yopmail.com;1916-02-05
Cam;Eachern;Cam.Eachern@yopmail.com;1958-09-27
Dari;Phyllis;Dari.Phyllis@yopmail.com;1909-03-19
Jasmina;Pillsbury;Jasmina.Pillsbury@yopmail.com;1919-04-08
Jenda;Shelba;Jenda.Shelba@yopmail.com;1978-03-22
Pamella;Liva;Pamella.Liva@yopmail.com;1917-04-14
Darci;Papageno;Darci.Papageno@yopmail.com;1927-06-17
Marti;Fulmer;Marti.Fulmer@yopmail.com;2009-04-05
Vivia;Jenness;Vivia.Jenness@yopmail.com;2002-08-06
Sonni;Vernier;Sonni.Vernier@yopmail.com;1961-06-13
Chrystel;Riva;Chrystel.Riva@yopmail.com;1986-09-29
Emelina;Valerio;Emelina.Valerio@yopmail.com;1982-09-14
Carilyn;Mintz;Carilyn.Mintz@yopmail.com;1915-05-13
Rosene;Wenda;Rosene.Wenda@yopmail.com;1920-08-21
Farrah;Shirberg;Farrah.Shirberg@yopmail.com;1910-01-07
Susette;Marisa;Susette.Marisa@yopmail.com;1991-03-24
Delilah;Madox;Delilah.Madox@yopmail.com;1917-11-25
Di;Fairweather;Di.Fairweather@yopmail.com;1941-10-18
Ariela;Kauppi;Ariela.Kauppi@yopmail.com;1956-06-07
Marjie;Hanshaw;Marjie.Hanshaw@yopmail.com;2013-06-04
Livvyy;Mata;Livvyy.Mata@yopmail.com;1980-10-16
Gale;Heisel;Gale.Heisel@yopmail.com;1968-12-21
Kore;Mendez;Kore.Mendez@yopmail.com;1945-12-16
Regina;Brunell;Regina.Brunell@yopmail.com;2013-09-22
Debee;Ioab;Debee.Ioab@yopmail.com;2018-04-19
Elsie;Faso;Elsie.Faso@yopmail.com;1966-06-27
Penelopa;Sancho;Penelopa.Sancho@yopmail.com;1913-04-24
Steffane;Joseph;Steffane.Joseph@yopmail.com;1999-03-27
Marjie;Manolo;Marjie.Manolo@yopmail.com;1957-08-26
Queenie;Calhoun;Queenie.Calhoun@yopmail.com;1945-03-07
Anestassia;Mott;Anestassia.Mott@yopmail.com;1973-05-19
Di;Carolin;Di.Carolin@yopmail.com;1926-04-20
Max;Donell;Max.Donell@yopmail.com;1948-04-01
Hyacinthe;Cherianne;Hyacinthe.Cherianne@yopmail.com;1980-04-16
Oralee;Grayce;Oralee.Grayce@yopmail.com;1986-06-11
Steffane;Halla;Steffane.Halla@yopmail.com;1909-10-15
Roseline;Simmonds;Roseline.Simmonds@yopmail.com;1996-12-19
Ezmeralda;Palocz;Ezmeralda.Palocz@yopmail.com;1990-11-10
Gavrielle;Morehouse;Gavrielle.Morehouse@yopmail.com;1995-10-28
Priscilla;Firmin;Priscilla.Firmin@yopmail.com;1903-10-09
Melisent;Rustice;Melisent.Rustice@yopmail.com;2000-04-10
Maryellen;Demitria;Maryellen.Demitria@yopmail.com;1915-10-09
Hayley;Moseley;Hayley.Moseley@yopmail.com;1943-11-08
Agnese;Federica;Agnese.Federica@yopmail.com;1936-09-28
Darci;Tryck;Darci.Tryck@yopmail.com;2004-06-14
Joeann;Swanhildas;Joeann.Swanhildas@yopmail.com;1910-12-02
Glynnis;Raimondo;Glynnis.Raimondo@yopmail.com;1909-06-29
Ardenia;Levey;Ardenia.Levey@yopmail.com;1902-12-20
Mallory;Kunin;Mallory.Kunin@yopmail.com;2011-12-19
Dari;Schenck;Dari.Schenck@yopmail.com;2012-11-30
Aigneis;Rogerio;Aigneis.Rogerio@yopmail.com;2013-10-10
Kellen;Codding;Kellen.Codding@yopmail.com;1925-12-07
Tomasina;Urania;Tomasina.Urania@yopmail.com;1979-08-24
Carmela;Richers;Carmela.Richers@yopmail.com;1902-07-07
Beverley;Pip;Beverley.Pip@yopmail.com;1908-10-22
Vere;Leifeste;Vere.Leifeste@yopmail.com;1904-12-19
Eve;Dearborn;Eve.Dearborn@yopmail.com;1961-12-10
Ericka;Gavrila;Ericka.Gavrila@yopmail.com;1983-09-30
Averyl;Loeb;Averyl.Loeb@yopmail.com;1972-11-23
Jolyn;Rustice;Jolyn.Rustice@yopmail.com;1912-05-10
Pollyanna;Lipson;Pollyanna.Lipson@yopmail.com;1982-12-09
Rosene;Valoniah;Rosene.Valoniah@yopmail.com;1919-03-09
Yolane;Hollingsworth;Yolane.Hollingsworth@yopmail.com;2013-09-12
Zondra;Byrne;Zondra.Byrne@yopmail.com;1942-11-12
Fayre;Bates;Fayre.Bates@yopmail.com;1958-12-28
Krystle;Letsou;Krystle.Letsou@yopmail.com;1925-02-15
Doralynne;Dominy;Doralynne.Dominy@yopmail.com;1913-07-13
Codie;Iphlgenia;Codie.Iphlgenia@yopmail.com;1908-03-05
Marinna;Norrie;Marinna.Norrie@yopmail.com;1946-06-14
Marnia;Kinnard;Marnia.Kinnard@yopmail.com;2005-04-03
Lorenza;Ortrude;Lorenza.Ortrude@yopmail.com;1938-10-23
Lilith;Greenwald;Lilith.Greenwald@yopmail.com;1957-01-08
Pollyanna;Roumell;Pollyanna.Roumell@yopmail.com;1936-01-23
Alejandra;Lorain;Alejandra.Lorain@yopmail.com;1905-09-14
Vita;Uird;Vita.Uird@yopmail.com;1993-12-08
Laure;Jena;Laure.Jena@yopmail.com;1977-10-24
Deane;Travax;Deane.Travax@yopmail.com;1911-11-28
Imojean;Malina;Imojean.Malina@yopmail.com;1977-11-21
Suzette;Viddah;Suzette.Viddah@yopmail.com;2016-11-21
Flory;Juliet;Flory.Juliet@yopmail.com;1916-12-02
Daune;Zeeba;Daune.Zeeba@yopmail.com;1940-08-23
Kimberley;Mich;Kimberley.Mich@yopmail.com;1980-09-23
Micheline;Ventre;Micheline.Ventre@yopmail.com;1960-03-08
Kaia;Merriott;Kaia.Merriott@yopmail.com;1972-11-17
Marylou;Jacinda;Marylou.Jacinda@yopmail.com;1996-04-04
Rozele;Cleo;Rozele.Cleo@yopmail.com;1988-06-14
Edith;Dawkins;Edith.Dawkins@yopmail.com;1913-01-05
Latisha;Wattenberg;Latisha.Wattenberg@yopmail.com;1951-01-19
Dorene;Kiyoshi;Dorene.Kiyoshi@yopmail.com;1962-01-19
Edyth;Slifka;Edyth.Slifka@yopmail.com;1990-05-15
Silvana;Pearse;Silvana.Pearse@yopmail.com;1914-08-02
Lynde;Cristi;Lynde.Cristi@yopmail.com;1976-11-08
Tomasina;Means;Tomasina.Means@yopmail.com;1934-05-25
Gavrielle;Faro;Gavrielle.Faro@yopmail.com;1972-01-09
Ronna;Crudden;Ronna.Crudden@yopmail.com;2019-04-23
Barbara;Bertold;Barbara.Bertold@yopmail.com;1920-02-15
Veda;Read;Veda.Read@yopmail.com;1911-09-04
Marsiella;Adalbert;Marsiella.Adalbert@yopmail.com;2005-08-06
Lacie;Kristi;Lacie.Kristi@yopmail.com;1987-01-29
Drucie;Aldric;Drucie.Aldric@yopmail.com;1908-05-15
Cassandra;Pearse;Cassandra.Pearse@yopmail.com;2017-02-21
Fanchon;Salchunas;Fanchon.Salchunas@yopmail.com;2016-05-13
Georgina;Shelba;Georgina.Shelba@yopmail.com;1947-12-10
Dotty;Ivens;Dotty.Ivens@yopmail.com;1915-07-21
Josephine;Lilybelle;Josephine.Lilybelle@yopmail.com;1991-04-05
Augustine;Colbert;Augustine.Colbert@yopmail.com;1982-03-10
Elka;Colbert;Elka.Colbert@yopmail.com;1991-04-18
Emmey;Chrystel;Emmey.Chrystel@yopmail.com;2016-01-19
Kirstin;Israeli;Kirstin.Israeli@yopmail.com;1992-06-15
Korrie;Oscar;Korrie.Oscar@yopmail.com;1977-07-29
Dacia;Lissi;Dacia.Lissi@yopmail.com;1948-11-09
Annaliese;Henrie;Annaliese.Henrie@yopmail.com;1958-05-28
Magdalena;Odysseus;Magdalena.Odysseus@yopmail.com;1992-11-07
Mariann;Tyson;Mariann.Tyson@yopmail.com;1934-02-08
Ermengarde;Carey;Ermengarde.Carey@yopmail.com;1970-02-23
Yvonne;Hirsch;Yvonne.Hirsch@yopmail.com;1957-03-30
Ana;Amasa;Ana.Amasa@yopmail.com;1992-06-24
Louella;Merell;Louella.Merell@yopmail.com;1939-02-18
Maud;Sadowski;Maud.Sadowski@yopmail.com;1967-09-23
Kayla;Gerge;Kayla.Gerge@yopmail.com;1950-11-10
Kerrin;Mallon;Kerrin.Mallon@yopmail.com;1977-07-17
Rosaline;Xerxes;Rosaline.Xerxes@yopmail.com;1924-02-08
Natka;Neils;Natka.Neils@yopmail.com;1948-01-26
Hope;Ader;Hope.Ader@yopmail.com;2002-05-23
Leona;Lilas;Leona.Lilas@yopmail.com;1984-09-09
Abbie;Raffo;Abbie.Raffo@yopmail.com;1937-06-30
Gilligan;Justinn;Gilligan.Justinn@yopmail.com;1940-10-21
Berta;Hessler;Berta.Hessler@yopmail.com;1992-10-20
Sonni;Mandler;Sonni.Mandler@yopmail.com;1971-08-23
Rosene;Harned;Rosene.Harned@yopmail.com;1903-02-06
Hildegaard;Ivens;Hildegaard.Ivens@yopmail.com;1993-04-26
Renie;Daveta;Renie.Daveta@yopmail.com;2011-12-04
Genovera;Wittie;Genovera.Wittie@yopmail.com;1907-04-10
Emylee;Harriman;Emylee.Harriman@yopmail.com;1912-12-22
Vevay;Moseley;Vevay.Moseley@yopmail.com;1998-05-30
Talya;Arne;Talya.Arne@yopmail.com;2019-05-31
Livvyy;Loeb;Livvyy.Loeb@yopmail.com;1960-12-20
Valera;Sidonius;Valera.Sidonius@yopmail.com;1984-09-26
Lanna;Malina;Lanna.Malina@yopmail.com;1910-03-04
Bernardine;Decato;Bernardine.Decato@yopmail.com;1936-01-22
Bobbi;Celestine;Bobbi.Celestine@yopmail.com;1967-01-15
Gwenneth;Shuler;Gwenneth.Shuler@yopmail.com;1973-05-27
Ronna;Jerald;Ronna.Jerald@yopmail.com;1925-12-29
Lynea;Ashely;Lynea.Ashely@yopmail.com;1944-05-09
Marnia;Briney;Marnia.Briney@yopmail.com;1996-07-14
Julieta;Pearse;Julieta.Pearse@yopmail.com;1990-06-01
Vonny;Whiffen;Vonny.Whiffen@yopmail.com;1916-06-22
Violet;Madox;Violet.Madox@yopmail.com;2008-12-27
Roz;Seessel;Roz.Seessel@yopmail.com;2005-12-16
Alia;Slifka;Alia.Slifka@yopmail.com;1963-03-04
Marti;Lasley;Marti.Lasley@yopmail.com;1939-11-10
Leona;Adore;Leona.Adore@yopmail.com;2013-08-09
Cacilie;Korey;Cacilie.Korey@yopmail.com;1936-11-21
Iseabal;Socha;Iseabal.Socha@yopmail.com;1937-05-25
Leeanne;Johanna;Leeanne.Johanna@yopmail.com;1981-04-13
Josephine;Sparhawk;Josephine.Sparhawk@yopmail.com;1907-09-25
Giustina;Cynar;Giustina.Cynar@yopmail.com;1959-11-11
Karina;Cullin;Karina.Cullin@yopmail.com;1941-02-08
Sidoney;Papageno;Sidoney.Papageno@yopmail.com;1997-11-17
Elvira;Bollay;Elvira.Bollay@yopmail.com;1900-08-27
Xylina;Raffo;Xylina.Raffo@yopmail.com;1990-02-28
Basia;Isacco;Basia.Isacco@yopmail.com;2019-07-14
Violet;Winnick;Violet.Winnick@yopmail.com;1992-02-16
Natka;Weinreb;Natka.Weinreb@yopmail.com;1958-08-20
Gianina;Ulphia;Gianina.Ulphia@yopmail.com;1994-12-05
Patricia;Noam;Patricia.Noam@yopmail.com;1983-07-28
Frieda;Gavrila;Frieda.Gavrila@yopmail.com;2004-10-09
Sadie;Kronfeld;Sadie.Kronfeld@yopmail.com;1973-09-18
Tatiania;Atonsah;Tatiania.Atonsah@yopmail.com;2010-08-18
Meriel;Lalitta;Meriel.Lalitta@yopmail.com;1909-11-30
Loree;Corabella;Loree.Corabella@yopmail.com;1911-10-13
Belinda;Brandice;Belinda.Brandice@yopmail.com;1961-04-01
Dulce;Rad;Dulce.Rad@yopmail.com;1907-09-18
Magdalena;Huggins;Magdalena.Huggins@yopmail.com;1944-07-29
Madalyn;Zaslow;Madalyn.Zaslow@yopmail.com;1901-08-02
Peri;Diogenes;Peri.Diogenes@yopmail.com;2011-02-12
Ernesta;Constancy;Ernesta.Constancy@yopmail.com;1912-09-07
Ardeen;Jagir;Ardeen.Jagir@yopmail.com;1999-03-19
Danika;Han;Danika.Han@yopmail.com;1911-12-27
Clarice;Peonir;Clarice.Peonir@yopmail.com;1913-03-15
Ezmeralda;Florina;Ezmeralda.Florina@yopmail.com;1993-08-16
Alleen;Hanleigh;Alleen.Hanleigh@yopmail.com;2009-12-18
Di;Gale;Di.Gale@yopmail.com;2009-09-02
Sindee;Brady;Sindee.Brady@yopmail.com;2011-06-21
Alyda;Lauraine;Alyda.Lauraine@yopmail.com;1909-02-03
Genevra;Rudolph;Genevra.Rudolph@yopmail.com;1973-05-03
Dede;Ludewig;Dede.Ludewig@yopmail.com;1952-02-26
Helsa;Thad;Helsa.Thad@yopmail.com;1925-06-28
Yvonne;Remmer;Yvonne.Remmer@yopmail.com;1971-06-19
Heddie;Cleo;Heddie.Cleo@yopmail.com;1906-07-02
Teddie;Byrne;Teddie.Byrne@yopmail.com;1967-10-08
Christian;Bibi;Christian.Bibi@yopmail.com;1907-06-03
Sam;Sandye;Sam.Sandye@yopmail.com;1989-11-21
Tami;Grimbly;Tami.Grimbly@yopmail.com;1921-04-28
Ellette;Leffen;Ellette.Leffen@yopmail.com;1923-07-21
Rayna;Bennie;Rayna.Bennie@yopmail.com;1919-05-04
Kate;Hanleigh;Kate.Hanleigh@yopmail.com;1992-12-27
Gaylene;Oscar;Gaylene.Oscar@yopmail.com;1927-02-12
Luci;Elbertina;Luci.Elbertina@yopmail.com;1984-01-23
Roz;Charity;Roz.Charity@yopmail.com;1942-07-22
Gisela;Ivens;Gisela.Ivens@yopmail.com;1999-01-25
Lucy;Waite;Lucy.Waite@yopmail.com;2011-12-23
Jere;Faro;Jere.Faro@yopmail.com;1924-08-18
Keelia;Greyson;Keelia.Greyson@yopmail.com;1999-06-08
Alyda;Durante;Alyda.Durante@yopmail.com;1966-03-10
Tierney;Rosemary;Tierney.Rosemary@yopmail.com;1967-02-08
Doralynne;Judye;Doralynne.Judye@yopmail.com;1976-09-17
Charmaine;Sothena;Charmaine.Sothena@yopmail.com;1983-04-03
Jolyn;Kiyoshi;Jolyn.Kiyoshi@yopmail.com;2018-02-22
Gaylene;Oneida;Gaylene.Oneida@yopmail.com;1941-04-09
Gusty;Zaslow;Gusty.Zaslow@yopmail.com;1961-01-03
Neila;Wildermuth;Neila.Wildermuth@yopmail.com;2007-12-14
Wynne;Zeeba;Wynne.Zeeba@yopmail.com;1978-07-18
Vere;Ardra;Vere.Ardra@yopmail.com;1975-03-09
Lucille;Klotz;Lucille.Klotz@yopmail.com;1953-12-11
Susan;Suzetta;Susan.Suzetta@yopmail.com;1949-12-12
Laurene;Bevin;Laurene.Bevin@yopmail.com;2007-01-02
Miquela;Daegal;Miquela.Daegal@yopmail.com;1983-10-21
Aili;Secrest;Aili.Secrest@yopmail.com;1960-03-21
Kaja;Lenny;Kaja.Lenny@yopmail.com;1991-07-27
Vinita;Haymes;Vinita.Haymes@yopmail.com;1997-06-06
Maryellen;Brittani;Maryellen.Brittani@yopmail.com;1935-06-02
Kristina;Japeth;Kristina.Japeth@yopmail.com;1931-10-20
Ernesta;Silvan;Ernesta.Silvan@yopmail.com;2003-07-29
Linet;Pernick;Linet.Pernick@yopmail.com;1907-11-10
Darlleen;Brackely;Darlleen.Brackely@yopmail.com;1939-12-14
Isa;Tillford;Isa.Tillford@yopmail.com;1903-04-12
Jackie;Vernier;Jackie.Vernier@yopmail.com;2009-08-24
Amalie;Kare;Amalie.Kare@yopmail.com;1900-05-09
Blake;Bergman;Blake.Bergman@yopmail.com;1958-08-19
Luci;Greyson;Luci.Greyson@yopmail.com;1905-09-24
Kristina;Kosey;Kristina.Kosey@yopmail.com;1926-08-09
Diena;Nickola;Diena.Nickola@yopmail.com;1925-10-30
Hyacinthe;Seligman;Hyacinthe.Seligman@yopmail.com;1935-06-01
Kathi;Shirberg;Kathi.Shirberg@yopmail.com;2004-07-10
Nanete;Kress;Nanete.Kress@yopmail.com;2009-06-14
Stephanie;Eldrid;Stephanie.Eldrid@yopmail.com;1947-07-20
Anica;Hollingsworth;Anica.Hollingsworth@yopmail.com;1979-07-28
Kaia;Shaddock;Kaia.Shaddock@yopmail.com;1976-07-11
Paule;Revkah;Paule.Revkah@yopmail.com;1958-12-19
Mara;Faria;Mara.Faria@yopmail.com;1944-01-23
Tina;Nester;Tina.Nester@yopmail.com;1970-11-04
Randa;Winnick;Randa.Winnick@yopmail.com;2016-09-23
Ana;Toffic;Ana.Toffic@yopmail.com;1941-06-30
Merry;Narton;Merry.Narton@yopmail.com;1968-10-24
Lesly;Erminia;Lesly.Erminia@yopmail.com;1913-10-15
Kristan;Junie;Kristan.Junie@yopmail.com;1935-12-16
Brooks;Ovid;Brooks.Ovid@yopmail.com;2002-01-20
Verla;Leifeste;Verla.Leifeste@yopmail.com;1991-06-08
Tilly;Maryanne;Tilly.Maryanne@yopmail.com;1907-10-10
Katharina;Merat;Katharina.Merat@yopmail.com;1999-01-10
Lelah;Ciapas;Lelah.Ciapas@yopmail.com;1909-09-10
Goldie;Aloise;Goldie.Aloise@yopmail.com;1947-01-04
Kary;Schroth;Kary.Schroth@yopmail.com;2010-12-01
Shauna;Stefa;Shauna.Stefa@yopmail.com;1916-02-28
Juliane;Ralfston;Juliane.Ralfston@yopmail.com;1988-02-21
Nadine;Martsen;Nadine.Martsen@yopmail.com;1945-10-06
Jorry;Devlen;Jorry.Devlen@yopmail.com;1905-12-01
Paola;Campball;Paola.Campball@yopmail.com;2007-09-18
Feliza;Karylin;Feliza.Karylin@yopmail.com;1978-03-28
Tilly;Ardra;Tilly.Ardra@yopmail.com;1938-04-16
Alie;Tatianas;Alie.Tatianas@yopmail.com;2019-01-24
Angela;Madelene;Angela.Madelene@yopmail.com;1975-01-22
Sadie;Chabot;Sadie.Chabot@yopmail.com;2010-08-23
Brietta;Joachim;Brietta.Joachim@yopmail.com;1978-04-23
Lonnie;Abbot;Lonnie.Abbot@yopmail.com;1979-04-17
Thalia;Bohlin;Thalia.Bohlin@yopmail.com;1942-12-28
Konstance;Hull;Konstance.Hull@yopmail.com;1919-06-09
Brena;Dimitris;Brena.Dimitris@yopmail.com;1919-09-02
Arabel;Hertzfeld;Arabel.Hertzfeld@yopmail.com;1985-05-24
Valli;Nance;Valli.Nance@yopmail.com;1983-01-15
Sara-Ann;Amand;Sara-Ann.Amand@yopmail.com;2010-04-17
Justinn;Gaspard;Justinn.Gaspard@yopmail.com;2000-05-06
Tomasina;Nunci;Tomasina.Nunci@yopmail.com;1970-09-26
Joleen;Lay;Joleen.Lay@yopmail.com;1928-10-09
Eolanda;Goode;Eolanda.Goode@yopmail.com;1990-07-30
Elvira;Schenck;Elvira.Schenck@yopmail.com;2010-07-21
Ilse;Tufts;Ilse.Tufts@yopmail.com;1972-12-25
Binny;Rosalba;Binny.Rosalba@yopmail.com;1936-12-11
Tierney;Atcliffe;Tierney.Atcliffe@yopmail.com;1998-08-25
Frank;Calhoun;Frank.Calhoun@yopmail.com;1978-05-04
Lilith;Moina;Lilith.Moina@yopmail.com;1961-10-19
Marnia;Hashim;Marnia.Hashim@yopmail.com;1913-07-28
Ada;Birdella;Ada.Birdella@yopmail.com;1978-05-25
Anestassia;Goddard;Anestassia.Goddard@yopmail.com;1977-05-29
Feliza;Gilbertson;Feliza.Gilbertson@yopmail.com;1916-12-10
Wileen;Lalitta;Wileen.Lalitta@yopmail.com;1924-12-08
Belva;Letsou;Belva.Letsou@yopmail.com;2013-08-13