firstname;lastname;email;Field Name
Brianna;Koehler;Brianna.Koehler@yopmail.com;1997-12-01
Nollie;Rudolph;Nollie.Rudolph@yopmail.com;1950-08-21
Brietta;Dom;Brietta.Dom@yopmail.com;1909-09-04
Wynne;Blisse;Wynne.Blisse@yopmail.com;1938-09-23
Arlina;Eldrid;Arlina.Eldrid@yopmail.com;1927-01-26
Ekaterina;Leopold;Ekaterina.Leopold@yopmail.com;1987-03-07
Millie;Freddi;Millie.Freddi@yopmail.com;1913-10-10
Valli;Schenck;Valli.Schenck@yopmail.com;1903-06-10
Minne;Ursulette;Minne.Ursulette@yopmail.com;1913-11-05
Sheelagh;Kiersten;Sheelagh.Kiersten@yopmail.com;1981-12-24
Elfreda;Atcliffe;Elfreda.Atcliffe@yopmail.com;2003-07-17
Sue;Wu;Sue.Wu@yopmail.com;1927-10-18
Dulce;Jacinda;Dulce.Jacinda@yopmail.com;1937-12-08
Grier;Slifka;Grier.Slifka@yopmail.com;1965-08-06
Daryl;Gilmour;Daryl.Gilmour@yopmail.com;2002-04-01
Mariann;Olnee;Mariann.Olnee@yopmail.com;1998-12-08
Mamie;Hanshaw;Mamie.Hanshaw@yopmail.com;1985-10-07
Wileen;Scammon;Wileen.Scammon@yopmail.com;1988-05-02
Jessy;Mandler;Jessy.Mandler@yopmail.com;1945-08-12
Kylynn;Wesle;Kylynn.Wesle@yopmail.com;1972-08-02
Bee;Clywd;Bee.Clywd@yopmail.com;1973-10-09
Gusty;Sundin;Gusty.Sundin@yopmail.com;1945-05-02
Annice;Raama;Annice.Raama@yopmail.com;1902-09-07
Ofilia;Niles;Ofilia.Niles@yopmail.com;1998-02-21
Violet;Erb;Violet.Erb@yopmail.com;1937-12-25
Alameda;Bouchard;Alameda.Bouchard@yopmail.com;1916-06-03
Randa;Mott;Randa.Mott@yopmail.com;1991-10-27
Rivalee;Gino;Rivalee.Gino@yopmail.com;2005-05-27
Sindee;Telfer;Sindee.Telfer@yopmail.com;2012-03-28
Hettie;Himelman;Hettie.Himelman@yopmail.com;1954-11-26
Celisse;Gunn;Celisse.Gunn@yopmail.com;1992-08-13
Blake;Sinegold;Blake.Sinegold@yopmail.com;1961-03-09
Candi;Hermes;Candi.Hermes@yopmail.com;1963-05-15
Gwyneth;Anselmi;Gwyneth.Anselmi@yopmail.com;1970-11-28
Aaren;Tomasina;Aaren.Tomasina@yopmail.com;1913-04-25
Moyna;Andrel;Moyna.Andrel@yopmail.com;1982-06-16
Roxane;Delila;Roxane.Delila@yopmail.com;2009-03-11
Teddie;Lattie;Teddie.Lattie@yopmail.com;1981-05-27
Joceline;Minetta;Joceline.Minetta@yopmail.com;1928-09-30
Tobe;Tamar;Tobe.Tamar@yopmail.com;1956-04-11
Nananne;Waldron;Nananne.Waldron@yopmail.com;1917-06-24
Maud;Hollingsworth;Maud.Hollingsworth@yopmail.com;1915-10-05
Trudie;Cimbura;Trudie.Cimbura@yopmail.com;1984-06-12
Viki;Brackely;Viki.Brackely@yopmail.com;1969-12-07
Violet;Flyn;Violet.Flyn@yopmail.com;1990-03-03
Hettie;Kirbee;Hettie.Kirbee@yopmail.com;1918-09-17
Pamella;Natica;Pamella.Natica@yopmail.com;1926-11-25
Norine;Alva;Norine.Alva@yopmail.com;1913-10-22
Deloria;Weaks;Deloria.Weaks@yopmail.com;1962-04-08
Vanessa;Georas;Vanessa.Georas@yopmail.com;1963-03-21
Corene;Barney;Corene.Barney@yopmail.com;2019-10-03
Maurene;Prober;Maurene.Prober@yopmail.com;1991-05-20
Cyb;Tayib;Cyb.Tayib@yopmail.com;1943-10-13
Oralee;Cyrie;Oralee.Cyrie@yopmail.com;1936-05-24
Bibby;Imelida;Bibby.Imelida@yopmail.com;1961-11-18
Shaylyn;Pozzy;Shaylyn.Pozzy@yopmail.com;1995-01-10
Phedra;Weaks;Phedra.Weaks@yopmail.com;1901-05-08
Thalia;Amadas;Thalia.Amadas@yopmail.com;1969-08-20
Audrie;Stevy;Audrie.Stevy@yopmail.com;1971-09-08
Janey;Pandolfi;Janey.Pandolfi@yopmail.com;1905-12-24
Regina;Pond;Regina.Pond@yopmail.com;1922-02-12
Audrie;Schenck;Audrie.Schenck@yopmail.com;1954-01-13
Heddie;Corilla;Heddie.Corilla@yopmail.com;1902-09-27
Lanna;Fillbert;Lanna.Fillbert@yopmail.com;1916-04-05
Krystle;Kristi;Krystle.Kristi@yopmail.com;1920-04-17
Bettine;Sammons;Bettine.Sammons@yopmail.com;1924-08-03
Kimberley;Ader;Kimberley.Ader@yopmail.com;2012-04-19
Petronia;Clywd;Petronia.Clywd@yopmail.com;2003-12-29
Aeriela;Minetta;Aeriela.Minetta@yopmail.com;1920-03-02
Silvana;Standing;Silvana.Standing@yopmail.com;2010-12-20
Vita;Paine;Vita.Paine@yopmail.com;2013-03-07
Di;Mott;Di.Mott@yopmail.com;1920-05-26
Jeanna;Edee;Jeanna.Edee@yopmail.com;1935-06-25
Miquela;Junie;Miquela.Junie@yopmail.com;2005-08-04
Alejandra;Jerald;Alejandra.Jerald@yopmail.com;1953-12-22
Nickie;Faro;Nickie.Faro@yopmail.com;1960-09-19
Debee;Yorick;Debee.Yorick@yopmail.com;1904-05-13
Doralynne;Muriel;Doralynne.Muriel@yopmail.com;1937-01-26
Wileen;Schenck;Wileen.Schenck@yopmail.com;1940-03-18
Kayla;Zeeba;Kayla.Zeeba@yopmail.com;1961-01-09
Emma;Revkah;Emma.Revkah@yopmail.com;1920-01-20
Ninnetta;Lia;Ninnetta.Lia@yopmail.com;1990-03-19
Evita;Bury;Evita.Bury@yopmail.com;1956-03-06
Lonnie;Faust;Lonnie.Faust@yopmail.com;2000-06-28
Corina;Eno;Corina.Eno@yopmail.com;2019-05-19
Celestyna;Lenny;Celestyna.Lenny@yopmail.com;1908-11-10
Alex;Margarete;Alex.Margarete@yopmail.com;2001-05-17
Britte;Lamoree;Britte.Lamoree@yopmail.com;1984-08-17
Johna;Vharat;Johna.Vharat@yopmail.com;1934-09-08
Edith;Gabrielli;Edith.Gabrielli@yopmail.com;1938-10-21
Drucie;Mozelle;Drucie.Mozelle@yopmail.com;1944-09-29
Edith;Gavrila;Edith.Gavrila@yopmail.com;1919-09-02
Mignon;Holtz;Mignon.Holtz@yopmail.com;1973-07-12
Cherilyn;Beebe;Cherilyn.Beebe@yopmail.com;1924-11-16
Tierney;Etom;Tierney.Etom@yopmail.com;1963-12-21
Ayn;Wandie;Ayn.Wandie@yopmail.com;1943-07-02
Addia;Gregrory;Addia.Gregrory@yopmail.com;1975-05-09
Tersina;Pierette;Tersina.Pierette@yopmail.com;2003-09-11
Carlie;Anestassia;Carlie.Anestassia@yopmail.com;1902-10-27
Noelle;Kannry;Noelle.Kannry@yopmail.com;1980-10-27
Marti;Rogerio;Marti.Rogerio@yopmail.com;1949-12-11
Alejandra;Newell;Alejandra.Newell@yopmail.com;1927-05-14
Cindelyn;Dituri;Cindelyn.Dituri@yopmail.com;1962-11-11
Clementine;Irmine;Clementine.Irmine@yopmail.com;1998-12-08
Aryn;Vastah;Aryn.Vastah@yopmail.com;1991-08-15
Meriel;Sothena;Meriel.Sothena@yopmail.com;1996-05-10
Georgetta;Dearborn;Georgetta.Dearborn@yopmail.com;1949-05-11
Barbi;Mendez;Barbi.Mendez@yopmail.com;1988-06-26
Myriam;Montgomery;Myriam.Montgomery@yopmail.com;1962-11-17
Orsola;Arathorn;Orsola.Arathorn@yopmail.com;1931-07-28
Lolita;Bach;Lolita.Bach@yopmail.com;1955-02-07
Verla;Wittie;Verla.Wittie@yopmail.com;1952-07-05
Tiffie;Terencio;Tiffie.Terencio@yopmail.com;1937-11-25
Sadie;Howlyn;Sadie.Howlyn@yopmail.com;2015-06-27
Sabina;Orlene;Sabina.Orlene@yopmail.com;2005-09-21
Charlena;Bartlett;Charlena.Bartlett@yopmail.com;1933-09-21
Di;Malina;Di.Malina@yopmail.com;1915-12-02
Deedee;Georgy;Deedee.Georgy@yopmail.com;2002-06-19
Christian;Baptlsta;Christian.Baptlsta@yopmail.com;2010-10-21
Alexine;Pernick;Alexine.Pernick@yopmail.com;1961-02-04
Inga;Wilkinson;Inga.Wilkinson@yopmail.com;1900-05-22
Jessamyn;Hourigan;Jessamyn.Hourigan@yopmail.com;1901-10-28
Riannon;Bouchard;Riannon.Bouchard@yopmail.com;2001-05-06
Anica;Flyn;Anica.Flyn@yopmail.com;1908-01-03
Gwenneth;Weide;Gwenneth.Weide@yopmail.com;1975-02-22
Maud;Briney;Maud.Briney@yopmail.com;1956-12-23
Janis;Henebry;Janis.Henebry@yopmail.com;2019-10-05
Dorene;Hourigan;Dorene.Hourigan@yopmail.com;1917-11-12
Lynnea;Diogenes;Lynnea.Diogenes@yopmail.com;2005-03-06
Leia;Scammon;Leia.Scammon@yopmail.com;1947-06-13
Tierney;Sibyls;Tierney.Sibyls@yopmail.com;1953-06-05
Elena;Artie;Elena.Artie@yopmail.com;1973-07-25
Genovera;Schenck;Genovera.Schenck@yopmail.com;1957-02-25
Jemie;Sprage;Jemie.Sprage@yopmail.com;1906-07-24
Arlena;Lauraine;Arlena.Lauraine@yopmail.com;1911-09-25
Nonnah;Ovid;Nonnah.Ovid@yopmail.com;2015-05-17
Michaelina;Rosette;Michaelina.Rosette@yopmail.com;1985-12-26
Charmaine;Carri;Charmaine.Carri@yopmail.com;2013-11-19
Cherilyn;Jammal;Cherilyn.Jammal@yopmail.com;1982-12-08
Flo;Seumas;Flo.Seumas@yopmail.com;1906-11-30
Sheelagh;Zenas;Sheelagh.Zenas@yopmail.com;1908-11-12
Fanchon;Hoban;Fanchon.Hoban@yopmail.com;2012-11-27
Winny;Sekofski;Winny.Sekofski@yopmail.com;2005-10-28
Genovera;Jarib;Genovera.Jarib@yopmail.com;1910-03-19
Sallie;Pip;Sallie.Pip@yopmail.com;1981-07-22
Talya;Taima;Talya.Taima@yopmail.com;1990-12-06
Gabriellia;Kamaria;Gabriellia.Kamaria@yopmail.com;1972-11-14
Ginnie;Monk;Ginnie.Monk@yopmail.com;1901-09-30
Orsola;Talia;Orsola.Talia@yopmail.com;1934-02-02
Dacia;Forrer;Dacia.Forrer@yopmail.com;1985-08-25
Wanda;Septima;Wanda.Septima@yopmail.com;1993-05-22
Lilith;Hoban;Lilith.Hoban@yopmail.com;1944-06-19
Moyna;Gherardo;Moyna.Gherardo@yopmail.com;1930-02-22
Roseline;Reinke;Roseline.Reinke@yopmail.com;1935-08-12
Penelopa;Edee;Penelopa.Edee@yopmail.com;1902-09-19
Lanae;Janene;Lanae.Janene@yopmail.com;1980-06-01
Cherilyn;Stoller;Cherilyn.Stoller@yopmail.com;2001-05-10
Johna;Creamer;Johna.Creamer@yopmail.com;1954-08-05
Ingrid;Zaslow;Ingrid.Zaslow@yopmail.com;1942-06-12
Chickie;Peg;Chickie.Peg@yopmail.com;2017-09-14
Kial;Marsden;Kial.Marsden@yopmail.com;1971-07-29
Patricia;Fitzsimmons;Patricia.Fitzsimmons@yopmail.com;1909-01-19
Berta;Waldron;Berta.Waldron@yopmail.com;1945-02-26
Rhoda;Fillbert;Rhoda.Fillbert@yopmail.com;2001-08-28
Almeta;Roxanna;Almeta.Roxanna@yopmail.com;1906-05-16
Maye;Kazimir;Maye.Kazimir@yopmail.com;1955-07-24
Alyda;Melleta;Alyda.Melleta@yopmail.com;1969-05-15
Talya;Toor;Talya.Toor@yopmail.com;1943-12-12
Ayn;Calhoun;Ayn.Calhoun@yopmail.com;1927-12-26
Kittie;Vivle;Kittie.Vivle@yopmail.com;1985-12-02
Suzette;Amethist;Suzette.Amethist@yopmail.com;1906-02-12
Etta;Tamar;Etta.Tamar@yopmail.com;1992-05-02
Ida;Forrer;Ida.Forrer@yopmail.com;1924-10-27
Janis;Yoko;Janis.Yoko@yopmail.com;2015-01-28
Priscilla;Penelopa;Priscilla.Penelopa@yopmail.com;1943-07-21
Roxane;Dituri;Roxane.Dituri@yopmail.com;2016-01-11
Rayna;Mata;Rayna.Mata@yopmail.com;1918-01-27
Jackie;Kathie;Jackie.Kathie@yopmail.com;1953-01-27
Kassey;Bord;Kassey.Bord@yopmail.com;1909-12-30
Moyna;Gino;Moyna.Gino@yopmail.com;1979-06-06
Lynea;McGrody;Lynea.McGrody@yopmail.com;1977-11-15
Emylee;Codding;Emylee.Codding@yopmail.com;1961-07-24
Lanae;Matthew;Lanae.Matthew@yopmail.com;1989-07-17
Siana;Jerald;Siana.Jerald@yopmail.com;1953-08-29
Malina;Phi;Malina.Phi@yopmail.com;1906-12-22
Krystle;Engdahl;Krystle.Engdahl@yopmail.com;1958-12-18
Clarice;Mauer;Clarice.Mauer@yopmail.com;1920-09-26
Tobe;Stevy;Tobe.Stevy@yopmail.com;1913-01-02
Joceline;Honoria;Joceline.Honoria@yopmail.com;1928-11-22
Althea;Curren;Althea.Curren@yopmail.com;2002-09-09
Donetta;Lamoree;Donetta.Lamoree@yopmail.com;2012-06-17
Kimberley;Timon;Kimberley.Timon@yopmail.com;1941-01-13
Clo;Ade;Clo.Ade@yopmail.com;1990-03-26
Stephanie;Vastah;Stephanie.Vastah@yopmail.com;1999-12-27
Minda;Izaak;Minda.Izaak@yopmail.com;2009-10-31
Janey;Kylander;Janey.Kylander@yopmail.com;1975-12-15
Max;Kelula;Max.Kelula@yopmail.com;1930-05-27
Annabela;Hollingsworth;Annabela.Hollingsworth@yopmail.com;1948-07-02
Talya;Kat;Talya.Kat@yopmail.com;1953-10-26
Penelopa;Gavrila;Penelopa.Gavrila@yopmail.com;1982-04-02
Krystle;Jary;Krystle.Jary@yopmail.com;1991-12-01
Rubie;Jethro;Rubie.Jethro@yopmail.com;1926-08-14
Drucie;Hoenack;Drucie.Hoenack@yopmail.com;1905-09-07
Rosaline;Pierette;Rosaline.Pierette@yopmail.com;1955-05-30
Magdalena;Quent;Magdalena.Quent@yopmail.com;1984-07-03
Hildegaard;Carolin;Hildegaard.Carolin@yopmail.com;1918-04-04
Cindelyn;Radu;Cindelyn.Radu@yopmail.com;2002-08-03
Cathyleen;Brotherson;Cathyleen.Brotherson@yopmail.com;1964-07-12
Perry;Estella;Perry.Estella@yopmail.com;1939-02-28
Wileen;Bonilla;Wileen.Bonilla@yopmail.com;1909-11-17
Audrie;Elbertina;Audrie.Elbertina@yopmail.com;1989-06-28
Alyda;Maryanne;Alyda.Maryanne@yopmail.com;1909-10-13
Jorry;Kiersten;Jorry.Kiersten@yopmail.com;1904-08-22
Reeba;Anestassia;Reeba.Anestassia@yopmail.com;1960-04-27
Diena;Greenwald;Diena.Greenwald@yopmail.com;1993-09-12
Tori;Cecile;Tori.Cecile@yopmail.com;1963-06-18
Ebonee;Joni;Ebonee.Joni@yopmail.com;1970-09-03
Verla;Knowling;Verla.Knowling@yopmail.com;1974-06-26
Mariann;Tufts;Mariann.Tufts@yopmail.com;1917-05-07
Dagmar;Melleta;Dagmar.Melleta@yopmail.com;1958-11-07
Yolane;Halla;Yolane.Halla@yopmail.com;1919-09-12
Tiffie;Viddah;Tiffie.Viddah@yopmail.com;1904-10-26
Deloria;Behre;Deloria.Behre@yopmail.com;1936-08-23
Winifred;Geffner;Winifred.Geffner@yopmail.com;1997-08-22
Cordi;Aurelio;Cordi.Aurelio@yopmail.com;2012-11-17
Korrie;Niccolo;Korrie.Niccolo@yopmail.com;1981-07-25
Lolita;Latini;Lolita.Latini@yopmail.com;2000-09-16
Sabina;Roumell;Sabina.Roumell@yopmail.com;1953-12-13
Cyb;Grayce;Cyb.Grayce@yopmail.com;1995-08-22
Barbara;Oriana;Barbara.Oriana@yopmail.com;1913-07-23
Johna;Eben;Johna.Eben@yopmail.com;1910-04-22
Agathe;Ulphia;Agathe.Ulphia@yopmail.com;2009-10-11
Janey;Graig;Janey.Graig@yopmail.com;2014-06-02
Marinna;Woodberry;Marinna.Woodberry@yopmail.com;1982-05-08
Clarice;Faro;Clarice.Faro@yopmail.com;1926-12-04
Lilith;Voletta;Lilith.Voletta@yopmail.com;1989-11-30
Clarice;Mandler;Clarice.Mandler@yopmail.com;1949-01-29
Atlanta;Gemini;Atlanta.Gemini@yopmail.com;1988-02-21
Dorice;Hazlett;Dorice.Hazlett@yopmail.com;1939-05-17
Dede;Lesley;Dede.Lesley@yopmail.com;1924-10-09
Kimmy;Amethist;Kimmy.Amethist@yopmail.com;1951-02-12
Addia;Susannah;Addia.Susannah@yopmail.com;2016-10-19
Korrie;Brieta;Korrie.Brieta@yopmail.com;1929-11-17
Caritta;Aprile;Caritta.Aprile@yopmail.com;1962-10-15
Kimmy;Zaslow;Kimmy.Zaslow@yopmail.com;1995-11-15
Fred;Willie;Fred.Willie@yopmail.com;1979-10-23
Larine;Morgun;Larine.Morgun@yopmail.com;1904-07-02
Vita;Delila;Vita.Delila@yopmail.com;2010-03-08
Tani;Bronk;Tani.Bronk@yopmail.com;1990-05-17
Dode;Fontana;Dode.Fontana@yopmail.com;1961-05-09
Regina;Rona;Regina.Rona@yopmail.com;1990-07-01
Leia;Arley;Leia.Arley@yopmail.com;1947-09-20
Celene;Brieta;Celene.Brieta@yopmail.com;2003-09-27
Adelle;Teddman;Adelle.Teddman@yopmail.com;1956-06-24
Rivalee;Skell;Rivalee.Skell@yopmail.com;1961-03-16
Cissiee;Rebecka;Cissiee.Rebecka@yopmail.com;1908-11-10
Feliza;Stav;Feliza.Stav@yopmail.com;1953-10-29
Jean;Baudin;Jean.Baudin@yopmail.com;1929-06-01
Rosanne;Tayib;Rosanne.Tayib@yopmail.com;1901-09-05
Jany;Remmer;Jany.Remmer@yopmail.com;1976-05-16
Jeanna;Malanie;Jeanna.Malanie@yopmail.com;1951-12-05
Leia;Richers;Leia.Richers@yopmail.com;1904-03-19
Janey;Ferino;Janey.Ferino@yopmail.com;1939-05-09
Gianina;Earlie;Gianina.Earlie@yopmail.com;1919-02-13
Donnie;Natalia;Donnie.Natalia@yopmail.com;1952-02-16
Donnie;Revkah;Donnie.Revkah@yopmail.com;1974-09-16
Flo;Sammons;Flo.Sammons@yopmail.com;1971-02-24
Kirstin;Shelba;Kirstin.Shelba@yopmail.com;1906-10-14
Shauna;Rosemary;Shauna.Rosemary@yopmail.com;1927-06-20
Tiffie;Tengdin;Tiffie.Tengdin@yopmail.com;1923-04-24
Christy;Maurine;Christy.Maurine@yopmail.com;1991-03-31
Ardys;Carbo;Ardys.Carbo@yopmail.com;1943-07-18
Genovera;Noman;Genovera.Noman@yopmail.com;1929-11-30
Kaia;Soneson;Kaia.Soneson@yopmail.com;1984-06-01
Judy;Erlandson;Judy.Erlandson@yopmail.com;1908-01-10
Cissiee;Kazimir;Cissiee.Kazimir@yopmail.com;1938-04-15
Hildegaard;Maroney;Hildegaard.Maroney@yopmail.com;1920-11-11
Alleen;Noelyn;Alleen.Noelyn@yopmail.com;1992-07-11
Cindelyn;McLaughlin;Cindelyn.McLaughlin@yopmail.com;1994-05-13
Lynde;Tengdin;Lynde.Tengdin@yopmail.com;1979-02-07
Tomasina;Kylander;Tomasina.Kylander@yopmail.com;1928-02-04
Barbara;Guildroy;Barbara.Guildroy@yopmail.com;1957-06-19
Aigneis;Uund;Aigneis.Uund@yopmail.com;1991-06-09
Clo;Adalbert;Clo.Adalbert@yopmail.com;2018-05-24
Jacquetta;Mich;Jacquetta.Mich@yopmail.com;2015-04-04
Eolanda;Clie;Eolanda.Clie@yopmail.com;1951-05-20
Alyssa;Morrill;Alyssa.Morrill@yopmail.com;1935-02-12
Dione;Fancie;Dione.Fancie@yopmail.com;1957-12-12
Bill;Tufts;Bill.Tufts@yopmail.com;1915-01-08
Quintina;Land;Quintina.Land@yopmail.com;1972-07-09
Nollie;Hazlett;Nollie.Hazlett@yopmail.com;1929-11-08
Elise;Clara;Elise.Clara@yopmail.com;1987-08-15
Aigneis;Tomasina;Aigneis.Tomasina@yopmail.com;1948-06-02
Sharai;Alisia;Sharai.Alisia@yopmail.com;1968-10-14
Sarette;Creamer;Sarette.Creamer@yopmail.com;1927-05-19
Fanchon;Jagir;Fanchon.Jagir@yopmail.com;1983-04-27
Vere;Beebe;Vere.Beebe@yopmail.com;1999-10-20
Sara-Ann;Tound;Sara-Ann.Tound@yopmail.com;1974-07-08
Misha;Callista;Misha.Callista@yopmail.com;2013-02-06
Elora;Greyson;Elora.Greyson@yopmail.com;2016-12-09
Gusty;Roche;Gusty.Roche@yopmail.com;1989-07-10
Bill;Judye;Bill.Judye@yopmail.com;1936-07-09
Annaliese;Cleavland;Annaliese.Cleavland@yopmail.com;1991-12-29
Phedra;Lacombe;Phedra.Lacombe@yopmail.com;1986-01-01
Yvonne;Lutero;Yvonne.Lutero@yopmail.com;2008-05-31
Winifred;Deegan;Winifred.Deegan@yopmail.com;1988-09-10
Ardeen;Marijo;Ardeen.Marijo@yopmail.com;1929-06-17
Marcelline;Vivle;Marcelline.Vivle@yopmail.com;1996-06-26
Ebonee;Manolo;Ebonee.Manolo@yopmail.com;2007-05-12
Corry;Haldas;Corry.Haldas@yopmail.com;1987-01-31
Zia;Kiersten;Zia.Kiersten@yopmail.com;1909-02-23
Moyna;Killigrew;Moyna.Killigrew@yopmail.com;1933-09-30
Yetty;Sacken;Yetty.Sacken@yopmail.com;1947-06-26
Audrie;Goerke;Audrie.Goerke@yopmail.com;1933-01-24
Claresta;Zetta;Claresta.Zetta@yopmail.com;1910-07-24
Fayre;Bury;Fayre.Bury@yopmail.com;1960-05-26
Nollie;Isacco;Nollie.Isacco@yopmail.com;2019-11-18
Ursulina;Sandye;Ursulina.Sandye@yopmail.com;1991-10-25
Eolanda;Primalia;Eolanda.Primalia@yopmail.com;1991-11-28
Yolane;Tengdin;Yolane.Tengdin@yopmail.com;1907-10-10
Marylou;Tayib;Marylou.Tayib@yopmail.com;1958-07-01
Blondelle;Telfer;Blondelle.Telfer@yopmail.com;2010-12-31
Jessy;Cavan;Jessy.Cavan@yopmail.com;1917-08-04
Lorenza;Zuzana;Lorenza.Zuzana@yopmail.com;1913-10-25
Nollie;Casimir;Nollie.Casimir@yopmail.com;2016-08-11
Annaliese;Frodi;Annaliese.Frodi@yopmail.com;1958-06-26
Elmira;Auberbach;Elmira.Auberbach@yopmail.com;2007-08-05
Betta;Yuille;Betta.Yuille@yopmail.com;1951-06-23
Chandra;Dituri;Chandra.Dituri@yopmail.com;1946-05-15
Olwen;Sinegold;Olwen.Sinegold@yopmail.com;1935-04-16
Gavrielle;Kaete;Gavrielle.Kaete@yopmail.com;2015-10-29
Eve;Fredi;Eve.Fredi@yopmail.com;1948-02-24
Ana;Bennie;Ana.Bennie@yopmail.com;1930-07-28
Brandise;Revkah;Brandise.Revkah@yopmail.com;1950-01-14
Antonietta;Raul;Antonietta.Raul@yopmail.com;1980-07-18
Luci;Montgomery;Luci.Montgomery@yopmail.com;1980-09-15
Glynnis;Wesle;Glynnis.Wesle@yopmail.com;1948-12-22
Sue;Evangelia;Sue.Evangelia@yopmail.com;1954-12-23
Robbi;Vanni;Robbi.Vanni@yopmail.com;1908-03-01
Chere;Chapland;Chere.Chapland@yopmail.com;1908-05-06
Edith;Kellby;Edith.Kellby@yopmail.com;1994-06-28
Dyann;Urania;Dyann.Urania@yopmail.com;1951-12-30
Barbi;Weide;Barbi.Weide@yopmail.com;1929-07-27
Modestia;Couture;Modestia.Couture@yopmail.com;1915-10-16
Melodie;Lattie;Melodie.Lattie@yopmail.com;2000-08-07
Candi;Bonilla;Candi.Bonilla@yopmail.com;1948-01-26
Susette;Philoo;Susette.Philoo@yopmail.com;2000-07-23
Kalina;Lamoree;Kalina.Lamoree@yopmail.com;1981-05-04
Pearline;Pattin;Pearline.Pattin@yopmail.com;1930-05-01
Nita;Lemuela;Nita.Lemuela@yopmail.com;2000-10-10
Patricia;Havens;Patricia.Havens@yopmail.com;2016-11-30
Mathilda;Jefferey;Mathilda.Jefferey@yopmail.com;1947-10-13
Mellicent;Bonilla;Mellicent.Bonilla@yopmail.com;1955-07-12
Taffy;Newell;Taffy.Newell@yopmail.com;1953-02-15
Elyssa;Fadiman;Elyssa.Fadiman@yopmail.com;1982-03-26
Kalina;Medrek;Kalina.Medrek@yopmail.com;2009-03-23
Katleen;Hailee;Katleen.Hailee@yopmail.com;1938-08-28
Meg;Dawkins;Meg.Dawkins@yopmail.com;1945-11-20
Cissiee;Baptlsta;Cissiee.Baptlsta@yopmail.com;1925-06-24
Alexine;Wadell;Alexine.Wadell@yopmail.com;1901-07-26
Penelopa;Roche;Penelopa.Roche@yopmail.com;1974-08-08
Chastity;Velick;Chastity.Velick@yopmail.com;1945-04-13
Kayla;Margarete;Kayla.Margarete@yopmail.com;2003-11-03
Chastity;Mallon;Chastity.Mallon@yopmail.com;1935-04-07
Berget;Levey;Berget.Levey@yopmail.com;1915-09-03
Kate;Niccolo;Kate.Niccolo@yopmail.com;1940-04-17
Zia;Publia;Zia.Publia@yopmail.com;1964-05-30
Bobbi;Lymann;Bobbi.Lymann@yopmail.com;1902-04-13
Abbie;Tacye;Abbie.Tacye@yopmail.com;1980-09-05
Camile;Faro;Camile.Faro@yopmail.com;1943-04-22
Tori;Juan;Tori.Juan@yopmail.com;2015-01-31
Mara;Eben;Mara.Eben@yopmail.com;1982-11-15
Morganica;Craggie;Morganica.Craggie@yopmail.com;2013-04-24
Linet;Septima;Linet.Septima@yopmail.com;1942-12-10
Carree;Evangelia;Carree.Evangelia@yopmail.com;1958-04-13
Gilda;Carmena;Gilda.Carmena@yopmail.com;1979-05-26
Felice;Wareing;Felice.Wareing@yopmail.com;1922-10-17
Marti;Koziara;Marti.Koziara@yopmail.com;1947-03-07
Concettina;Imelida;Concettina.Imelida@yopmail.com;1987-04-01
Bibby;Ramona;Bibby.Ramona@yopmail.com;1923-04-23
Paulita;Dreda;Paulita.Dreda@yopmail.com;1931-04-01
Celene;Silvan;Celene.Silvan@yopmail.com;2019-06-13
Vita;Thomasina;Vita.Thomasina@yopmail.com;2003-06-15
Alex;Poppy;Alex.Poppy@yopmail.com;1966-05-24
Katharina;Alejoa;Katharina.Alejoa@yopmail.com;1960-10-23
Codie;Lunsford;Codie.Lunsford@yopmail.com;1990-12-30
Therine;Genna;Therine.Genna@yopmail.com;1978-03-05
Elora;Heidt;Elora.Heidt@yopmail.com;1962-08-21
Jessamyn;Wyn;Jessamyn.Wyn@yopmail.com;1903-12-26
Karina;My;Karina.My@yopmail.com;2011-01-27
Brena;Xerxes;Brena.Xerxes@yopmail.com;1990-09-28
Danika;Luhe;Danika.Luhe@yopmail.com;1956-12-22
Alyssa;Blisse;Alyssa.Blisse@yopmail.com;1960-01-09
Ginnie;Roscoe;Ginnie.Roscoe@yopmail.com;1925-01-22
Constance;Trinetta;Constance.Trinetta@yopmail.com;2006-06-02
Marjie;Ferino;Marjie.Ferino@yopmail.com;2006-03-09
Wilma;Campball;Wilma.Campball@yopmail.com;2019-04-07
Keelia;Abram;Keelia.Abram@yopmail.com;1937-05-28
Elmira;Casimir;Elmira.Casimir@yopmail.com;1929-11-02
Tani;Kunin;Tani.Kunin@yopmail.com;1993-08-16
Etta;Hartnett;Etta.Hartnett@yopmail.com;1951-10-10
Dorothy;Holtz;Dorothy.Holtz@yopmail.com;1976-10-30
Mignon;Pascia;Mignon.Pascia@yopmail.com;1971-09-06
June;Erminia;June.Erminia@yopmail.com;1979-01-27
Inga;Georgy;Inga.Georgy@yopmail.com;1962-10-04
Merle;Kimmie;Merle.Kimmie@yopmail.com;2001-11-16
Taffy;Rurik;Taffy.Rurik@yopmail.com;1902-09-08
Cecile;Yorick;Cecile.Yorick@yopmail.com;2016-10-24
Brandise;Ochs;Brandise.Ochs@yopmail.com;1943-05-17
Veda;Gregrory;Veda.Gregrory@yopmail.com;1947-06-14
Brooks;Ivens;Brooks.Ivens@yopmail.com;1903-12-30
Ardenia;Daniele;Ardenia.Daniele@yopmail.com;2015-04-30
Tiffie;Iaverne;Tiffie.Iaverne@yopmail.com;1917-10-15
Sandie;Minetta;Sandie.Minetta@yopmail.com;1923-09-05
Calla;Vacuva;Calla.Vacuva@yopmail.com;2014-09-08
Michaelina;Katrine;Michaelina.Katrine@yopmail.com;1973-11-24
Angelique;Pascia;Angelique.Pascia@yopmail.com;2017-02-27
Corry;Si;Corry.Si@yopmail.com;2019-07-29
Anthia;Skurnik;Anthia.Skurnik@yopmail.com;1988-09-22
Kellen;Grayce;Kellen.Grayce@yopmail.com;1921-02-24
Jaime;Candy;Jaime.Candy@yopmail.com;1972-06-15
Krystle;Greyson;Krystle.Greyson@yopmail.com;1922-04-26
Tracey;Garlinda;Tracey.Garlinda@yopmail.com;1982-04-29
Violet;Maurine;Violet.Maurine@yopmail.com;1947-01-29
Emilia;O'Neill;Emilia.O'Neill@yopmail.com;1960-06-02
Alexine;Roarke;Alexine.Roarke@yopmail.com;1987-02-15
Brandise;Hepsibah;Brandise.Hepsibah@yopmail.com;1957-11-25
Eugine;Rosalba;Eugine.Rosalba@yopmail.com;1972-12-11
Andeee;Mayeda;Andeee.Mayeda@yopmail.com;1906-05-18
Lynnea;Belldas;Lynnea.Belldas@yopmail.com;2010-08-11
Dawn;Elsinore;Dawn.Elsinore@yopmail.com;1922-11-03
Kathy;Felizio;Kathy.Felizio@yopmail.com;1933-07-16
Dominga;Felizio;Dominga.Felizio@yopmail.com;1949-12-16
Emilia;Honoria;Emilia.Honoria@yopmail.com;1986-05-23
Peri;Toor;Peri.Toor@yopmail.com;2008-02-29
Luci;Wiener;Luci.Wiener@yopmail.com;1969-04-01
Myriam;Evvie;Myriam.Evvie@yopmail.com;1986-04-14
Rayna;Allina;Rayna.Allina@yopmail.com;1976-05-21
Kaja;Montgomery;Kaja.Montgomery@yopmail.com;1986-02-11
Aeriela;Kermit;Aeriela.Kermit@yopmail.com;2018-12-10
Angela;Kevon;Angela.Kevon@yopmail.com;1998-08-04
Lorie;Marden;Lorie.Marden@yopmail.com;1986-11-28
Rosabelle;Gualtiero;Rosabelle.Gualtiero@yopmail.com;1903-12-04
Cristine;Gaulin;Cristine.Gaulin@yopmail.com;1943-11-27
Goldie;Cath;Goldie.Cath@yopmail.com;2006-09-24
Gratia;Jagir;Gratia.Jagir@yopmail.com;2015-01-23
Rani;Linskey;Rani.Linskey@yopmail.com;1993-09-05
Heida;Faust;Heida.Faust@yopmail.com;1926-10-05
Berta;Pierette;Berta.Pierette@yopmail.com;1965-03-15
Belinda;Cyrie;Belinda.Cyrie@yopmail.com;1913-03-26
Dominga;Annice;Dominga.Annice@yopmail.com;1925-03-14
Brynna;Isacco;Brynna.Isacco@yopmail.com;1995-02-06
Tori;Hathaway;Tori.Hathaway@yopmail.com;1918-06-26
Peri;Percy;Peri.Percy@yopmail.com;1989-10-13
Ida;Monaco;Ida.Monaco@yopmail.com;2006-12-04
Kaja;An;Kaja.An@yopmail.com;1900-04-17
Carmela;Tarrant;Carmela.Tarrant@yopmail.com;1986-01-24
Myriam;Bashemeth;Myriam.Bashemeth@yopmail.com;1932-11-13
Shandie;Ardeha;Shandie.Ardeha@yopmail.com;1997-12-08
Dorene;Rugen;Dorene.Rugen@yopmail.com;1905-01-30
Cristabel;Fadiman;Cristabel.Fadiman@yopmail.com;1986-05-15
Charlena;Alwin;Charlena.Alwin@yopmail.com;1996-10-07
Lita;Bashemeth;Lita.Bashemeth@yopmail.com;1992-07-10
Lory;Lissi;Lory.Lissi@yopmail.com;1993-02-17
Shaine;Mandler;Shaine.Mandler@yopmail.com;2001-07-24
Janis;Peonir;Janis.Peonir@yopmail.com;1970-09-05
Bertine;Secrest;Bertine.Secrest@yopmail.com;1951-04-13
Lacie;Socha;Lacie.Socha@yopmail.com;1930-02-13
Correy;Engdahl;Correy.Engdahl@yopmail.com;1926-10-29
Ann-Marie;Gladstone;Ann-Marie.Gladstone@yopmail.com;1951-08-25
Raf;Narton;Raf.Narton@yopmail.com;2011-05-30
Meriel;Karna;Meriel.Karna@yopmail.com;1975-04-01
Danny;Ummersen;Danny.Ummersen@yopmail.com;1958-05-25
Candi;Ailyn;Candi.Ailyn@yopmail.com;1984-05-15
Annice;Carvey;Annice.Carvey@yopmail.com;1967-01-04
Goldie;Rugen;Goldie.Rugen@yopmail.com;1953-09-18
Kore;Cohdwell;Kore.Cohdwell@yopmail.com;1997-01-09
Sindee;Rillings;Sindee.Rillings@yopmail.com;2006-01-11
Kore;Elisha;Kore.Elisha@yopmail.com;1905-06-28
Livvyy;Bandeen;Livvyy.Bandeen@yopmail.com;1920-11-16
Constance;Bennie;Constance.Bennie@yopmail.com;1945-04-18
Sidoney;Linskey;Sidoney.Linskey@yopmail.com;1930-03-05
Konstance;Hailee;Konstance.Hailee@yopmail.com;1970-04-17
Kristina;Toni;Kristina.Toni@yopmail.com;1910-03-18
Netty;Winnick;Netty.Winnick@yopmail.com;1987-04-29
Marinna;Seumas;Marinna.Seumas@yopmail.com;1979-11-22
Lynea;Docilla;Lynea.Docilla@yopmail.com;1958-08-25
Teriann;Noelyn;Teriann.Noelyn@yopmail.com;1952-02-15
Fina;Ackerley;Fina.Ackerley@yopmail.com;1917-03-01
Christal;Sandye;Christal.Sandye@yopmail.com;2013-01-17
Gilligan;Astra;Gilligan.Astra@yopmail.com;1957-02-21
Aryn;Susannah;Aryn.Susannah@yopmail.com;1971-01-14
Roberta;Hillel;Roberta.Hillel@yopmail.com;1943-05-14
Harmonia;Chick;Harmonia.Chick@yopmail.com;1918-05-28
Sheree;Zenas;Sheree.Zenas@yopmail.com;1961-05-12
Clo;Jacqui;Clo.Jacqui@yopmail.com;1939-03-26
Joeann;Schlosser;Joeann.Schlosser@yopmail.com;1941-11-21
Alejandra;Janene;Alejandra.Janene@yopmail.com;2003-12-08
Dolli;Wind;Dolli.Wind@yopmail.com;1967-05-12
Imojean;Gladstone;Imojean.Gladstone@yopmail.com;1949-03-08
Jennica;Brian;Jennica.Brian@yopmail.com;1972-03-21
Clary;Meter;Clary.Meter@yopmail.com;1925-09-11
Karly;Dahlia;Karly.Dahlia@yopmail.com;1950-08-29
Bobinette;Peg;Bobinette.Peg@yopmail.com;1924-07-14
Barbara;Eben;Barbara.Eben@yopmail.com;1994-12-04
Grier;Ricki;Grier.Ricki@yopmail.com;1913-01-16
Karlee;Teryn;Karlee.Teryn@yopmail.com;1950-05-08
Liana;Rodmann;Liana.Rodmann@yopmail.com;2003-08-31
Steffane;Judye;Steffane.Judye@yopmail.com;1954-06-25
Melina;Izaak;Melina.Izaak@yopmail.com;1929-12-21
Rayna;Sophronia;Rayna.Sophronia@yopmail.com;1915-08-15
Bee;Suanne;Bee.Suanne@yopmail.com;1989-09-24
Olwen;Buckler;Olwen.Buckler@yopmail.com;1979-10-14
Shannah;Chick;Shannah.Chick@yopmail.com;2019-09-06
Madelle;Frendel;Madelle.Frendel@yopmail.com;1920-03-02
Clary;Sigfrid;Clary.Sigfrid@yopmail.com;1954-05-20
Esmeralda;Korey;Esmeralda.Korey@yopmail.com;1972-09-20
Kary;Yuille;Kary.Yuille@yopmail.com;1927-10-07
Ardys;Weinreb;Ardys.Weinreb@yopmail.com;1989-07-10
Bernie;Valoniah;Bernie.Valoniah@yopmail.com;1964-10-04
Phedra;Socha;Phedra.Socha@yopmail.com;1977-09-27
Fredericka;Bari;Fredericka.Bari@yopmail.com;2005-12-10
Gloria;Knowling;Gloria.Knowling@yopmail.com;1930-09-12
Tressa;Aloise;Tressa.Aloise@yopmail.com;1950-02-14
Bee;Manolo;Bee.Manolo@yopmail.com;1933-08-21
Norine;Brunell;Norine.Brunell@yopmail.com;2010-08-11
Binny;Linskey;Binny.Linskey@yopmail.com;1972-06-17
Gabriellia;Fredi;Gabriellia.Fredi@yopmail.com;1953-04-14
Lacie;Colyer;Lacie.Colyer@yopmail.com;1996-06-03
Jennica;Hirsch;Jennica.Hirsch@yopmail.com;1921-08-04
Rivalee;Lemuela;Rivalee.Lemuela@yopmail.com;1954-05-01
Hallie;Bryna;Hallie.Bryna@yopmail.com;1903-07-06
Angela;Fulmer;Angela.Fulmer@yopmail.com;1949-12-29
Devina;Bronk;Devina.Bronk@yopmail.com;1930-01-03
Philis;Septima;Philis.Septima@yopmail.com;1997-12-13
Theodora;Melleta;Theodora.Melleta@yopmail.com;1960-05-23
Johna;Laurianne;Johna.Laurianne@yopmail.com;1919-10-25
Madalyn;Guildroy;Madalyn.Guildroy@yopmail.com;1902-02-10
Fidelia;Tybald;Fidelia.Tybald@yopmail.com;1999-04-16
Helsa;Teryn;Helsa.Teryn@yopmail.com;1937-11-15
Alleen;Gherardo;Alleen.Gherardo@yopmail.com;1970-03-22
Brena;Faust;Brena.Faust@yopmail.com;1908-10-09
Charmaine;Dunkin;Charmaine.Dunkin@yopmail.com;2016-09-04
Julieta;Schroth;Julieta.Schroth@yopmail.com;1942-08-30
Paule;Cleavland;Paule.Cleavland@yopmail.com;1981-12-05
Merry;Bearnard;Merry.Bearnard@yopmail.com;1994-05-06
Shaine;Edee;Shaine.Edee@yopmail.com;1958-01-28
Doro;Annice;Doro.Annice@yopmail.com;1954-08-27
Ileana;Nadia;Ileana.Nadia@yopmail.com;1944-04-15
Verla;Pozzy;Verla.Pozzy@yopmail.com;1950-10-09
Sheelagh;Roxanna;Sheelagh.Roxanna@yopmail.com;1970-06-04
Amii;Masao;Amii.Masao@yopmail.com;1981-12-14
Adele;Schonfeld;Adele.Schonfeld@yopmail.com;1956-04-01
Johna;Kauppi;Johna.Kauppi@yopmail.com;1945-05-17
Trixi;Sheedy;Trixi.Sheedy@yopmail.com;1901-04-12
Lauryn;Dimitris;Lauryn.Dimitris@yopmail.com;1923-02-02
Ilse;Leifeste;Ilse.Leifeste@yopmail.com;1962-02-07
Sophia;Septima;Sophia.Septima@yopmail.com;1938-02-03
Leona;Podvin;Leona.Podvin@yopmail.com;1970-10-20
Wilma;Loeb;Wilma.Loeb@yopmail.com;1916-01-28
Queenie;Gaspard;Queenie.Gaspard@yopmail.com;1911-04-26
Josephine;Shama;Josephine.Shama@yopmail.com;1994-08-13
Augustine;Kylander;Augustine.Kylander@yopmail.com;2019-09-09
Karena;Ajay;Karena.Ajay@yopmail.com;1942-07-13
Fred;Diogenes;Fred.Diogenes@yopmail.com;1975-04-13
Maye;Huggins;Maye.Huggins@yopmail.com;1958-03-11
Lita;Tatianas;Lita.Tatianas@yopmail.com;1900-05-24
Tori;Lory;Tori.Lory@yopmail.com;1925-06-07
Gavrielle;Janith;Gavrielle.Janith@yopmail.com;1978-01-12
Ericka;Loeb;Ericka.Loeb@yopmail.com;1953-08-02
Gwyneth;Gilbertson;Gwyneth.Gilbertson@yopmail.com;1993-01-02
Katharina;Rustice;Katharina.Rustice@yopmail.com;1999-04-19
Kenna;Gale;Kenna.Gale@yopmail.com;1990-10-01
Kayla;Niccolo;Kayla.Niccolo@yopmail.com;1990-09-25
Ermengarde;Daveta;Ermengarde.Daveta@yopmail.com;1964-11-04
Roslyn;Charity;Roslyn.Charity@yopmail.com;1905-03-25
Gretal;Chauncey;Gretal.Chauncey@yopmail.com;1962-05-20
Carmela;Brackely;Carmela.Brackely@yopmail.com;1908-08-15
Camile;Raimondo;Camile.Raimondo@yopmail.com;1973-11-13
Ericka;Vacuva;Ericka.Vacuva@yopmail.com;1925-08-08
Kaia;Curren;Kaia.Curren@yopmail.com;2017-11-29
Phedra;Briney;Phedra.Briney@yopmail.com;1955-05-19
Petronia;Sheedy;Petronia.Sheedy@yopmail.com;2012-11-10
Nanete;Khorma;Nanete.Khorma@yopmail.com;1924-06-21
Jacquetta;Goldina;Jacquetta.Goldina@yopmail.com;1998-02-02
Orelia;Cavan;Orelia.Cavan@yopmail.com;1907-07-04
Glynnis;Noelyn;Glynnis.Noelyn@yopmail.com;1996-03-06
Sara-Ann;Moseley;Sara-Ann.Moseley@yopmail.com;1926-05-29
Jerry;Cullin;Jerry.Cullin@yopmail.com;1978-08-10
Larine;Kimmie;Larine.Kimmie@yopmail.com;1971-02-13
Daphne;Delila;Daphne.Delila@yopmail.com;1919-10-17
Hermione;Chem;Hermione.Chem@yopmail.com;1946-02-25
Kellen;Ade;Kellen.Ade@yopmail.com;1914-11-20
Rosanne;Fennessy;Rosanne.Fennessy@yopmail.com;1935-09-17
Daune;Selway;Daune.Selway@yopmail.com;1941-09-29
Steffane;Allare;Steffane.Allare@yopmail.com;1943-02-02
Nananne;Vale;Nananne.Vale@yopmail.com;1992-05-26
Gilda;Berard;Gilda.Berard@yopmail.com;1945-06-10
Zsa Zsa;Jehu;Zsa Zsa.Jehu@yopmail.com;1940-12-23
Madeleine;Lunsford;Madeleine.Lunsford@yopmail.com;1952-01-18
Ana;Lemuela;Ana.Lemuela@yopmail.com;1915-10-27
Asia;Laurianne;Asia.Laurianne@yopmail.com;1966-07-31
Demetris;Morgun;Demetris.Morgun@yopmail.com;1990-11-16
Yolane;Lauraine;Yolane.Lauraine@yopmail.com;1995-03-08
Bernie;Hurley;Bernie.Hurley@yopmail.com;1932-10-13
Shaine;Fax;Shaine.Fax@yopmail.com;1979-11-15
Janey;Loeb;Janey.Loeb@yopmail.com;1942-07-02
Valeda;Suanne;Valeda.Suanne@yopmail.com;1937-02-08
Caressa;Amethist;Caressa.Amethist@yopmail.com;1919-06-13
Michaelina;Gavrila;Michaelina.Gavrila@yopmail.com;1903-06-29
Hayley;Morgun;Hayley.Morgun@yopmail.com;1917-02-24
Allyce;Bigner;Allyce.Bigner@yopmail.com;2009-10-02
Carol-Jean;Iiette;Carol-Jean.Iiette@yopmail.com;1956-05-22
Judy;Rosalba;Judy.Rosalba@yopmail.com;1910-03-11
Nonnah;MacIntosh;Nonnah.MacIntosh@yopmail.com;1930-07-27
Amii;Jillane;Amii.Jillane@yopmail.com;1902-06-22
Courtnay;Fosque;Courtnay.Fosque@yopmail.com;2004-03-02
Dorene;Avi;Dorene.Avi@yopmail.com;1946-02-20
Ileana;Cherianne;Ileana.Cherianne@yopmail.com;1963-05-15
Sara-Ann;Valoniah;Sara-Ann.Valoniah@yopmail.com;2013-06-06
Pamella;Aurelio;Pamella.Aurelio@yopmail.com;2007-02-13
Benita;Hartnett;Benita.Hartnett@yopmail.com;1999-07-28
Natka;Wu;Natka.Wu@yopmail.com;1927-11-05
Agathe;Schonfeld;Agathe.Schonfeld@yopmail.com;2008-06-26
Kary;Timon;Kary.Timon@yopmail.com;1964-12-25
Vinita;Amand;Vinita.Amand@yopmail.com;1902-02-21
Jacenta;Dorcy;Jacenta.Dorcy@yopmail.com;1972-12-04
Marika;Buckler;Marika.Buckler@yopmail.com;2009-01-11
Louella;Strephon;Louella.Strephon@yopmail.com;2008-01-30
Max;Whiffen;Max.Whiffen@yopmail.com;1916-02-02
Roz;Bury;Roz.Bury@yopmail.com;1921-08-04
Wanda;Deny;Wanda.Deny@yopmail.com;2004-07-05
Celestyna;Lemuela;Celestyna.Lemuela@yopmail.com;1934-08-14
Emmey;Roche;Emmey.Roche@yopmail.com;2002-08-06
Meg;Duwalt;Meg.Duwalt@yopmail.com;2015-10-05
Susette;Kalinda;Susette.Kalinda@yopmail.com;2005-04-16
Candi;Podvin;Candi.Podvin@yopmail.com;1948-06-09
Annice;Fredi;Annice.Fredi@yopmail.com;1943-06-11
Allis;Zaslow;Allis.Zaslow@yopmail.com;1966-02-02
Aurore;Arathorn;Aurore.Arathorn@yopmail.com;2019-08-20
Zsa Zsa;Leary;Zsa Zsa.Leary@yopmail.com;1931-02-22
Joelly;Ammann;Joelly.Ammann@yopmail.com;1957-11-23
Ada;Tremayne;Ada.Tremayne@yopmail.com;1977-08-19
Paule;Gemini;Paule.Gemini@yopmail.com;1970-11-22
Maye;Alwin;Maye.Alwin@yopmail.com;1920-05-12
Nita;Baylor;Nita.Baylor@yopmail.com;1953-03-26
Rosene;Hazlett;Rosene.Hazlett@yopmail.com;1947-04-08
Meg;Loeb;Meg.Loeb@yopmail.com;1932-12-07
Beth;Eldrid;Beth.Eldrid@yopmail.com;1989-03-27
Queenie;Friede;Queenie.Friede@yopmail.com;1939-11-18
Alejandra;Bach;Alejandra.Bach@yopmail.com;2007-11-27
Charissa;Hurley;Charissa.Hurley@yopmail.com;1910-06-17
Orsola;Love;Orsola.Love@yopmail.com;2005-07-20
Chrystel;Dimitris;Chrystel.Dimitris@yopmail.com;1929-08-17
Leia;Callista;Leia.Callista@yopmail.com;1910-02-03
Hollie;Vorster;Hollie.Vorster@yopmail.com;1918-11-29
Amelia;Erskine;Amelia.Erskine@yopmail.com;1922-12-19
Corina;Koziara;Corina.Koziara@yopmail.com;1934-11-30
Celestyna;Colyer;Celestyna.Colyer@yopmail.com;1956-08-17
Noelle;Fulmer;Noelle.Fulmer@yopmail.com;1979-02-27
Leona;Joeann;Leona.Joeann@yopmail.com;1935-01-15
Larine;Silvan;Larine.Silvan@yopmail.com;1987-05-02
Mallory;Dex;Mallory.Dex@yopmail.com;1941-05-27
Marinna;Andrel;Marinna.Andrel@yopmail.com;1956-12-18
Misha;Koziara;Misha.Koziara@yopmail.com;1909-06-23
Kimmy;Charmine;Kimmy.Charmine@yopmail.com;2008-03-19
Clary;Adalbert;Clary.Adalbert@yopmail.com;1905-02-13
Allis;Jethro;Allis.Jethro@yopmail.com;1978-11-03
Meriel;Argus;Meriel.Argus@yopmail.com;1905-09-26
Penelopa;Kimmie;Penelopa.Kimmie@yopmail.com;2000-03-25
Max;Pyle;Max.Pyle@yopmail.com;1945-07-15
Celestyna;Craggie;Celestyna.Craggie@yopmail.com;1906-09-20
Kayla;Bearnard;Kayla.Bearnard@yopmail.com;1945-07-16
Kerrin;Jerald;Kerrin.Jerald@yopmail.com;1909-05-05
Sashenka;Roscoe;Sashenka.Roscoe@yopmail.com;1901-10-23
Glynnis;Vittoria;Glynnis.Vittoria@yopmail.com;1911-09-01
Starla;Justinn;Starla.Justinn@yopmail.com;1959-12-27
Goldie;Lamoree;Goldie.Lamoree@yopmail.com;2008-12-15
Leontine;Sperling;Leontine.Sperling@yopmail.com;1962-08-22
Vonny;Palocz;Vonny.Palocz@yopmail.com;1924-02-16
Morganica;Mauer;Morganica.Mauer@yopmail.com;1923-07-28
Teddie;Decato;Teddie.Decato@yopmail.com;1952-10-17
Sidoney;Arvo;Sidoney.Arvo@yopmail.com;2014-07-28
Flory;Elvyn;Flory.Elvyn@yopmail.com;1907-11-21
Celestyna;Laurianne;Celestyna.Laurianne@yopmail.com;1903-05-30
Sara-Ann;Martsen;Sara-Ann.Martsen@yopmail.com;1952-04-06
Dacia;Vale;Dacia.Vale@yopmail.com;2017-03-12
Grier;Goode;Grier.Goode@yopmail.com;1912-01-11
Brynna;Kaete;Brynna.Kaete@yopmail.com;1917-11-04
Susette;Payson;Susette.Payson@yopmail.com;1950-04-09
Sharai;Eno;Sharai.Eno@yopmail.com;2000-08-01
Minda;Gibbeon;Minda.Gibbeon@yopmail.com;1919-11-19
Genovera;Prouty;Genovera.Prouty@yopmail.com;1941-03-16
Shannah;Leifeste;Shannah.Leifeste@yopmail.com;1927-09-19
Merci;Hull;Merci.Hull@yopmail.com;1967-08-10
Dorene;Terrence;Dorene.Terrence@yopmail.com;1940-06-17
Olwen;Tillford;Olwen.Tillford@yopmail.com;1997-06-29
Phedra;Hortensia;Phedra.Hortensia@yopmail.com;1967-08-02
Vivia;Egbert;Vivia.Egbert@yopmail.com;2004-08-29
Nannie;Jagir;Nannie.Jagir@yopmail.com;1922-02-11
Albertina;Lamoree;Albertina.Lamoree@yopmail.com;1988-07-08
Devina;Bivins;Devina.Bivins@yopmail.com;1974-01-30
Lorie;Wattenberg;Lorie.Wattenberg@yopmail.com;1976-03-04
Korrie;Rogerio;Korrie.Rogerio@yopmail.com;1980-05-03
Jany;Yorick;Jany.Yorick@yopmail.com;1914-05-08
Larine;Grosz;Larine.Grosz@yopmail.com;1987-05-03
Gianina;Herrera;Gianina.Herrera@yopmail.com;1971-08-28
Brooks;Braun;Brooks.Braun@yopmail.com;2007-11-29
Ira;Bollay;Ira.Bollay@yopmail.com;1952-10-21
Codie;Tayib;Codie.Tayib@yopmail.com;1936-08-02
Yetty;Eldrid;Yetty.Eldrid@yopmail.com;1901-09-10
Ariela;Freddi;Ariela.Freddi@yopmail.com;1959-06-05
Gertrud;Buttaro;Gertrud.Buttaro@yopmail.com;1992-07-24
Paule;Fadiman;Paule.Fadiman@yopmail.com;1991-05-01
Sindee;Ulphia;Sindee.Ulphia@yopmail.com;1943-09-15
Kial;Martguerita;Kial.Martguerita@yopmail.com;2004-10-19
Giustina;Stilwell;Giustina.Stilwell@yopmail.com;1905-11-02
Evaleen;Zola;Evaleen.Zola@yopmail.com;1986-09-19
Dione;Euridice;Dione.Euridice@yopmail.com;2007-04-03
Cassandra;Lissi;Cassandra.Lissi@yopmail.com;1941-12-01
Clarice;Hilbert;Clarice.Hilbert@yopmail.com;2012-09-21
Riannon;Gordon;Riannon.Gordon@yopmail.com;1909-10-26
Vivia;Kosey;Vivia.Kosey@yopmail.com;1900-02-18
Kristina;Genna;Kristina.Genna@yopmail.com;1999-02-15
Lindie;Serilda;Lindie.Serilda@yopmail.com;2009-12-16
Carmencita;Linskey;Carmencita.Linskey@yopmail.com;1927-09-15
Isa;Dreda;Isa.Dreda@yopmail.com;1970-10-10
Shannah;Faust;Shannah.Faust@yopmail.com;1926-06-12
Lindie;Romelda;Lindie.Romelda@yopmail.com;2017-06-11
Elbertina;Ramona;Elbertina.Ramona@yopmail.com;1998-02-23
Mary;Talia;Mary.Talia@yopmail.com;2001-07-07
Robinia;Fiann;Robinia.Fiann@yopmail.com;1906-01-10
Leontine;Trace;Leontine.Trace@yopmail.com;1945-06-01
Bobbi;Belldas;Bobbi.Belldas@yopmail.com;1903-05-03
Tera;Martsen;Tera.Martsen@yopmail.com;1912-03-07
Kristina;Phyllis;Kristina.Phyllis@yopmail.com;1944-01-01
Wynne;Sibyls;Wynne.Sibyls@yopmail.com;1993-04-04
Heddie;Lane;Heddie.Lane@yopmail.com;1970-03-30
Annaliese;Corilla;Annaliese.Corilla@yopmail.com;1937-08-11
Janey;Stover;Janey.Stover@yopmail.com;1998-08-17
Claudina;Lytton;Claudina.Lytton@yopmail.com;1959-05-09
Annabela;Eckblad;Annabela.Eckblad@yopmail.com;1988-05-09
Merrie;Leffen;Merrie.Leffen@yopmail.com;1963-04-16
Veda;Sandye;Veda.Sandye@yopmail.com;1928-06-03
Christal;Granoff;Christal.Granoff@yopmail.com;2017-06-07
Dale;Ephrem;Dale.Ephrem@yopmail.com;1924-05-17
Lucy;Kravits;Lucy.Kravits@yopmail.com;1921-06-01
Noelle;Cosenza;Noelle.Cosenza@yopmail.com;1992-06-26
Nananne;McCutcheon;Nananne.McCutcheon@yopmail.com;2008-05-23
Karina;O'Carroll;Karina.O'Carroll@yopmail.com;2011-01-06
Frank;Pierette;Frank.Pierette@yopmail.com;1920-02-22
Oralee;Dawkins;Oralee.Dawkins@yopmail.com;1938-01-05
Leona;Howlyn;Leona.Howlyn@yopmail.com;1921-09-07
Rosaline;Grosz;Rosaline.Grosz@yopmail.com;1953-09-09
Celene;Ader;Celene.Ader@yopmail.com;1990-06-19
Mignon;Hedve;Mignon.Hedve@yopmail.com;1981-04-09
Aryn;Annice;Aryn.Annice@yopmail.com;1992-10-11
Karly;Cherianne;Karly.Cherianne@yopmail.com;1919-04-08
Joceline;Esmaria;Joceline.Esmaria@yopmail.com;1951-03-24
Dennie;Zitvaa;Dennie.Zitvaa@yopmail.com;1932-02-12
Winny;Wenoa;Winny.Wenoa@yopmail.com;2013-08-06
Dorthy;Clara;Dorthy.Clara@yopmail.com;2013-10-06
Betta;Hermes;Betta.Hermes@yopmail.com;1970-03-13
Lily;Fennessy;Lily.Fennessy@yopmail.com;1947-02-25
Elfreda;Selway;Elfreda.Selway@yopmail.com;1952-12-01
Janey;Kinnard;Janey.Kinnard@yopmail.com;2013-04-05
Lolita;August;Lolita.August@yopmail.com;1988-04-16
Fernande;Shirberg;Fernande.Shirberg@yopmail.com;1968-09-19
Nickie;Kaete;Nickie.Kaete@yopmail.com;2009-11-04
Jacquetta;Vernier;Jacquetta.Vernier@yopmail.com;1964-09-03
Lisette;Hurley;Lisette.Hurley@yopmail.com;1913-01-09
Maryellen;Maisey;Maryellen.Maisey@yopmail.com;1948-06-07
Justinn;Lumbard;Justinn.Lumbard@yopmail.com;1984-10-16
Petronia;Niles;Petronia.Niles@yopmail.com;1931-07-09
Cathie;Diann;Cathie.Diann@yopmail.com;1946-01-03
Daphne;Jenness;Daphne.Jenness@yopmail.com;2013-09-11
Britni;Manolo;Britni.Manolo@yopmail.com;1938-12-11
Elie;Artie;Elie.Artie@yopmail.com;1973-04-29
Althea;Anyah;Althea.Anyah@yopmail.com;1936-12-18
Brana;Colleen;Brana.Colleen@yopmail.com;1927-04-08
Oona;Halla;Oona.Halla@yopmail.com;2011-01-25
Alex;Leffen;Alex.Leffen@yopmail.com;1924-08-01
Fanny;Trace;Fanny.Trace@yopmail.com;1927-04-23
Daphne;Cynar;Daphne.Cynar@yopmail.com;1994-12-15
Yolane;Socha;Yolane.Socha@yopmail.com;2016-08-07
Rani;Stelle;Rani.Stelle@yopmail.com;1966-11-21
Adelle;Pacorro;Adelle.Pacorro@yopmail.com;1966-08-04
Keelia;Harl;Keelia.Harl@yopmail.com;1914-01-03
Melanie;Sadowski;Melanie.Sadowski@yopmail.com;1994-05-14
Marcy;Peti;Marcy.Peti@yopmail.com;1906-09-25
Katuscha;Tacye;Katuscha.Tacye@yopmail.com;2002-07-28
Sashenka;Swanhildas;Sashenka.Swanhildas@yopmail.com;1920-09-23
Gwenneth;Elisha;Gwenneth.Elisha@yopmail.com;2013-03-30
Candy;Chick;Candy.Chick@yopmail.com;1977-03-26
Marjie;Kussell;Marjie.Kussell@yopmail.com;1924-03-02
Leeanne;Dawkins;Leeanne.Dawkins@yopmail.com;1941-07-30
Juliane;Longfellow;Juliane.Longfellow@yopmail.com;1923-08-29
Hayley;Dorcy;Hayley.Dorcy@yopmail.com;2004-06-05
Ardeen;Dimitris;Ardeen.Dimitris@yopmail.com;1991-01-17
Rosene;Flita;Rosene.Flita@yopmail.com;1992-03-26
Leeanne;Buttaro;Leeanne.Buttaro@yopmail.com;1948-02-03
Kellen;Dyche;Kellen.Dyche@yopmail.com;1950-08-27
Winifred;Reinke;Winifred.Reinke@yopmail.com;2012-03-04
Karlee;Montgomery;Karlee.Montgomery@yopmail.com;1988-12-27
Deedee;Vacuva;Deedee.Vacuva@yopmail.com;2003-06-29
Addia;Pacorro;Addia.Pacorro@yopmail.com;1956-10-25
Marnia;Ax;Marnia.Ax@yopmail.com;2003-12-29
Shell;Candy;Shell.Candy@yopmail.com;1911-07-06
Kirstin;Margarete;Kirstin.Margarete@yopmail.com;1931-12-24
Desirae;Grobe;Desirae.Grobe@yopmail.com;1934-12-22
Clary;Weitman;Clary.Weitman@yopmail.com;1944-12-06
Myrtice;Hailee;Myrtice.Hailee@yopmail.com;1975-12-02
Kylynn;Zachary;Kylynn.Zachary@yopmail.com;1909-10-02
Madalyn;Tengdin;Madalyn.Tengdin@yopmail.com;1995-06-20
Carlie;Poppy;Carlie.Poppy@yopmail.com;1939-07-07
Shauna;Fennessy;Shauna.Fennessy@yopmail.com;2011-01-06
Malina;Carri;Malina.Carri@yopmail.com;2008-08-18
Linzy;Billye;Linzy.Billye@yopmail.com;1922-11-18
Georgina;Cordi;Georgina.Cordi@yopmail.com;1995-12-04
Mureil;Olnee;Mureil.Olnee@yopmail.com;1941-09-16
Genovera;Alwin;Genovera.Alwin@yopmail.com;1903-06-23
Betta;Imelida;Betta.Imelida@yopmail.com;2019-02-06
Lesly;Anis;Lesly.Anis@yopmail.com;1998-07-04
Carlie;Natica;Carlie.Natica@yopmail.com;1996-05-03
Roberta;Soneson;Roberta.Soneson@yopmail.com;1907-02-01
Fredericka;Kesley;Fredericka.Kesley@yopmail.com;1998-12-20
Joeann;Carmena;Joeann.Carmena@yopmail.com;1967-07-21
Carilyn;Zamora;Carilyn.Zamora@yopmail.com;1954-09-23
Zaria;Colleen;Zaria.Colleen@yopmail.com;2009-12-21
Fredericka;Giule;Fredericka.Giule@yopmail.com;1938-11-09
Lusa;Zola;Lusa.Zola@yopmail.com;2017-05-06
Jorry;Chabot;Jorry.Chabot@yopmail.com;1941-10-18
Deirdre;Iaverne;Deirdre.Iaverne@yopmail.com;1904-10-03
Nelle;Maisey;Nelle.Maisey@yopmail.com;1997-05-19
Marita;Emmaline;Marita.Emmaline@yopmail.com;1997-05-18
Jerry;Louanna;Jerry.Louanna@yopmail.com;1904-03-24
Jennica;Ciapas;Jennica.Ciapas@yopmail.com;1990-04-26
Britni;Old;Britni.Old@yopmail.com;2007-11-02
Marylou;Posner;Marylou.Posner@yopmail.com;1996-10-20
Tori;Paine;Tori.Paine@yopmail.com;1998-11-09
Romona;Newell;Romona.Newell@yopmail.com;1967-12-09
Candy;Raychel;Candy.Raychel@yopmail.com;1952-02-06
Natka;Alwin;Natka.Alwin@yopmail.com;1916-07-31
Lita;Yorick;Lita.Yorick@yopmail.com;1992-10-27
Louella;Emerson;Louella.Emerson@yopmail.com;1913-12-06
Paola;Kannry;Paola.Kannry@yopmail.com;1945-03-17
Elmira;Lindemann;Elmira.Lindemann@yopmail.com;1935-08-22
Dari;Buckler;Dari.Buckler@yopmail.com;1957-05-23
Marika;Quent;Marika.Quent@yopmail.com;1976-03-01
Fanchon;Melony;Fanchon.Melony@yopmail.com;1936-08-21
Catrina;Havens;Catrina.Havens@yopmail.com;2007-04-19
Gerrie;Agle;Gerrie.Agle@yopmail.com;1965-11-09
Anallese;Gower;Anallese.Gower@yopmail.com;1912-10-06
Lanna;Germann;Lanna.Germann@yopmail.com;2004-11-25
Chandra;Sawtelle;Chandra.Sawtelle@yopmail.com;1955-10-13
Ricky;Lail;Ricky.Lail@yopmail.com;1903-05-08
Maurene;Mozelle;Maurene.Mozelle@yopmail.com;1944-08-06
Jessy;Si;Jessy.Si@yopmail.com;1999-10-25
Liana;Wooster;Liana.Wooster@yopmail.com;2015-10-31
Hermione;Borrell;Hermione.Borrell@yopmail.com;1936-12-15
Jacquetta;Carey;Jacquetta.Carey@yopmail.com;1999-11-27
Ekaterina;Baptlsta;Ekaterina.Baptlsta@yopmail.com;1961-09-04
Tatiania;Friede;Tatiania.Friede@yopmail.com;2006-10-19
Ketti;Raseda;Ketti.Raseda@yopmail.com;2007-03-08
Marnia;Hylan;Marnia.Hylan@yopmail.com;1968-10-31
Hermione;Truc;Hermione.Truc@yopmail.com;1967-08-26
Mireielle;Maurine;Mireielle.Maurine@yopmail.com;1982-04-16
Marguerite;Heisel;Marguerite.Heisel@yopmail.com;1916-01-31
Aimil;Noam;Aimil.Noam@yopmail.com;1971-12-18
Petronia;Carleen;Petronia.Carleen@yopmail.com;1980-12-24
Sissy;Alva;Sissy.Alva@yopmail.com;1930-09-30
Jemie;Ophelia;Jemie.Ophelia@yopmail.com;1963-07-07
Frank;Sheng;Frank.Sheng@yopmail.com;1907-10-17
Corly;Bergman;Corly.Bergman@yopmail.com;1956-01-16
Aeriela;Viddah;Aeriela.Viddah@yopmail.com;1951-10-30
Bee;Strephon;Bee.Strephon@yopmail.com;1935-11-27
Carmela;McNully;Carmela.McNully@yopmail.com;1938-05-10
Karlee;Swanhildas;Karlee.Swanhildas@yopmail.com;2019-12-20
Lynea;Bury;Lynea.Bury@yopmail.com;1976-06-22
Lynde;Noelyn;Lynde.Noelyn@yopmail.com;2014-12-15
Atlanta;Vivle;Atlanta.Vivle@yopmail.com;1940-04-12
Kerrin;Teddman;Kerrin.Teddman@yopmail.com;2017-09-23
Nanete;Madelene;Nanete.Madelene@yopmail.com;1982-01-03
Vinita;Han;Vinita.Han@yopmail.com;1955-03-14
Isa;Sandye;Isa.Sandye@yopmail.com;1979-05-16
Sarette;Millda;Sarette.Millda@yopmail.com;1912-03-16
Corina;Alfons;Corina.Alfons@yopmail.com;1939-04-11
Pearline;Francyne;Pearline.Francyne@yopmail.com;1905-11-03
Sandie;Fennessy;Sandie.Fennessy@yopmail.com;1925-06-24
Brooks;Wolfgram;Brooks.Wolfgram@yopmail.com;1914-12-03
Nananne;Johanna;Nananne.Johanna@yopmail.com;1914-02-07
Agnese;Hourigan;Agnese.Hourigan@yopmail.com;2016-12-08
Angela;Fosque;Angela.Fosque@yopmail.com;1974-02-26
Dawn;Chrystel;Dawn.Chrystel@yopmail.com;2000-05-08
Ebonee;Naashom;Ebonee.Naashom@yopmail.com;1953-04-24
Annora;Raimondo;Annora.Raimondo@yopmail.com;1992-04-27
Marinna;Simmonds;Marinna.Simmonds@yopmail.com;1923-12-18
Lenna;Gillan;Lenna.Gillan@yopmail.com;1940-07-26
Lizzie;Lea;Lizzie.Lea@yopmail.com;1991-04-26
Wynne;Stanwood;Wynne.Stanwood@yopmail.com;1935-03-03
Nessie;Regan;Nessie.Regan@yopmail.com;2000-04-07
Tomasina;Bivins;Tomasina.Bivins@yopmail.com;1927-03-23
Corina;Toni;Corina.Toni@yopmail.com;1910-08-01
Lorie;Carolin;Lorie.Carolin@yopmail.com;1937-05-27
Emelina;Jammal;Emelina.Jammal@yopmail.com;1903-04-07
Kamilah;Selway;Kamilah.Selway@yopmail.com;2002-08-28
Frank;Franza;Frank.Franza@yopmail.com;1947-12-05
Renie;Sidonius;Renie.Sidonius@yopmail.com;2015-10-11
Cristabel;Bord;Cristabel.Bord@yopmail.com;1919-12-22
Alia;Korey;Alia.Korey@yopmail.com;1955-08-22
Christal;Jefferey;Christal.Jefferey@yopmail.com;2016-01-18
Fernande;Nisbet;Fernande.Nisbet@yopmail.com;1960-08-23
Layla;Skell;Layla.Skell@yopmail.com;1918-09-08
Cherilyn;Sikorski;Cherilyn.Sikorski@yopmail.com;1938-09-25
Katleen;Azeria;Katleen.Azeria@yopmail.com;1928-12-11
Jaclyn;Calhoun;Jaclyn.Calhoun@yopmail.com;2016-09-29
Constance;Vernier;Constance.Vernier@yopmail.com;1984-08-08
Alyssa;Wandie;Alyssa.Wandie@yopmail.com;1911-11-11
Chere;LaRue;Chere.LaRue@yopmail.com;1903-01-30
Emma;Gunn;Emma.Gunn@yopmail.com;2002-12-19
Molli;Redmond;Molli.Redmond@yopmail.com;1992-04-17
Kathi;Astra;Kathi.Astra@yopmail.com;1922-11-16
Thalia;Havens;Thalia.Havens@yopmail.com;2019-01-27
Celestyna;Brian;Celestyna.Brian@yopmail.com;1978-03-12
Lauryn;Annice;Lauryn.Annice@yopmail.com;1924-06-12
Jasmina;Reidar;Jasmina.Reidar@yopmail.com;1904-06-26
Shauna;Ackerley;Shauna.Ackerley@yopmail.com;1928-10-21
Monika;Helfand;Monika.Helfand@yopmail.com;1952-02-03
Danika;Fitzsimmons;Danika.Fitzsimmons@yopmail.com;2013-01-01
Brietta;Euridice;Brietta.Euridice@yopmail.com;1919-08-01
Sissy;Boehike;Sissy.Boehike@yopmail.com;1995-07-03
Michaelina;Holtz;Michaelina.Holtz@yopmail.com;1957-01-07
Estell;Chrystel;Estell.Chrystel@yopmail.com;1935-02-03
Dagmar;Kolnick;Dagmar.Kolnick@yopmail.com;1909-01-11
Sean;Cressida;Sean.Cressida@yopmail.com;1961-05-18
Jany;Stevy;Jany.Stevy@yopmail.com;1956-05-10
Berta;Goode;Berta.Goode@yopmail.com;1980-08-07
Emylee;Douglass;Emylee.Douglass@yopmail.com;1915-06-18
Kenna;Lattie;Kenna.Lattie@yopmail.com;1910-04-25
Lindie;Modie;Lindie.Modie@yopmail.com;2007-06-28
Ekaterina;Crudden;Ekaterina.Crudden@yopmail.com;1949-02-12
Nataline;Neils;Nataline.Neils@yopmail.com;1972-04-28
Charissa;Cassius;Charissa.Cassius@yopmail.com;1906-09-28
Clo;Holbrook;Clo.Holbrook@yopmail.com;1912-06-03
Chandra;Loeb;Chandra.Loeb@yopmail.com;1914-11-21
Mireielle;Hachmin;Mireielle.Hachmin@yopmail.com;1989-12-22
Sharai;Kiersten;Sharai.Kiersten@yopmail.com;1920-02-07
Elise;Clie;Elise.Clie@yopmail.com;1965-10-07
Sharlene;Shuler;Sharlene.Shuler@yopmail.com;1982-07-16
Meg;Cutlerr;Meg.Cutlerr@yopmail.com;2018-06-15
Nataline;Merriott;Nataline.Merriott@yopmail.com;1928-01-30
Steffane;Monk;Steffane.Monk@yopmail.com;2002-09-07
Basia;Radu;Basia.Radu@yopmail.com;2014-08-19
Dominga;Hanleigh;Dominga.Hanleigh@yopmail.com;1982-04-29
Valli;Merna;Valli.Merna@yopmail.com;1999-06-22
Gretal;Cherianne;Gretal.Cherianne@yopmail.com;1910-10-08
Rosanne;Othilia;Rosanne.Othilia@yopmail.com;1930-05-16
Feliza;Korey;Feliza.Korey@yopmail.com;1900-12-07
Linet;Levey;Linet.Levey@yopmail.com;1977-11-17
Tina;Lorenz;Tina.Lorenz@yopmail.com;1931-04-14
Ardeen;Pyle;Ardeen.Pyle@yopmail.com;1902-09-16
Althea;Colleen;Althea.Colleen@yopmail.com;1946-04-26
Melanie;Bendick;Melanie.Bendick@yopmail.com;1987-07-08
Dawn;Suk;Dawn.Suk@yopmail.com;1951-09-12
Renie;Lilybelle;Renie.Lilybelle@yopmail.com;2018-05-09
Maridel;Teryn;Maridel.Teryn@yopmail.com;1934-07-09
Ann-Marie;Wadell;Ann-Marie.Wadell@yopmail.com;1992-04-22
Rori;Philoo;Rori.Philoo@yopmail.com;2013-11-08
Louella;Mathilde;Louella.Mathilde@yopmail.com;1919-10-01
Tybie;Dermott;Tybie.Dermott@yopmail.com;1962-06-07
Tierney;Wenda;Tierney.Wenda@yopmail.com;1975-07-01
Cherrita;Capello;Cherrita.Capello@yopmail.com;1942-05-06
Frieda;Cottle;Frieda.Cottle@yopmail.com;1930-08-21
Cristine;Donoghue;Cristine.Donoghue@yopmail.com;1918-11-24
Reeba;Janene;Reeba.Janene@yopmail.com;1902-01-20
Mariann;Chrystel;Mariann.Chrystel@yopmail.com;1926-11-25
Alejandra;Eldrid;Alejandra.Eldrid@yopmail.com;1950-12-20
Odessa;Norrie;Odessa.Norrie@yopmail.com;1999-01-28
Nicoli;Wareing;Nicoli.Wareing@yopmail.com;2014-10-05
Nanete;Koehler;Nanete.Koehler@yopmail.com;1991-11-21
Ida;Seligman;Ida.Seligman@yopmail.com;2016-03-19
Stevana;Leffen;Stevana.Leffen@yopmail.com;1963-11-23
Margette;LaRue;Margette.LaRue@yopmail.com;1992-07-29
Dede;Gualtiero;Dede.Gualtiero@yopmail.com;1945-06-26
Susan;Casimir;Susan.Casimir@yopmail.com;2010-10-02
Collen;Malina;Collen.Malina@yopmail.com;2005-11-11
Lisette;McGrody;Lisette.McGrody@yopmail.com;1953-04-25
Dominga;Gibbeon;Dominga.Gibbeon@yopmail.com;1933-07-22
Tobe;Gillan;Tobe.Gillan@yopmail.com;1988-05-02
Dania;Gunn;Dania.Gunn@yopmail.com;1975-05-10
Fina;Shelba;Fina.Shelba@yopmail.com;2000-03-14
Kristan;Standing;Kristan.Standing@yopmail.com;1932-09-15
Sophia;Vale;Sophia.Vale@yopmail.com;1985-04-09
Tiffie;Hirsch;Tiffie.Hirsch@yopmail.com;1980-07-18
Livvyy;Rese;Livvyy.Rese@yopmail.com;1910-01-21
Tilly;Nedrud;Tilly.Nedrud@yopmail.com;1937-01-09
Silvana;Tengdin;Silvana.Tengdin@yopmail.com;1963-02-19
Sibella;Tannie;Sibella.Tannie@yopmail.com;1939-10-08
Mariele;Sadowski;Mariele.Sadowski@yopmail.com;1926-09-22
Elmira;Fredi;Elmira.Fredi@yopmail.com;1934-01-29