firstname;lastname;email;Field Name
Georgina;Estella;Georgina.Estella@yopmail.com;1952-07-18
Gui;Trey;Gui.Trey@yopmail.com;1910-12-23
Zia;Joachim;Zia.Joachim@yopmail.com;2009-07-14
Lanae;Secrest;Lanae.Secrest@yopmail.com;1904-03-24
Imojean;Merna;Imojean.Merna@yopmail.com;1961-02-18
Jillayne;Jacinda;Jillayne.Jacinda@yopmail.com;1976-11-29
Dolli;Lipson;Dolli.Lipson@yopmail.com;1987-02-18
Kaja;Camden;Kaja.Camden@yopmail.com;1979-08-04
Alameda;Rheingold;Alameda.Rheingold@yopmail.com;2005-07-08
Donetta;Thar;Donetta.Thar@yopmail.com;1947-09-04
Atlanta;Briney;Atlanta.Briney@yopmail.com;1980-04-12
Halette;Emerson;Halette.Emerson@yopmail.com;1970-09-11
Fred;Olin;Fred.Olin@yopmail.com;1980-07-28
Deirdre;Haymes;Deirdre.Haymes@yopmail.com;1930-02-23
Nananne;Annabella;Nananne.Annabella@yopmail.com;1917-12-16
Cathyleen;Eliathas;Cathyleen.Eliathas@yopmail.com;1990-12-09
Jenilee;Magnolia;Jenilee.Magnolia@yopmail.com;1953-01-19
Donetta;Brunell;Donetta.Brunell@yopmail.com;1929-04-02
Brana;Burch;Brana.Burch@yopmail.com;2017-05-01
Johna;Wolfgram;Johna.Wolfgram@yopmail.com;1914-06-07
Nananne;Sawtelle;Nananne.Sawtelle@yopmail.com;1916-01-13
Codie;Tristram;Codie.Tristram@yopmail.com;1902-06-22
Dyann;Riordan;Dyann.Riordan@yopmail.com;1970-11-20
Claudina;Connelly;Claudina.Connelly@yopmail.com;2010-10-10
Dari;Payson;Dari.Payson@yopmail.com;1908-09-25
Priscilla;Roumell;Priscilla.Roumell@yopmail.com;1980-11-25
Elyssa;Croix;Elyssa.Croix@yopmail.com;1969-03-06
Gusty;Guildroy;Gusty.Guildroy@yopmail.com;1995-06-21
Adele;Merna;Adele.Merna@yopmail.com;1942-03-01
Liana;Louanna;Liana.Louanna@yopmail.com;1941-03-14
Caritta;Maisey;Caritta.Maisey@yopmail.com;1928-10-26
Edith;Gusella;Edith.Gusella@yopmail.com;1954-03-17
Aryn;Lamoree;Aryn.Lamoree@yopmail.com;1926-04-22
Jenilee;Atcliffe;Jenilee.Atcliffe@yopmail.com;1976-02-20
Nanete;Kathie;Nanete.Kathie@yopmail.com;1978-06-01
Shaylyn;Candy;Shaylyn.Candy@yopmail.com;1945-04-10
Kathi;Hurley;Kathi.Hurley@yopmail.com;1957-07-05
Rani;Soneson;Rani.Soneson@yopmail.com;1930-05-30
Bettine;Bates;Bettine.Bates@yopmail.com;1916-03-02
Dorene;Maroney;Dorene.Maroney@yopmail.com;1954-03-18
Belva;Esmaria;Belva.Esmaria@yopmail.com;2000-07-21
Chloris;Blake;Chloris.Blake@yopmail.com;1924-04-03
Krystle;Connelly;Krystle.Connelly@yopmail.com;1906-02-12
Nikki;Sharl;Nikki.Sharl@yopmail.com;1910-12-11
Lenna;Liva;Lenna.Liva@yopmail.com;1910-09-25
Lanna;Ferino;Lanna.Ferino@yopmail.com;1965-01-29
Gerianna;Stav;Gerianna.Stav@yopmail.com;1909-09-05
Ann-Marie;Jehu;Ann-Marie.Jehu@yopmail.com;2013-02-17
Raina;Bigner;Raina.Bigner@yopmail.com;1941-11-23
Selia;Naashom;Selia.Naashom@yopmail.com;1979-05-25
Evita;Hanshaw;Evita.Hanshaw@yopmail.com;2018-08-02
Madeleine;Adamsen;Madeleine.Adamsen@yopmail.com;1921-11-24
Jessamyn;Whiffen;Jessamyn.Whiffen@yopmail.com;1932-09-21
Rubie;Neva;Rubie.Neva@yopmail.com;1928-09-21
Ninnetta;Erlandson;Ninnetta.Erlandson@yopmail.com;2019-04-14
Meg;Lynn;Meg.Lynn@yopmail.com;1997-04-28
Ethel;Dominy;Ethel.Dominy@yopmail.com;1982-12-16
Letizia;Miru;Letizia.Miru@yopmail.com;2015-04-30
Jaime;MacIntosh;Jaime.MacIntosh@yopmail.com;1946-07-19
Margarette;Erskine;Margarette.Erskine@yopmail.com;1927-07-21
Dennie;Ciro;Dennie.Ciro@yopmail.com;1968-03-17
Robinia;Poll;Robinia.Poll@yopmail.com;2006-05-10
Lory;Sophronia;Lory.Sophronia@yopmail.com;1915-09-22
Thalia;Sperling;Thalia.Sperling@yopmail.com;1992-06-04
Lynnea;Morrill;Lynnea.Morrill@yopmail.com;1973-02-26
Ketti;Dreda;Ketti.Dreda@yopmail.com;1904-06-24
Desirae;Morehouse;Desirae.Morehouse@yopmail.com;1933-01-30
Siana;Alabaster;Siana.Alabaster@yopmail.com;1912-10-07
Celisse;Shaver;Celisse.Shaver@yopmail.com;1954-04-08
Nelle;Bow;Nelle.Bow@yopmail.com;1911-08-24
Myrtice;Morrill;Myrtice.Morrill@yopmail.com;1986-03-24
Nanete;Wareing;Nanete.Wareing@yopmail.com;1913-05-26
Hyacinthe;Darbie;Hyacinthe.Darbie@yopmail.com;2009-12-07
Madalyn;Forrer;Madalyn.Forrer@yopmail.com;1974-04-30
Kirbee;Korey;Kirbee.Korey@yopmail.com;2011-06-20
Ileana;Joseph;Ileana.Joseph@yopmail.com;1924-03-15
Sharai;Gamaliel;Sharai.Gamaliel@yopmail.com;1934-08-07
Ernesta;Bartlett;Ernesta.Bartlett@yopmail.com;1998-08-04
Tiffie;Bevin;Tiffie.Bevin@yopmail.com;1962-08-14
Kirbee;Bivins;Kirbee.Bivins@yopmail.com;2010-02-28
Mahalia;Malanie;Mahalia.Malanie@yopmail.com;1985-07-25
Beverley;Ricki;Beverley.Ricki@yopmail.com;1912-05-25
Dolli;Dorine;Dolli.Dorine@yopmail.com;1971-01-29
Angelique;Meli;Angelique.Meli@yopmail.com;1916-07-13
Romona;Fabiola;Romona.Fabiola@yopmail.com;1994-07-22
Nariko;Astra;Nariko.Astra@yopmail.com;2003-08-29
Janey;Tryck;Janey.Tryck@yopmail.com;2018-09-15
Evaleen;Kesley;Evaleen.Kesley@yopmail.com;1989-11-03
Corene;Ariella;Corene.Ariella@yopmail.com;1913-06-10
Bernie;Orlene;Bernie.Orlene@yopmail.com;1979-03-12
Audrie;Ricarda;Audrie.Ricarda@yopmail.com;1957-08-30
Malina;Urania;Malina.Urania@yopmail.com;1955-03-22
Chickie;Han;Chickie.Han@yopmail.com;1986-05-14
Aili;Winnick;Aili.Winnick@yopmail.com;2005-05-18
Olivette;Ruvolo;Olivette.Ruvolo@yopmail.com;1965-01-23
Dulce;Madox;Dulce.Madox@yopmail.com;2004-11-26
Katleen;Stav;Katleen.Stav@yopmail.com;1904-02-02
Damaris;Dannye;Damaris.Dannye@yopmail.com;1991-04-11
Ottilie;Greenwald;Ottilie.Greenwald@yopmail.com;1962-12-06
Shaylyn;Oscar;Shaylyn.Oscar@yopmail.com;1947-07-19
Jessy;Loring;Jessy.Loring@yopmail.com;1944-11-07
Frank;Rozanna;Frank.Rozanna@yopmail.com;1953-08-25
Merle;Linehan;Merle.Linehan@yopmail.com;1950-12-26
Desirae;Bury;Desirae.Bury@yopmail.com;1933-07-14
Angelique;Elephus;Angelique.Elephus@yopmail.com;1974-03-15
Courtnay;Lauraine;Courtnay.Lauraine@yopmail.com;1950-06-24
Roxane;Koziara;Roxane.Koziara@yopmail.com;1993-06-03
Kore;Karylin;Kore.Karylin@yopmail.com;1948-06-21
Lelah;Primalia;Lelah.Primalia@yopmail.com;2003-09-04
Wanda;Saint;Wanda.Saint@yopmail.com;1909-06-25
Grier;Nore;Grier.Nore@yopmail.com;1995-10-22
Sibella;Uund;Sibella.Uund@yopmail.com;1954-09-02
Regina;Caitlin;Regina.Caitlin@yopmail.com;2019-11-09
Gretal;Delila;Gretal.Delila@yopmail.com;1954-08-24
Gusty;Newell;Gusty.Newell@yopmail.com;1973-04-14
Philis;Amethist;Philis.Amethist@yopmail.com;1982-06-04
Lilith;Ferrell;Lilith.Ferrell@yopmail.com;2018-01-02
Cherilyn;Brodench;Cherilyn.Brodench@yopmail.com;1973-08-05
Priscilla;Glenden;Priscilla.Glenden@yopmail.com;1908-08-17
Libbie;Yate;Libbie.Yate@yopmail.com;1977-04-15
Kayla;Anyah;Kayla.Anyah@yopmail.com;1992-10-02
Rosabelle;Amand;Rosabelle.Amand@yopmail.com;1938-10-31
Tressa;Janene;Tressa.Janene@yopmail.com;1990-04-19
Roberta;Hoban;Roberta.Hoban@yopmail.com;1971-06-10
Etta;Fillbert;Etta.Fillbert@yopmail.com;1913-12-07
Fawne;Hylan;Fawne.Hylan@yopmail.com;2015-07-02
Dione;Longfellow;Dione.Longfellow@yopmail.com;1910-09-05
Laurene;Lauraine;Laurene.Lauraine@yopmail.com;2005-05-16
Nannie;Korey;Nannie.Korey@yopmail.com;1990-08-11
Madalyn;Kunin;Madalyn.Kunin@yopmail.com;2012-11-05
Tonia;Isidore;Tonia.Isidore@yopmail.com;1910-01-12
Karlee;Hull;Karlee.Hull@yopmail.com;1987-02-18
Tiffie;Sacken;Tiffie.Sacken@yopmail.com;1902-08-27
Brooks;Tristram;Brooks.Tristram@yopmail.com;2010-04-25
Lisette;Zeeba;Lisette.Zeeba@yopmail.com;1924-08-23
Kathi;Lenny;Kathi.Lenny@yopmail.com;1951-07-16
Juliane;Skell;Juliane.Skell@yopmail.com;1965-12-25
Etta;Wyn;Etta.Wyn@yopmail.com;1991-11-22
Delilah;Rona;Delilah.Rona@yopmail.com;1979-03-14
Ketti;Helve;Ketti.Helve@yopmail.com;1902-05-05
Emilia;Carey;Emilia.Carey@yopmail.com;1969-02-07
Cindelyn;Jobi;Cindelyn.Jobi@yopmail.com;2010-09-30
Rhea;Glenden;Rhea.Glenden@yopmail.com;1977-10-21
Ursulina;Meter;Ursulina.Meter@yopmail.com;1909-04-15
Annice;Corabella;Annice.Corabella@yopmail.com;1997-09-08
Marleah;Stephie;Marleah.Stephie@yopmail.com;1988-02-14
Lusa;Dowski;Lusa.Dowski@yopmail.com;2017-03-24
Lucille;Teryn;Lucille.Teryn@yopmail.com;1967-05-20
Mara;Karylin;Mara.Karylin@yopmail.com;1910-09-15
Maridel;Henebry;Maridel.Henebry@yopmail.com;1982-05-12
Quintina;Hilbert;Quintina.Hilbert@yopmail.com;1924-08-18
Tera;Hoban;Tera.Hoban@yopmail.com;1911-11-03
Viviene;Wadell;Viviene.Wadell@yopmail.com;1964-05-21
Giustina;Lane;Giustina.Lane@yopmail.com;2003-01-07
Claresta;Liebermann;Claresta.Liebermann@yopmail.com;2009-09-24
Mellicent;Ade;Mellicent.Ade@yopmail.com;1978-12-20
Felice;Naor;Felice.Naor@yopmail.com;1971-10-26
Krystle;Pierette;Krystle.Pierette@yopmail.com;1915-09-22
Nicoli;Lane;Nicoli.Lane@yopmail.com;1954-01-22
Maud;Terrence;Maud.Terrence@yopmail.com;1947-09-04
Konstance;Cookie;Konstance.Cookie@yopmail.com;1966-05-17
Stevana;Faro;Stevana.Faro@yopmail.com;1926-05-19
Adelle;Kare;Adelle.Kare@yopmail.com;1962-01-05
Lusa;Albertine;Lusa.Albertine@yopmail.com;1937-06-07
Alameda;Guthrie;Alameda.Guthrie@yopmail.com;2014-09-18
Deedee;Tannie;Deedee.Tannie@yopmail.com;1934-09-07
Gisela;Faria;Gisela.Faria@yopmail.com;1992-05-29
Petronia;Ashok;Petronia.Ashok@yopmail.com;1967-12-13
Suzette;Therine;Suzette.Therine@yopmail.com;1962-07-06
Emylee;Rebecka;Emylee.Rebecka@yopmail.com;1918-07-06
Nariko;LaRue;Nariko.LaRue@yopmail.com;1963-10-16
Meg;Martsen;Meg.Martsen@yopmail.com;1963-02-14
Dianemarie;Bashemeth;Dianemarie.Bashemeth@yopmail.com;1943-03-09
Valera;Pierette;Valera.Pierette@yopmail.com;1934-06-03
Asia;Rogerio;Asia.Rogerio@yopmail.com;1922-08-04
Gusty;Durante;Gusty.Durante@yopmail.com;1939-05-08
Edyth;Allina;Edyth.Allina@yopmail.com;1904-09-30
Alisha;Carvey;Alisha.Carvey@yopmail.com;1923-08-29
Beatriz;Zeeba;Beatriz.Zeeba@yopmail.com;1929-05-30
Fanchon;Beebe;Fanchon.Beebe@yopmail.com;1949-09-17
Fina;Zaslow;Fina.Zaslow@yopmail.com;1972-08-04
Edith;Georas;Edith.Georas@yopmail.com;1940-02-15
Lily;Loring;Lily.Loring@yopmail.com;1920-07-01
Margette;Cimbura;Margette.Cimbura@yopmail.com;1958-01-16
Tatiania;Elsinore;Tatiania.Elsinore@yopmail.com;1932-03-09
Moyna;Elo;Moyna.Elo@yopmail.com;1934-10-24
Chrystel;Papageno;Chrystel.Papageno@yopmail.com;1990-01-15
Hollie;Haerr;Hollie.Haerr@yopmail.com;1926-03-31
Starla;Haerr;Starla.Haerr@yopmail.com;1964-11-21
Dorthy;Alcott;Dorthy.Alcott@yopmail.com;1908-09-05
Caritta;Swigart;Caritta.Swigart@yopmail.com;2014-09-29
Lesly;Gilmour;Lesly.Gilmour@yopmail.com;1960-05-03
Wanda;Natica;Wanda.Natica@yopmail.com;1917-02-12
Trudie;Fredi;Trudie.Fredi@yopmail.com;2013-01-15
Evita;Albertine;Evita.Albertine@yopmail.com;1978-09-12
Belinda;Sisile;Belinda.Sisile@yopmail.com;2018-03-17
Bill;Chandler;Bill.Chandler@yopmail.com;1956-10-17
Frances;Ambrosia;Frances.Ambrosia@yopmail.com;1999-02-10
Kalina;Cottle;Kalina.Cottle@yopmail.com;1948-03-19
Sheree;Ammann;Sheree.Ammann@yopmail.com;1975-04-24
Gretal;Gillan;Gretal.Gillan@yopmail.com;1965-12-18
Vivia;Hirsch;Vivia.Hirsch@yopmail.com;1958-12-24
Sophia;Sacken;Sophia.Sacken@yopmail.com;1994-10-17
Corry;Ventre;Corry.Ventre@yopmail.com;1906-03-30
Georgetta;Letsou;Georgetta.Letsou@yopmail.com;1913-09-20
Winny;Ciro;Winny.Ciro@yopmail.com;2011-09-03
Charlena;Ball;Charlena.Ball@yopmail.com;1922-08-01
Stevana;Izaak;Stevana.Izaak@yopmail.com;1971-02-04
Nessie;Grosz;Nessie.Grosz@yopmail.com;1903-01-09
Elsie;Kazimir;Elsie.Kazimir@yopmail.com;1916-07-10
Olivette;Weaks;Olivette.Weaks@yopmail.com;1993-10-15
Ericka;Pelagias;Ericka.Pelagias@yopmail.com;1995-04-12
Aigneis;Gombach;Aigneis.Gombach@yopmail.com;1976-09-05
Marline;Nisbet;Marline.Nisbet@yopmail.com;1936-12-11
Catharine;Reneta;Catharine.Reneta@yopmail.com;1997-01-15
Lily;Meli;Lily.Meli@yopmail.com;1994-10-31
Helsa;Jammal;Helsa.Jammal@yopmail.com;1955-01-24
Glynnis;Pandolfi;Glynnis.Pandolfi@yopmail.com;1953-11-19
Esmeralda;Janith;Esmeralda.Janith@yopmail.com;1986-04-04
Olivette;Leonard;Olivette.Leonard@yopmail.com;1914-10-07
Renie;Cynar;Renie.Cynar@yopmail.com;1964-02-03
Gwenneth;Justinn;Gwenneth.Justinn@yopmail.com;1950-01-10
Fidelia;Zitvaa;Fidelia.Zitvaa@yopmail.com;1933-06-12
Teriann;Nickola;Teriann.Nickola@yopmail.com;1931-06-29
Ilse;Rocray;Ilse.Rocray@yopmail.com;1973-03-11
Sabina;Bertold;Sabina.Bertold@yopmail.com;1968-10-08
Carilyn;Elo;Carilyn.Elo@yopmail.com;1927-09-18
Berta;Jerold;Berta.Jerold@yopmail.com;1950-11-14
Cathie;Phi;Cathie.Phi@yopmail.com;1975-05-16
Lusa;Reinke;Lusa.Reinke@yopmail.com;1950-09-03
Jacenta;Schwejda;Jacenta.Schwejda@yopmail.com;1920-02-23
Sidoney;Lay;Sidoney.Lay@yopmail.com;1942-02-18
Rubie;Artie;Rubie.Artie@yopmail.com;1985-07-31
Fernande;Radu;Fernande.Radu@yopmail.com;1925-05-19
Robinia;Rolf;Robinia.Rolf@yopmail.com;1986-12-26
Jany;Kimmie;Jany.Kimmie@yopmail.com;1930-04-23
Fernande;Briney;Fernande.Briney@yopmail.com;1992-12-11
Celestyna;Skell;Celestyna.Skell@yopmail.com;1946-07-29
Shandie;Alfons;Shandie.Alfons@yopmail.com;1919-09-29
Viki;Olympium;Viki.Olympium@yopmail.com;1995-09-25
Darlleen;Plato;Darlleen.Plato@yopmail.com;1939-07-22
Lexine;Rubie;Lexine.Rubie@yopmail.com;1906-11-24
Courtnay;Odell;Courtnay.Odell@yopmail.com;1993-01-13
Zondra;Giule;Zondra.Giule@yopmail.com;1978-11-17
Bibby;Valoniah;Bibby.Valoniah@yopmail.com;2016-08-11
Halette;Plato;Halette.Plato@yopmail.com;1992-01-02
Tybie;Sibyls;Tybie.Sibyls@yopmail.com;1952-04-07
Isa;Adrienne;Isa.Adrienne@yopmail.com;1937-02-11
Annabela;Burnside;Annabela.Burnside@yopmail.com;1951-05-25
Teriann;O'Rourke;Teriann.O'Rourke@yopmail.com;1925-07-11
Nariko;Kravits;Nariko.Kravits@yopmail.com;1985-09-18
Lyssa;Nore;Lyssa.Nore@yopmail.com;1966-03-29
Odessa;Alabaster;Odessa.Alabaster@yopmail.com;1917-12-03
Maridel;Isacco;Maridel.Isacco@yopmail.com;1954-01-22
Corry;Hamil;Corry.Hamil@yopmail.com;1992-04-21
Hildegaard;Gombach;Hildegaard.Gombach@yopmail.com;1994-05-08
Roxane;Gino;Roxane.Gino@yopmail.com;1968-09-28
Latisha;Carvey;Latisha.Carvey@yopmail.com;1931-01-11
Neila;Tayib;Neila.Tayib@yopmail.com;1931-10-23
Pamella;Fax;Pamella.Fax@yopmail.com;1985-10-15
Elena;Garrison;Elena.Garrison@yopmail.com;1998-12-05
Lelah;Kimmie;Lelah.Kimmie@yopmail.com;1951-08-14
Kathy;Taam;Kathy.Taam@yopmail.com;1994-10-07
Ronna;Salchunas;Ronna.Salchunas@yopmail.com;1941-09-25
Kathi;Belanger;Kathi.Belanger@yopmail.com;1918-08-26
Etta;Wilona;Etta.Wilona@yopmail.com;1963-01-03
Fanny;Buckler;Fanny.Buckler@yopmail.com;1986-03-15
Joy;Amethist;Joy.Amethist@yopmail.com;1924-04-23
Maisey;Blisse;Maisey.Blisse@yopmail.com;1947-01-29
Patricia;Ferrell;Patricia.Ferrell@yopmail.com;1943-10-22
Kalina;Luhe;Kalina.Luhe@yopmail.com;1953-04-18
Sabina;Rillings;Sabina.Rillings@yopmail.com;1961-10-19
Blondelle;Hedve;Blondelle.Hedve@yopmail.com;1934-04-05
Mildrid;Hedve;Mildrid.Hedve@yopmail.com;1989-04-17
Myrtice;Weinreb;Myrtice.Weinreb@yopmail.com;1921-12-14
Vonny;Campball;Vonny.Campball@yopmail.com;1930-01-17
Jere;Lalitta;Jere.Lalitta@yopmail.com;1921-08-20
Libbie;Gunn;Libbie.Gunn@yopmail.com;1960-12-05
Beatriz;Chauncey;Beatriz.Chauncey@yopmail.com;1901-04-01
Marline;Ehrman;Marline.Ehrman@yopmail.com;1939-03-06
Coral;Pascia;Coral.Pascia@yopmail.com;1941-06-11
Zaria;Ortrude;Zaria.Ortrude@yopmail.com;2010-05-19
Lynea;Madaih;Lynea.Madaih@yopmail.com;1999-10-06
Trudie;Ellerey;Trudie.Ellerey@yopmail.com;1954-12-10
Belinda;Clara;Belinda.Clara@yopmail.com;1918-09-15
Fina;Constancy;Fina.Constancy@yopmail.com;1919-07-26
Edith;Bethany;Edith.Bethany@yopmail.com;2011-01-01
Jaime;Abbot;Jaime.Abbot@yopmail.com;1993-03-18
Althea;Sperling;Althea.Sperling@yopmail.com;2018-02-02
Nariko;Cecile;Nariko.Cecile@yopmail.com;1912-09-26
Mureil;Hazlett;Mureil.Hazlett@yopmail.com;1918-09-18
Althea;Ezar;Althea.Ezar@yopmail.com;1903-10-15
Nollie;Pearse;Nollie.Pearse@yopmail.com;2018-03-04
Carlie;Ietta;Carlie.Ietta@yopmail.com;1926-12-03
Tonia;Ferrell;Tonia.Ferrell@yopmail.com;1908-07-29
Dacia;Gert;Dacia.Gert@yopmail.com;1977-11-15
Nelle;Cookie;Nelle.Cookie@yopmail.com;1906-12-30
Ruthe;Skurnik;Ruthe.Skurnik@yopmail.com;1967-12-09
Mignon;Haymes;Mignon.Haymes@yopmail.com;1982-04-02
Madeleine;Candy;Madeleine.Candy@yopmail.com;2010-05-23
Margalo;Chandler;Margalo.Chandler@yopmail.com;1943-12-15
Latisha;Lunsford;Latisha.Lunsford@yopmail.com;1997-04-14
Caressa;Danby;Caressa.Danby@yopmail.com;1983-07-30
Kimmy;Euridice;Kimmy.Euridice@yopmail.com;1988-07-08
Ana;Ledah;Ana.Ledah@yopmail.com;1970-11-28
Ezmeralda;Corabella;Ezmeralda.Corabella@yopmail.com;1977-02-09
Lanna;Emerson;Lanna.Emerson@yopmail.com;1922-06-23
Dyann;Chandler;Dyann.Chandler@yopmail.com;1919-05-05
Eolanda;Darrell;Eolanda.Darrell@yopmail.com;1902-04-19
Helena;Fink;Helena.Fink@yopmail.com;1943-03-02
Joeann;Colbert;Joeann.Colbert@yopmail.com;1978-01-31
Dorothy;Naor;Dorothy.Naor@yopmail.com;1958-02-04
Audrie;Daveta;Audrie.Daveta@yopmail.com;1991-03-19
Linet;Lipson;Linet.Lipson@yopmail.com;1973-11-29
Melisent;Tillford;Melisent.Tillford@yopmail.com;1939-12-05
Fredericka;Nester;Fredericka.Nester@yopmail.com;2014-04-20
Desirae;Kare;Desirae.Kare@yopmail.com;1988-05-22
Nyssa;Valoniah;Nyssa.Valoniah@yopmail.com;1939-06-08
Dulce;Stover;Dulce.Stover@yopmail.com;1953-11-24
Nanete;Stuart;Nanete.Stuart@yopmail.com;1968-09-25
Jackie;Barrus;Jackie.Barrus@yopmail.com;2014-09-19
Dacia;Zachary;Dacia.Zachary@yopmail.com;1926-10-24
Elsie;Raama;Elsie.Raama@yopmail.com;1968-10-31
Yolane;Parsaye;Yolane.Parsaye@yopmail.com;1922-12-05
Nannie;Adrienne;Nannie.Adrienne@yopmail.com;1994-08-30
Zia;Concha;Zia.Concha@yopmail.com;1960-09-29
Marcelline;Ashok;Marcelline.Ashok@yopmail.com;1993-03-20
Minne;Jerold;Minne.Jerold@yopmail.com;1966-06-29
Ayn;Dulciana;Ayn.Dulciana@yopmail.com;2004-11-19
Eolanda;Zitvaa;Eolanda.Zitvaa@yopmail.com;1986-06-25
Trixi;Cullin;Trixi.Cullin@yopmail.com;1942-02-14
Wynne;Vary;Wynne.Vary@yopmail.com;2010-08-05
Ann-Marie;Clywd;Ann-Marie.Clywd@yopmail.com;1997-12-18
Teriann;Eckblad;Teriann.Eckblad@yopmail.com;1959-07-31
Thalia;Jary;Thalia.Jary@yopmail.com;1991-12-27
Babita;Colbert;Babita.Colbert@yopmail.com;1967-10-30
Cyndie;Terencio;Cyndie.Terencio@yopmail.com;1967-02-01
Eadie;Shuler;Eadie.Shuler@yopmail.com;2017-01-31
Orsola;Holtz;Orsola.Holtz@yopmail.com;2007-05-31
Lesly;Thar;Lesly.Thar@yopmail.com;1919-12-18
Hope;Kravits;Hope.Kravits@yopmail.com;1926-09-30
Theodora;Selway;Theodora.Selway@yopmail.com;1967-01-23
Antonietta;Edee;Antonietta.Edee@yopmail.com;1947-06-07
Eolanda;Norvol;Eolanda.Norvol@yopmail.com;1916-08-22
Kathy;Hartnett;Kathy.Hartnett@yopmail.com;1958-03-10
Goldie;Weide;Goldie.Weide@yopmail.com;1921-10-12
Alejandra;Graig;Alejandra.Graig@yopmail.com;1917-01-23
Gusella;Dearborn;Gusella.Dearborn@yopmail.com;1968-12-09
Josephine;Hermes;Josephine.Hermes@yopmail.com;1985-11-17
Myrtice;Creamer;Myrtice.Creamer@yopmail.com;1942-09-10
Gretal;Meli;Gretal.Meli@yopmail.com;1977-03-28
Lizzie;Ax;Lizzie.Ax@yopmail.com;1918-07-20
Jennica;Zitvaa;Jennica.Zitvaa@yopmail.com;1914-02-05
Tressa;Colyer;Tressa.Colyer@yopmail.com;1963-02-11
Dorthy;Isacco;Dorthy.Isacco@yopmail.com;1908-02-20
Nataline;Capello;Nataline.Capello@yopmail.com;1984-02-06
Viki;Toor;Viki.Toor@yopmail.com;1961-07-09
Abbie;Sherfield;Abbie.Sherfield@yopmail.com;1967-08-01
Elmira;Orlene;Elmira.Orlene@yopmail.com;2009-11-14
Brooks;Ferino;Brooks.Ferino@yopmail.com;1960-06-25
Ashlee;Dannye;Ashlee.Dannye@yopmail.com;2010-08-20
Lisette;Hortensia;Lisette.Hortensia@yopmail.com;1916-04-26
Sybille;Frodi;Sybille.Frodi@yopmail.com;1965-04-20
Ann-Marie;Old;Ann-Marie.Old@yopmail.com;1950-04-22
Dominga;Croix;Dominga.Croix@yopmail.com;1905-06-19
Luci;Toffic;Luci.Toffic@yopmail.com;2005-12-12
Paola;Kare;Paola.Kare@yopmail.com;1913-11-05
Misha;MacIntosh;Misha.MacIntosh@yopmail.com;2007-01-28
Max;Charity;Max.Charity@yopmail.com;1905-06-01
Basia;Hailee;Basia.Hailee@yopmail.com;1974-04-03
Hope;Pascia;Hope.Pascia@yopmail.com;1965-01-26
Felice;Hylan;Felice.Hylan@yopmail.com;2013-12-21
Emelina;Tremayne;Emelina.Tremayne@yopmail.com;1970-08-05
Daune;Hamil;Daune.Hamil@yopmail.com;1922-02-04
Shirlee;Carri;Shirlee.Carri@yopmail.com;1967-09-29
Elvira;Screens;Elvira.Screens@yopmail.com;1973-05-29
Lonnie;Gregrory;Lonnie.Gregrory@yopmail.com;2009-05-26
Sandie;Cottle;Sandie.Cottle@yopmail.com;1980-10-15
Sharlene;Weinreb;Sharlene.Weinreb@yopmail.com;1949-09-21
Christal;Knowling;Christal.Knowling@yopmail.com;1999-05-06
Tilly;Teddman;Tilly.Teddman@yopmail.com;1928-12-03
Annaliese;My;Annaliese.My@yopmail.com;1910-06-11
Olwen;Azeria;Olwen.Azeria@yopmail.com;1943-05-17
Minda;Rosemary;Minda.Rosemary@yopmail.com;1968-07-27
Benita;Haerr;Benita.Haerr@yopmail.com;1900-12-30
Consuela;Morrill;Consuela.Morrill@yopmail.com;1935-08-31
Lenna;Taima;Lenna.Taima@yopmail.com;1950-03-04
Jeanna;Japeth;Jeanna.Japeth@yopmail.com;1913-06-23
Helena;Herrera;Helena.Herrera@yopmail.com;1984-12-13
Brynna;Wiener;Brynna.Wiener@yopmail.com;2013-01-20
Wilma;Diann;Wilma.Diann@yopmail.com;2001-07-01
Ana;Pip;Ana.Pip@yopmail.com;2011-06-25
Tersina;Hollingsworth;Tersina.Hollingsworth@yopmail.com;1909-12-02
Taffy;Corilla;Taffy.Corilla@yopmail.com;1941-04-11
Belva;Zola;Belva.Zola@yopmail.com;1925-05-08
Kaia;Rheingold;Kaia.Rheingold@yopmail.com;1925-05-20
Jacenta;Robertson;Jacenta.Robertson@yopmail.com;2018-11-04
Christy;Argus;Christy.Argus@yopmail.com;2011-07-04
Augustine;Toor;Augustine.Toor@yopmail.com;1968-10-17
Gratia;Telfer;Gratia.Telfer@yopmail.com;1943-04-16
Sonni;Ummersen;Sonni.Ummersen@yopmail.com;1956-05-24
Bettine;Carleen;Bettine.Carleen@yopmail.com;1939-08-16
Fawne;Arathorn;Fawne.Arathorn@yopmail.com;1924-06-18
Lizzie;Joseph;Lizzie.Joseph@yopmail.com;1978-01-19
Kellen;Lucienne;Kellen.Lucienne@yopmail.com;1984-12-05
Paola;Ashely;Paola.Ashely@yopmail.com;1904-07-22
Dawn;Suzetta;Dawn.Suzetta@yopmail.com;1901-07-19
Kathy;Moseley;Kathy.Moseley@yopmail.com;1954-04-05
Marleah;Vastah;Marleah.Vastah@yopmail.com;1920-07-12
Nessie;Uund;Nessie.Uund@yopmail.com;1913-05-23
Elise;Mike;Elise.Mike@yopmail.com;1942-02-28
Gretal;Tengdin;Gretal.Tengdin@yopmail.com;1952-09-04
Linzy;Brenn;Linzy.Brenn@yopmail.com;1974-12-14
Alie;Gerge;Alie.Gerge@yopmail.com;1987-08-25
Morganica;Celestine;Morganica.Celestine@yopmail.com;1912-01-01
Brana;Adamsen;Brana.Adamsen@yopmail.com;1961-11-05
Pollyanna;Mich;Pollyanna.Mich@yopmail.com;1906-05-19
Chickie;Sammons;Chickie.Sammons@yopmail.com;1916-10-28
Jsandye;Berl;Jsandye.Berl@yopmail.com;1900-01-22
Fredericka;Francene;Fredericka.Francene@yopmail.com;1911-10-13
Ingrid;Torray;Ingrid.Torray@yopmail.com;2008-01-15
Ashlee;Allys;Ashlee.Allys@yopmail.com;1999-12-12
Courtnay;Stav;Courtnay.Stav@yopmail.com;1976-05-05
Celestyna;Anton;Celestyna.Anton@yopmail.com;1917-03-19
Myriam;Amethist;Myriam.Amethist@yopmail.com;1987-07-21
Jaime;Braun;Jaime.Braun@yopmail.com;1935-05-11
Janenna;Braun;Janenna.Braun@yopmail.com;2012-01-18
Selma;Carvey;Selma.Carvey@yopmail.com;1953-04-08
Janeczka;Payson;Janeczka.Payson@yopmail.com;1955-09-06
Vita;Sadowski;Vita.Sadowski@yopmail.com;1947-08-26
Laurene;Yoko;Laurene.Yoko@yopmail.com;1905-07-01
Kerrin;Dreda;Kerrin.Dreda@yopmail.com;1962-09-05
Karina;Colbert;Karina.Colbert@yopmail.com;1967-04-20
Gavrielle;Klemperer;Gavrielle.Klemperer@yopmail.com;1994-11-28
Berget;Milde;Berget.Milde@yopmail.com;2008-05-06
Kial;Edmund;Kial.Edmund@yopmail.com;1903-11-30
Amii;Toni;Amii.Toni@yopmail.com;2017-10-07
Marylou;Charmine;Marylou.Charmine@yopmail.com;1988-04-26
Lynnea;Anis;Lynnea.Anis@yopmail.com;1987-04-18
Chickie;Aurelio;Chickie.Aurelio@yopmail.com;1911-09-14
Zondra;Douglass;Zondra.Douglass@yopmail.com;1978-08-04
Ruthe;Casimir;Ruthe.Casimir@yopmail.com;1940-01-20
Lisette;Papageno;Lisette.Papageno@yopmail.com;1900-06-03
Jacquetta;Maiah;Jacquetta.Maiah@yopmail.com;1929-05-11
Antonietta;Helfand;Antonietta.Helfand@yopmail.com;1917-08-11
Fred;Fadiman;Fred.Fadiman@yopmail.com;2014-05-27
Karina;Lanita;Karina.Lanita@yopmail.com;1947-04-21
Ayn;Krystle;Ayn.Krystle@yopmail.com;2015-02-26
Ivett;Douglass;Ivett.Douglass@yopmail.com;1958-09-06
Heddie;Keelia;Heddie.Keelia@yopmail.com;1978-12-21
Dari;Kermit;Dari.Kermit@yopmail.com;1965-09-24
Alejandra;Ilka;Alejandra.Ilka@yopmail.com;1958-10-23
Verla;Raama;Verla.Raama@yopmail.com;1951-02-16
Cassondra;Lynn;Cassondra.Lynn@yopmail.com;1929-03-19
Carly;Aprile;Carly.Aprile@yopmail.com;1949-02-07
Tami;Nisbet;Tami.Nisbet@yopmail.com;1914-01-10
Britni;Borrell;Britni.Borrell@yopmail.com;1952-04-02
Kristan;Stanwood;Kristan.Stanwood@yopmail.com;1981-01-25
Marti;Isidore;Marti.Isidore@yopmail.com;2016-04-20
Malina;Gahl;Malina.Gahl@yopmail.com;1996-03-11
Maridel;Cleo;Maridel.Cleo@yopmail.com;1976-10-07
Romona;Parette;Romona.Parette@yopmail.com;1908-02-08
Jaclyn;Rona;Jaclyn.Rona@yopmail.com;2005-12-17
Pamella;Weitman;Pamella.Weitman@yopmail.com;1972-10-08
Karly;Irmine;Karly.Irmine@yopmail.com;2000-04-19
Rosanne;Belanger;Rosanne.Belanger@yopmail.com;2012-05-06
Ethel;Lilas;Ethel.Lilas@yopmail.com;1922-05-30
Letizia;Armanda;Letizia.Armanda@yopmail.com;2000-12-27
Jaclyn;Gwenore;Jaclyn.Gwenore@yopmail.com;1945-10-03
Maridel;Jary;Maridel.Jary@yopmail.com;2012-10-19
Annabela;Roche;Annabela.Roche@yopmail.com;1922-05-30
Alleen;Tippets;Alleen.Tippets@yopmail.com;2016-05-16
Madelle;Palocz;Madelle.Palocz@yopmail.com;2017-02-14
Sandie;Barrus;Sandie.Barrus@yopmail.com;2019-10-06
Hayley;Yusuk;Hayley.Yusuk@yopmail.com;1985-06-16
Ana;Septima;Ana.Septima@yopmail.com;2019-12-28
Leeanne;Thilda;Leeanne.Thilda@yopmail.com;2014-05-22
Asia;Pattin;Asia.Pattin@yopmail.com;2015-05-31
Ruthe;Ovid;Ruthe.Ovid@yopmail.com;1954-08-18
Rubie;Kronfeld;Rubie.Kronfeld@yopmail.com;1995-04-02
Orsola;Eben;Orsola.Eben@yopmail.com;2011-10-24
Coral;Catie;Coral.Catie@yopmail.com;2014-11-18
Nataline;Rese;Nataline.Rese@yopmail.com;1937-03-09
Annaliese;Minetta;Annaliese.Minetta@yopmail.com;1945-08-22
Bernardine;Kamaria;Bernardine.Kamaria@yopmail.com;1923-07-17
Neila;Tomasina;Neila.Tomasina@yopmail.com;2004-12-11
Lucille;Seessel;Lucille.Seessel@yopmail.com;2003-02-18
Hyacinthe;Dahlia;Hyacinthe.Dahlia@yopmail.com;2003-02-11
Alleen;Gilbertson;Alleen.Gilbertson@yopmail.com;1930-08-19
Modestia;Seagraves;Modestia.Seagraves@yopmail.com;1938-09-12
Oona;Skurnik;Oona.Skurnik@yopmail.com;1967-01-13
Wilma;Rodmann;Wilma.Rodmann@yopmail.com;1951-10-10
Beverley;Ehrman;Beverley.Ehrman@yopmail.com;1925-05-12
Viki;Ledah;Viki.Ledah@yopmail.com;1902-08-09
Elyssa;Armanda;Elyssa.Armanda@yopmail.com;1993-09-06
Fanny;Lamoree;Fanny.Lamoree@yopmail.com;1955-05-16
Justinn;An;Justinn.An@yopmail.com;1961-07-19
Wanda;Toor;Wanda.Toor@yopmail.com;1971-02-12
Vanessa;Norvol;Vanessa.Norvol@yopmail.com;2012-09-24
Margette;Odysseus;Margette.Odysseus@yopmail.com;2001-11-18
Aurelie;Cristi;Aurelie.Cristi@yopmail.com;1902-01-20
Elena;Goode;Elena.Goode@yopmail.com;1992-12-21
Aaren;Cyrie;Aaren.Cyrie@yopmail.com;1928-05-10
Riannon;Penelopa;Riannon.Penelopa@yopmail.com;1971-11-06
Teddie;Mendez;Teddie.Mendez@yopmail.com;1964-11-13
Raf;Kiersten;Raf.Kiersten@yopmail.com;1965-05-14
Molli;Tamsky;Molli.Tamsky@yopmail.com;1907-05-02
Adore;Justinn;Adore.Justinn@yopmail.com;1987-06-03
Correy;Ledah;Correy.Ledah@yopmail.com;2004-05-15
Annecorinne;Erskine;Annecorinne.Erskine@yopmail.com;1939-02-02
Sam;Milson;Sam.Milson@yopmail.com;1977-04-02
Farrah;Corilla;Farrah.Corilla@yopmail.com;1951-12-21
Blake;Pearse;Blake.Pearse@yopmail.com;1920-08-21
Marcelline;Dyche;Marcelline.Dyche@yopmail.com;1974-12-13
Konstance;Revkah;Konstance.Revkah@yopmail.com;1927-11-27
Merle;Marden;Merle.Marden@yopmail.com;1923-12-26
Jemie;Narton;Jemie.Narton@yopmail.com;1991-02-23
Orelia;Bonilla;Orelia.Bonilla@yopmail.com;1967-02-19
Lelah;Even;Lelah.Even@yopmail.com;1994-10-12
Clary;Elsinore;Clary.Elsinore@yopmail.com;1921-04-13
Phylis;Pierette;Phylis.Pierette@yopmail.com;1933-05-14
Deloria;Paton;Deloria.Paton@yopmail.com;1936-03-15
Elsie;Fry;Elsie.Fry@yopmail.com;1926-04-13
Jaime;Ailyn;Jaime.Ailyn@yopmail.com;1951-06-22
Maryellen;Tamar;Maryellen.Tamar@yopmail.com;1961-10-06
Danny;O'Neill;Danny.O'Neill@yopmail.com;1927-03-04
Claresta;Maroney;Claresta.Maroney@yopmail.com;1945-08-10
Carlie;Jerald;Carlie.Jerald@yopmail.com;1972-08-31
Maye;Nunci;Maye.Nunci@yopmail.com;1935-09-29
Petronia;Damarra;Petronia.Damarra@yopmail.com;1971-08-30
Annabela;Melleta;Annabela.Melleta@yopmail.com;1982-09-25
Gretal;Breed;Gretal.Breed@yopmail.com;2003-10-10
Moyna;Engdahl;Moyna.Engdahl@yopmail.com;1960-09-12
Aeriela;Peti;Aeriela.Peti@yopmail.com;1978-05-01
Rubie;Nikaniki;Rubie.Nikaniki@yopmail.com;1973-03-02
Ilse;Delp;Ilse.Delp@yopmail.com;2006-11-07
Anica;Hanleigh;Anica.Hanleigh@yopmail.com;1971-04-13
Tilly;Schroth;Tilly.Schroth@yopmail.com;1965-02-27
Evita;Ummersen;Evita.Ummersen@yopmail.com;1952-09-21
Phedra;Elephus;Phedra.Elephus@yopmail.com;2003-10-26
Nataline;Belldas;Nataline.Belldas@yopmail.com;2011-04-16
Pollyanna;Artie;Pollyanna.Artie@yopmail.com;1908-03-18
Therine;Cohdwell;Therine.Cohdwell@yopmail.com;1960-03-17
Gertrud;Socha;Gertrud.Socha@yopmail.com;1960-09-21
Paulita;Jess;Paulita.Jess@yopmail.com;1980-05-27
Kamilah;Sherrie;Kamilah.Sherrie@yopmail.com;1914-08-13
Dyann;Berriman;Dyann.Berriman@yopmail.com;1935-04-18
Gerrie;Rocray;Gerrie.Rocray@yopmail.com;2016-10-08
Rosanne;Winthorpe;Rosanne.Winthorpe@yopmail.com;1983-05-13
Margalo;Dimitris;Margalo.Dimitris@yopmail.com;1980-09-21
Viki;Gower;Viki.Gower@yopmail.com;1966-07-03
Fayre;Grayce;Fayre.Grayce@yopmail.com;1931-03-11
Amalie;Lumbard;Amalie.Lumbard@yopmail.com;1920-05-10
Shell;Wandie;Shell.Wandie@yopmail.com;1998-06-28
Tersina;Joeann;Tersina.Joeann@yopmail.com;1926-04-17
Alejandra;Glovsky;Alejandra.Glovsky@yopmail.com;1986-04-24
Belva;Lymann;Belva.Lymann@yopmail.com;1975-10-27
Reeba;Hylan;Reeba.Hylan@yopmail.com;1928-10-13
Desirae;Adore;Desirae.Adore@yopmail.com;1987-06-04
Eolanda;Behre;Eolanda.Behre@yopmail.com;1979-08-15
Jeanna;Quent;Jeanna.Quent@yopmail.com;1995-07-24
Catrina;Phyllis;Catrina.Phyllis@yopmail.com;1900-09-25
Bernie;Edvard;Bernie.Edvard@yopmail.com;1983-08-20
Elsie;Grobe;Elsie.Grobe@yopmail.com;1920-04-21
Jacenta;Standing;Jacenta.Standing@yopmail.com;1971-10-23
Tressa;Ricki;Tressa.Ricki@yopmail.com;1934-05-18
Farrah;Lasley;Farrah.Lasley@yopmail.com;1971-06-13
Emma;Holbrook;Emma.Holbrook@yopmail.com;2012-11-21
Lexine;Muriel;Lexine.Muriel@yopmail.com;1991-05-11
Ida;Giff;Ida.Giff@yopmail.com;1911-06-09
Brena;Goth;Brena.Goth@yopmail.com;1982-06-20
Rivalee;Reneta;Rivalee.Reneta@yopmail.com;1914-01-18
Caressa;Flita;Caressa.Flita@yopmail.com;1903-11-21
Sashenka;Milde;Sashenka.Milde@yopmail.com;1915-11-18
Kamilah;Agle;Kamilah.Agle@yopmail.com;1919-12-25
Perry;Means;Perry.Means@yopmail.com;1905-05-21
Philis;Morgun;Philis.Morgun@yopmail.com;1971-11-16
Taffy;Zaslow;Taffy.Zaslow@yopmail.com;1996-04-16
Riannon;Adore;Riannon.Adore@yopmail.com;1968-10-28
Justinn;Anyah;Justinn.Anyah@yopmail.com;1930-05-21
Barbi;Shields;Barbi.Shields@yopmail.com;2015-11-30
Janeczka;Elvyn;Janeczka.Elvyn@yopmail.com;1970-10-15
Gisela;Chabot;Gisela.Chabot@yopmail.com;1928-06-07
Sophia;Karna;Sophia.Karna@yopmail.com;1987-02-22
Gabriellia;McGrody;Gabriellia.McGrody@yopmail.com;2013-04-06
Elora;Erb;Elora.Erb@yopmail.com;1921-04-26
Pearline;Gert;Pearline.Gert@yopmail.com;2011-05-04
Cyndie;Quent;Cyndie.Quent@yopmail.com;1930-06-07
Elbertina;Dyche;Elbertina.Dyche@yopmail.com;1926-07-29
Beatriz;Daveta;Beatriz.Daveta@yopmail.com;1907-01-08
Aeriela;Quinn;Aeriela.Quinn@yopmail.com;2004-06-02
Dari;Hamil;Dari.Hamil@yopmail.com;1987-12-03
Deane;Kendrick;Deane.Kendrick@yopmail.com;1921-03-13
Blake;Junie;Blake.Junie@yopmail.com;1964-06-21
Johna;Brodench;Johna.Brodench@yopmail.com;1948-02-28
Lindie;Lilas;Lindie.Lilas@yopmail.com;1977-12-17
Ginnie;Gladstone;Ginnie.Gladstone@yopmail.com;1928-07-12
Winny;Carvey;Winny.Carvey@yopmail.com;1947-05-18
Ricky;Melan;Ricky.Melan@yopmail.com;1957-11-20
Cristine;Dowski;Cristine.Dowski@yopmail.com;2013-09-23
Lita;Girardo;Lita.Girardo@yopmail.com;1980-09-08
Robbi;Xerxes;Robbi.Xerxes@yopmail.com;1912-06-02
Fawne;Buckler;Fawne.Buckler@yopmail.com;1986-04-17
Tybie;Jena;Tybie.Jena@yopmail.com;1941-02-18
Shauna;Brian;Shauna.Brian@yopmail.com;1973-09-07
Janis;Poppy;Janis.Poppy@yopmail.com;1990-04-03
Kristan;Bord;Kristan.Bord@yopmail.com;1950-05-19
Raf;Rona;Raf.Rona@yopmail.com;2014-05-06
Albertina;Dosia;Albertina.Dosia@yopmail.com;1959-03-20
Kimberley;Palocz;Kimberley.Palocz@yopmail.com;2005-10-12
Antonietta;Cloris;Antonietta.Cloris@yopmail.com;2012-11-06
Tani;Yoko;Tani.Yoko@yopmail.com;1989-07-23
Randa;Herrera;Randa.Herrera@yopmail.com;1908-01-22
Kalina;Chapland;Kalina.Chapland@yopmail.com;1991-08-02
Audrie;Tristram;Audrie.Tristram@yopmail.com;1940-02-24
Devina;Carri;Devina.Carri@yopmail.com;1973-05-22
Gianina;Bord;Gianina.Bord@yopmail.com;1983-08-11
Melodie;Delp;Melodie.Delp@yopmail.com;1902-03-06
Mallory;McAdams;Mallory.McAdams@yopmail.com;1905-09-29
Talya;Wind;Talya.Wind@yopmail.com;1903-11-22
Susette;Delp;Susette.Delp@yopmail.com;1985-09-13
Glynnis;Morrill;Glynnis.Morrill@yopmail.com;1905-04-02
Linet;Markman;Linet.Markman@yopmail.com;1993-09-12
Monika;Stanwood;Monika.Stanwood@yopmail.com;1983-02-05
Sue;Schalles;Sue.Schalles@yopmail.com;2011-12-22
Annora;Terrence;Annora.Terrence@yopmail.com;1923-03-01
Paulita;Gino;Paulita.Gino@yopmail.com;1998-09-20
Antonietta;Seagraves;Antonietta.Seagraves@yopmail.com;1943-07-03
Cacilie;Wyn;Cacilie.Wyn@yopmail.com;1958-10-18
Liana;Candy;Liana.Candy@yopmail.com;2015-02-18
Pierette;Ciapas;Pierette.Ciapas@yopmail.com;1944-04-04
Kylynn;Poll;Kylynn.Poll@yopmail.com;1981-05-21
Gratia;Waldron;Gratia.Waldron@yopmail.com;1906-01-19
Ilse;Malvino;Ilse.Malvino@yopmail.com;1976-03-29
Oona;Korey;Oona.Korey@yopmail.com;1943-05-21
Esmeralda;Sancho;Esmeralda.Sancho@yopmail.com;1991-04-06
Robbi;Lea;Robbi.Lea@yopmail.com;2003-07-03
Harmonia;Chaing;Harmonia.Chaing@yopmail.com;1974-01-03
Sara-Ann;Hermes;Sara-Ann.Hermes@yopmail.com;1964-01-06
Janis;Kylander;Janis.Kylander@yopmail.com;1980-06-04
Layla;Korey;Layla.Korey@yopmail.com;2011-03-02
Camile;Koehler;Camile.Koehler@yopmail.com;1930-03-31
Tamqrah;Durante;Tamqrah.Durante@yopmail.com;1952-02-01
Robbi;Johnsson;Robbi.Johnsson@yopmail.com;1943-07-09
Katleen;Guthrie;Katleen.Guthrie@yopmail.com;1999-01-05
Alia;Rubie;Alia.Rubie@yopmail.com;1952-07-29
Joceline;Harday;Joceline.Harday@yopmail.com;1957-12-23
Ethel;Mehalek;Ethel.Mehalek@yopmail.com;1941-04-19
Joeann;Huggins;Joeann.Huggins@yopmail.com;1934-11-23
Ermengarde;Ellord;Ermengarde.Ellord@yopmail.com;2018-03-24
Esmeralda;Pearse;Esmeralda.Pearse@yopmail.com;1918-05-18
Elena;Orelee;Elena.Orelee@yopmail.com;1922-11-30
Letizia;Sasnett;Letizia.Sasnett@yopmail.com;1972-02-04
Kirstin;Ralfston;Kirstin.Ralfston@yopmail.com;1923-03-22
Ilse;Kenney;Ilse.Kenney@yopmail.com;1919-09-05
Wileen;Morehouse;Wileen.Morehouse@yopmail.com;1930-05-05
Augustine;Oriana;Augustine.Oriana@yopmail.com;1987-08-29
Calla;Cyrie;Calla.Cyrie@yopmail.com;1980-07-21
Devina;Noelyn;Devina.Noelyn@yopmail.com;2007-06-10
Paulita;Klemperer;Paulita.Klemperer@yopmail.com;2016-02-06
Elbertina;Amasa;Elbertina.Amasa@yopmail.com;1954-05-24
Tomasina;Garek;Tomasina.Garek@yopmail.com;1976-01-10
Dorthy;Gahl;Dorthy.Gahl@yopmail.com;2013-08-17
Hildegaard;Jorgan;Hildegaard.Jorgan@yopmail.com;1938-03-20
Isa;Dreda;Isa.Dreda@yopmail.com;1944-03-05
Sybille;Chaing;Sybille.Chaing@yopmail.com;1985-10-02
Sashenka;Chandler;Sashenka.Chandler@yopmail.com;1961-01-23
Lily;Nerita;Lily.Nerita@yopmail.com;2016-04-07
Joane;Alcott;Joane.Alcott@yopmail.com;1948-05-29
Nickie;Maroney;Nickie.Maroney@yopmail.com;1933-09-11
Etta;Alcott;Etta.Alcott@yopmail.com;1925-11-09
Cristabel;Bohlin;Cristabel.Bohlin@yopmail.com;1923-08-09
Mara;Hieronymus;Mara.Hieronymus@yopmail.com;1969-12-04
Frances;Tengdin;Frances.Tengdin@yopmail.com;1981-10-23
Alejandra;Ledah;Alejandra.Ledah@yopmail.com;1958-12-21
Florencia;Clywd;Florencia.Clywd@yopmail.com;1933-01-17
Daphne;Whittaker;Daphne.Whittaker@yopmail.com;1996-05-13
Lorne;Toffic;Lorne.Toffic@yopmail.com;1946-01-27
Shell;Herrera;Shell.Herrera@yopmail.com;1949-01-29
Carolina;Masao;Carolina.Masao@yopmail.com;1976-04-02
Deedee;Dudley;Deedee.Dudley@yopmail.com;2011-08-22
Leeanne;Elvyn;Leeanne.Elvyn@yopmail.com;1933-12-12
Valera;Cordi;Valera.Cordi@yopmail.com;1952-04-11
Alisha;Baylor;Alisha.Baylor@yopmail.com;1922-06-13
Leeanne;Gillan;Leeanne.Gillan@yopmail.com;1904-08-12
Cherrita;Pierette;Cherrita.Pierette@yopmail.com;2014-07-14
Gabi;Kolnick;Gabi.Kolnick@yopmail.com;1979-10-10
Farrah;Faria;Farrah.Faria@yopmail.com;1904-03-22
Merci;Sawtelle;Merci.Sawtelle@yopmail.com;2004-02-28
Lory;Oscar;Lory.Oscar@yopmail.com;1925-10-04
Ilse;Kauppi;Ilse.Kauppi@yopmail.com;1925-04-16
Tamqrah;Damarra;Tamqrah.Damarra@yopmail.com;1908-06-12
Mireielle;Adamsen;Mireielle.Adamsen@yopmail.com;1921-10-30
Elie;Anton;Elie.Anton@yopmail.com;1994-06-28
Mamie;Chabot;Mamie.Chabot@yopmail.com;1926-08-13
Anallese;Marden;Anallese.Marden@yopmail.com;1986-06-02
Liana;Hewitt;Liana.Hewitt@yopmail.com;1975-12-18
Paola;Lay;Paola.Lay@yopmail.com;2006-06-13
Cyndie;Riva;Cyndie.Riva@yopmail.com;1942-02-18
Marita;Lumbard;Marita.Lumbard@yopmail.com;1986-08-27
Annaliese;Chapland;Annaliese.Chapland@yopmail.com;1979-11-16
Claresta;Edmund;Claresta.Edmund@yopmail.com;1903-04-24
Juliane;Delila;Juliane.Delila@yopmail.com;2003-01-11
Mamie;Montgomery;Mamie.Montgomery@yopmail.com;1981-03-22
Jacquetta;Reneta;Jacquetta.Reneta@yopmail.com;1945-11-27
Nollie;Liebermann;Nollie.Liebermann@yopmail.com;2009-05-23
Selma;Crudden;Selma.Crudden@yopmail.com;1982-12-21
Mireielle;Miru;Mireielle.Miru@yopmail.com;2009-11-08
Belva;Gwenore;Belva.Gwenore@yopmail.com;1955-11-09
Shaine;Dichy;Shaine.Dichy@yopmail.com;1989-12-12
Hannis;Laverne;Hannis.Laverne@yopmail.com;1966-06-10
Doralynne;Dominy;Doralynne.Dominy@yopmail.com;2011-04-28
Christian;Iphlgenia;Christian.Iphlgenia@yopmail.com;1999-07-25
Libbie;Elbertina;Libbie.Elbertina@yopmail.com;2004-03-26
Allyce;Telfer;Allyce.Telfer@yopmail.com;1979-03-25
Meriel;Jena;Meriel.Jena@yopmail.com;2007-02-12
Nadine;Mitzi;Nadine.Mitzi@yopmail.com;2011-04-07
Vevay;Pascia;Vevay.Pascia@yopmail.com;1907-01-25
Coral;Ioab;Coral.Ioab@yopmail.com;1947-12-08
Bobbi;Korey;Bobbi.Korey@yopmail.com;1934-11-02
Raf;Trey;Raf.Trey@yopmail.com;1996-11-30
Sindee;Weitman;Sindee.Weitman@yopmail.com;1953-12-26
Georgina;Autrey;Georgina.Autrey@yopmail.com;1926-05-08
Codie;Verger;Codie.Verger@yopmail.com;1932-12-28
Brietta;Buffum;Brietta.Buffum@yopmail.com;1924-08-23
Vita;Cleavland;Vita.Cleavland@yopmail.com;1907-08-13
Livvyy;Chick;Livvyy.Chick@yopmail.com;1935-11-21
Kenna;Neva;Kenna.Neva@yopmail.com;2016-09-22
Aubrie;Melleta;Aubrie.Melleta@yopmail.com;1990-06-13
Glynnis;Sperling;Glynnis.Sperling@yopmail.com;1961-08-01
Morganica;Wesle;Morganica.Wesle@yopmail.com;2015-01-10
Raf;Goth;Raf.Goth@yopmail.com;1949-01-09
Kayla;Bury;Kayla.Bury@yopmail.com;1957-05-31
Di;Campball;Di.Campball@yopmail.com;1915-01-21
Berget;Albertine;Berget.Albertine@yopmail.com;1986-08-01
Almeta;Nelsen;Almeta.Nelsen@yopmail.com;1906-10-27
Steffane;Ietta;Steffane.Ietta@yopmail.com;1931-11-27
Di;Screens;Di.Screens@yopmail.com;1970-04-30
Concettina;Dunkin;Concettina.Dunkin@yopmail.com;1920-04-25
Rivalee;Roarke;Rivalee.Roarke@yopmail.com;2005-02-24
Andeee;Martsen;Andeee.Martsen@yopmail.com;2009-11-08
Fina;Richers;Fina.Richers@yopmail.com;2012-11-25
Sissy;Oster;Sissy.Oster@yopmail.com;1900-03-18
Micheline;Yorick;Micheline.Yorick@yopmail.com;1915-12-26
Etta;Eben;Etta.Eben@yopmail.com;1972-08-01
Sybille;Engdahl;Sybille.Engdahl@yopmail.com;1902-08-24
Jan;Raul;Jan.Raul@yopmail.com;1908-05-04
Mamie;Vary;Mamie.Vary@yopmail.com;1975-04-11
Helena;Bronk;Helena.Bronk@yopmail.com;2009-03-29
Netty;Liebermann;Netty.Liebermann@yopmail.com;1985-07-26
Jere;Santoro;Jere.Santoro@yopmail.com;1968-03-29
Pollyanna;Gaal;Pollyanna.Gaal@yopmail.com;1931-06-20
Deirdre;Rurik;Deirdre.Rurik@yopmail.com;1982-05-30
Merci;Ogren;Merci.Ogren@yopmail.com;1949-09-22
Lacie;Whiffen;Lacie.Whiffen@yopmail.com;1959-12-11
Siana;Korey;Siana.Korey@yopmail.com;1901-12-16
Cherilyn;Sholley;Cherilyn.Sholley@yopmail.com;1918-01-17
Krystle;Sallyann;Krystle.Sallyann@yopmail.com;2001-01-20
Wynne;Amand;Wynne.Amand@yopmail.com;1943-06-02
Berget;Raychel;Berget.Raychel@yopmail.com;1946-12-30
Kylynn;Fink;Kylynn.Fink@yopmail.com;1956-07-07
Dari;Sammons;Dari.Sammons@yopmail.com;1933-04-26
Myrtice;Pip;Myrtice.Pip@yopmail.com;1907-09-13
Marleah;Nance;Marleah.Nance@yopmail.com;1912-03-01
Kary;Hessler;Kary.Hessler@yopmail.com;1919-10-22
Mureil;Nore;Mureil.Nore@yopmail.com;1917-05-14
Brianna;Eachern;Brianna.Eachern@yopmail.com;1926-09-11
Corina;Artie;Corina.Artie@yopmail.com;1915-01-20
Sheelagh;Corrine;Sheelagh.Corrine@yopmail.com;1992-09-01
Olwen;Pacorro;Olwen.Pacorro@yopmail.com;1933-01-17
Christian;Dituri;Christian.Dituri@yopmail.com;1966-05-25
Genovera;Thornburg;Genovera.Thornburg@yopmail.com;2013-09-06
Nikki;Freddi;Nikki.Freddi@yopmail.com;1925-02-19
Priscilla;Publia;Priscilla.Publia@yopmail.com;1916-03-18
Sean;Mitzi;Sean.Mitzi@yopmail.com;1974-03-07
Cissiee;Madaih;Cissiee.Madaih@yopmail.com;1996-05-11
Carilyn;Schwejda;Carilyn.Schwejda@yopmail.com;1930-01-06
Demetris;Nelsen;Demetris.Nelsen@yopmail.com;1923-03-23
Aeriela;Chesna;Aeriela.Chesna@yopmail.com;2016-02-03
Livvyy;Kolnick;Livvyy.Kolnick@yopmail.com;1977-01-09
Marti;Vernier;Marti.Vernier@yopmail.com;1913-10-09
Charissa;Alfons;Charissa.Alfons@yopmail.com;1945-09-12
Roseline;Koziara;Roseline.Koziara@yopmail.com;1900-10-11
Viviene;Hylan;Viviene.Hylan@yopmail.com;1925-10-09
Iseabal;O'Carroll;Iseabal.O'Carroll@yopmail.com;1996-05-10
Kellen;Dash;Kellen.Dash@yopmail.com;1919-09-25
Cathyleen;Erlandson;Cathyleen.Erlandson@yopmail.com;1940-05-19
Wileen;Redmond;Wileen.Redmond@yopmail.com;1925-07-13
Marnia;Melleta;Marnia.Melleta@yopmail.com;1969-03-11
Randa;Gregrory;Randa.Gregrory@yopmail.com;1936-11-30
Cacilie;Milson;Cacilie.Milson@yopmail.com;2006-11-26
Amalie;Stanwood;Amalie.Stanwood@yopmail.com;1961-06-08
Aurore;Merell;Aurore.Merell@yopmail.com;1965-03-12
Averyl;Georgy;Averyl.Georgy@yopmail.com;1914-09-08
Ericka;Percy;Ericka.Percy@yopmail.com;1994-06-18
Cam;Justinn;Cam.Justinn@yopmail.com;1914-12-29
Desirae;Tillford;Desirae.Tillford@yopmail.com;1932-12-08
Alyssa;Vale;Alyssa.Vale@yopmail.com;1960-08-11
Celisse;Darbie;Celisse.Darbie@yopmail.com;1985-11-17
Jany;Socha;Jany.Socha@yopmail.com;2005-05-13
Wilma;Liva;Wilma.Liva@yopmail.com;1993-10-26
Veda;Harriman;Veda.Harriman@yopmail.com;1965-09-17
Joeann;Bendick;Joeann.Bendick@yopmail.com;1979-09-07
Tracey;McAdams;Tracey.McAdams@yopmail.com;1975-11-17
Michaelina;Tjon;Michaelina.Tjon@yopmail.com;1963-01-10
Esmeralda;Ammann;Esmeralda.Ammann@yopmail.com;1952-03-08
Tonia;Madox;Tonia.Madox@yopmail.com;1950-04-29
Lisette;Klemperer;Lisette.Klemperer@yopmail.com;1941-12-29
Frank;Delp;Frank.Delp@yopmail.com;1984-10-10
Maurene;Standing;Maurene.Standing@yopmail.com;1976-05-09
Lolita;Hazlett;Lolita.Hazlett@yopmail.com;1938-12-24
Gilda;Baylor;Gilda.Baylor@yopmail.com;1957-09-08
Maud;Saint;Maud.Saint@yopmail.com;1975-03-12
Edee;Tamar;Edee.Tamar@yopmail.com;1939-09-26
Lily;Cornelia;Lily.Cornelia@yopmail.com;2007-07-07
Genevra;Dalli;Genevra.Dalli@yopmail.com;1945-09-21
Natka;Dawkins;Natka.Dawkins@yopmail.com;1920-02-08
Rosabelle;Alice;Rosabelle.Alice@yopmail.com;1927-09-22
Karolina;Bandeen;Karolina.Bandeen@yopmail.com;1973-03-10
Genovera;Telfer;Genovera.Telfer@yopmail.com;1968-03-11
Trudie;Nerita;Trudie.Nerita@yopmail.com;1919-11-01
Lorne;Kesley;Lorne.Kesley@yopmail.com;1982-09-09
Kial;Durware;Kial.Durware@yopmail.com;1941-06-22
Oona;Telfer;Oona.Telfer@yopmail.com;1979-03-26
Paola;Travax;Paola.Travax@yopmail.com;1940-06-29
Phedra;Celestine;Phedra.Celestine@yopmail.com;1951-03-13
Mariele;Ezar;Mariele.Ezar@yopmail.com;1932-03-15
Giustina;Matthew;Giustina.Matthew@yopmail.com;1997-12-17
Eolanda;Nance;Eolanda.Nance@yopmail.com;1910-06-09
Lucille;Helfand;Lucille.Helfand@yopmail.com;2002-08-19
Berget;Fosque;Berget.Fosque@yopmail.com;1988-11-30
Tressa;Wenoa;Tressa.Wenoa@yopmail.com;1911-06-24
Shauna;Juan;Shauna.Juan@yopmail.com;1985-06-16
Alisha;Alice;Alisha.Alice@yopmail.com;1983-02-25
Marleah;Elvyn;Marleah.Elvyn@yopmail.com;2017-05-11
Cordi;Vilma;Cordi.Vilma@yopmail.com;2010-04-17
Kara-Lynn;Ophelia;Kara-Lynn.Ophelia@yopmail.com;1993-05-25
Allis;Avi;Allis.Avi@yopmail.com;1972-06-26
Claresta;Hebner;Claresta.Hebner@yopmail.com;1944-06-29
Clarice;Leifeste;Clarice.Leifeste@yopmail.com;1951-07-25
Leia;Mullane;Leia.Mullane@yopmail.com;1952-07-29
Georgetta;Pitt;Georgetta.Pitt@yopmail.com;1952-04-29
Dominga;Land;Dominga.Land@yopmail.com;1909-03-08
Eve;Hewitt;Eve.Hewitt@yopmail.com;1986-01-15
Silvana;Clywd;Silvana.Clywd@yopmail.com;1906-06-16
Lanna;Emmaline;Lanna.Emmaline@yopmail.com;1985-03-09
Barbara;Iaverne;Barbara.Iaverne@yopmail.com;1913-10-08
Gui;Moseley;Gui.Moseley@yopmail.com;1985-07-04
Clarice;Talia;Clarice.Talia@yopmail.com;2000-12-09
Jessy;Ursulette;Jessy.Ursulette@yopmail.com;1950-08-19
Tarra;Ciapas;Tarra.Ciapas@yopmail.com;1980-01-21
Susan;Ilka;Susan.Ilka@yopmail.com;1960-10-18
Winifred;Nerita;Winifred.Nerita@yopmail.com;1930-12-25
Leanna;Mauer;Leanna.Mauer@yopmail.com;1906-02-16
Brena;Vittoria;Brena.Vittoria@yopmail.com;1967-04-27
Leona;Tjon;Leona.Tjon@yopmail.com;2000-09-08
Fernande;Kussell;Fernande.Kussell@yopmail.com;1975-01-04
Catrina;Desai;Catrina.Desai@yopmail.com;1924-05-03
Berta;Stacy;Berta.Stacy@yopmail.com;1987-04-28
Ashlee;Gerge;Ashlee.Gerge@yopmail.com;1903-03-06
Aubrie;Cadmar;Aubrie.Cadmar@yopmail.com;1983-12-15
Jorry;Beniamino;Jorry.Beniamino@yopmail.com;1955-07-15
Mildrid;Tacye;Mildrid.Tacye@yopmail.com;1960-02-19
Sidoney;Fillbert;Sidoney.Fillbert@yopmail.com;1976-12-22
Genevra;Joeann;Genevra.Joeann@yopmail.com;1966-01-11
Mireielle;Chesna;Mireielle.Chesna@yopmail.com;2007-08-07
Doralynne;Sadowski;Doralynne.Sadowski@yopmail.com;1983-01-24
Estell;Ashok;Estell.Ashok@yopmail.com;1990-12-19
Frieda;Abernon;Frieda.Abernon@yopmail.com;1960-08-14
Ilse;Ivens;Ilse.Ivens@yopmail.com;1951-05-07
Danika;Dyche;Danika.Dyche@yopmail.com;1934-07-17
Kylynn;Andrel;Kylynn.Andrel@yopmail.com;1932-02-01
Minda;Ricki;Minda.Ricki@yopmail.com;1917-12-25
Brandise;Gordon;Brandise.Gordon@yopmail.com;1956-06-02
Robinia;Jerold;Robinia.Jerold@yopmail.com;1946-08-05
Cassandra;Rheingold;Cassandra.Rheingold@yopmail.com;1943-09-26
Michaelina;Aida;Michaelina.Aida@yopmail.com;1965-01-11
Sibella;Fry;Sibella.Fry@yopmail.com;1963-05-15
Viviene;Sundin;Viviene.Sundin@yopmail.com;1975-01-29
Hettie;Chesna;Hettie.Chesna@yopmail.com;2015-09-20
Renae;Hilbert;Renae.Hilbert@yopmail.com;1920-07-04
Fred;Annabella;Fred.Annabella@yopmail.com;1958-07-15
Christy;Atonsah;Christy.Atonsah@yopmail.com;1961-01-18
Melanie;Sigfrid;Melanie.Sigfrid@yopmail.com;1934-11-22
Myrtice;Daegal;Myrtice.Daegal@yopmail.com;1920-08-04
Kamilah;Bibi;Kamilah.Bibi@yopmail.com;1915-09-29
Starla;Gaulin;Starla.Gaulin@yopmail.com;1986-06-07
Janis;Ruvolo;Janis.Ruvolo@yopmail.com;1970-09-13
Elfreda;Tippets;Elfreda.Tippets@yopmail.com;1967-11-02
Nicoli;Laverne;Nicoli.Laverne@yopmail.com;1945-12-03
Annora;An;Annora.An@yopmail.com;1987-06-30
Lucille;Ellord;Lucille.Ellord@yopmail.com;1965-09-22
Marleah;Carmena;Marleah.Carmena@yopmail.com;1950-03-13
Joceline;Wadell;Joceline.Wadell@yopmail.com;1904-10-30
Anthia;Vacuva;Anthia.Vacuva@yopmail.com;1958-05-14
Veda;Lacombe;Veda.Lacombe@yopmail.com;1913-03-28
Max;Monaco;Max.Monaco@yopmail.com;1927-03-24
Vanessa;Hoban;Vanessa.Hoban@yopmail.com;1992-08-28
Catharine;Dalli;Catharine.Dalli@yopmail.com;1981-09-16
Olivette;Fry;Olivette.Fry@yopmail.com;1985-08-24
Elvira;Freddi;Elvira.Freddi@yopmail.com;1926-10-19
Ruthe;Bronk;Ruthe.Bronk@yopmail.com;2019-08-06
Jere;Belanger;Jere.Belanger@yopmail.com;1983-02-12
Alleen;Alcott;Alleen.Alcott@yopmail.com;1974-12-12
Zaria;Hessler;Zaria.Hessler@yopmail.com;1971-12-07
Gertrud;Shaver;Gertrud.Shaver@yopmail.com;1926-03-09
Libbie;Alrich;Libbie.Alrich@yopmail.com;1926-05-19
Madalyn;Ludewig;Madalyn.Ludewig@yopmail.com;1973-07-19
Deedee;Terrence;Deedee.Terrence@yopmail.com;1914-02-20
Dari;Swanhildas;Dari.Swanhildas@yopmail.com;1980-02-19
Selma;Ader;Selma.Ader@yopmail.com;2005-01-06
Vanessa;Laurianne;Vanessa.Laurianne@yopmail.com;1953-11-04
Roberta;Nadia;Roberta.Nadia@yopmail.com;1998-12-17
Brooks;Narton;Brooks.Narton@yopmail.com;1991-08-03
Kamilah;Cutlerr;Kamilah.Cutlerr@yopmail.com;1982-05-29
Jennica;Ariella;Jennica.Ariella@yopmail.com;1937-09-28
Ingrid;Dichy;Ingrid.Dichy@yopmail.com;1948-08-04
Feliza;Sinegold;Feliza.Sinegold@yopmail.com;1941-10-22
Drucie;Khorma;Drucie.Khorma@yopmail.com;1954-12-04
Carolina;Kat;Carolina.Kat@yopmail.com;2008-09-29
Cherrita;Sheng;Cherrita.Sheng@yopmail.com;1913-06-12
Peri;Kress;Peri.Kress@yopmail.com;1968-01-25
Fredericka;Ader;Fredericka.Ader@yopmail.com;1945-11-09
Joleen;Alice;Joleen.Alice@yopmail.com;2008-11-28
Elmira;Erminia;Elmira.Erminia@yopmail.com;1935-12-05
Ronna;Eckblad;Ronna.Eckblad@yopmail.com;1919-04-28
Kirbee;Ball;Kirbee.Ball@yopmail.com;2014-10-01
Isa;Therine;Isa.Therine@yopmail.com;1975-11-25
Renae;Robertson;Renae.Robertson@yopmail.com;1965-06-12
Brandise;Dielu;Brandise.Dielu@yopmail.com;2000-11-11
Jessy;Sparhawk;Jessy.Sparhawk@yopmail.com;1987-11-03
Jordan;Lemuela;Jordan.Lemuela@yopmail.com;1969-03-20
Jackie;Berard;Jackie.Berard@yopmail.com;1963-08-04
Kirstin;Haerr;Kirstin.Haerr@yopmail.com;1953-07-07
Raina;Sherfield;Raina.Sherfield@yopmail.com;1902-09-05
Olivette;Orelee;Olivette.Orelee@yopmail.com;1956-07-11
Juliane;Leonard;Juliane.Leonard@yopmail.com;1947-04-18
Adore;Lacombe;Adore.Lacombe@yopmail.com;1925-10-25
Silvana;Lilas;Silvana.Lilas@yopmail.com;1909-03-02
Phylis;Drus;Phylis.Drus@yopmail.com;1976-07-10
Di;Juliet;Di.Juliet@yopmail.com;1904-11-30
Betta;Shuler;Betta.Shuler@yopmail.com;1909-12-18
Emelina;Elo;Emelina.Elo@yopmail.com;1990-08-10
Marita;Torray;Marita.Torray@yopmail.com;1955-10-13
Ronna;Oscar;Ronna.Oscar@yopmail.com;1930-06-28
Chloris;Phaidra;Chloris.Phaidra@yopmail.com;1957-07-10
Dennie;Karna;Dennie.Karna@yopmail.com;1986-01-26
Hallie;Georas;Hallie.Georas@yopmail.com;1954-05-11
Christal;Tryck;Christal.Tryck@yopmail.com;1942-03-05
Andeee;Chrystel;Andeee.Chrystel@yopmail.com;1913-10-09
Rayna;Olin;Rayna.Olin@yopmail.com;1919-06-05
Sallie;Ranjiv;Sallie.Ranjiv@yopmail.com;1967-10-26
Mady;Uird;Mady.Uird@yopmail.com;1927-10-28
Magdalena;Merell;Magdalena.Merell@yopmail.com;2017-06-16
Tera;Lowry;Tera.Lowry@yopmail.com;1940-08-05
Olivette;Hewitt;Olivette.Hewitt@yopmail.com;1942-12-20
Aurore;Maiah;Aurore.Maiah@yopmail.com;1940-07-04
Elka;Posner;Elka.Posner@yopmail.com;2015-05-13
Elmira;Kaja;Elmira.Kaja@yopmail.com;1913-07-24
Abbie;Cosenza;Abbie.Cosenza@yopmail.com;1970-07-16
Vanessa;Wyn;Vanessa.Wyn@yopmail.com;1994-01-01
Kimmy;Zina;Kimmy.Zina@yopmail.com;1959-05-04
Henriette;Shelba;Henriette.Shelba@yopmail.com;1941-05-11
Carol-Jean;Ciapas;Carol-Jean.Ciapas@yopmail.com;1963-07-19
Veda;Yorick;Veda.Yorick@yopmail.com;1900-07-13
Patricia;Alejoa;Patricia.Alejoa@yopmail.com;1945-01-20
Celisse;Persse;Celisse.Persse@yopmail.com;1950-12-29
Iseabal;Odell;Iseabal.Odell@yopmail.com;1920-11-04
Sabina;Linehan;Sabina.Linehan@yopmail.com;2012-12-06
Karina;Kenwood;Karina.Kenwood@yopmail.com;1969-12-15
Konstance;Gerge;Konstance.Gerge@yopmail.com;1941-07-15
Caressa;Kannry;Caressa.Kannry@yopmail.com;2005-07-27
Gerrie;Emmaline;Gerrie.Emmaline@yopmail.com;1990-07-01
Rozele;Arley;Rozele.Arley@yopmail.com;1921-04-06
Cordi;Yate;Cordi.Yate@yopmail.com;1997-12-12
Zsa Zsa;Nelsen;Zsa Zsa.Nelsen@yopmail.com;1900-08-15
Daphne;Flita;Daphne.Flita@yopmail.com;1916-08-04
Vinita;Noelyn;Vinita.Noelyn@yopmail.com;1903-03-01
Maud;Lemuela;Maud.Lemuela@yopmail.com;1994-03-31
Ebonee;Kirbee;Ebonee.Kirbee@yopmail.com;1921-10-18
Ashlee;Gusella;Ashlee.Gusella@yopmail.com;1986-01-28
Trudie;Palocz;Trudie.Palocz@yopmail.com;2003-01-27
Halette;Elephus;Halette.Elephus@yopmail.com;2014-12-09
Jennica;Carvey;Jennica.Carvey@yopmail.com;1922-12-12
Gratia;Fosque;Gratia.Fosque@yopmail.com;1925-01-02
Dagmar;Santoro;Dagmar.Santoro@yopmail.com;1930-08-01
Vita;Nikaniki;Vita.Nikaniki@yopmail.com;2010-10-29
Max;Longfellow;Max.Longfellow@yopmail.com;2007-04-12
Louella;Nunci;Louella.Nunci@yopmail.com;1989-02-26
Damaris;Braun;Damaris.Braun@yopmail.com;1925-06-07
Kathy;Whiffen;Kathy.Whiffen@yopmail.com;1948-10-22
Daryl;Fairweather;Daryl.Fairweather@yopmail.com;1930-05-19
Wilma;Xerxes;Wilma.Xerxes@yopmail.com;1906-06-18
Marjie;Hachmin;Marjie.Hachmin@yopmail.com;1927-09-12
Chandra;Catie;Chandra.Catie@yopmail.com;1962-08-09
Jsandye;Rebecka;Jsandye.Rebecka@yopmail.com;1971-01-02
Adriana;Trace;Adriana.Trace@yopmail.com;1932-10-26
Eugine;Newell;Eugine.Newell@yopmail.com;1938-11-29
Brandise;Gale;Brandise.Gale@yopmail.com;1905-03-03
Max;Klotz;Max.Klotz@yopmail.com;1934-08-05