firstname;lastname;email;Field Name
Latisha;Verger;Latisha.Verger@yopmail.com;1987-02-24
Brooks;Belanger;Brooks.Belanger@yopmail.com;1992-10-26
Jinny;Jary;Jinny.Jary@yopmail.com;2006-02-20
Mamie;Rona;Mamie.Rona@yopmail.com;1932-10-12
Ingrid;Goerke;Ingrid.Goerke@yopmail.com;1951-01-05
Gianina;Medrek;Gianina.Medrek@yopmail.com;1992-04-20
Lorne;Myrilla;Lorne.Myrilla@yopmail.com;1967-06-06
Kathi;Alrich;Kathi.Alrich@yopmail.com;2010-07-09
Amara;Jillane;Amara.Jillane@yopmail.com;1919-09-14
Gale;Whittaker;Gale.Whittaker@yopmail.com;2009-10-24
Myriam;Armanda;Myriam.Armanda@yopmail.com;1995-06-27
Evita;Philipp;Evita.Philipp@yopmail.com;2011-11-26
Margette;Hanshaw;Margette.Hanshaw@yopmail.com;1963-01-17
Linet;Thomasina;Linet.Thomasina@yopmail.com;1979-10-20
Giustina;Auberbach;Giustina.Auberbach@yopmail.com;1933-12-15
Brooks;Wattenberg;Brooks.Wattenberg@yopmail.com;1999-05-31
Elfreda;Cosenza;Elfreda.Cosenza@yopmail.com;1966-02-06
Nollie;Niccolo;Nollie.Niccolo@yopmail.com;1951-05-22
Lanna;Jotham;Lanna.Jotham@yopmail.com;1911-04-04
Karena;Pacorro;Karena.Pacorro@yopmail.com;1973-07-27
Selma;Sigfrid;Selma.Sigfrid@yopmail.com;1916-11-03
Lynde;Gavrila;Lynde.Gavrila@yopmail.com;1948-08-07
Ardeen;Silvan;Ardeen.Silvan@yopmail.com;1949-02-15
Sybille;Sekofski;Sybille.Sekofski@yopmail.com;1969-05-31
Cissiee;Yoko;Cissiee.Yoko@yopmail.com;1979-01-12
Tani;Rosalba;Tani.Rosalba@yopmail.com;1931-10-27
Valera;Colbert;Valera.Colbert@yopmail.com;1910-12-12
Beverley;Munn;Beverley.Munn@yopmail.com;1910-07-26
Minda;Lubin;Minda.Lubin@yopmail.com;1938-11-16
Ana;Engdahl;Ana.Engdahl@yopmail.com;2006-01-13
Bernardine;Kevon;Bernardine.Kevon@yopmail.com;1910-04-03
Ayn;Noam;Ayn.Noam@yopmail.com;1915-10-10
Lolita;Leifeste;Lolita.Leifeste@yopmail.com;1905-12-17
Peri;Quent;Peri.Quent@yopmail.com;1980-12-05
Kirbee;Tice;Kirbee.Tice@yopmail.com;1956-02-08
Minda;Suanne;Minda.Suanne@yopmail.com;1954-08-28
Cassandra;Doig;Cassandra.Doig@yopmail.com;1957-03-05
Edyth;Nunci;Edyth.Nunci@yopmail.com;1904-06-10
Korrie;Strephon;Korrie.Strephon@yopmail.com;1974-07-23
Rubie;Larochelle;Rubie.Larochelle@yopmail.com;1930-06-30
Courtnay;Ricarda;Courtnay.Ricarda@yopmail.com;2007-07-25
Annaliese;Kazimir;Annaliese.Kazimir@yopmail.com;1990-06-11
Roseline;Schalles;Roseline.Schalles@yopmail.com;1939-01-07
Bill;Levey;Bill.Levey@yopmail.com;1960-05-31
Pierette;Sisile;Pierette.Sisile@yopmail.com;1937-07-31
Dominga;Fulmer;Dominga.Fulmer@yopmail.com;1967-10-10
Brana;Radu;Brana.Radu@yopmail.com;1915-02-05
Ann-Marie;Vanni;Ann-Marie.Vanni@yopmail.com;1938-02-09
Adriana;Natica;Adriana.Natica@yopmail.com;1931-11-18
Peri;Whittaker;Peri.Whittaker@yopmail.com;2016-11-19
Iseabal;Bigner;Iseabal.Bigner@yopmail.com;2015-08-15
Alie;Kinnard;Alie.Kinnard@yopmail.com;1937-12-14
Eadie;Primalia;Eadie.Primalia@yopmail.com;2000-11-19
Nadine;Natica;Nadine.Natica@yopmail.com;1991-12-31
Dotty;Kevon;Dotty.Kevon@yopmail.com;1925-02-10
Stevana;Saree;Stevana.Saree@yopmail.com;1943-09-17
Ninnetta;Loeb;Ninnetta.Loeb@yopmail.com;1965-08-23
Claudina;Darian;Claudina.Darian@yopmail.com;1906-05-14
Vivia;Lewes;Vivia.Lewes@yopmail.com;2019-01-12
June;Valoniah;June.Valoniah@yopmail.com;1972-08-10
Wanda;Fitzsimmons;Wanda.Fitzsimmons@yopmail.com;1945-11-04
Karolina;Egbert;Karolina.Egbert@yopmail.com;1954-11-20
Delilah;Pettiford;Delilah.Pettiford@yopmail.com;1931-12-31
Margalo;Wenoa;Margalo.Wenoa@yopmail.com;2002-01-14
Blinni;Sophronia;Blinni.Sophronia@yopmail.com;1972-03-09
Sadie;Georgy;Sadie.Georgy@yopmail.com;1904-08-30
Farrah;Weitman;Farrah.Weitman@yopmail.com;1936-06-24
Reeba;Stoller;Reeba.Stoller@yopmail.com;1931-01-17
Berta;Duwalt;Berta.Duwalt@yopmail.com;1909-05-01
Cacilie;Zuzana;Cacilie.Zuzana@yopmail.com;1919-10-22
Gabriellia;McLaughlin;Gabriellia.McLaughlin@yopmail.com;1963-08-31
Mahalia;Noman;Mahalia.Noman@yopmail.com;1918-12-05
Randa;Brackely;Randa.Brackely@yopmail.com;1954-08-17
Halette;Sasnett;Halette.Sasnett@yopmail.com;1918-09-20
Joelly;Connelly;Joelly.Connelly@yopmail.com;2009-09-23
Brana;Morrill;Brana.Morrill@yopmail.com;1936-12-22
Livvyy;Tiffa;Livvyy.Tiffa@yopmail.com;1985-03-18
Jorry;Ariella;Jorry.Ariella@yopmail.com;1955-06-01
Wilma;Rhu;Wilma.Rhu@yopmail.com;1920-05-16
Kara-Lynn;Colyer;Kara-Lynn.Colyer@yopmail.com;2015-06-16
Andeee;Juliet;Andeee.Juliet@yopmail.com;1928-12-25
Ulrike;Gahl;Ulrike.Gahl@yopmail.com;1967-07-12
Rani;Moseley;Rani.Moseley@yopmail.com;1938-01-27
Berget;Bennie;Berget.Bennie@yopmail.com;1917-07-26
Dione;Weitman;Dione.Weitman@yopmail.com;1964-09-02
Lisette;Raseda;Lisette.Raseda@yopmail.com;1985-09-17
Morganica;Eiser;Morganica.Eiser@yopmail.com;1965-11-03
Deedee;Belanger;Deedee.Belanger@yopmail.com;1936-01-14
Alameda;Jacinda;Alameda.Jacinda@yopmail.com;1910-07-14
Sashenka;Simmonds;Sashenka.Simmonds@yopmail.com;1975-03-12
Georgetta;Cimbura;Georgetta.Cimbura@yopmail.com;1977-07-21
Viki;Ventre;Viki.Ventre@yopmail.com;1970-06-13
Brana;Gemini;Brana.Gemini@yopmail.com;1928-09-16
Darci;Travax;Darci.Travax@yopmail.com;1969-10-12
Judy;Delacourt;Judy.Delacourt@yopmail.com;2005-10-29
Allyce;Edison;Allyce.Edison@yopmail.com;1992-09-26
Paule;Leary;Paule.Leary@yopmail.com;1946-09-08
Monika;Briney;Monika.Briney@yopmail.com;1915-03-14
Fred;Georgy;Fred.Georgy@yopmail.com;1922-12-06
Dede;Ochs;Dede.Ochs@yopmail.com;2015-09-13
Ninnetta;Payson;Ninnetta.Payson@yopmail.com;1944-03-31
Addia;Stover;Addia.Stover@yopmail.com;1927-01-05
Lesly;Poll;Lesly.Poll@yopmail.com;1937-07-09
Jaime;Wiener;Jaime.Wiener@yopmail.com;1963-06-24
Lilith;Annabella;Lilith.Annabella@yopmail.com;2005-11-04
Kenna;Screens;Kenna.Screens@yopmail.com;1944-02-14
Dorene;Mauer;Dorene.Mauer@yopmail.com;2011-01-13
Wynne;Jary;Wynne.Jary@yopmail.com;1964-10-06
Liana;Junie;Liana.Junie@yopmail.com;1904-10-13
Aeriela;Rona;Aeriela.Rona@yopmail.com;1982-04-18
Emylee;Candy;Emylee.Candy@yopmail.com;2016-07-27
Merry;Nisbet;Merry.Nisbet@yopmail.com;2001-01-03
Kathi;Euridice;Kathi.Euridice@yopmail.com;1905-06-29
Eadie;Baudin;Eadie.Baudin@yopmail.com;2007-09-06
Louella;Cleo;Louella.Cleo@yopmail.com;1953-11-19
Constance;Paton;Constance.Paton@yopmail.com;1909-03-06
Rani;Roxanna;Rani.Roxanna@yopmail.com;1932-04-24
Grier;Meter;Grier.Meter@yopmail.com;1918-04-24
Fayre;Japeth;Fayre.Japeth@yopmail.com;1982-04-04
Aaren;Arvo;Aaren.Arvo@yopmail.com;1958-11-22
Keelia;Rudolph;Keelia.Rudolph@yopmail.com;1918-03-29
Coral;Tannie;Coral.Tannie@yopmail.com;1972-08-06
Gilda;Jarib;Gilda.Jarib@yopmail.com;2010-06-03
Henriette;Wu;Henriette.Wu@yopmail.com;2004-09-22
Chastity;Harday;Chastity.Harday@yopmail.com;1976-04-21
Jolyn;Hebner;Jolyn.Hebner@yopmail.com;1908-02-08
Lilith;Orelee;Lilith.Orelee@yopmail.com;1926-12-25
Blondelle;Alice;Blondelle.Alice@yopmail.com;1977-01-28
Cherilyn;Harriman;Cherilyn.Harriman@yopmail.com;2001-08-10
Lila;Loleta;Lila.Loleta@yopmail.com;1967-05-29
Britte;Xerxes;Britte.Xerxes@yopmail.com;1939-08-30
Tomasina;Sawtelle;Tomasina.Sawtelle@yopmail.com;1909-03-06
Shirlee;Urania;Shirlee.Urania@yopmail.com;1916-12-10
Nataline;Devlen;Nataline.Devlen@yopmail.com;2008-10-04
Dagmar;Goerke;Dagmar.Goerke@yopmail.com;1990-10-22
Deedee;Yusuk;Deedee.Yusuk@yopmail.com;1923-03-10
Paule;Miru;Paule.Miru@yopmail.com;2000-12-25
Kial;Kirstin;Kial.Kirstin@yopmail.com;1905-08-28
June;Moina;June.Moina@yopmail.com;1921-02-07
Ardeen;Old;Ardeen.Old@yopmail.com;1933-07-30
Roseline;Papageno;Roseline.Papageno@yopmail.com;1903-02-05
Laurene;Stephie;Laurene.Stephie@yopmail.com;1905-10-22
Correy;Kiersten;Correy.Kiersten@yopmail.com;1961-06-10
Mathilda;Rudolph;Mathilda.Rudolph@yopmail.com;2006-12-28
Deirdre;Ventre;Deirdre.Ventre@yopmail.com;1957-04-29
Dale;Glovsky;Dale.Glovsky@yopmail.com;2015-11-02
Vinita;Olympium;Vinita.Olympium@yopmail.com;1902-08-24
Jacquetta;Ranjiv;Jacquetta.Ranjiv@yopmail.com;1909-03-31
Tressa;Eliathas;Tressa.Eliathas@yopmail.com;1939-11-28
Chloris;Dorine;Chloris.Dorine@yopmail.com;1939-10-24
Willetta;Thornburg;Willetta.Thornburg@yopmail.com;1946-11-25
Roberta;Kellby;Roberta.Kellby@yopmail.com;1949-09-13
Nollie;Milson;Nollie.Milson@yopmail.com;1972-08-31
Teriann;Hebner;Teriann.Hebner@yopmail.com;1940-06-16
Daphne;Cullin;Daphne.Cullin@yopmail.com;1928-01-03
Elora;Yerkovich;Elora.Yerkovich@yopmail.com;1943-10-21
Kaia;Audly;Kaia.Audly@yopmail.com;1921-03-01
Caritta;Matthew;Caritta.Matthew@yopmail.com;1974-06-12
Brianna;Sidonius;Brianna.Sidonius@yopmail.com;1997-08-13
Kellen;Mauer;Kellen.Mauer@yopmail.com;1996-08-25
Kylynn;Martsen;Kylynn.Martsen@yopmail.com;1945-02-20
Cecile;Jess;Cecile.Jess@yopmail.com;1939-11-21
Dominga;Schwejda;Dominga.Schwejda@yopmail.com;1989-05-14
Annecorinne;Kevon;Annecorinne.Kevon@yopmail.com;2005-06-09
Deirdre;Schenck;Deirdre.Schenck@yopmail.com;2012-08-03
Rochette;Jerold;Rochette.Jerold@yopmail.com;1956-03-25
Stacey;Ulphia;Stacey.Ulphia@yopmail.com;1957-05-02
Lisette;Toni;Lisette.Toni@yopmail.com;1953-04-23
Atlanta;Smitt;Atlanta.Smitt@yopmail.com;1974-06-18
Ketti;Kinnard;Ketti.Kinnard@yopmail.com;1965-02-09
Hollie;Rozanna;Hollie.Rozanna@yopmail.com;1987-07-15
Karena;Amadas;Karena.Amadas@yopmail.com;2015-04-20
Molli;Haymes;Molli.Haymes@yopmail.com;1909-06-06
Collen;Sigfrid;Collen.Sigfrid@yopmail.com;1984-11-01
Valera;Pauly;Valera.Pauly@yopmail.com;1980-07-18
Hollie;Hillel;Hollie.Hillel@yopmail.com;1940-04-01
Wanda;Hebner;Wanda.Hebner@yopmail.com;1977-12-06
Cherrita;Tjon;Cherrita.Tjon@yopmail.com;1983-04-06
Sheelagh;Lory;Sheelagh.Lory@yopmail.com;2014-05-19
Asia;Whiffen;Asia.Whiffen@yopmail.com;1997-02-26
Reeba;Harl;Reeba.Harl@yopmail.com;1900-04-30
Perry;Roumell;Perry.Roumell@yopmail.com;1959-06-18
Ricky;Charity;Ricky.Charity@yopmail.com;1959-06-04
Laurene;Tremayne;Laurene.Tremayne@yopmail.com;1946-12-12
Ronna;Stacy;Ronna.Stacy@yopmail.com;1921-07-27
Deane;Ashok;Deane.Ashok@yopmail.com;1941-07-23
Leeanne;Romelda;Leeanne.Romelda@yopmail.com;1933-01-31
Nerta;Oneida;Nerta.Oneida@yopmail.com;1946-09-18
Jasmina;Loleta;Jasmina.Loleta@yopmail.com;1919-05-06
Angelique;Ruvolo;Angelique.Ruvolo@yopmail.com;1962-09-03
Bee;Slifka;Bee.Slifka@yopmail.com;2008-07-13
Collen;Anestassia;Collen.Anestassia@yopmail.com;1916-11-24
Shauna;Atonsah;Shauna.Atonsah@yopmail.com;1911-07-01
Libbie;Malina;Libbie.Malina@yopmail.com;1923-05-17
Miquela;Moseley;Miquela.Moseley@yopmail.com;1988-03-02
Nickie;Kimmie;Nickie.Kimmie@yopmail.com;1955-07-20
Nadine;Vernier;Nadine.Vernier@yopmail.com;1932-05-14
Kylynn;Wyn;Kylynn.Wyn@yopmail.com;1930-02-24
Lanae;Tippets;Lanae.Tippets@yopmail.com;1989-03-04
Georgina;Aida;Georgina.Aida@yopmail.com;1943-09-19
Roseline;Sharl;Roseline.Sharl@yopmail.com;1911-05-28
Zia;Faro;Zia.Faro@yopmail.com;1978-01-27
Dode;Gaspard;Dode.Gaspard@yopmail.com;1931-05-31
Linet;Germann;Linet.Germann@yopmail.com;1909-07-03
Merrie;Othilia;Merrie.Othilia@yopmail.com;1952-05-07
Kayla;Tacye;Kayla.Tacye@yopmail.com;2009-10-01
Harmonia;Gaspard;Harmonia.Gaspard@yopmail.com;1961-06-05
Meg;Lilybelle;Meg.Lilybelle@yopmail.com;1957-01-14
Ermengarde;O'Rourke;Ermengarde.O'Rourke@yopmail.com;1943-12-25
Ethel;Brackely;Ethel.Brackely@yopmail.com;2000-05-18
Donetta;Ader;Donetta.Ader@yopmail.com;1940-11-14
Christian;Paton;Christian.Paton@yopmail.com;2011-01-08
Berta;Lindemann;Berta.Lindemann@yopmail.com;1927-12-26
Bettine;Schonfeld;Bettine.Schonfeld@yopmail.com;1942-12-09
Roxane;Forrer;Roxane.Forrer@yopmail.com;1980-06-16
Asia;Neils;Asia.Neils@yopmail.com;1933-07-25
Krystle;Sperling;Krystle.Sperling@yopmail.com;2015-06-21
Joceline;Jenness;Joceline.Jenness@yopmail.com;1991-01-14
Chloris;Carbo;Chloris.Carbo@yopmail.com;1974-12-16
Diena;Hutchison;Diena.Hutchison@yopmail.com;1931-05-05
Raf;Himelman;Raf.Himelman@yopmail.com;1942-06-28
Jessamyn;Kelula;Jessamyn.Kelula@yopmail.com;1974-08-21
Hannis;Hanleigh;Hannis.Hanleigh@yopmail.com;1948-05-14
Marjie;Faust;Marjie.Faust@yopmail.com;1911-12-30
Mathilda;Bergman;Mathilda.Bergman@yopmail.com;2002-11-18
Hettie;Maiah;Hettie.Maiah@yopmail.com;1943-04-21
Hollie;Stover;Hollie.Stover@yopmail.com;1943-02-02
Shirlee;Fink;Shirlee.Fink@yopmail.com;1993-03-26
Alameda;Phaidra;Alameda.Phaidra@yopmail.com;1980-11-20
Lorie;MacIntosh;Lorie.MacIntosh@yopmail.com;1996-01-26
Agathe;Flita;Agathe.Flita@yopmail.com;2000-07-04
Alleen;Rodmann;Alleen.Rodmann@yopmail.com;2019-05-13
Felice;Merriott;Felice.Merriott@yopmail.com;1984-11-01
Trixi;Fairweather;Trixi.Fairweather@yopmail.com;1991-06-21
Fidelia;Oneida;Fidelia.Oneida@yopmail.com;1906-07-07
Jennica;Lalitta;Jennica.Lalitta@yopmail.com;1933-04-25
Audrie;Chinua;Audrie.Chinua@yopmail.com;1963-04-24
Elyssa;Cullin;Elyssa.Cullin@yopmail.com;1945-12-09
Loree;Stefa;Loree.Stefa@yopmail.com;1925-11-21
Lizzie;Syd;Lizzie.Syd@yopmail.com;1971-09-23
Kathy;Harl;Kathy.Harl@yopmail.com;1939-08-03
Viki;Wesle;Viki.Wesle@yopmail.com;1914-06-07
Chere;Vale;Chere.Vale@yopmail.com;1944-05-12
Jerry;Gwenore;Jerry.Gwenore@yopmail.com;1904-06-15
Jacquetta;Ethban;Jacquetta.Ethban@yopmail.com;1931-11-29
Charissa;Idelia;Charissa.Idelia@yopmail.com;1918-09-06
Annora;Letsou;Annora.Letsou@yopmail.com;2009-09-01
Sabina;Lea;Sabina.Lea@yopmail.com;1937-12-29
Cyb;Chesna;Cyb.Chesna@yopmail.com;1933-04-14
Bettine;Pettiford;Bettine.Pettiford@yopmail.com;1922-02-15
Heddie;Dominy;Heddie.Dominy@yopmail.com;1967-06-26
Kenna;Carlson;Kenna.Carlson@yopmail.com;1948-06-28
Verla;Pierette;Verla.Pierette@yopmail.com;2000-03-15
Dorthy;Juliet;Dorthy.Juliet@yopmail.com;1985-01-16
Elsie;Whiffen;Elsie.Whiffen@yopmail.com;1912-02-16
Lonnie;Oneida;Lonnie.Oneida@yopmail.com;1982-10-13
Henriette;Howlyn;Henriette.Howlyn@yopmail.com;2001-07-18
Maridel;Merna;Maridel.Merna@yopmail.com;1985-08-19
Jennica;Jaylene;Jennica.Jaylene@yopmail.com;1943-11-09
Randa;Bandeen;Randa.Bandeen@yopmail.com;1906-01-29
Jessamyn;Kannry;Jessamyn.Kannry@yopmail.com;1948-01-24
Fina;Publia;Fina.Publia@yopmail.com;1912-08-20
Emelina;Jacobah;Emelina.Jacobah@yopmail.com;1979-09-13
Mara;Zuzana;Mara.Zuzana@yopmail.com;1995-11-29
Cherilyn;Edee;Cherilyn.Edee@yopmail.com;1976-09-07
Corina;Esmaria;Corina.Esmaria@yopmail.com;1980-09-27
Drucie;Aida;Drucie.Aida@yopmail.com;1925-09-03
Aigneis;Kiersten;Aigneis.Kiersten@yopmail.com;1947-10-24
Merrie;Durante;Merrie.Durante@yopmail.com;1932-10-28
Rhea;Allare;Rhea.Allare@yopmail.com;2009-09-12
Claudina;Masao;Claudina.Masao@yopmail.com;1939-11-09
Liana;Colleen;Liana.Colleen@yopmail.com;2016-11-15
Deedee;Dorcy;Deedee.Dorcy@yopmail.com;1985-04-27
Zia;Carbo;Zia.Carbo@yopmail.com;1969-10-17
Tybie;Shuler;Tybie.Shuler@yopmail.com;1969-09-09
Babita;Meli;Babita.Meli@yopmail.com;1903-08-24
Cyb;Dimitris;Cyb.Dimitris@yopmail.com;1958-03-15
Belva;Mike;Belva.Mike@yopmail.com;1982-02-26
Jacenta;Codding;Jacenta.Codding@yopmail.com;1901-07-29
Eve;Harday;Eve.Harday@yopmail.com;2012-05-07
Elora;Kress;Elora.Kress@yopmail.com;1900-06-30
Viviene;Swigart;Viviene.Swigart@yopmail.com;2011-01-02
Lauryn;Sisile;Lauryn.Sisile@yopmail.com;1925-09-25
Sallie;Raul;Sallie.Raul@yopmail.com;1918-01-25
Ottilie;Laverne;Ottilie.Laverne@yopmail.com;2000-02-23
Kayla;Scammon;Kayla.Scammon@yopmail.com;1969-03-28
Zondra;Maxi;Zondra.Maxi@yopmail.com;1912-08-13
Kirstin;Halsey;Kirstin.Halsey@yopmail.com;1953-04-03
Kelly;Faria;Kelly.Faria@yopmail.com;1947-03-08
Sharai;Gaynor;Sharai.Gaynor@yopmail.com;1993-03-20
Priscilla;Heisel;Priscilla.Heisel@yopmail.com;1991-06-22
Alyda;Amethist;Alyda.Amethist@yopmail.com;1904-01-15
Carol-Jean;Carbo;Carol-Jean.Carbo@yopmail.com;1900-10-07
Alex;Seagraves;Alex.Seagraves@yopmail.com;2016-06-12
Wilma;Moseley;Wilma.Moseley@yopmail.com;2015-04-15
Cassondra;Roarke;Cassondra.Roarke@yopmail.com;1912-08-18
Carmela;Bibi;Carmela.Bibi@yopmail.com;2010-10-18
Nariko;Iphlgenia;Nariko.Iphlgenia@yopmail.com;2010-02-03
Riannon;Ailyn;Riannon.Ailyn@yopmail.com;1962-08-21
Gilligan;McCutcheon;Gilligan.McCutcheon@yopmail.com;1904-02-24
Merci;Edison;Merci.Edison@yopmail.com;1937-08-30
Correy;Hedve;Correy.Hedve@yopmail.com;1954-09-19
Vanessa;Colbert;Vanessa.Colbert@yopmail.com;1970-08-18
Vanessa;Medrek;Vanessa.Medrek@yopmail.com;1961-06-21
Tonia;Shirberg;Tonia.Shirberg@yopmail.com;1902-11-26
Ardys;Danby;Ardys.Danby@yopmail.com;1944-04-01
Renie;Stav;Renie.Stav@yopmail.com;1956-07-18
Melina;Amethist;Melina.Amethist@yopmail.com;1930-09-17
Sharlene;Sibyls;Sharlene.Sibyls@yopmail.com;1943-11-21
Penelopa;Mallon;Penelopa.Mallon@yopmail.com;1951-06-14
Cyb;Eben;Cyb.Eben@yopmail.com;1999-04-21
Sallie;Vorster;Sallie.Vorster@yopmail.com;1933-03-07
Robinia;Toffic;Robinia.Toffic@yopmail.com;1937-12-14
Wilma;Flyn;Wilma.Flyn@yopmail.com;1910-02-19
Edith;Wyn;Edith.Wyn@yopmail.com;1994-12-28
Ileana;Birdella;Ileana.Birdella@yopmail.com;1988-08-21
Rosene;Adrienne;Rosene.Adrienne@yopmail.com;1951-12-21
Elyssa;Papageno;Elyssa.Papageno@yopmail.com;1916-08-20
Emelina;Florina;Emelina.Florina@yopmail.com;1977-05-28
Inga;Rheingold;Inga.Rheingold@yopmail.com;1979-02-01
Tamqrah;Helve;Tamqrah.Helve@yopmail.com;1960-03-16
Annora;Reinke;Annora.Reinke@yopmail.com;2006-02-17
Alexine;Mendez;Alexine.Mendez@yopmail.com;1962-03-03
Karly;Destinee;Karly.Destinee@yopmail.com;2000-02-18
Lucy;Schroth;Lucy.Schroth@yopmail.com;2001-12-09
Abbie;Rolf;Abbie.Rolf@yopmail.com;1951-12-13
Nadine;Tremayne;Nadine.Tremayne@yopmail.com;1905-12-28
Cathyleen;Kravits;Cathyleen.Kravits@yopmail.com;1959-05-25
Ursulina;Nea;Ursulina.Nea@yopmail.com;1961-12-16
Catrina;Jammal;Catrina.Jammal@yopmail.com;1941-11-13
Joeann;Shaddock;Joeann.Shaddock@yopmail.com;1921-11-22
Ricky;Kendrick;Ricky.Kendrick@yopmail.com;1904-04-06
Myriam;Edmund;Myriam.Edmund@yopmail.com;1922-02-22
Daryl;Simmonds;Daryl.Simmonds@yopmail.com;1971-09-30
Vanessa;Thad;Vanessa.Thad@yopmail.com;1947-12-18
Moyna;Sallyann;Moyna.Sallyann@yopmail.com;1953-06-15
Millie;Delp;Millie.Delp@yopmail.com;1946-09-22
Sashenka;Fulmer;Sashenka.Fulmer@yopmail.com;1941-09-02
Wynne;Durante;Wynne.Durante@yopmail.com;1959-09-04
Laure;Creamer;Laure.Creamer@yopmail.com;1983-04-12
Chastity;Myrilla;Chastity.Myrilla@yopmail.com;1969-05-16
Robbi;Cecile;Robbi.Cecile@yopmail.com;1952-05-09
Regina;Emerson;Regina.Emerson@yopmail.com;1960-12-05
Kaia;Fennessy;Kaia.Fennessy@yopmail.com;1911-08-10
Candi;Cynar;Candi.Cynar@yopmail.com;1987-07-28
Allis;Desai;Allis.Desai@yopmail.com;2002-06-18
Amii;Argus;Amii.Argus@yopmail.com;1954-05-11
Winifred;Gombach;Winifred.Gombach@yopmail.com;1957-12-19
Tierney;Himelman;Tierney.Himelman@yopmail.com;1956-10-09
Dale;Charmine;Dale.Charmine@yopmail.com;1938-08-14
Starla;Brotherson;Starla.Brotherson@yopmail.com;2007-12-02
Juliane;Moseley;Juliane.Moseley@yopmail.com;1934-05-14
Cassandra;Sophronia;Cassandra.Sophronia@yopmail.com;1920-10-11
Claudina;Dunkin;Claudina.Dunkin@yopmail.com;1956-03-27
Cristine;Bonilla;Cristine.Bonilla@yopmail.com;1968-03-26
Alex;Ioab;Alex.Ioab@yopmail.com;1963-07-26
Etta;Amadas;Etta.Amadas@yopmail.com;1932-05-31
Althea;Maxi;Althea.Maxi@yopmail.com;1916-01-19
Linzy;Goode;Linzy.Goode@yopmail.com;1963-01-16
Dale;Henrie;Dale.Henrie@yopmail.com;1950-09-10
Ileana;Penelopa;Ileana.Penelopa@yopmail.com;1901-08-26
Melodie;Shirberg;Melodie.Shirberg@yopmail.com;1914-05-16
Kalina;Jammal;Kalina.Jammal@yopmail.com;1972-12-04
Jobi;Newell;Jobi.Newell@yopmail.com;1918-08-31
Louella;Natica;Louella.Natica@yopmail.com;1903-02-08
Ebonee;Bibi;Ebonee.Bibi@yopmail.com;1946-08-12
Carmencita;Gillan;Carmencita.Gillan@yopmail.com;1988-03-29
Elvira;Kenwood;Elvira.Kenwood@yopmail.com;1922-10-02
Sindee;Gherardo;Sindee.Gherardo@yopmail.com;1988-05-17
Barbi;Halsey;Barbi.Halsey@yopmail.com;1968-04-10
Myriam;Bergman;Myriam.Bergman@yopmail.com;1903-08-31
Layla;Screens;Layla.Screens@yopmail.com;1967-04-14
Fidelia;Kirbee;Fidelia.Kirbee@yopmail.com;2013-10-14
Georgina;Yerkovich;Georgina.Yerkovich@yopmail.com;2015-01-15
Ekaterina;Chandler;Ekaterina.Chandler@yopmail.com;1998-11-08
Violet;Simmonds;Violet.Simmonds@yopmail.com;1962-10-08
Leona;Muriel;Leona.Muriel@yopmail.com;1938-12-17
Wileen;Hashim;Wileen.Hashim@yopmail.com;1957-05-29
Micheline;Riordan;Micheline.Riordan@yopmail.com;1969-04-26
Aaren;An;Aaren.An@yopmail.com;1913-12-24
Celene;Cassius;Celene.Cassius@yopmail.com;1953-06-11
Tobe;Yerkovich;Tobe.Yerkovich@yopmail.com;1930-07-30
Cathie;O'Neill;Cathie.O'Neill@yopmail.com;2001-07-01
Jaclyn;Ogren;Jaclyn.Ogren@yopmail.com;1933-12-20
Isa;Chesna;Isa.Chesna@yopmail.com;1916-03-15
Nanete;Adlare;Nanete.Adlare@yopmail.com;1939-06-13
Mireielle;Irmine;Mireielle.Irmine@yopmail.com;1998-12-14
Heida;Standing;Heida.Standing@yopmail.com;1910-01-25
Jean;Cavan;Jean.Cavan@yopmail.com;1901-07-30
Johna;Whittaker;Johna.Whittaker@yopmail.com;1989-03-15
Annice;Margarete;Annice.Margarete@yopmail.com;1933-11-01
Catrina;Naor;Catrina.Naor@yopmail.com;1982-10-30
Fred;Merna;Fred.Merna@yopmail.com;1927-12-29
Ginnie;Dom;Ginnie.Dom@yopmail.com;1990-01-27
Josephine;Guildroy;Josephine.Guildroy@yopmail.com;1982-10-15
Harrietta;Zamora;Harrietta.Zamora@yopmail.com;1993-06-05
Maisey;Erminia;Maisey.Erminia@yopmail.com;1906-12-19
Elise;Carleen;Elise.Carleen@yopmail.com;1903-06-30
Kristina;Amand;Kristina.Amand@yopmail.com;1915-03-28
Marguerite;Zenas;Marguerite.Zenas@yopmail.com;1959-06-10
Kimberley;Dannye;Kimberley.Dannye@yopmail.com;1900-06-27
Jobi;Wenoa;Jobi.Wenoa@yopmail.com;1945-06-09
Angela;Telfer;Angela.Telfer@yopmail.com;1904-03-20
Gaylene;Ulphia;Gaylene.Ulphia@yopmail.com;2002-07-08
Jsandye;Kravits;Jsandye.Kravits@yopmail.com;1918-05-03
Noelle;Kiersten;Noelle.Kiersten@yopmail.com;1944-08-08
Dagmar;Kravits;Dagmar.Kravits@yopmail.com;1996-11-05
Lynde;Natalia;Lynde.Natalia@yopmail.com;1992-06-03
Adore;Bow;Adore.Bow@yopmail.com;1943-10-16
Dode;Gibbeon;Dode.Gibbeon@yopmail.com;1926-05-18
Charlena;Isidore;Charlena.Isidore@yopmail.com;1958-09-10
Marcelline;Janith;Marcelline.Janith@yopmail.com;1936-04-13
Catharine;Beniamino;Catharine.Beniamino@yopmail.com;1975-12-03
Stacey;Dulciana;Stacey.Dulciana@yopmail.com;1976-05-05
Tatiania;Primalia;Tatiania.Primalia@yopmail.com;1941-05-26
Paulita;Corabella;Paulita.Corabella@yopmail.com;1992-07-02
Cathie;Adamsen;Cathie.Adamsen@yopmail.com;1900-02-20
Queenie;Claudine;Queenie.Claudine@yopmail.com;1904-01-03
Tami;Haldas;Tami.Haldas@yopmail.com;1991-09-07
Doralynne;Hirsch;Doralynne.Hirsch@yopmail.com;1958-09-06
Melisent;Solitta;Melisent.Solitta@yopmail.com;1929-11-15
Gertrud;Cookie;Gertrud.Cookie@yopmail.com;1988-02-04
Noelle;Duwalt;Noelle.Duwalt@yopmail.com;1966-08-07
Eadie;Henrie;Eadie.Henrie@yopmail.com;2005-02-22
Jinny;Joeann;Jinny.Joeann@yopmail.com;2018-06-13
Wendi;Beniamino;Wendi.Beniamino@yopmail.com;1912-03-31
Tami;Deegan;Tami.Deegan@yopmail.com;1972-08-22
Bobinette;August;Bobinette.August@yopmail.com;1977-07-02
Madelle;Bivins;Madelle.Bivins@yopmail.com;1986-03-04
Charlena;Jorgan;Charlena.Jorgan@yopmail.com;1929-01-25
Madalyn;Waldron;Madalyn.Waldron@yopmail.com;2002-08-10
Vevay;Tyson;Vevay.Tyson@yopmail.com;1981-01-27
Tatiania;Horan;Tatiania.Horan@yopmail.com;1975-10-26
Aeriela;Rhu;Aeriela.Rhu@yopmail.com;1949-08-19
Tilly;Dom;Tilly.Dom@yopmail.com;1928-05-25
Gui;Dituri;Gui.Dituri@yopmail.com;1970-06-06
Marsiella;Hathaway;Marsiella.Hathaway@yopmail.com;1989-12-14
Larine;Yate;Larine.Yate@yopmail.com;1980-07-20
Lisette;Lorenz;Lisette.Lorenz@yopmail.com;1916-06-13
Jemie;Dichy;Jemie.Dichy@yopmail.com;1906-10-11
Belinda;Hollingsworth;Belinda.Hollingsworth@yopmail.com;1905-09-12
Adriana;Birdella;Adriana.Birdella@yopmail.com;1905-11-04
Robinia;Melony;Robinia.Melony@yopmail.com;1908-05-12
Clo;Zina;Clo.Zina@yopmail.com;1920-08-07
Chastity;Hieronymus;Chastity.Hieronymus@yopmail.com;1960-05-13
Mireielle;Zaslow;Mireielle.Zaslow@yopmail.com;2005-07-25
Dulcinea;Morgun;Dulcinea.Morgun@yopmail.com;1937-09-17
Dennie;Aurelio;Dennie.Aurelio@yopmail.com;1939-07-20
Annabela;Nisbet;Annabela.Nisbet@yopmail.com;2004-08-07
Meghann;Dorine;Meghann.Dorine@yopmail.com;1990-07-14
Lynnea;Rozanna;Lynnea.Rozanna@yopmail.com;1979-06-09
Elyssa;Kellby;Elyssa.Kellby@yopmail.com;2011-08-19
Mamie;Lissi;Mamie.Lissi@yopmail.com;1964-12-06
Evaleen;Wolfgram;Evaleen.Wolfgram@yopmail.com;1957-12-08
Iseabal;Kannry;Iseabal.Kannry@yopmail.com;1924-10-19
Vevay;Syd;Vevay.Syd@yopmail.com;1954-07-26
Rhoda;Odell;Rhoda.Odell@yopmail.com;1957-03-18
Dorothy;Selway;Dorothy.Selway@yopmail.com;1939-03-18
Lenna;Erlandson;Lenna.Erlandson@yopmail.com;1999-11-20
Eolanda;Valerio;Eolanda.Valerio@yopmail.com;1978-07-27
Ileana;Horan;Ileana.Horan@yopmail.com;2012-03-13
Doro;Orlene;Doro.Orlene@yopmail.com;1979-09-14
Jaclyn;Douglass;Jaclyn.Douglass@yopmail.com;2007-04-25
Nollie;Shuler;Nollie.Shuler@yopmail.com;1968-02-15
Sarette;Adlare;Sarette.Adlare@yopmail.com;2010-12-20
Merci;Markman;Merci.Markman@yopmail.com;1901-03-01
Anthia;Read;Anthia.Read@yopmail.com;2004-07-29
Chickie;Darbie;Chickie.Darbie@yopmail.com;1936-03-04
Di;Arvo;Di.Arvo@yopmail.com;1900-02-05
Alyda;Dunkin;Alyda.Dunkin@yopmail.com;1908-09-27
Correy;Thad;Correy.Thad@yopmail.com;1993-03-30
Eve;Georgy;Eve.Georgy@yopmail.com;1961-10-01
Carmencita;Hamil;Carmencita.Hamil@yopmail.com;1907-12-22
Paule;Rubie;Paule.Rubie@yopmail.com;2002-09-21
Tressa;Marlie;Tressa.Marlie@yopmail.com;1990-09-01
Gretal;Nikaniki;Gretal.Nikaniki@yopmail.com;1959-03-10
Tracey;Lareena;Tracey.Lareena@yopmail.com;1996-06-24
Fina;Beebe;Fina.Beebe@yopmail.com;1989-04-15
Clementine;Anselmi;Clementine.Anselmi@yopmail.com;1976-07-08
Dotty;Breed;Dotty.Breed@yopmail.com;2017-01-23
Doro;Ramona;Doro.Ramona@yopmail.com;1996-08-15
Imojean;Bohlin;Imojean.Bohlin@yopmail.com;1912-01-07
Lusa;Aida;Lusa.Aida@yopmail.com;1913-09-29
Mildrid;Uund;Mildrid.Uund@yopmail.com;1955-11-27
Frank;Brittani;Frank.Brittani@yopmail.com;1974-06-02
Charlena;Orlene;Charlena.Orlene@yopmail.com;1902-05-25
Elie;Alva;Elie.Alva@yopmail.com;2009-12-03
Chere;Gladstone;Chere.Gladstone@yopmail.com;1931-09-29
Marjie;Korey;Marjie.Korey@yopmail.com;1914-11-22
Andeee;Lea;Andeee.Lea@yopmail.com;2005-09-25
Jaime;Tufts;Jaime.Tufts@yopmail.com;1913-11-26
Cecile;Hortensia;Cecile.Hortensia@yopmail.com;1952-06-10
Roxane;Papageno;Roxane.Papageno@yopmail.com;1907-05-03
Emmey;Clara;Emmey.Clara@yopmail.com;1995-11-25
Marika;Kirbee;Marika.Kirbee@yopmail.com;1972-06-07
Tersina;My;Tersina.My@yopmail.com;1981-01-18
Quintina;Brandice;Quintina.Brandice@yopmail.com;1953-09-18
Jenilee;Croix;Jenilee.Croix@yopmail.com;2010-10-01
Livvyy;Oneida;Livvyy.Oneida@yopmail.com;1975-09-02
Larine;Lalitta;Larine.Lalitta@yopmail.com;2007-06-14
Tarra;Clarissa;Tarra.Clarissa@yopmail.com;1906-08-14
Jan;Kussell;Jan.Kussell@yopmail.com;2005-02-04
Tani;Trey;Tani.Trey@yopmail.com;1971-11-21
Darci;Kelula;Darci.Kelula@yopmail.com;2011-06-15
Devina;Greenwald;Devina.Greenwald@yopmail.com;1996-01-12
Zsa Zsa;Vittoria;Zsa Zsa.Vittoria@yopmail.com;2005-12-08
Tilly;Noam;Tilly.Noam@yopmail.com;2003-12-09
Edith;Dalli;Edith.Dalli@yopmail.com;1970-03-23
Emma;Sandye;Emma.Sandye@yopmail.com;1964-04-08
Ricky;Ezar;Ricky.Ezar@yopmail.com;1934-11-06
Ruthe;Erskine;Ruthe.Erskine@yopmail.com;1926-09-08
Sophia;Lubin;Sophia.Lubin@yopmail.com;1977-04-20
Clary;Chapland;Clary.Chapland@yopmail.com;1970-05-04
Sophia;Strephon;Sophia.Strephon@yopmail.com;1943-09-19
Sibella;Stoller;Sibella.Stoller@yopmail.com;1918-12-07
Sabina;Baudin;Sabina.Baudin@yopmail.com;2012-03-22
Berta;Gusella;Berta.Gusella@yopmail.com;1982-01-18
Evaleen;Muriel;Evaleen.Muriel@yopmail.com;1926-07-23
Cyndie;Fairweather;Cyndie.Fairweather@yopmail.com;1948-01-07
Vere;Baptlsta;Vere.Baptlsta@yopmail.com;2006-09-01
Anthia;Madaih;Anthia.Madaih@yopmail.com;1957-11-14
Gwenneth;Idelia;Gwenneth.Idelia@yopmail.com;1960-01-16
Melodie;Teryn;Melodie.Teryn@yopmail.com;1924-01-30
Lucy;Socha;Lucy.Socha@yopmail.com;1952-04-03
Tonia;Emmaline;Tonia.Emmaline@yopmail.com;1979-12-25
Lacie;Bury;Lacie.Bury@yopmail.com;1912-12-09
Starla;Tarrant;Starla.Tarrant@yopmail.com;2013-02-05
Aigneis;Faria;Aigneis.Faria@yopmail.com;1973-10-13
Letizia;Creamer;Letizia.Creamer@yopmail.com;1956-07-16
Eolanda;Glovsky;Eolanda.Glovsky@yopmail.com;1957-08-08
Danika;Avi;Danika.Avi@yopmail.com;1980-08-24
Zsa Zsa;Lowry;Zsa Zsa.Lowry@yopmail.com;1971-11-17
Ericka;Marlie;Ericka.Marlie@yopmail.com;1991-12-20
Frances;Aida;Frances.Aida@yopmail.com;1918-08-25
Rori;Hortensia;Rori.Hortensia@yopmail.com;1949-07-30
Tami;Urias;Tami.Urias@yopmail.com;2012-02-27
Janenna;Dosia;Janenna.Dosia@yopmail.com;1929-04-16
Danika;Waite;Danika.Waite@yopmail.com;1959-02-25
Florencia;Dunkin;Florencia.Dunkin@yopmail.com;1944-05-13
Fidelia;Olympium;Fidelia.Olympium@yopmail.com;2014-04-24
Elyssa;Rugen;Elyssa.Rugen@yopmail.com;1985-05-04
Aaren;Iaverne;Aaren.Iaverne@yopmail.com;1953-08-27
Janey;Aprile;Janey.Aprile@yopmail.com;1929-04-30
Phylis;Blisse;Phylis.Blisse@yopmail.com;2009-12-30
Cristabel;Masao;Cristabel.Masao@yopmail.com;2019-04-08
Emilia;Niles;Emilia.Niles@yopmail.com;1944-04-06
Gale;Oscar;Gale.Oscar@yopmail.com;1980-03-09
Rosaline;Anastatius;Rosaline.Anastatius@yopmail.com;2010-01-02
Tracey;Juan;Tracey.Juan@yopmail.com;1965-09-05
Clary;Florina;Clary.Florina@yopmail.com;2012-07-03
Gertrud;Erich;Gertrud.Erich@yopmail.com;1978-01-27
Valera;Cyrie;Valera.Cyrie@yopmail.com;2001-05-17
Dominga;Alice;Dominga.Alice@yopmail.com;1909-02-21
Althea;Valoniah;Althea.Valoniah@yopmail.com;1928-03-17
Jessy;Granoff;Jessy.Granoff@yopmail.com;2006-09-17
Adele;Melan;Adele.Melan@yopmail.com;1938-03-28
Amara;Alarise;Amara.Alarise@yopmail.com;2008-06-29
Brianna;Bord;Brianna.Bord@yopmail.com;1982-01-09
Lynnea;Seligman;Lynnea.Seligman@yopmail.com;2014-06-12
Oona;Rurik;Oona.Rurik@yopmail.com;1974-10-03
Misha;Gabrielli;Misha.Gabrielli@yopmail.com;1925-08-17
Elora;Dowski;Elora.Dowski@yopmail.com;1965-03-08
Valera;Rheingold;Valera.Rheingold@yopmail.com;1945-07-22
Charlena;Gombach;Charlena.Gombach@yopmail.com;1967-12-25
Reeba;Bartlett;Reeba.Bartlett@yopmail.com;1964-09-15
Flo;Cottle;Flo.Cottle@yopmail.com;1983-10-04
Livvyy;Graig;Livvyy.Graig@yopmail.com;1999-01-22
Allis;Barrus;Allis.Barrus@yopmail.com;1957-08-07
Gilda;Isacco;Gilda.Isacco@yopmail.com;1978-04-28
Felice;Boycey;Felice.Boycey@yopmail.com;1906-07-29
Madelle;Maryanne;Madelle.Maryanne@yopmail.com;1915-09-10
Maridel;Daegal;Maridel.Daegal@yopmail.com;1949-07-20
Lita;Janith;Lita.Janith@yopmail.com;1980-03-23
Leanna;Salvidor;Leanna.Salvidor@yopmail.com;1975-10-11
Hermione;Tomasina;Hermione.Tomasina@yopmail.com;1912-08-03
Belva;Flita;Belva.Flita@yopmail.com;1921-02-10
Calla;Aaberg;Calla.Aaberg@yopmail.com;1991-12-10
Bobinette;Olin;Bobinette.Olin@yopmail.com;1951-03-14
Janey;Decato;Janey.Decato@yopmail.com;1965-08-18
Riannon;Bonilla;Riannon.Bonilla@yopmail.com;1922-08-03
Codie;Roche;Codie.Roche@yopmail.com;1966-04-23
Debee;Monaco;Debee.Monaco@yopmail.com;2015-07-27
Pierette;Kunin;Pierette.Kunin@yopmail.com;1995-09-28
Minda;Goldina;Minda.Goldina@yopmail.com;1957-06-22
Trixi;Brunell;Trixi.Brunell@yopmail.com;1926-02-01
Korrie;Even;Korrie.Even@yopmail.com;1903-10-18
Ariela;Fabiola;Ariela.Fabiola@yopmail.com;1999-03-01
Trixi;Granoff;Trixi.Granoff@yopmail.com;1956-11-09
Farrah;Maurine;Farrah.Maurine@yopmail.com;1933-06-22
Tonia;Iphlgenia;Tonia.Iphlgenia@yopmail.com;1925-07-12
Sallie;Gombach;Sallie.Gombach@yopmail.com;1984-08-10
Danny;Uund;Danny.Uund@yopmail.com;1977-01-29
Nannie;Magnolia;Nannie.Magnolia@yopmail.com;1974-04-02
Cathie;Whiffen;Cathie.Whiffen@yopmail.com;1940-06-19
Tina;Cadmar;Tina.Cadmar@yopmail.com;1957-02-02
Vevay;Alcott;Vevay.Alcott@yopmail.com;1951-06-15
Chloris;Sisile;Chloris.Sisile@yopmail.com;1951-01-19
Ottilie;Etom;Ottilie.Etom@yopmail.com;2015-06-04
Tamqrah;Rosette;Tamqrah.Rosette@yopmail.com;1932-10-09
Heida;Artie;Heida.Artie@yopmail.com;1909-07-13
Tamqrah;Mozelle;Tamqrah.Mozelle@yopmail.com;1979-10-18
Sibella;Dannye;Sibella.Dannye@yopmail.com;2000-10-27
Roseline;Lesley;Roseline.Lesley@yopmail.com;1917-10-19
Judy;Goddard;Judy.Goddard@yopmail.com;1984-11-17
Emmey;Presber;Emmey.Presber@yopmail.com;1958-02-27
Jaime;Yorick;Jaime.Yorick@yopmail.com;2010-05-23
Queenie;Ezar;Queenie.Ezar@yopmail.com;1963-07-15
Kirstin;Belanger;Kirstin.Belanger@yopmail.com;1945-09-22
Kathi;Clara;Kathi.Clara@yopmail.com;1974-07-30
Celene;Loring;Celene.Loring@yopmail.com;1965-03-15
Tybie;Sallyann;Tybie.Sallyann@yopmail.com;2014-10-19
Eadie;Seessel;Eadie.Seessel@yopmail.com;1999-03-02
Judy;Chick;Judy.Chick@yopmail.com;1918-06-15
Anestassia;Dowski;Anestassia.Dowski@yopmail.com;1988-12-05
Edee;Ciapas;Edee.Ciapas@yopmail.com;2015-01-11
Loree;Socha;Loree.Socha@yopmail.com;1977-09-22
Ethel;Fancie;Ethel.Fancie@yopmail.com;1926-04-25
Merrie;Ethban;Merrie.Ethban@yopmail.com;1931-12-29
Meg;Middleton;Meg.Middleton@yopmail.com;2007-04-15
Carol-Jean;Jotham;Carol-Jean.Jotham@yopmail.com;1952-04-11
Imojean;Gabrielli;Imojean.Gabrielli@yopmail.com;2005-04-14
Corly;Cyrie;Corly.Cyrie@yopmail.com;1932-07-06
Joleen;Raychel;Joleen.Raychel@yopmail.com;1943-09-07
Corry;Leopold;Corry.Leopold@yopmail.com;1948-06-21
Carol-Jean;Norvol;Carol-Jean.Norvol@yopmail.com;1941-03-10
Julieta;Glenden;Julieta.Glenden@yopmail.com;1945-08-12
Edee;Gladstone;Edee.Gladstone@yopmail.com;1967-12-21
Lusa;Esmaria;Lusa.Esmaria@yopmail.com;1913-01-18
Mady;Shama;Mady.Shama@yopmail.com;1926-06-18
Melina;Land;Melina.Land@yopmail.com;2011-12-07
Yetty;Leopold;Yetty.Leopold@yopmail.com;1906-07-27
Carol-Jean;Lauraine;Carol-Jean.Lauraine@yopmail.com;1998-11-08
Konstance;Jefferey;Konstance.Jefferey@yopmail.com;1998-12-16
Kimberley;Leifeste;Kimberley.Leifeste@yopmail.com;2015-08-08
Danika;Baylor;Danika.Baylor@yopmail.com;1930-05-24
Lila;Terrence;Lila.Terrence@yopmail.com;1992-01-22
Aryn;Killigrew;Aryn.Killigrew@yopmail.com;1994-11-19
Stacey;Hepsibah;Stacey.Hepsibah@yopmail.com;1900-12-23
Ira;Cloris;Ira.Cloris@yopmail.com;2008-01-29
Sara-Ann;Hebner;Sara-Ann.Hebner@yopmail.com;1917-03-10
Zaria;Jammal;Zaria.Jammal@yopmail.com;2004-05-19
Agnese;Uird;Agnese.Uird@yopmail.com;1959-12-12
Orelia;Regan;Orelia.Regan@yopmail.com;1949-11-06
Deirdre;Dorothy;Deirdre.Dorothy@yopmail.com;1977-12-11
Cassandra;Abram;Cassandra.Abram@yopmail.com;1939-05-17
Trudie;Daniele;Trudie.Daniele@yopmail.com;1939-10-14
Bettine;Martsen;Bettine.Martsen@yopmail.com;2007-04-03
Ingrid;Sprage;Ingrid.Sprage@yopmail.com;1978-11-04
Alex;Bigner;Alex.Bigner@yopmail.com;1903-07-29
Kathy;Kesley;Kathy.Kesley@yopmail.com;2000-04-06
Lilith;Wyn;Lilith.Wyn@yopmail.com;1955-12-11
Kristina;Kaja;Kristina.Kaja@yopmail.com;2018-12-16
Briney;Chobot;Briney.Chobot@yopmail.com;1964-01-21
Pearline;Emmy;Pearline.Emmy@yopmail.com;1991-08-17
Lolita;Jagir;Lolita.Jagir@yopmail.com;1940-10-04
Reeba;Kellby;Reeba.Kellby@yopmail.com;1924-10-09
Monika;Gombach;Monika.Gombach@yopmail.com;1999-09-09
Janey;Buttaro;Janey.Buttaro@yopmail.com;1985-09-12
Deirdre;Velick;Deirdre.Velick@yopmail.com;1918-05-05
Priscilla;Gilbertson;Priscilla.Gilbertson@yopmail.com;1992-12-15
Juliane;Lutero;Juliane.Lutero@yopmail.com;1944-07-27
Brietta;Schonfeld;Brietta.Schonfeld@yopmail.com;2014-07-31
Kate;Millda;Kate.Millda@yopmail.com;1992-01-26
Barbi;Rozanna;Barbi.Rozanna@yopmail.com;1936-06-17
Micheline;Braun;Micheline.Braun@yopmail.com;1941-02-18
Ileana;Millda;Ileana.Millda@yopmail.com;1989-04-14
Evita;Lauraine;Evita.Lauraine@yopmail.com;1962-09-08
Norine;Burch;Norine.Burch@yopmail.com;2002-02-22
Gwenneth;Vins;Gwenneth.Vins@yopmail.com;1976-01-11
Asia;Smitt;Asia.Smitt@yopmail.com;1991-01-24
Courtnay;Pelagias;Courtnay.Pelagias@yopmail.com;1989-12-11
Ronna;Eno;Ronna.Eno@yopmail.com;1901-03-03
Marcy;Rugen;Marcy.Rugen@yopmail.com;1938-09-02
Dominga;Ader;Dominga.Ader@yopmail.com;1996-12-31
Ana;Helve;Ana.Helve@yopmail.com;1954-03-19
Loree;Briney;Loree.Briney@yopmail.com;1960-02-06
Roslyn;Graig;Roslyn.Graig@yopmail.com;1969-02-22
Catrina;Markman;Catrina.Markman@yopmail.com;1936-08-11
Nikki;Longfellow;Nikki.Longfellow@yopmail.com;1974-03-05
Deane;Olympium;Deane.Olympium@yopmail.com;2001-04-12
Kirstin;Bartlett;Kirstin.Bartlett@yopmail.com;2008-08-28
Dulcinea;Roarke;Dulcinea.Roarke@yopmail.com;1939-08-01
Liana;Anastatius;Liana.Anastatius@yopmail.com;1975-12-08
Rhea;Connelly;Rhea.Connelly@yopmail.com;1913-11-04
Queenie;Nance;Queenie.Nance@yopmail.com;1907-02-19
Ariela;Madaih;Ariela.Madaih@yopmail.com;1914-02-02
Carmencita;O'Carroll;Carmencita.O'Carroll@yopmail.com;1974-08-15
Diena;Merat;Diena.Merat@yopmail.com;1922-11-20
Melodie;Garek;Melodie.Garek@yopmail.com;1933-02-09
Drucie;Trace;Drucie.Trace@yopmail.com;1932-01-14
Sadie;Travax;Sadie.Travax@yopmail.com;1979-01-26
Kial;Mayeda;Kial.Mayeda@yopmail.com;1920-01-04
Stacey;Alexandr;Stacey.Alexandr@yopmail.com;1937-08-18
Layla;Fabiola;Layla.Fabiola@yopmail.com;1982-08-10
Gerianna;Himelman;Gerianna.Himelman@yopmail.com;2009-11-28
Rebeca;Lissi;Rebeca.Lissi@yopmail.com;1951-12-27
Genevra;Ailyn;Genevra.Ailyn@yopmail.com;1935-10-30
Dorice;Breed;Dorice.Breed@yopmail.com;1964-07-05
Charissa;Obed;Charissa.Obed@yopmail.com;1940-12-17
Joy;Nerita;Joy.Nerita@yopmail.com;1925-12-08
Bibby;Dituri;Bibby.Dituri@yopmail.com;1975-09-19
Kara-Lynn;Seumas;Kara-Lynn.Seumas@yopmail.com;1912-08-09
Modestia;Tayib;Modestia.Tayib@yopmail.com;1970-09-30
Thalia;Rona;Thalia.Rona@yopmail.com;1973-03-26
Rori;Henebry;Rori.Henebry@yopmail.com;1988-07-02
Clarice;Vivle;Clarice.Vivle@yopmail.com;1956-10-13
Phylis;Burnside;Phylis.Burnside@yopmail.com;1961-05-23
Lucy;Pitt;Lucy.Pitt@yopmail.com;2002-06-05
Joleen;Bigner;Joleen.Bigner@yopmail.com;1949-09-22
Ursulina;Lamoree;Ursulina.Lamoree@yopmail.com;1900-10-15
Bettine;Esmaria;Bettine.Esmaria@yopmail.com;1972-11-16
Queenie;Dorcy;Queenie.Dorcy@yopmail.com;2011-02-07
Renae;Hewitt;Renae.Hewitt@yopmail.com;1980-09-26
Minne;Grimbly;Minne.Grimbly@yopmail.com;1928-09-09
Brynna;Libna;Brynna.Libna@yopmail.com;1970-11-27
Nananne;Nedrud;Nananne.Nedrud@yopmail.com;1914-10-11
Antonietta;Alabaster;Antonietta.Alabaster@yopmail.com;1989-04-13
Lilith;Mandler;Lilith.Mandler@yopmail.com;2013-12-14
Kimberley;Si;Kimberley.Si@yopmail.com;1939-11-11
Mildrid;O'Rourke;Mildrid.O'Rourke@yopmail.com;1970-07-09
Corry;Corrine;Corry.Corrine@yopmail.com;1996-12-22
Binny;Mallon;Binny.Mallon@yopmail.com;1906-06-03
Wynne;Trinetta;Wynne.Trinetta@yopmail.com;2008-11-07
Jessamyn;Faria;Jessamyn.Faria@yopmail.com;1990-10-27
Kirstin;Odysseus;Kirstin.Odysseus@yopmail.com;1934-06-22
Katuscha;Sidonius;Katuscha.Sidonius@yopmail.com;1963-01-04
Taffy;Lail;Taffy.Lail@yopmail.com;1985-08-31
Louella;Ralfston;Louella.Ralfston@yopmail.com;1951-09-01
Hermione;Wenda;Hermione.Wenda@yopmail.com;1901-09-10
Karina;Gusella;Karina.Gusella@yopmail.com;1940-12-31
Fina;Shelba;Fina.Shelba@yopmail.com;1976-05-10
Sue;Aaberg;Sue.Aaberg@yopmail.com;1930-02-13
Ann-Marie;Hanleigh;Ann-Marie.Hanleigh@yopmail.com;2007-03-20
Kelly;Maurine;Kelly.Maurine@yopmail.com;1985-08-01
Livvyy;Constancy;Livvyy.Constancy@yopmail.com;1912-02-10
Caritta;Sherfield;Caritta.Sherfield@yopmail.com;2006-04-23
Anallese;Haerr;Anallese.Haerr@yopmail.com;1981-08-06
Sheree;Ventre;Sheree.Ventre@yopmail.com;1957-07-15
Meriel;Sperling;Meriel.Sperling@yopmail.com;1983-10-13
Dyann;Glenden;Dyann.Glenden@yopmail.com;1921-11-02
Larine;Miru;Larine.Miru@yopmail.com;2002-04-17
Eolanda;Ludewig;Eolanda.Ludewig@yopmail.com;1905-09-28
Olwen;Margret;Olwen.Margret@yopmail.com;1911-04-28
Patricia;Wiener;Patricia.Wiener@yopmail.com;1985-09-13
Clo;Neils;Clo.Neils@yopmail.com;1969-05-29
Lauryn;Harday;Lauryn.Harday@yopmail.com;1916-06-30
Vonny;Estella;Vonny.Estella@yopmail.com;1968-02-10
Yolane;Sherrie;Yolane.Sherrie@yopmail.com;2004-09-26
Kirbee;Mintz;Kirbee.Mintz@yopmail.com;1954-06-12
Ofilia;Michella;Ofilia.Michella@yopmail.com;1930-11-03
Beth;Natalia;Beth.Natalia@yopmail.com;1903-11-25
Gerianna;Lytton;Gerianna.Lytton@yopmail.com;1928-06-11
Etta;Brenn;Etta.Brenn@yopmail.com;1914-01-09
Damaris;Estella;Damaris.Estella@yopmail.com;1952-05-31
Robinia;Maurine;Robinia.Maurine@yopmail.com;1901-11-03
Ginnie;Francene;Ginnie.Francene@yopmail.com;1942-12-24
Clary;Levey;Clary.Levey@yopmail.com;2014-12-10
Tybie;Pitt;Tybie.Pitt@yopmail.com;1906-12-22
Rhea;Han;Rhea.Han@yopmail.com;1953-01-13
Marcy;Winthorpe;Marcy.Winthorpe@yopmail.com;1977-02-16
Moyna;Glenden;Moyna.Glenden@yopmail.com;1958-05-19
Jan;Zachary;Jan.Zachary@yopmail.com;1904-05-27
Gusty;Bartlett;Gusty.Bartlett@yopmail.com;1942-07-31
Courtnay;Gilbertson;Courtnay.Gilbertson@yopmail.com;1989-12-25
Frieda;Millda;Frieda.Millda@yopmail.com;1940-12-28
Valera;Sacken;Valera.Sacken@yopmail.com;1985-01-15
Dolli;Terrence;Dolli.Terrence@yopmail.com;2009-12-18
Chickie;Revkah;Chickie.Revkah@yopmail.com;1956-01-16
Cecile;Quent;Cecile.Quent@yopmail.com;1909-02-28
Bertine;Fillbert;Bertine.Fillbert@yopmail.com;1921-02-03
Lesly;Ade;Lesly.Ade@yopmail.com;1996-03-30
Paulita;Oriana;Paulita.Oriana@yopmail.com;1906-06-13
Cordi;Tamar;Cordi.Tamar@yopmail.com;2005-05-06
Clementine;Screens;Clementine.Screens@yopmail.com;1940-08-18
Ardys;Brieta;Ardys.Brieta@yopmail.com;1993-05-08
Collen;Pernick;Collen.Pernick@yopmail.com;1997-03-02
Lolita;Stacy;Lolita.Stacy@yopmail.com;1973-03-14
Danny;Urias;Danny.Urias@yopmail.com;1950-10-20
Arabel;Lacombe;Arabel.Lacombe@yopmail.com;1980-10-09
Betta;Rogerio;Betta.Rogerio@yopmail.com;2016-10-22
Hyacinthe;Shuler;Hyacinthe.Shuler@yopmail.com;1944-09-08
Margalo;Maisey;Margalo.Maisey@yopmail.com;2011-02-24
Maye;Kolnick;Maye.Kolnick@yopmail.com;1999-09-08
Annaliese;Nahum;Annaliese.Nahum@yopmail.com;1971-01-14
Jinny;Orlene;Jinny.Orlene@yopmail.com;1977-04-10
Nessie;Herrera;Nessie.Herrera@yopmail.com;1967-12-19
Starla;Wandie;Starla.Wandie@yopmail.com;1930-01-14
Olivette;Marijo;Olivette.Marijo@yopmail.com;1957-06-10
Merci;Cottle;Merci.Cottle@yopmail.com;1955-01-22
Feliza;Maxi;Feliza.Maxi@yopmail.com;1949-07-11
Demetris;Ambrosia;Demetris.Ambrosia@yopmail.com;2005-02-20
Alleen;Gaal;Alleen.Gaal@yopmail.com;1971-03-20
Jenda;Zitvaa;Jenda.Zitvaa@yopmail.com;1948-08-30
Abbie;Norvol;Abbie.Norvol@yopmail.com;1968-03-24
Tina;Erlandson;Tina.Erlandson@yopmail.com;1949-02-20
Tamqrah;McCutcheon;Tamqrah.McCutcheon@yopmail.com;1930-05-22
Ana;Pelagias;Ana.Pelagias@yopmail.com;1993-07-29
Danny;Middleton;Danny.Middleton@yopmail.com;1947-02-04
Kirstin;Willie;Kirstin.Willie@yopmail.com;1977-05-20
Calla;Junie;Calla.Junie@yopmail.com;1983-11-01
Jillayne;Podvin;Jillayne.Podvin@yopmail.com;1979-02-01
Amelia;Ariella;Amelia.Ariella@yopmail.com;1948-04-21
Nelle;Quent;Nelle.Quent@yopmail.com;2013-07-01
Gavrielle;Stephie;Gavrielle.Stephie@yopmail.com;1906-07-12
Albertina;Scammon;Albertina.Scammon@yopmail.com;1988-08-24
Paulita;Arathorn;Paulita.Arathorn@yopmail.com;1956-01-02
Korrie;Zina;Korrie.Zina@yopmail.com;1935-12-07
Lucy;Jeanne;Lucy.Jeanne@yopmail.com;1932-03-22
Noelle;Ochs;Noelle.Ochs@yopmail.com;1962-06-30
Mariann;Sikorski;Mariann.Sikorski@yopmail.com;1929-07-14
Marcelline;Iaverne;Marcelline.Iaverne@yopmail.com;1996-01-22
Rosaline;Damarra;Rosaline.Damarra@yopmail.com;1936-10-06
Valera;Lemuela;Valera.Lemuela@yopmail.com;1999-09-21
Daune;Rubie;Daune.Rubie@yopmail.com;1908-03-17
Vevay;Eldrid;Vevay.Eldrid@yopmail.com;1913-05-15
Millie;Damarra;Millie.Damarra@yopmail.com;1972-02-26
Meg;Joachim;Meg.Joachim@yopmail.com;2014-11-23
Rosanne;Noman;Rosanne.Noman@yopmail.com;1946-05-03
Sharai;Ricarda;Sharai.Ricarda@yopmail.com;1910-12-18
Georgetta;Valerio;Georgetta.Valerio@yopmail.com;1973-10-19
Gertrud;Shields;Gertrud.Shields@yopmail.com;1994-04-16
Ellette;Suanne;Ellette.Suanne@yopmail.com;1968-12-10
Lonnie;Horan;Lonnie.Horan@yopmail.com;1997-09-08
Iseabal;Fiester;Iseabal.Fiester@yopmail.com;1995-08-21
Caritta;Janith;Caritta.Janith@yopmail.com;1922-11-04
Stevana;Bates;Stevana.Bates@yopmail.com;1927-08-05
Lisette;Raychel;Lisette.Raychel@yopmail.com;2004-08-24
Barbi;Susannah;Barbi.Susannah@yopmail.com;2012-05-03
Karena;Brittani;Karena.Brittani@yopmail.com;2010-05-01
Beatriz;Maiah;Beatriz.Maiah@yopmail.com;1996-11-01
Fina;Weitman;Fina.Weitman@yopmail.com;1967-06-28
Dede;Chauncey;Dede.Chauncey@yopmail.com;1926-07-29
Ingrid;Juliet;Ingrid.Juliet@yopmail.com;1939-12-05
Judy;Laurianne;Judy.Laurianne@yopmail.com;1928-02-11
Amelia;Buttaro;Amelia.Buttaro@yopmail.com;1922-06-07
Debee;Celestine;Debee.Celestine@yopmail.com;1991-01-11
Leeanne;Delp;Leeanne.Delp@yopmail.com;1904-06-06
Norine;O'Carroll;Norine.O'Carroll@yopmail.com;1984-09-02
Dede;Parette;Dede.Parette@yopmail.com;2018-01-24
Tonia;Hieronymus;Tonia.Hieronymus@yopmail.com;2015-06-14
Maryellen;Margret;Maryellen.Margret@yopmail.com;1978-12-02
Rosanne;Jacinda;Rosanne.Jacinda@yopmail.com;1923-11-09
Aeriela;Guildroy;Aeriela.Guildroy@yopmail.com;1962-06-01
Dorene;Tengdin;Dorene.Tengdin@yopmail.com;2007-09-24
Cecile;Lemuela;Cecile.Lemuela@yopmail.com;1985-08-24
Ulrike;Dearborn;Ulrike.Dearborn@yopmail.com;1976-03-08
Cindelyn;Ricarda;Cindelyn.Ricarda@yopmail.com;1989-12-24
Dianemarie;Ahab;Dianemarie.Ahab@yopmail.com;1938-12-06
Philis;Hailee;Philis.Hailee@yopmail.com;1900-08-09
Susan;Alabaster;Susan.Alabaster@yopmail.com;1921-08-19
Kristan;Sholley;Kristan.Sholley@yopmail.com;1924-12-15
Tarra;Ehrman;Tarra.Ehrman@yopmail.com;1976-06-28
Gerrie;Elbertina;Gerrie.Elbertina@yopmail.com;1938-03-18
Georgetta;Malvino;Georgetta.Malvino@yopmail.com;1911-10-24
Reeba;Anestassia;Reeba.Anestassia@yopmail.com;1970-03-10
Danny;Parette;Danny.Parette@yopmail.com;1931-11-28
Barbara;August;Barbara.August@yopmail.com;1944-07-04
Jackie;Tristram;Jackie.Tristram@yopmail.com;2010-08-09
Aubrie;Glenden;Aubrie.Glenden@yopmail.com;1966-03-05
Carolina;Torray;Carolina.Torray@yopmail.com;1930-01-27
Jeanna;Callista;Jeanna.Callista@yopmail.com;2015-08-12
Donnie;Howlyn;Donnie.Howlyn@yopmail.com;1904-05-09
Di;Norvol;Di.Norvol@yopmail.com;1989-08-17
Rosaline;Kristi;Rosaline.Kristi@yopmail.com;1983-05-26
Mignon;Barbey;Mignon.Barbey@yopmail.com;1930-05-17
Kate;Kress;Kate.Kress@yopmail.com;1935-10-25
Ardys;Gunn;Ardys.Gunn@yopmail.com;1904-07-05
Rosaline;Alfons;Rosaline.Alfons@yopmail.com;1910-08-23
Beverley;Malvino;Beverley.Malvino@yopmail.com;1913-11-07
Ardeen;Brittani;Ardeen.Brittani@yopmail.com;2018-11-01
Carmencita;Merell;Carmencita.Merell@yopmail.com;1989-10-07
Gale;Valerio;Gale.Valerio@yopmail.com;1941-09-08
Margarette;Halla;Margarette.Halla@yopmail.com;1904-08-21
Gabi;Obed;Gabi.Obed@yopmail.com;1982-05-16
Sarette;Rona;Sarette.Rona@yopmail.com;1933-04-23
Jenda;Lynn;Jenda.Lynn@yopmail.com;1963-12-30
Edith;Larochelle;Edith.Larochelle@yopmail.com;1960-04-30
Ingrid;MacIntosh;Ingrid.MacIntosh@yopmail.com;1960-10-23
Nadine;Ruvolo;Nadine.Ruvolo@yopmail.com;2013-12-20
Juliane;Oriana;Juliane.Oriana@yopmail.com;1916-02-03
Theodora;Phyllis;Theodora.Phyllis@yopmail.com;1934-01-21
Alejandra;Fry;Alejandra.Fry@yopmail.com;1902-09-12
Vonny;Denis;Vonny.Denis@yopmail.com;2012-03-17
Justinn;Iaverne;Justinn.Iaverne@yopmail.com;1909-08-11
Josephine;Cleavland;Josephine.Cleavland@yopmail.com;1936-06-20
Renae;Richers;Renae.Richers@yopmail.com;1970-02-17
Gilda;Crudden;Gilda.Crudden@yopmail.com;1955-10-31
Gwenneth;Cosenza;Gwenneth.Cosenza@yopmail.com;1906-05-26
Teddie;Chaing;Teddie.Chaing@yopmail.com;2000-12-11
Taffy;Fiester;Taffy.Fiester@yopmail.com;1979-07-18
Minda;Marisa;Minda.Marisa@yopmail.com;1916-12-16
Rivalee;Evangelia;Rivalee.Evangelia@yopmail.com;1979-12-26
Shel;Revkah;Shel.Revkah@yopmail.com;1902-04-16
Florie;Borrell;Florie.Borrell@yopmail.com;2001-08-15
Cordi;Sinegold;Cordi.Sinegold@yopmail.com;1983-07-16
Tani;Ledah;Tani.Ledah@yopmail.com;2006-01-02
Belva;Maxi;Belva.Maxi@yopmail.com;1957-11-23
Ethel;Constancy;Ethel.Constancy@yopmail.com;1983-01-08
Heddie;Ardra;Heddie.Ardra@yopmail.com;1942-08-18
Corina;Sholley;Corina.Sholley@yopmail.com;1976-07-24
Tamqrah;Taima;Tamqrah.Taima@yopmail.com;1981-04-13
Selia;Barbey;Selia.Barbey@yopmail.com;1989-03-07
June;Martguerita;June.Martguerita@yopmail.com;1956-02-27
Deedee;Melony;Deedee.Melony@yopmail.com;1925-03-13
Bernardine;Birdella;Bernardine.Birdella@yopmail.com;1934-03-21
Pearline;Rurik;Pearline.Rurik@yopmail.com;1937-07-06
Dorthy;Tound;Dorthy.Tound@yopmail.com;1970-11-04
Tilly;Fillbert;Tilly.Fillbert@yopmail.com;1902-02-23
Rori;Kirbee;Rori.Kirbee@yopmail.com;1950-10-04
Laurene;Telfer;Laurene.Telfer@yopmail.com;1921-08-31
Tabbatha;Kosey;Tabbatha.Kosey@yopmail.com;1994-08-20
Katleen;Oneida;Katleen.Oneida@yopmail.com;1923-06-25
Pollyanna;Hurley;Pollyanna.Hurley@yopmail.com;1923-04-16
Ninnetta;Arquit;Ninnetta.Arquit@yopmail.com;1921-03-05
Vere;Maxi;Vere.Maxi@yopmail.com;1971-11-15
Tabbatha;Lunsford;Tabbatha.Lunsford@yopmail.com;1902-08-29
Brianna;Eben;Brianna.Eben@yopmail.com;1948-12-01
Zondra;Tryck;Zondra.Tryck@yopmail.com;1980-05-17
Grier;Cosenza;Grier.Cosenza@yopmail.com;1914-01-06
Bobbi;Izaak;Bobbi.Izaak@yopmail.com;1924-09-03
Carlie;Kussell;Carlie.Kussell@yopmail.com;1938-02-01
Dianemarie;Myrilla;Dianemarie.Myrilla@yopmail.com;2007-03-12
Devina;Kelula;Devina.Kelula@yopmail.com;1920-06-17
Kelly;Hillel;Kelly.Hillel@yopmail.com;1931-07-24
Madelle;Charity;Madelle.Charity@yopmail.com;1973-06-28
Eolanda;Waldron;Eolanda.Waldron@yopmail.com;1982-01-05
Vivia;MacIntosh;Vivia.MacIntosh@yopmail.com;1968-03-05
Sidoney;Etom;Sidoney.Etom@yopmail.com;1970-01-29
Madelle;Stilwell;Madelle.Stilwell@yopmail.com;2008-04-16
Dode;Lamoree;Dode.Lamoree@yopmail.com;1921-07-23
Raf;Weide;Raf.Weide@yopmail.com;1992-02-21
Veda;Publia;Veda.Publia@yopmail.com;1960-10-18
Nariko;Baylor;Nariko.Baylor@yopmail.com;1950-12-19
Blinni;Maxi;Blinni.Maxi@yopmail.com;2019-06-15
Pearline;Zachary;Pearline.Zachary@yopmail.com;1975-09-10
Roseline;Pacorro;Roseline.Pacorro@yopmail.com;1938-10-02
Kassey;Adalbert;Kassey.Adalbert@yopmail.com;1989-03-04
Zaria;Andrel;Zaria.Andrel@yopmail.com;1984-09-25
Melanie;Gamaliel;Melanie.Gamaliel@yopmail.com;1991-02-19
Giustina;Trace;Giustina.Trace@yopmail.com;1914-01-07
Michaelina;Hedve;Michaelina.Hedve@yopmail.com;2008-03-31
Yolane;Tengdin;Yolane.Tengdin@yopmail.com;1928-05-03
Tori;Aloise;Tori.Aloise@yopmail.com;2004-11-07
Courtnay;Cloris;Courtnay.Cloris@yopmail.com;1917-09-05
Eve;Nelsen;Eve.Nelsen@yopmail.com;1918-03-24
Livvyy;Chaing;Livvyy.Chaing@yopmail.com;1972-04-08
Jennica;Westphal;Jennica.Westphal@yopmail.com;2015-03-16
Fidelia;Creamer;Fidelia.Creamer@yopmail.com;1982-10-22
Willetta;Stevy;Willetta.Stevy@yopmail.com;1936-07-06
Hollie;Goth;Hollie.Goth@yopmail.com;1926-05-10
Adele;Forrer;Adele.Forrer@yopmail.com;1906-03-27
Peri;Linskey;Peri.Linskey@yopmail.com;1906-05-16
Chickie;Honoria;Chickie.Honoria@yopmail.com;1975-05-02
Barbi;Viddah;Barbi.Viddah@yopmail.com;1939-06-09
Rubie;Decato;Rubie.Decato@yopmail.com;1959-02-22
Ilse;Cyrie;Ilse.Cyrie@yopmail.com;1936-06-27
Susan;Peti;Susan.Peti@yopmail.com;2005-01-08
Aurore;Deny;Aurore.Deny@yopmail.com;1935-12-13
Theodora;Donoghue;Theodora.Donoghue@yopmail.com;1966-10-13
Marinna;Rubie;Marinna.Rubie@yopmail.com;2015-03-22
Merle;Noelyn;Merle.Noelyn@yopmail.com;1900-05-17
Anthia;Jarib;Anthia.Jarib@yopmail.com;1963-11-22
Courtnay;Gombach;Courtnay.Gombach@yopmail.com;1909-01-31
Hollie;Irmine;Hollie.Irmine@yopmail.com;1935-07-28
Chandra;Dearborn;Chandra.Dearborn@yopmail.com;1957-01-30
Jackie;Sisile;Jackie.Sisile@yopmail.com;1940-01-23
Clo;Ariella;Clo.Ariella@yopmail.com;1952-08-24
Molli;Roche;Molli.Roche@yopmail.com;1989-06-14
Belva;Christine;Belva.Christine@yopmail.com;1982-01-12
Ardys;Barrus;Ardys.Barrus@yopmail.com;1949-01-13
Justinn;Milde;Justinn.Milde@yopmail.com;1967-10-17
Sarette;Hortensia;Sarette.Hortensia@yopmail.com;1962-02-07
Sandie;Phi;Sandie.Phi@yopmail.com;1981-01-26
Merry;Hutchison;Merry.Hutchison@yopmail.com;1906-10-09
Ardeen;Kevon;Ardeen.Kevon@yopmail.com;1957-06-25
Ariela;Gaal;Ariela.Gaal@yopmail.com;2004-08-05
Drucie;Connelly;Drucie.Connelly@yopmail.com;1925-11-02
Berget;Saunderson;Berget.Saunderson@yopmail.com;1933-05-25
Dorothy;Loeb;Dorothy.Loeb@yopmail.com;1998-11-01
Silvana;Kat;Silvana.Kat@yopmail.com;1935-03-28
Marika;Egbert;Marika.Egbert@yopmail.com;1988-11-26
Kary;Belldas;Kary.Belldas@yopmail.com;1944-02-20
Ermengarde;Forrer;Ermengarde.Forrer@yopmail.com;1966-05-29
Kelly;Kat;Kelly.Kat@yopmail.com;1956-04-28
Ezmeralda;Bettine;Ezmeralda.Bettine@yopmail.com;1985-08-01
Laurene;Dom;Laurene.Dom@yopmail.com;2001-04-21
Fernande;Corrine;Fernande.Corrine@yopmail.com;1953-11-03
Hallie;Mandler;Hallie.Mandler@yopmail.com;1956-02-24
Sue;Gilmour;Sue.Gilmour@yopmail.com;1978-10-19
Jordan;Kare;Jordan.Kare@yopmail.com;1937-08-12
Gilligan;Ruvolo;Gilligan.Ruvolo@yopmail.com;2012-02-24
Coral;Bettine;Coral.Bettine@yopmail.com;1960-03-30
Wilma;Hanshaw;Wilma.Hanshaw@yopmail.com;2005-08-12
Darci;Knowling;Darci.Knowling@yopmail.com;1913-10-09
Cristabel;Paine;Cristabel.Paine@yopmail.com;1990-08-11
Peri;Weinreb;Peri.Weinreb@yopmail.com;1939-03-03
Brynna;Trey;Brynna.Trey@yopmail.com;1956-04-14
Lenna;Jefferey;Lenna.Jefferey@yopmail.com;1982-05-31
Lynea;Johnsson;Lynea.Johnsson@yopmail.com;1907-09-08
Marylou;Plato;Marylou.Plato@yopmail.com;1927-12-21