firstname;lastname;email;Field Name
Kimmy;Deny;Kimmy.Deny@yopmail.com;1913-01-21
Aubrie;Morehouse;Aubrie.Morehouse@yopmail.com;1995-10-25
Darci;Dudley;Darci.Dudley@yopmail.com;1994-06-17
Dulcinea;Papageno;Dulcinea.Papageno@yopmail.com;1975-02-16
Karlee;Solitta;Karlee.Solitta@yopmail.com;2000-02-11
Donetta;Melleta;Donetta.Melleta@yopmail.com;1968-01-26
Ericka;Stilwell;Ericka.Stilwell@yopmail.com;1923-02-07
Melanie;Valerio;Melanie.Valerio@yopmail.com;1966-02-19
Layla;Capello;Layla.Capello@yopmail.com;1997-11-11
Ketti;Boycey;Ketti.Boycey@yopmail.com;1904-05-16
Theodora;My;Theodora.My@yopmail.com;1928-09-30
Hollie;Iaverne;Hollie.Iaverne@yopmail.com;1917-01-11
Joceline;Weide;Joceline.Weide@yopmail.com;1973-05-20
Kenna;Tacye;Kenna.Tacye@yopmail.com;1918-01-11
Esmeralda;Liva;Esmeralda.Liva@yopmail.com;2015-03-18
Lusa;Miru;Lusa.Miru@yopmail.com;1971-12-19
Celestyna;Narton;Celestyna.Narton@yopmail.com;1914-06-30
Almeta;Fosque;Almeta.Fosque@yopmail.com;2014-03-21
Allyce;Tamsky;Allyce.Tamsky@yopmail.com;1995-07-19
Gwyneth;Maryanne;Gwyneth.Maryanne@yopmail.com;1965-08-15
Maisey;Caitlin;Maisey.Caitlin@yopmail.com;2008-12-28
Berget;Erlandson;Berget.Erlandson@yopmail.com;1973-01-18
Rosaline;Gavrila;Rosaline.Gavrila@yopmail.com;1999-11-19
Tomasina;Magdalen;Tomasina.Magdalen@yopmail.com;1909-12-14
Leeanne;Kalinda;Leeanne.Kalinda@yopmail.com;1950-04-25
Riannon;Susannah;Riannon.Susannah@yopmail.com;1911-10-26
Roz;Ephrem;Roz.Ephrem@yopmail.com;1970-08-26
Wanda;Damarra;Wanda.Damarra@yopmail.com;1970-09-06
Marguerite;Gregrory;Marguerite.Gregrory@yopmail.com;1933-09-07
Jeanna;O'Rourke;Jeanna.O'Rourke@yopmail.com;1930-11-29
Amelia;Kermit;Amelia.Kermit@yopmail.com;1975-09-18
Lanae;Orelee;Lanae.Orelee@yopmail.com;1970-04-08
Marjie;Holtz;Marjie.Holtz@yopmail.com;1991-01-14
Dawn;Ventre;Dawn.Ventre@yopmail.com;1929-12-24
Amalie;Dash;Amalie.Dash@yopmail.com;1954-07-24
Sissy;Rossner;Sissy.Rossner@yopmail.com;1928-04-14
Neila;Parette;Neila.Parette@yopmail.com;1968-06-29
Amii;Maryanne;Amii.Maryanne@yopmail.com;1960-04-23
Sarette;Radu;Sarette.Radu@yopmail.com;1937-08-25
Tressa;Marlie;Tressa.Marlie@yopmail.com;1976-09-01
Annice;Cherianne;Annice.Cherianne@yopmail.com;1999-12-24
Beatriz;Kussell;Beatriz.Kussell@yopmail.com;1929-11-25
Ana;Shelba;Ana.Shelba@yopmail.com;1975-08-18
Evaleen;Lane;Evaleen.Lane@yopmail.com;2005-11-13
Gale;Virgin;Gale.Virgin@yopmail.com;2011-05-03
Ellette;Parsaye;Ellette.Parsaye@yopmail.com;1992-08-08
Mara;Zaslow;Mara.Zaslow@yopmail.com;1956-05-26
Jacquetta;Syd;Jacquetta.Syd@yopmail.com;1981-03-22
Vita;Lory;Vita.Lory@yopmail.com;1953-08-12
Oralee;Maroney;Oralee.Maroney@yopmail.com;1907-03-28
Jenda;Lasley;Jenda.Lasley@yopmail.com;1934-09-14
Kayla;Ardra;Kayla.Ardra@yopmail.com;1975-02-21
Melisent;Riva;Melisent.Riva@yopmail.com;1910-10-11
Delilah;Yorick;Delilah.Yorick@yopmail.com;2007-03-29
Darlleen;Durante;Darlleen.Durante@yopmail.com;1978-01-08
Ebonee;Anton;Ebonee.Anton@yopmail.com;1989-07-10
Oralee;Beebe;Oralee.Beebe@yopmail.com;2016-12-20
Diena;Clywd;Diena.Clywd@yopmail.com;1934-09-08
Rani;Gabrielli;Rani.Gabrielli@yopmail.com;2011-08-24
Jenda;Burnside;Jenda.Burnside@yopmail.com;1914-12-05
Dione;Leonard;Dione.Leonard@yopmail.com;1950-05-29
Roz;Bollay;Roz.Bollay@yopmail.com;2005-03-09
Jerry;Drisko;Jerry.Drisko@yopmail.com;1947-04-14
Jean;Stav;Jean.Stav@yopmail.com;1912-08-23
Calla;Israeli;Calla.Israeli@yopmail.com;2018-06-15
Emelina;Alexandr;Emelina.Alexandr@yopmail.com;2008-01-24
Audrie;Constancy;Audrie.Constancy@yopmail.com;1974-11-23
Marnia;Millda;Marnia.Millda@yopmail.com;2014-01-31
Emma;Ashely;Emma.Ashely@yopmail.com;1959-02-18
Pierette;Olnee;Pierette.Olnee@yopmail.com;1998-05-07
Hildegaard;Jotham;Hildegaard.Jotham@yopmail.com;1948-09-15
Kelly;Colyer;Kelly.Colyer@yopmail.com;1967-12-24
Kalina;Brady;Kalina.Brady@yopmail.com;2002-02-25
Olwen;Lasley;Olwen.Lasley@yopmail.com;1945-03-06
Frances;Chesna;Frances.Chesna@yopmail.com;1929-09-04
Cecile;Hilbert;Cecile.Hilbert@yopmail.com;1995-02-14
Carilyn;Terencio;Carilyn.Terencio@yopmail.com;1948-08-13
Emylee;Garlinda;Emylee.Garlinda@yopmail.com;1907-10-18
Bertine;Wooster;Bertine.Wooster@yopmail.com;2015-03-11
Madalyn;Gillan;Madalyn.Gillan@yopmail.com;1928-10-02
Danika;Obed;Danika.Obed@yopmail.com;1969-10-02
Tressa;Kunin;Tressa.Kunin@yopmail.com;2014-02-19
Nannie;Wolfgram;Nannie.Wolfgram@yopmail.com;1925-04-02
Kristina;Cookie;Kristina.Cookie@yopmail.com;1918-10-05
Talya;Chauncey;Talya.Chauncey@yopmail.com;1939-09-07
Renie;Chauncey;Renie.Chauncey@yopmail.com;2008-11-04
Wynne;Simmonds;Wynne.Simmonds@yopmail.com;2001-01-20
Selma;Lamoree;Selma.Lamoree@yopmail.com;1929-05-25
Nyssa;Annice;Nyssa.Annice@yopmail.com;1975-01-07
Gale;Henrie;Gale.Henrie@yopmail.com;1995-08-05
Carlie;Bartlett;Carlie.Bartlett@yopmail.com;1995-10-29
Caressa;Deny;Caressa.Deny@yopmail.com;2004-09-24
Netty;Quinn;Netty.Quinn@yopmail.com;1950-12-03
Pierette;Wandie;Pierette.Wandie@yopmail.com;1943-02-26
Hollie;Berne;Hollie.Berne@yopmail.com;1968-04-26
Keelia;Fink;Keelia.Fink@yopmail.com;2006-10-14
Marnia;Hathaway;Marnia.Hathaway@yopmail.com;1929-11-27
Karena;Hepsibah;Karena.Hepsibah@yopmail.com;2013-12-16
Karlee;Mauer;Karlee.Mauer@yopmail.com;1973-04-29
Libbie;Peg;Libbie.Peg@yopmail.com;1976-10-17
Brena;Sothena;Brena.Sothena@yopmail.com;1917-12-21
Robbi;Philipp;Robbi.Philipp@yopmail.com;1954-01-25
Tersina;Ellord;Tersina.Ellord@yopmail.com;1917-12-25
Marline;Rodmann;Marline.Rodmann@yopmail.com;1995-04-04
Konstance;Kesley;Konstance.Kesley@yopmail.com;2003-02-09
Caryl;Redmond;Caryl.Redmond@yopmail.com;1978-03-19
Miquela;Carolin;Miquela.Carolin@yopmail.com;1943-06-05
Elfreda;Sandye;Elfreda.Sandye@yopmail.com;1969-12-12
Jany;Harday;Jany.Harday@yopmail.com;2005-06-01
Mary;Deegan;Mary.Deegan@yopmail.com;1909-03-09
Lucy;Pearse;Lucy.Pearse@yopmail.com;2018-03-18
Sidoney;Buckler;Sidoney.Buckler@yopmail.com;1975-03-10
Lesly;Hessler;Lesly.Hessler@yopmail.com;1932-07-14
Sarette;Anselmi;Sarette.Anselmi@yopmail.com;1916-04-22
Larine;Oneida;Larine.Oneida@yopmail.com;1995-09-28
Fredericka;Sholley;Fredericka.Sholley@yopmail.com;1970-09-16
Juliane;Thilda;Juliane.Thilda@yopmail.com;1928-03-21
Annabela;Carolin;Annabela.Carolin@yopmail.com;1912-08-29
Jany;Cornelia;Jany.Cornelia@yopmail.com;2011-01-03
Ebonee;Pond;Ebonee.Pond@yopmail.com;1928-05-19
Cacilie;Nerita;Cacilie.Nerita@yopmail.com;2008-11-10
Sabina;Truc;Sabina.Truc@yopmail.com;1974-07-09
Amara;Cookie;Amara.Cookie@yopmail.com;2003-05-14
Danny;Christine;Danny.Christine@yopmail.com;1940-07-01
Mureil;Thilda;Mureil.Thilda@yopmail.com;2018-05-10
Neila;Emmy;Neila.Emmy@yopmail.com;1951-03-31
Asia;Ader;Asia.Ader@yopmail.com;1963-06-12
Nerta;Adrienne;Nerta.Adrienne@yopmail.com;1990-04-28
Celene;Prober;Celene.Prober@yopmail.com;2010-07-02
Karena;Byrne;Karena.Byrne@yopmail.com;1936-01-29
Nananne;Ehrman;Nananne.Ehrman@yopmail.com;1964-02-21
Edyth;Lorenz;Edyth.Lorenz@yopmail.com;2014-05-20
Glenda;Lamoree;Glenda.Lamoree@yopmail.com;2007-01-20
Madelle;Mich;Madelle.Mich@yopmail.com;1935-08-21
Henriette;Hanleigh;Henriette.Hanleigh@yopmail.com;1954-12-03
Corry;Birdella;Corry.Birdella@yopmail.com;1971-05-31
Marti;Newell;Marti.Newell@yopmail.com;1907-07-01
Dacia;Kosey;Dacia.Kosey@yopmail.com;1965-11-19
Paulita;Belldas;Paulita.Belldas@yopmail.com;1922-05-08
Elbertina;Carlson;Elbertina.Carlson@yopmail.com;1926-09-04
Natka;Briney;Natka.Briney@yopmail.com;1935-12-26
Annecorinne;Brenn;Annecorinne.Brenn@yopmail.com;2001-08-24
Dania;Gilmour;Dania.Gilmour@yopmail.com;1965-01-11
Karolina;Burnside;Karolina.Burnside@yopmail.com;1925-10-28
Adore;Fiann;Adore.Fiann@yopmail.com;1999-07-28
Alex;Tybald;Alex.Tybald@yopmail.com;1949-06-13
Teddie;Katrine;Teddie.Katrine@yopmail.com;1903-06-24
Tracey;Azeria;Tracey.Azeria@yopmail.com;1981-09-08
Anica;Hollingsworth;Anica.Hollingsworth@yopmail.com;1935-06-19
Aaren;Emmy;Aaren.Emmy@yopmail.com;1994-04-26
Ofilia;Bakerman;Ofilia.Bakerman@yopmail.com;1956-07-04
Caritta;Arathorn;Caritta.Arathorn@yopmail.com;1902-08-10
Leia;Billye;Leia.Billye@yopmail.com;1900-09-28
Correy;Japeth;Correy.Japeth@yopmail.com;1934-02-21
Britte;Lea;Britte.Lea@yopmail.com;1946-04-07
Eadie;Phi;Eadie.Phi@yopmail.com;2016-01-28
Gwyneth;Kussell;Gwyneth.Kussell@yopmail.com;1905-03-19
Jerry;Bobbee;Jerry.Bobbee@yopmail.com;1941-06-01
Belinda;Othilia;Belinda.Othilia@yopmail.com;2005-08-09
Wendi;Zetta;Wendi.Zetta@yopmail.com;1961-08-13
Bernardine;Himelman;Bernardine.Himelman@yopmail.com;1990-11-05
Candy;Syd;Candy.Syd@yopmail.com;1925-07-15
Cacilie;Bebe;Cacilie.Bebe@yopmail.com;1945-02-10
Ernesta;Ferrell;Ernesta.Ferrell@yopmail.com;1938-03-16
Reeba;Screens;Reeba.Screens@yopmail.com;1949-06-22
Cacilie;Podvin;Cacilie.Podvin@yopmail.com;1940-09-30
Fanny;Posner;Fanny.Posner@yopmail.com;1934-08-09
Etta;Graig;Etta.Graig@yopmail.com;2001-03-17
Kara-Lynn;Rossner;Kara-Lynn.Rossner@yopmail.com;1945-11-04
Stephanie;Dorothy;Stephanie.Dorothy@yopmail.com;1981-08-18
Valli;Fleeta;Valli.Fleeta@yopmail.com;1988-10-03
Arabel;Ferrell;Arabel.Ferrell@yopmail.com;1967-10-27
Debee;Rhu;Debee.Rhu@yopmail.com;1912-03-03
Odessa;O'Rourke;Odessa.O'Rourke@yopmail.com;1959-04-24
Brianna;Schalles;Brianna.Schalles@yopmail.com;1939-04-10
Pamella;Abram;Pamella.Abram@yopmail.com;1915-10-08
Nyssa;Erich;Nyssa.Erich@yopmail.com;1950-08-12
Di;Shaver;Di.Shaver@yopmail.com;1940-02-04
Charissa;Dom;Charissa.Dom@yopmail.com;1973-04-15
Odessa;Teryn;Odessa.Teryn@yopmail.com;1986-05-30
Caressa;Carolin;Caressa.Carolin@yopmail.com;2001-10-14
Myrtice;Michella;Myrtice.Michella@yopmail.com;1949-02-19
Lucille;Truc;Lucille.Truc@yopmail.com;1977-02-20
Briney;McLaughlin;Briney.McLaughlin@yopmail.com;1956-06-03
Jan;Ursulette;Jan.Ursulette@yopmail.com;1944-07-14
Rosanne;Belldas;Rosanne.Belldas@yopmail.com;1990-02-27
Jerry;Lilybelle;Jerry.Lilybelle@yopmail.com;1977-01-13
Carree;Sacken;Carree.Sacken@yopmail.com;1942-12-27
Lanna;Norrie;Lanna.Norrie@yopmail.com;1917-01-20
Lynea;Laverne;Lynea.Laverne@yopmail.com;1918-11-16
Catrina;Charmine;Catrina.Charmine@yopmail.com;1948-12-30
Drucie;Poll;Drucie.Poll@yopmail.com;1921-08-12
Rivalee;Toor;Rivalee.Toor@yopmail.com;1973-04-28
Emma;Granoff;Emma.Granoff@yopmail.com;1992-02-08
Henriette;Korey;Henriette.Korey@yopmail.com;1998-10-26
Danny;Ariella;Danny.Ariella@yopmail.com;1954-06-06
Henriette;Eckblad;Henriette.Eckblad@yopmail.com;1930-08-24
Anestassia;Billye;Anestassia.Billye@yopmail.com;1918-11-29
Tami;Morehouse;Tami.Morehouse@yopmail.com;1957-05-11
Nannie;Yoko;Nannie.Yoko@yopmail.com;1953-09-23
Deane;Angelis;Deane.Angelis@yopmail.com;2013-04-30
Vivia;Marlie;Vivia.Marlie@yopmail.com;1942-04-27
Heddie;Creamer;Heddie.Creamer@yopmail.com;1932-09-23
Aigneis;Saree;Aigneis.Saree@yopmail.com;1972-04-19
Andree;Grosz;Andree.Grosz@yopmail.com;1990-10-14
Nanete;Soneson;Nanete.Soneson@yopmail.com;2013-12-09
Nessie;Kevon;Nessie.Kevon@yopmail.com;1995-02-12
Eolanda;Gaynor;Eolanda.Gaynor@yopmail.com;1932-10-21
Dari;Bettine;Dari.Bettine@yopmail.com;1975-06-22
Madelle;Sallyann;Madelle.Sallyann@yopmail.com;1940-07-18
Lynnea;Greyson;Lynnea.Greyson@yopmail.com;1984-09-17
Gerianna;Halla;Gerianna.Halla@yopmail.com;1909-01-04
Damaris;Lipson;Damaris.Lipson@yopmail.com;1986-12-19
Ida;Saree;Ida.Saree@yopmail.com;1967-03-07
Kerrin;Jerald;Kerrin.Jerald@yopmail.com;1951-06-27
Alia;Maisey;Alia.Maisey@yopmail.com;1923-06-17
Eugine;Fax;Eugine.Fax@yopmail.com;2005-03-24
Rosene;Fancie;Rosene.Fancie@yopmail.com;1949-09-20
Gabi;Anyah;Gabi.Anyah@yopmail.com;1917-07-11
Jolyn;Drus;Jolyn.Drus@yopmail.com;1961-07-08
Rani;Wareing;Rani.Wareing@yopmail.com;1920-05-14
Adelle;Bahr;Adelle.Bahr@yopmail.com;2000-10-23
Elena;Bryna;Elena.Bryna@yopmail.com;1968-09-09
Abbie;Munn;Abbie.Munn@yopmail.com;1941-10-09
Roxane;Kazimir;Roxane.Kazimir@yopmail.com;2012-05-13
Janenna;Dielu;Janenna.Dielu@yopmail.com;1964-08-16
Yvonne;Weitman;Yvonne.Weitman@yopmail.com;1947-04-18
Almeta;Toor;Almeta.Toor@yopmail.com;1987-10-24
Melodie;Fabiola;Melodie.Fabiola@yopmail.com;2007-09-17
Madelle;Harned;Madelle.Harned@yopmail.com;1910-04-26
Suzette;Bluh;Suzette.Bluh@yopmail.com;2001-01-23
Blake;Dom;Blake.Dom@yopmail.com;1934-01-02
Jeanna;Lytton;Jeanna.Lytton@yopmail.com;1964-06-15
Chastity;Agle;Chastity.Agle@yopmail.com;1936-02-29
Audrie;Roscoe;Audrie.Roscoe@yopmail.com;1927-10-02
Adele;Wandie;Adele.Wandie@yopmail.com;1984-05-10
Hallie;Stilwell;Hallie.Stilwell@yopmail.com;1918-05-24
Lynde;Myrilla;Lynde.Myrilla@yopmail.com;1949-05-16
Kial;Justinn;Kial.Justinn@yopmail.com;1920-12-29
Margalo;Carey;Margalo.Carey@yopmail.com;1921-03-22
Ingrid;Zuzana;Ingrid.Zuzana@yopmail.com;1912-02-09
Marika;Luhe;Marika.Luhe@yopmail.com;1950-09-01
Arlena;Kat;Arlena.Kat@yopmail.com;1943-09-23
Quintina;Horan;Quintina.Horan@yopmail.com;1950-11-13
Clarice;Thad;Clarice.Thad@yopmail.com;1912-01-12
Nanete;Kermit;Nanete.Kermit@yopmail.com;2012-11-24
Emelina;Capello;Emelina.Capello@yopmail.com;1975-02-17
Rozele;Hubert;Rozele.Hubert@yopmail.com;1929-10-13
Fernande;Matthew;Fernande.Matthew@yopmail.com;1982-11-22
Alameda;Socha;Alameda.Socha@yopmail.com;1916-07-26
Meriel;Jobi;Meriel.Jobi@yopmail.com;1999-03-08
Ardenia;Bahr;Ardenia.Bahr@yopmail.com;1988-08-27
Bettine;Gaynor;Bettine.Gaynor@yopmail.com;1941-02-24
Kirbee;Fennessy;Kirbee.Fennessy@yopmail.com;1930-10-15
Aurore;Wesle;Aurore.Wesle@yopmail.com;1912-08-19
Laure;Moina;Laure.Moina@yopmail.com;1965-05-09
Jerry;Lindemann;Jerry.Lindemann@yopmail.com;1957-04-13
Max;Iiette;Max.Iiette@yopmail.com;1997-01-11
Lindie;Phaidra;Lindie.Phaidra@yopmail.com;1971-01-28
Tressa;Rooney;Tressa.Rooney@yopmail.com;1932-04-17
Jacenta;Ogren;Jacenta.Ogren@yopmail.com;1917-04-21
Ninnetta;Margarete;Ninnetta.Margarete@yopmail.com;2006-03-05
Annabela;Schlosser;Annabela.Schlosser@yopmail.com;1943-10-21
Aili;Bendick;Aili.Bendick@yopmail.com;1913-11-30
Shannah;Bari;Shannah.Bari@yopmail.com;1938-11-10
Millie;Friede;Millie.Friede@yopmail.com;1992-06-17
Lindie;Colbert;Lindie.Colbert@yopmail.com;1959-11-18
Concettina;Kelula;Concettina.Kelula@yopmail.com;1979-02-11
Dacia;Weitman;Dacia.Weitman@yopmail.com;1991-04-06
Cacilie;Konyn;Cacilie.Konyn@yopmail.com;1905-08-10
Darlleen;Wittie;Darlleen.Wittie@yopmail.com;2012-05-05
Mildrid;Howlyn;Mildrid.Howlyn@yopmail.com;1911-04-10
Lelah;Goth;Lelah.Goth@yopmail.com;1996-08-29
Eadie;Parette;Eadie.Parette@yopmail.com;2014-12-02
Lorie;Alcott;Lorie.Alcott@yopmail.com;1957-08-22
Minne;Morrill;Minne.Morrill@yopmail.com;2019-07-11
Anthia;Duwalt;Anthia.Duwalt@yopmail.com;1906-02-06
Atlanta;Swanhildas;Atlanta.Swanhildas@yopmail.com;1981-07-23
Susette;Esmaria;Susette.Esmaria@yopmail.com;1959-12-21
Jemie;Gilmour;Jemie.Gilmour@yopmail.com;1926-12-11
Shaine;Lauraine;Shaine.Lauraine@yopmail.com;1901-07-19
Gusty;Stilwell;Gusty.Stilwell@yopmail.com;2013-06-19
Jasmina;Haerr;Jasmina.Haerr@yopmail.com;1917-12-06
Carmencita;Ochs;Carmencita.Ochs@yopmail.com;1908-09-20
Robinia;Rustice;Robinia.Rustice@yopmail.com;1918-04-19
Merci;Pond;Merci.Pond@yopmail.com;1942-04-06
Steffane;Aprile;Steffane.Aprile@yopmail.com;1982-08-26
Jean;Lail;Jean.Lail@yopmail.com;1942-12-19
Calla;Valerio;Calla.Valerio@yopmail.com;1975-02-22
Carolina;Larochelle;Carolina.Larochelle@yopmail.com;2002-01-24
Luci;Estella;Luci.Estella@yopmail.com;2006-05-07
Delilah;Kazimir;Delilah.Kazimir@yopmail.com;1900-04-04
Vere;Alexandr;Vere.Alexandr@yopmail.com;2009-06-11
Yetty;Morgun;Yetty.Morgun@yopmail.com;1943-10-20
Michaelina;Ball;Michaelina.Ball@yopmail.com;1998-02-25
Michaelina;Eldrid;Michaelina.Eldrid@yopmail.com;1941-08-30
Morganica;Leopold;Morganica.Leopold@yopmail.com;1913-03-12
Audrie;Yusuk;Audrie.Yusuk@yopmail.com;1926-12-11
Ottilie;Dielu;Ottilie.Dielu@yopmail.com;1928-07-02
Clary;Edmund;Clary.Edmund@yopmail.com;1919-04-01
Justinn;Vastah;Justinn.Vastah@yopmail.com;1984-09-12
Zia;Vharat;Zia.Vharat@yopmail.com;1995-02-19
Melanie;Wenda;Melanie.Wenda@yopmail.com;1911-07-06
Georgetta;Shaver;Georgetta.Shaver@yopmail.com;1904-12-17
Marcy;Christine;Marcy.Christine@yopmail.com;1965-03-04
Correy;Burnside;Correy.Burnside@yopmail.com;1971-07-15
Maurene;Warthman;Maurene.Warthman@yopmail.com;1989-07-27
Brianna;Madox;Brianna.Madox@yopmail.com;1907-01-27
Clementine;Philipp;Clementine.Philipp@yopmail.com;1997-01-22
Nessie;Kaete;Nessie.Kaete@yopmail.com;1926-06-10
Felice;Delp;Felice.Delp@yopmail.com;1907-08-30
Atlanta;Hurley;Atlanta.Hurley@yopmail.com;1967-10-15
Cassandra;Thunell;Cassandra.Thunell@yopmail.com;1990-01-08
Olwen;Wildermuth;Olwen.Wildermuth@yopmail.com;1942-06-30
Deedee;Erb;Deedee.Erb@yopmail.com;1980-12-02
Kate;Holtz;Kate.Holtz@yopmail.com;1930-06-29
Cathie;Karl;Cathie.Karl@yopmail.com;2014-05-03
Kimberley;Saunderson;Kimberley.Saunderson@yopmail.com;1975-08-17
Mariann;Delacourt;Mariann.Delacourt@yopmail.com;1934-08-20
Lolita;Woodberry;Lolita.Woodberry@yopmail.com;1964-04-11
Edyth;Ruvolo;Edyth.Ruvolo@yopmail.com;1939-07-16
Jany;Nance;Jany.Nance@yopmail.com;1988-08-14
Olwen;Stanwood;Olwen.Stanwood@yopmail.com;1925-04-08
Sonni;Ogren;Sonni.Ogren@yopmail.com;1949-11-20
Christy;Simmonds;Christy.Simmonds@yopmail.com;1972-05-07
Hettie;Chrystel;Hettie.Chrystel@yopmail.com;1982-03-10
Roberta;Chabot;Roberta.Chabot@yopmail.com;1940-01-09
Mariele;Etom;Mariele.Etom@yopmail.com;1910-02-05
Paola;Markman;Paola.Markman@yopmail.com;1950-09-10
Hope;Ellord;Hope.Ellord@yopmail.com;1927-05-12
Meriel;Erlandson;Meriel.Erlandson@yopmail.com;2008-03-22
June;Saree;June.Saree@yopmail.com;1974-07-06
Valli;Persse;Valli.Persse@yopmail.com;1957-02-25
Laure;Heidt;Laure.Heidt@yopmail.com;1924-02-13
Helsa;Scammon;Helsa.Scammon@yopmail.com;1941-05-27
Meghann;Erb;Meghann.Erb@yopmail.com;1974-07-20
Angelique;Tamsky;Angelique.Tamsky@yopmail.com;1996-03-12
Lynde;Naor;Lynde.Naor@yopmail.com;2003-12-24
Sharlene;Kolnick;Sharlene.Kolnick@yopmail.com;1980-05-30
Belva;Wadell;Belva.Wadell@yopmail.com;1980-02-18
Brana;Aaberg;Brana.Aaberg@yopmail.com;1992-12-02
Brianna;Rooney;Brianna.Rooney@yopmail.com;1938-02-12
Cathie;Hunfredo;Cathie.Hunfredo@yopmail.com;1988-12-20
Robbi;Norvol;Robbi.Norvol@yopmail.com;1944-10-05
Minda;Simmonds;Minda.Simmonds@yopmail.com;1985-08-11
Gabi;Rosalba;Gabi.Rosalba@yopmail.com;1933-01-04
Basia;Moseley;Basia.Moseley@yopmail.com;1983-10-12
Hyacinthe;Swigart;Hyacinthe.Swigart@yopmail.com;1934-07-14
Fernande;Merriott;Fernande.Merriott@yopmail.com;1928-06-26
Carlie;Hamil;Carlie.Hamil@yopmail.com;1904-06-17
Fanny;Ephrem;Fanny.Ephrem@yopmail.com;1960-08-03
Jaime;Warthman;Jaime.Warthman@yopmail.com;1967-04-20
Oralee;Bendick;Oralee.Bendick@yopmail.com;1921-09-08
Cathie;Faust;Cathie.Faust@yopmail.com;1997-02-27
Nicoli;Penelopa;Nicoli.Penelopa@yopmail.com;1963-04-14
Kerrin;Old;Kerrin.Old@yopmail.com;1901-06-14
Cordi;Greenwald;Cordi.Greenwald@yopmail.com;1948-12-06
Janey;Naor;Janey.Naor@yopmail.com;1950-04-18
Sybille;Kimmie;Sybille.Kimmie@yopmail.com;2005-10-26
Kary;Elsinore;Kary.Elsinore@yopmail.com;2012-07-21
Gusty;Sibyls;Gusty.Sibyls@yopmail.com;1926-12-24
Tabbatha;Gusella;Tabbatha.Gusella@yopmail.com;1904-09-16
Riannon;Shelba;Riannon.Shelba@yopmail.com;1901-04-10
Elbertina;Seessel;Elbertina.Seessel@yopmail.com;1986-09-04
Pearline;Sandye;Pearline.Sandye@yopmail.com;1926-05-06
Jinny;Brackely;Jinny.Brackely@yopmail.com;1952-11-05
Nanete;Guildroy;Nanete.Guildroy@yopmail.com;1927-11-04
Jeanna;Jorgan;Jeanna.Jorgan@yopmail.com;1994-10-04
Babita;Sammons;Babita.Sammons@yopmail.com;1965-06-15
Joeann;Durware;Joeann.Durware@yopmail.com;2010-06-18
Lucy;Thilda;Lucy.Thilda@yopmail.com;1994-11-18
Jillayne;Center;Jillayne.Center@yopmail.com;1942-11-20
Helsa;Tybald;Helsa.Tybald@yopmail.com;1943-09-05
Ashlee;Bennie;Ashlee.Bennie@yopmail.com;1960-09-15
Mara;Nisbet;Mara.Nisbet@yopmail.com;2010-09-28
Elora;Tristram;Elora.Tristram@yopmail.com;1951-05-20
Gretal;Rosemary;Gretal.Rosemary@yopmail.com;2004-08-26
Micheline;Diann;Micheline.Diann@yopmail.com;2003-07-05
Joeann;Redmond;Joeann.Redmond@yopmail.com;1944-02-19
Joelly;Hathaway;Joelly.Hathaway@yopmail.com;1912-05-27
Bibby;Jethro;Bibby.Jethro@yopmail.com;1973-02-06
Nikki;Rogerio;Nikki.Rogerio@yopmail.com;1919-02-04
Margarette;Weaks;Margarette.Weaks@yopmail.com;1998-04-04
Corene;Liva;Corene.Liva@yopmail.com;1972-06-24
Raina;Alisia;Raina.Alisia@yopmail.com;1925-06-29
Rani;Koehler;Rani.Koehler@yopmail.com;2014-10-14
Gavrielle;Ade;Gavrielle.Ade@yopmail.com;1977-07-10
Elka;Kunin;Elka.Kunin@yopmail.com;1959-11-25
Corry;Carbo;Corry.Carbo@yopmail.com;1986-03-28
Albertina;Kazimir;Albertina.Kazimir@yopmail.com;1988-07-22
Philis;Noelyn;Philis.Noelyn@yopmail.com;1990-07-17
Peri;Horan;Peri.Horan@yopmail.com;1975-02-05
Lenna;Valoniah;Lenna.Valoniah@yopmail.com;1920-09-24
Leona;Kendrick;Leona.Kendrick@yopmail.com;1998-12-20
Natka;Velick;Natka.Velick@yopmail.com;2005-02-28
Mariele;Bonilla;Mariele.Bonilla@yopmail.com;1969-05-24
Benita;Manolo;Benita.Manolo@yopmail.com;1983-10-03
Ericka;Ferrell;Ericka.Ferrell@yopmail.com;1911-09-06
Carol-Jean;Septima;Carol-Jean.Septima@yopmail.com;1925-02-06
Shell;Ochs;Shell.Ochs@yopmail.com;1976-05-18
Heida;Sibyls;Heida.Sibyls@yopmail.com;1970-11-27
Dede;Beebe;Dede.Beebe@yopmail.com;1935-06-16
Wanda;Fillbert;Wanda.Fillbert@yopmail.com;1985-04-08
Kassey;Madelene;Kassey.Madelene@yopmail.com;2006-03-13
Emylee;Sancho;Emylee.Sancho@yopmail.com;2006-12-25
Inga;Scammon;Inga.Scammon@yopmail.com;1911-11-11
Brynna;Sprage;Brynna.Sprage@yopmail.com;1992-05-31
Maud;Johnsson;Maud.Johnsson@yopmail.com;1907-09-17
Jenda;Hanleigh;Jenda.Hanleigh@yopmail.com;1922-06-06
Kathi;Odell;Kathi.Odell@yopmail.com;1915-03-27
Leia;Maiah;Leia.Maiah@yopmail.com;1940-12-25
Vonny;Jagir;Vonny.Jagir@yopmail.com;1902-01-01
Calla;Stephie;Calla.Stephie@yopmail.com;1909-07-18
Zsa Zsa;Sparhawk;Zsa Zsa.Sparhawk@yopmail.com;1904-02-14
Madelle;Imelida;Madelle.Imelida@yopmail.com;1911-11-10
Georgetta;Dawkins;Georgetta.Dawkins@yopmail.com;1978-04-28
Blinni;Palocz;Blinni.Palocz@yopmail.com;1925-04-22
Merry;Ralfston;Merry.Ralfston@yopmail.com;1973-09-19
Vanessa;Lilas;Vanessa.Lilas@yopmail.com;1994-01-11
Eadie;Jarib;Eadie.Jarib@yopmail.com;1913-09-05
Charmaine;Ehrman;Charmaine.Ehrman@yopmail.com;2018-08-23
Thalia;Durware;Thalia.Durware@yopmail.com;1913-12-12
Carly;Ochs;Carly.Ochs@yopmail.com;1909-12-27
Demetris;Desai;Demetris.Desai@yopmail.com;1999-12-01
Jennica;Lilybelle;Jennica.Lilybelle@yopmail.com;1920-02-06
Collen;Percy;Collen.Percy@yopmail.com;1936-01-25
Ivett;Gilmour;Ivett.Gilmour@yopmail.com;1980-12-11
Sheree;Freddi;Sheree.Freddi@yopmail.com;1929-06-26
Miquela;Alice;Miquela.Alice@yopmail.com;1980-02-10
Laurene;Jerold;Laurene.Jerold@yopmail.com;1995-05-29
Raina;Atcliffe;Raina.Atcliffe@yopmail.com;2006-08-23
Michaelina;Corabella;Michaelina.Corabella@yopmail.com;1907-11-13
Joy;Bollay;Joy.Bollay@yopmail.com;2002-06-27
Estell;Fiester;Estell.Fiester@yopmail.com;1920-02-04
Devina;Maples;Devina.Maples@yopmail.com;1901-11-15
Meriel;Brodench;Meriel.Brodench@yopmail.com;2017-06-27
Shandie;Codding;Shandie.Codding@yopmail.com;1980-04-13
Kathy;Carbo;Kathy.Carbo@yopmail.com;1931-06-04
Gerianna;Sothena;Gerianna.Sothena@yopmail.com;1908-05-30
Angelique;Concha;Angelique.Concha@yopmail.com;1905-02-07
Tybie;Pascia;Tybie.Pascia@yopmail.com;1989-04-14
Fanny;August;Fanny.August@yopmail.com;1950-11-06
Layla;Arquit;Layla.Arquit@yopmail.com;1981-04-21
Tami;Zeeba;Tami.Zeeba@yopmail.com;1948-06-07
Robbi;Cullin;Robbi.Cullin@yopmail.com;1913-07-15
Dacia;Kare;Dacia.Kare@yopmail.com;1956-02-07
Celisse;Orelee;Celisse.Orelee@yopmail.com;1987-01-23
Lucille;Gunn;Lucille.Gunn@yopmail.com;1906-07-19
Yolane;Hermes;Yolane.Hermes@yopmail.com;1909-07-29
Frieda;Arley;Frieda.Arley@yopmail.com;1985-01-19
Beverley;Lumbard;Beverley.Lumbard@yopmail.com;1910-05-25
Lynde;Shanley;Lynde.Shanley@yopmail.com;2014-12-04
Shaine;Ralfston;Shaine.Ralfston@yopmail.com;1953-02-26
Katleen;Bibi;Katleen.Bibi@yopmail.com;1960-10-22
Pearline;Ball;Pearline.Ball@yopmail.com;2019-11-14
Roz;Modie;Roz.Modie@yopmail.com;1962-07-24
Lyssa;Fiester;Lyssa.Fiester@yopmail.com;1961-06-10
Elsie;Stefa;Elsie.Stefa@yopmail.com;2014-08-01
Susette;Bollay;Susette.Bollay@yopmail.com;1969-01-05
Vevay;Virgin;Vevay.Virgin@yopmail.com;1999-07-07
Belva;Joachim;Belva.Joachim@yopmail.com;1918-03-21
Nicoli;Tillford;Nicoli.Tillford@yopmail.com;1951-10-13
Dale;Kendrick;Dale.Kendrick@yopmail.com;1968-09-05
Jorry;Bakerman;Jorry.Bakerman@yopmail.com;1995-11-07
Maye;Grosz;Maye.Grosz@yopmail.com;1911-06-06
Meghann;Vale;Meghann.Vale@yopmail.com;1971-02-25
Lizzie;Schalles;Lizzie.Schalles@yopmail.com;2009-03-21
Mady;Bury;Mady.Bury@yopmail.com;1918-04-19
Nanete;Palocz;Nanete.Palocz@yopmail.com;2009-01-15
Alexine;Wilkinson;Alexine.Wilkinson@yopmail.com;1934-04-25
Tierney;Isidore;Tierney.Isidore@yopmail.com;1943-04-23
Althea;Ulphia;Althea.Ulphia@yopmail.com;1961-06-18
Miquela;Shields;Miquela.Shields@yopmail.com;1942-12-25
Rayna;O'Carroll;Rayna.O'Carroll@yopmail.com;1959-02-11
Marguerite;Zamora;Marguerite.Zamora@yopmail.com;1947-12-26
Babita;Richers;Babita.Richers@yopmail.com;1918-10-29
Halette;Noman;Halette.Noman@yopmail.com;2009-06-29
Bettine;Mike;Bettine.Mike@yopmail.com;1902-06-14
Arlina;Tarrant;Arlina.Tarrant@yopmail.com;2001-10-28
Tera;Brotherson;Tera.Brotherson@yopmail.com;1922-02-26
Lita;Forrer;Lita.Forrer@yopmail.com;1918-01-22
Carilyn;Erminia;Carilyn.Erminia@yopmail.com;1973-05-29
Arlina;Angelis;Arlina.Angelis@yopmail.com;2003-01-30
Michaelina;Mich;Michaelina.Mich@yopmail.com;1911-06-29
Jolyn;Syd;Jolyn.Syd@yopmail.com;1913-04-14
Ada;Telfer;Ada.Telfer@yopmail.com;1900-06-04
Frank;Edmund;Frank.Edmund@yopmail.com;1935-07-29
Mureil;Rebecka;Mureil.Rebecka@yopmail.com;2010-11-02
Elbertina;Alrich;Elbertina.Alrich@yopmail.com;1955-03-07
Valeda;Shuler;Valeda.Shuler@yopmail.com;1955-01-16
Jorry;Ader;Jorry.Ader@yopmail.com;1930-11-04
Frieda;Jarib;Frieda.Jarib@yopmail.com;2019-01-24
Kara-Lynn;Anastatius;Kara-Lynn.Anastatius@yopmail.com;1965-03-18
Jaime;Brunell;Jaime.Brunell@yopmail.com;1936-03-07
Jaime;Thar;Jaime.Thar@yopmail.com;1948-09-06
Ernesta;Garrison;Ernesta.Garrison@yopmail.com;1986-12-08
Corry;Rosette;Corry.Rosette@yopmail.com;1999-05-06
Kirstin;Fink;Kirstin.Fink@yopmail.com;1908-07-28
Rozele;Isacco;Rozele.Isacco@yopmail.com;1974-11-18
Tressa;Iiette;Tressa.Iiette@yopmail.com;1964-06-12
Melanie;Fitzsimmons;Melanie.Fitzsimmons@yopmail.com;2000-02-15
Iseabal;Garbe;Iseabal.Garbe@yopmail.com;1953-06-18
Starla;Gemini;Starla.Gemini@yopmail.com;1977-07-31
Carmela;Bahr;Carmela.Bahr@yopmail.com;1957-05-28
Antonietta;Dudley;Antonietta.Dudley@yopmail.com;1954-09-29
Veda;Dearborn;Veda.Dearborn@yopmail.com;1937-10-23
Orsola;Tremayne;Orsola.Tremayne@yopmail.com;1920-11-22
Regina;Minetta;Regina.Minetta@yopmail.com;1952-09-13
Demetris;Hilbert;Demetris.Hilbert@yopmail.com;1974-01-29
Vonny;Mathilde;Vonny.Mathilde@yopmail.com;1980-07-05
Anestassia;Lenny;Anestassia.Lenny@yopmail.com;1921-08-30
Edith;Cleavland;Edith.Cleavland@yopmail.com;2006-09-18
Emma;Schalles;Emma.Schalles@yopmail.com;1965-06-12
Ivett;Elbertina;Ivett.Elbertina@yopmail.com;1908-12-04
Nonnah;Gusella;Nonnah.Gusella@yopmail.com;1962-12-21
Philis;Narton;Philis.Narton@yopmail.com;1963-10-04
Julieta;Jacobah;Julieta.Jacobah@yopmail.com;1917-10-22
Edee;Ammann;Edee.Ammann@yopmail.com;1969-12-08
Andeee;Gillan;Andeee.Gillan@yopmail.com;1992-11-12
Teriann;Merna;Teriann.Merna@yopmail.com;2000-06-13
Celestyna;Kussell;Celestyna.Kussell@yopmail.com;2007-04-08
Tarra;Ioab;Tarra.Ioab@yopmail.com;1922-06-02
Evaleen;Kravits;Evaleen.Kravits@yopmail.com;1960-01-14
Jordan;Gino;Jordan.Gino@yopmail.com;2008-10-24
Carolina;Schonfeld;Carolina.Schonfeld@yopmail.com;1903-04-22
Demetris;Joni;Demetris.Joni@yopmail.com;2019-04-16
Amii;Tacye;Amii.Tacye@yopmail.com;2010-06-06
Sybille;Papageno;Sybille.Papageno@yopmail.com;1972-07-31
Ann-Marie;Breed;Ann-Marie.Breed@yopmail.com;1956-03-19
Chastity;Cecile;Chastity.Cecile@yopmail.com;1958-09-16
Binny;Sisile;Binny.Sisile@yopmail.com;1960-08-22
Layla;Bendick;Layla.Bendick@yopmail.com;1902-08-19
Robbi;Ephrem;Robbi.Ephrem@yopmail.com;1928-11-11
Lexine;Barney;Lexine.Barney@yopmail.com;1921-10-09
Averyl;Junie;Averyl.Junie@yopmail.com;1901-11-29
Adore;Robertson;Adore.Robertson@yopmail.com;2004-03-09
Lusa;Howlyn;Lusa.Howlyn@yopmail.com;1949-11-26
Lucy;Gillan;Lucy.Gillan@yopmail.com;1983-11-02
Alyda;McGrody;Alyda.McGrody@yopmail.com;1901-12-02
Myriam;Hepsibah;Myriam.Hepsibah@yopmail.com;2012-12-18
Di;Elisha;Di.Elisha@yopmail.com;1975-07-16
Kara-Lynn;Trace;Kara-Lynn.Trace@yopmail.com;1939-02-17
Shannah;Ogren;Shannah.Ogren@yopmail.com;1955-04-03
Leontine;Behre;Leontine.Behre@yopmail.com;1972-04-19
Sallie;Jammal;Sallie.Jammal@yopmail.com;1967-05-01
Blake;Cutlerr;Blake.Cutlerr@yopmail.com;1923-11-22
Corly;Saint;Corly.Saint@yopmail.com;2008-04-23
Alie;Giff;Alie.Giff@yopmail.com;1904-10-07
Deane;Catie;Deane.Catie@yopmail.com;1948-12-23
Sean;Drus;Sean.Drus@yopmail.com;1970-07-15
Margalo;Yate;Margalo.Yate@yopmail.com;1959-04-10
Debee;Wadell;Debee.Wadell@yopmail.com;1931-09-29
Mahalia;Madox;Mahalia.Madox@yopmail.com;1998-06-09
Elka;Berl;Elka.Berl@yopmail.com;1965-02-27
Beverley;Terencio;Beverley.Terencio@yopmail.com;1901-11-20
Abbie;Glovsky;Abbie.Glovsky@yopmail.com;1951-02-15
Rani;Bonucci;Rani.Bonucci@yopmail.com;2003-01-17
Elsie;Brittani;Elsie.Brittani@yopmail.com;1970-11-09
Clarice;Doig;Clarice.Doig@yopmail.com;1901-05-04
Sibella;Borrell;Sibella.Borrell@yopmail.com;2014-11-25
Merry;Fancie;Merry.Fancie@yopmail.com;2000-01-04
Anthia;Toffic;Anthia.Toffic@yopmail.com;1949-10-29
Audrie;Rheingold;Audrie.Rheingold@yopmail.com;1982-06-08
Fredericka;Adrienne;Fredericka.Adrienne@yopmail.com;2004-04-02
Cecile;Leffen;Cecile.Leffen@yopmail.com;2010-12-06
Tersina;Bollay;Tersina.Bollay@yopmail.com;1966-05-18
Brana;Santoro;Brana.Santoro@yopmail.com;1978-04-04
Harrietta;Hourigan;Harrietta.Hourigan@yopmail.com;1955-04-02
Thalia;Lilybelle;Thalia.Lilybelle@yopmail.com;2000-04-18
Daune;Morehouse;Daune.Morehouse@yopmail.com;2010-12-04
Tatiania;Emanuel;Tatiania.Emanuel@yopmail.com;1935-12-12
Nonnah;Jacinda;Nonnah.Jacinda@yopmail.com;1949-03-31
Dagmar;Solitta;Dagmar.Solitta@yopmail.com;2017-05-08
Dorothy;Erb;Dorothy.Erb@yopmail.com;1989-05-22
Selia;Charity;Selia.Charity@yopmail.com;1977-08-24
Lucille;Millda;Lucille.Millda@yopmail.com;1948-02-01
Nadine;Abram;Nadine.Abram@yopmail.com;1992-07-08
Sabina;Noam;Sabina.Noam@yopmail.com;1937-01-18
Pamella;Shirberg;Pamella.Shirberg@yopmail.com;1993-11-04
Hollie;Lucienne;Hollie.Lucienne@yopmail.com;1900-05-12
Aurelie;Honoria;Aurelie.Honoria@yopmail.com;2006-04-14
Cristabel;Maxi;Cristabel.Maxi@yopmail.com;1981-09-28
Aigneis;O'Neill;Aigneis.O'Neill@yopmail.com;2019-04-07
Mary;Creamer;Mary.Creamer@yopmail.com;1979-10-31
Joane;Amand;Joane.Amand@yopmail.com;1972-06-11
Candy;Brian;Candy.Brian@yopmail.com;2012-07-13
Hettie;Sidonius;Hettie.Sidonius@yopmail.com;1980-04-10
Janey;Wind;Janey.Wind@yopmail.com;1995-03-25
Gilligan;Georas;Gilligan.Georas@yopmail.com;1930-10-28
Carol-Jean;Buffum;Carol-Jean.Buffum@yopmail.com;1916-06-12
Minda;Pattin;Minda.Pattin@yopmail.com;1919-05-19
Shandie;Argus;Shandie.Argus@yopmail.com;2004-03-02
Shell;Ellord;Shell.Ellord@yopmail.com;1904-03-17
Fawne;Montgomery;Fawne.Montgomery@yopmail.com;1994-08-25
Ottilie;Leler;Ottilie.Leler@yopmail.com;1975-09-30
Nyssa;Ellord;Nyssa.Ellord@yopmail.com;1983-01-09
Jean;Mauer;Jean.Mauer@yopmail.com;1974-05-30
Olwen;Ellerey;Olwen.Ellerey@yopmail.com;1960-04-07
Nicoli;Luhe;Nicoli.Luhe@yopmail.com;1935-04-28
Jobi;Himelman;Jobi.Himelman@yopmail.com;1912-09-16
Nerta;Garrison;Nerta.Garrison@yopmail.com;1963-05-08
Adriana;Teddman;Adriana.Teddman@yopmail.com;1902-07-19
Gabriellia;Alice;Gabriellia.Alice@yopmail.com;1970-01-15
Evaleen;Hourigan;Evaleen.Hourigan@yopmail.com;1973-10-11
Gabi;Lanita;Gabi.Lanita@yopmail.com;1953-03-08
Rosene;Freddi;Rosene.Freddi@yopmail.com;1920-08-26
Vere;Tannie;Vere.Tannie@yopmail.com;1991-12-08
Marylou;Llovera;Marylou.Llovera@yopmail.com;2015-07-28
Gisela;Vale;Gisela.Vale@yopmail.com;1915-05-10
Benita;Arathorn;Benita.Arathorn@yopmail.com;1948-04-08
Kathi;Yerkovich;Kathi.Yerkovich@yopmail.com;1929-03-09
Margarette;Wandie;Margarette.Wandie@yopmail.com;1935-05-05
Karly;Willie;Karly.Willie@yopmail.com;1930-10-12
Lanae;Raama;Lanae.Raama@yopmail.com;1924-08-13
Angelique;Zina;Angelique.Zina@yopmail.com;1968-02-14
Ulrike;Isidore;Ulrike.Isidore@yopmail.com;1943-07-29
Brena;Tatianas;Brena.Tatianas@yopmail.com;1968-06-25
Stephanie;Cleavland;Stephanie.Cleavland@yopmail.com;1911-04-25
Nessie;Kannry;Nessie.Kannry@yopmail.com;2011-07-01
Maurene;Pozzy;Maurene.Pozzy@yopmail.com;1932-05-21
Merry;McGrody;Merry.McGrody@yopmail.com;2011-11-22
Ethel;Leifeste;Ethel.Leifeste@yopmail.com;1912-03-06
Diena;Brunell;Diena.Brunell@yopmail.com;1953-05-02
Shaine;Koziara;Shaine.Koziara@yopmail.com;1913-06-10
Albertina;Evangelia;Albertina.Evangelia@yopmail.com;1904-05-05
Jinny;Carbo;Jinny.Carbo@yopmail.com;1965-02-22
Nataline;Durware;Nataline.Durware@yopmail.com;1908-01-31
Ardenia;Hailee;Ardenia.Hailee@yopmail.com;1949-11-05
Maud;Forrer;Maud.Forrer@yopmail.com;2003-08-08
Lindie;Sibyls;Lindie.Sibyls@yopmail.com;1957-05-23
Vinita;My;Vinita.My@yopmail.com;1927-07-23
Jenilee;Middleton;Jenilee.Middleton@yopmail.com;1935-01-30
Dione;Markman;Dione.Markman@yopmail.com;1914-07-14
Loree;Roche;Loree.Roche@yopmail.com;1970-03-29
Ermengarde;Gherardo;Ermengarde.Gherardo@yopmail.com;1993-03-17
Dorice;Emerson;Dorice.Emerson@yopmail.com;1915-02-04
Roslyn;Jobi;Roslyn.Jobi@yopmail.com;1969-08-25
Tressa;Brian;Tressa.Brian@yopmail.com;1952-06-18
Noelle;Giule;Noelle.Giule@yopmail.com;1933-02-13
Eugine;Ferino;Eugine.Ferino@yopmail.com;1942-02-06
Vinita;Belldas;Vinita.Belldas@yopmail.com;2008-02-04
Shaylyn;Decato;Shaylyn.Decato@yopmail.com;1955-03-12
Ilse;Jacqui;Ilse.Jacqui@yopmail.com;1989-10-20
Olivette;Hertzfeld;Olivette.Hertzfeld@yopmail.com;1905-06-09
Orelia;Pozzy;Orelia.Pozzy@yopmail.com;1936-01-07
Susette;Sadowski;Susette.Sadowski@yopmail.com;1954-03-04
Joleen;Bibi;Joleen.Bibi@yopmail.com;2002-01-27
June;Nore;June.Nore@yopmail.com;1971-10-27
Barbi;Jerald;Barbi.Jerald@yopmail.com;1937-10-10
Janenna;Couture;Janenna.Couture@yopmail.com;1955-11-15
Marti;Billye;Marti.Billye@yopmail.com;1929-09-07
Amara;Westphal;Amara.Westphal@yopmail.com;2013-06-16
Malina;Kristi;Malina.Kristi@yopmail.com;1997-09-11
Elbertina;Emmaline;Elbertina.Emmaline@yopmail.com;1986-01-28
Meriel;Lauraine;Meriel.Lauraine@yopmail.com;1920-06-13
Tilly;Bates;Tilly.Bates@yopmail.com;1910-05-16
Aubrie;Eachern;Aubrie.Eachern@yopmail.com;1982-09-19
Joelly;Marsden;Joelly.Marsden@yopmail.com;1932-05-15
Raina;Zeeba;Raina.Zeeba@yopmail.com;1934-10-07
Paulita;Ezar;Paulita.Ezar@yopmail.com;1999-07-21
Kore;Francene;Kore.Francene@yopmail.com;1942-06-21
Laure;Warthman;Laure.Warthman@yopmail.com;1905-01-27
Anallese;Alwin;Anallese.Alwin@yopmail.com;1900-05-25
Brianna;Erlandson;Brianna.Erlandson@yopmail.com;1929-10-15
Kary;Kauppi;Kary.Kauppi@yopmail.com;1978-11-20
Lynea;Clie;Lynea.Clie@yopmail.com;1925-08-16
Ruthe;Kussell;Ruthe.Kussell@yopmail.com;1948-08-05
Lory;Nikaniki;Lory.Nikaniki@yopmail.com;1935-03-10
Jinny;Jarib;Jinny.Jarib@yopmail.com;2000-04-24
Justinn;Emerson;Justinn.Emerson@yopmail.com;1989-12-20
Edee;Hanshaw;Edee.Hanshaw@yopmail.com;1930-08-22
Lanna;Robertson;Lanna.Robertson@yopmail.com;1959-10-28
Ivett;Tamar;Ivett.Tamar@yopmail.com;1916-08-17
Kore;Aloise;Kore.Aloise@yopmail.com;1979-12-12
Larine;Thad;Larine.Thad@yopmail.com;1980-10-07
Heida;Reinke;Heida.Reinke@yopmail.com;1983-02-04
Sophia;Nerita;Sophia.Nerita@yopmail.com;1913-08-27
Jaclyn;Jerald;Jaclyn.Jerald@yopmail.com;1938-03-28
Shaine;Bryna;Shaine.Bryna@yopmail.com;2004-11-27
Kaja;Rurik;Kaja.Rurik@yopmail.com;1966-01-03
Libbie;Bebe;Libbie.Bebe@yopmail.com;1910-03-31
Delilah;Bibi;Delilah.Bibi@yopmail.com;2007-12-20
Chastity;Publia;Chastity.Publia@yopmail.com;1999-06-09
Collen;Artie;Collen.Artie@yopmail.com;1951-03-31
Emma;Sadowski;Emma.Sadowski@yopmail.com;1953-02-03
Lynea;Herrera;Lynea.Herrera@yopmail.com;1909-08-07
Kerrin;Rona;Kerrin.Rona@yopmail.com;1984-06-19
Althea;Bronk;Althea.Bronk@yopmail.com;1953-08-03
Annecorinne;Pauly;Annecorinne.Pauly@yopmail.com;1916-12-27
Ashlee;Plato;Ashlee.Plato@yopmail.com;1924-05-31
Paola;Dawkins;Paola.Dawkins@yopmail.com;2000-10-03
Shannah;Woodberry;Shannah.Woodberry@yopmail.com;1946-07-25
Leia;Goldina;Leia.Goldina@yopmail.com;1986-10-16
Nyssa;Philipp;Nyssa.Philipp@yopmail.com;1978-02-28
Wendi;Heidt;Wendi.Heidt@yopmail.com;1918-08-03
Chrystel;Liva;Chrystel.Liva@yopmail.com;1934-07-11
Doro;Brodench;Doro.Brodench@yopmail.com;1979-10-26
Suzette;Pond;Suzette.Pond@yopmail.com;1900-02-22
Cordi;Gherardo;Cordi.Gherardo@yopmail.com;1947-11-20
Bobbi;Gilmour;Bobbi.Gilmour@yopmail.com;1931-03-28
Charmaine;Chobot;Charmaine.Chobot@yopmail.com;1996-09-02
Hayley;Dudley;Hayley.Dudley@yopmail.com;1960-08-03
Teriann;Hollingsworth;Teriann.Hollingsworth@yopmail.com;1929-05-14
Lily;Martsen;Lily.Martsen@yopmail.com;1982-01-07
Nerta;Bronk;Nerta.Bronk@yopmail.com;2013-04-11
Rhoda;Pattin;Rhoda.Pattin@yopmail.com;1934-06-28
Althea;Brodench;Althea.Brodench@yopmail.com;2016-10-17
Desirae;Sophronia;Desirae.Sophronia@yopmail.com;1990-10-09
Elora;Wildermuth;Elora.Wildermuth@yopmail.com;1903-12-17
Mellicent;Sheedy;Mellicent.Sheedy@yopmail.com;1955-08-26
Sarette;Argus;Sarette.Argus@yopmail.com;1935-03-15
Mureil;Baudin;Mureil.Baudin@yopmail.com;2002-07-05
Karly;Trey;Karly.Trey@yopmail.com;1903-07-09
Stacey;Christine;Stacey.Christine@yopmail.com;1978-01-03
Wilma;Liva;Wilma.Liva@yopmail.com;1957-08-17
Consuela;Cleo;Consuela.Cleo@yopmail.com;1901-05-09
Dania;Stanwood;Dania.Stanwood@yopmail.com;1942-01-15
Evita;Ludewig;Evita.Ludewig@yopmail.com;1959-09-23
Kara-Lynn;Pettiford;Kara-Lynn.Pettiford@yopmail.com;1983-01-10
Camile;Dituri;Camile.Dituri@yopmail.com;1915-09-21
Clo;Zaslow;Clo.Zaslow@yopmail.com;1952-03-07
Gabriellia;Rooney;Gabriellia.Rooney@yopmail.com;1901-03-21
Dagmar;Daniele;Dagmar.Daniele@yopmail.com;1926-06-09
Belva;Michella;Belva.Michella@yopmail.com;1952-12-30
Margette;Joli;Margette.Joli@yopmail.com;1921-10-06
Ginnie;Si;Ginnie.Si@yopmail.com;2003-03-23
Averyl;Kare;Averyl.Kare@yopmail.com;1981-07-28
Aaren;Merell;Aaren.Merell@yopmail.com;1927-07-22
Darlleen;Helve;Darlleen.Helve@yopmail.com;1991-01-11
Larine;Ummersen;Larine.Ummersen@yopmail.com;1936-07-29
Neila;Lorain;Neila.Lorain@yopmail.com;1944-03-08
Donnie;Baptlsta;Donnie.Baptlsta@yopmail.com;1955-06-28
Marti;Hurley;Marti.Hurley@yopmail.com;1965-10-26
Gusella;Zuzana;Gusella.Zuzana@yopmail.com;2018-10-28
Zia;Holtz;Zia.Holtz@yopmail.com;1965-09-13
Demetris;Emmy;Demetris.Emmy@yopmail.com;1968-12-26
Dione;Ophelia;Dione.Ophelia@yopmail.com;1965-01-16
Beatriz;Delila;Beatriz.Delila@yopmail.com;1925-12-08
Wilma;Estella;Wilma.Estella@yopmail.com;1976-02-24
Cordi;Tengdin;Cordi.Tengdin@yopmail.com;1937-03-05
Chere;Fitzsimmons;Chere.Fitzsimmons@yopmail.com;1925-11-30
Bettine;Casimir;Bettine.Casimir@yopmail.com;1950-08-06
Ketti;Dorcy;Ketti.Dorcy@yopmail.com;1911-08-03
Kathi;Faust;Kathi.Faust@yopmail.com;2018-08-09
Tabbatha;Lewes;Tabbatha.Lewes@yopmail.com;1916-08-19
Jsandye;Faro;Jsandye.Faro@yopmail.com;1934-02-23
Ida;Leffen;Ida.Leffen@yopmail.com;1900-04-04
Ardenia;Sundin;Ardenia.Sundin@yopmail.com;1991-09-29
Gertrud;Leler;Gertrud.Leler@yopmail.com;1902-09-02
Pierette;Alexandr;Pierette.Alexandr@yopmail.com;1910-06-11
Zsa Zsa;Hunfredo;Zsa Zsa.Hunfredo@yopmail.com;1923-10-10
Joeann;Roarke;Joeann.Roarke@yopmail.com;2009-09-25
Steffane;Morrill;Steffane.Morrill@yopmail.com;2005-02-15
Rochette;Granoff;Rochette.Granoff@yopmail.com;1985-04-15
Elka;Pauly;Elka.Pauly@yopmail.com;1966-02-13
Carolina;Skell;Carolina.Skell@yopmail.com;1914-10-28
Marguerite;Tippets;Marguerite.Tippets@yopmail.com;2014-02-15
Kirstin;Paton;Kirstin.Paton@yopmail.com;1926-06-09
Sybille;Kellby;Sybille.Kellby@yopmail.com;1934-02-14
Rhea;Heisel;Rhea.Heisel@yopmail.com;1958-07-11
Glenda;Felecia;Glenda.Felecia@yopmail.com;1968-01-22
Rivalee;Kat;Rivalee.Kat@yopmail.com;1981-05-23
Beatriz;Raama;Beatriz.Raama@yopmail.com;1998-03-02
Shaine;Baptlsta;Shaine.Baptlsta@yopmail.com;1938-08-03
Mildrid;Elisha;Mildrid.Elisha@yopmail.com;1929-02-02
Emylee;Bartlett;Emylee.Bartlett@yopmail.com;1906-05-10
June;Grayce;June.Grayce@yopmail.com;1973-07-13
Rosabelle;Holtz;Rosabelle.Holtz@yopmail.com;1954-07-21
Belva;Plato;Belva.Plato@yopmail.com;1942-11-12
Brianna;Harriman;Brianna.Harriman@yopmail.com;1902-02-08
Debee;Ricki;Debee.Ricki@yopmail.com;1947-04-17
Addia;Han;Addia.Han@yopmail.com;1963-02-12
Vinita;Moseley;Vinita.Moseley@yopmail.com;2000-03-26
Nicoli;Old;Nicoli.Old@yopmail.com;1950-07-11
Sara-Ann;Alisia;Sara-Ann.Alisia@yopmail.com;2001-02-18
Rebeca;Dorothy;Rebeca.Dorothy@yopmail.com;2010-01-15
Wendi;Bury;Wendi.Bury@yopmail.com;2017-11-08
Trudie;Annice;Trudie.Annice@yopmail.com;2012-10-15
Harrietta;Ellerey;Harrietta.Ellerey@yopmail.com;2008-02-14
Ileana;Susannah;Ileana.Susannah@yopmail.com;1925-12-18
Marleah;Harned;Marleah.Harned@yopmail.com;1991-02-22
Fred;Afton;Fred.Afton@yopmail.com;1951-05-25
Allis;Georgy;Allis.Georgy@yopmail.com;1902-07-08
Sheelagh;Camden;Sheelagh.Camden@yopmail.com;2006-05-23
Gale;Phaidra;Gale.Phaidra@yopmail.com;1979-12-15
Veda;Kimmie;Veda.Kimmie@yopmail.com;1971-06-27
Giustina;Stelle;Giustina.Stelle@yopmail.com;1913-06-17
Consuela;Felecia;Consuela.Felecia@yopmail.com;1976-08-02
Kimmy;Autrey;Kimmy.Autrey@yopmail.com;2001-02-25
Carolina;Milde;Carolina.Milde@yopmail.com;1909-02-11
Jacenta;Campball;Jacenta.Campball@yopmail.com;1971-01-15
Leeanne;Terencio;Leeanne.Terencio@yopmail.com;1925-12-22
Zaria;Voletta;Zaria.Voletta@yopmail.com;1907-11-08
Caressa;Etom;Caressa.Etom@yopmail.com;1981-07-25
Imojean;Christal;Imojean.Christal@yopmail.com;2014-06-25
Nikki;Wenda;Nikki.Wenda@yopmail.com;1901-12-18
Marcy;Grayce;Marcy.Grayce@yopmail.com;1906-08-23
Xylina;Firmin;Xylina.Firmin@yopmail.com;1994-12-23
Kerrin;Soneson;Kerrin.Soneson@yopmail.com;1975-07-03
Rochette;Claudine;Rochette.Claudine@yopmail.com;1926-08-28
Sean;Erskine;Sean.Erskine@yopmail.com;1930-10-16
Roslyn;Salchunas;Roslyn.Salchunas@yopmail.com;1985-08-18
Di;Tatianas;Di.Tatianas@yopmail.com;1924-09-17
Jillayne;Lucienne;Jillayne.Lucienne@yopmail.com;1994-02-14
Asia;Ingra;Asia.Ingra@yopmail.com;1992-07-19
Karlee;Arley;Karlee.Arley@yopmail.com;1943-06-28
Aili;Ogren;Aili.Ogren@yopmail.com;1947-02-19
Trudie;Warthman;Trudie.Warthman@yopmail.com;1922-12-23
Belinda;Pearse;Belinda.Pearse@yopmail.com;2014-10-04
Nikki;Teryn;Nikki.Teryn@yopmail.com;1979-08-19
Micheline;Valerio;Micheline.Valerio@yopmail.com;1952-07-03
Clementine;Chrystel;Clementine.Chrystel@yopmail.com;1919-01-31
Hallie;Docilla;Hallie.Docilla@yopmail.com;1914-04-18
Ada;Dominy;Ada.Dominy@yopmail.com;2000-09-30
Marcelline;Even;Marcelline.Even@yopmail.com;1943-01-02
Monika;Jenness;Monika.Jenness@yopmail.com;1904-07-19
Leeanne;Armanda;Leeanne.Armanda@yopmail.com;1970-01-15
Christian;Dom;Christian.Dom@yopmail.com;2007-10-26
Vevay;Allina;Vevay.Allina@yopmail.com;1905-11-06
Flory;Suanne;Flory.Suanne@yopmail.com;1925-05-15
Talya;Esmaria;Talya.Esmaria@yopmail.com;2003-02-03
Yolane;Henrie;Yolane.Henrie@yopmail.com;1940-08-12
Feliza;Alva;Feliza.Alva@yopmail.com;1949-02-26
Ardeen;Linskey;Ardeen.Linskey@yopmail.com;1982-09-23
Celestyna;Sibyls;Celestyna.Sibyls@yopmail.com;2011-04-21
Violet;Olnee;Violet.Olnee@yopmail.com;1917-09-29
Verla;Howlyn;Verla.Howlyn@yopmail.com;1970-11-21
Layla;Mott;Layla.Mott@yopmail.com;1965-04-20
Alia;Mehalek;Alia.Mehalek@yopmail.com;1950-06-27
Norine;Stefa;Norine.Stefa@yopmail.com;1978-03-21
Margalo;O'Rourke;Margalo.O'Rourke@yopmail.com;1978-08-05
Atlanta;Firmin;Atlanta.Firmin@yopmail.com;1907-05-09
Janeczka;Joeann;Janeczka.Joeann@yopmail.com;1960-02-05
Andree;Zeeba;Andree.Zeeba@yopmail.com;2008-11-29
Janenna;Tiffa;Janenna.Tiffa@yopmail.com;1905-10-07
Susette;Mathilde;Susette.Mathilde@yopmail.com;1947-05-31
Josephine;Anselmi;Josephine.Anselmi@yopmail.com;1976-07-04
June;Martguerita;June.Martguerita@yopmail.com;2011-03-02
Di;Tryck;Di.Tryck@yopmail.com;1987-05-11
Christal;Luhe;Christal.Luhe@yopmail.com;1974-04-03
Mignon;Autrey;Mignon.Autrey@yopmail.com;1973-05-08
Berget;Freddi;Berget.Freddi@yopmail.com;1949-01-25
Jemie;Yusuk;Jemie.Yusuk@yopmail.com;1993-08-31
Tamqrah;Monk;Tamqrah.Monk@yopmail.com;2014-03-02
Tani;Pillsbury;Tani.Pillsbury@yopmail.com;1940-12-22
Mallory;Bibi;Mallory.Bibi@yopmail.com;1950-02-17
Winifred;Weinreb;Winifred.Weinreb@yopmail.com;1989-11-18
Karolina;Chick;Karolina.Chick@yopmail.com;1981-04-18
Joeann;Wesle;Joeann.Wesle@yopmail.com;1908-01-27
Emilia;Dorine;Emilia.Dorine@yopmail.com;1970-06-05
Dale;Narton;Dale.Narton@yopmail.com;1962-01-15
Inga;Granoff;Inga.Granoff@yopmail.com;1900-11-16
Claresta;Rese;Claresta.Rese@yopmail.com;1940-05-18
Nessie;Darbie;Nessie.Darbie@yopmail.com;1971-11-19
Kathi;Garrison;Kathi.Garrison@yopmail.com;1953-02-02
Coral;Erskine;Coral.Erskine@yopmail.com;1957-03-23
Carol-Jean;Lamoree;Carol-Jean.Lamoree@yopmail.com;1912-02-28
Rosanne;Hollingsworth;Rosanne.Hollingsworth@yopmail.com;1928-05-25
Ottilie;Ricarda;Ottilie.Ricarda@yopmail.com;1905-12-22
Tamqrah;Lia;Tamqrah.Lia@yopmail.com;2005-11-26
Florie;Flita;Florie.Flita@yopmail.com;1967-09-24
Louella;Libna;Louella.Libna@yopmail.com;1969-08-29
Nyssa;Chandler;Nyssa.Chandler@yopmail.com;1921-10-14
Sherrie;Ferino;Sherrie.Ferino@yopmail.com;1966-08-23
Jeanna;Bach;Jeanna.Bach@yopmail.com;1999-03-01
Tani;Parsaye;Tani.Parsaye@yopmail.com;2015-03-13
Gretal;Bohlin;Gretal.Bohlin@yopmail.com;1951-03-13
Leeanne;Mandler;Leeanne.Mandler@yopmail.com;1987-07-27
Libbie;Tjon;Libbie.Tjon@yopmail.com;1924-03-27
Elka;Halsey;Elka.Halsey@yopmail.com;2014-10-12
Jenilee;Mallon;Jenilee.Mallon@yopmail.com;1900-04-21
Joceline;Katrine;Joceline.Katrine@yopmail.com;1974-09-25
Annabela;Merna;Annabela.Merna@yopmail.com;1951-11-25
Doralynne;Sparhawk;Doralynne.Sparhawk@yopmail.com;1945-12-06
Leanna;Cordi;Leanna.Cordi@yopmail.com;1932-03-27
Kelly;Alejoa;Kelly.Alejoa@yopmail.com;1908-05-16
Karlee;Brian;Karlee.Brian@yopmail.com;2010-06-24
Glynnis;Suzetta;Glynnis.Suzetta@yopmail.com;1981-08-18
Linzy;Ummersen;Linzy.Ummersen@yopmail.com;2002-06-24
Nikki;Reidar;Nikki.Reidar@yopmail.com;1969-11-10
Corina;Adore;Corina.Adore@yopmail.com;1933-02-20
Elvira;Phaidra;Elvira.Phaidra@yopmail.com;1928-03-16
Nelle;Fitzsimmons;Nelle.Fitzsimmons@yopmail.com;2011-02-04
Ayn;Pascia;Ayn.Pascia@yopmail.com;1973-12-28
Sabina;Gombach;Sabina.Gombach@yopmail.com;1935-04-13
Danika;Brackely;Danika.Brackely@yopmail.com;1917-08-18
Nessie;Erminia;Nessie.Erminia@yopmail.com;1922-03-02
Carolina;Mich;Carolina.Mich@yopmail.com;1919-04-10
Rozele;Chinua;Rozele.Chinua@yopmail.com;1900-03-22
Dorthy;Cavan;Dorthy.Cavan@yopmail.com;1996-04-30
Gusella;Bord;Gusella.Bord@yopmail.com;1996-11-30
Courtnay;Grayce;Courtnay.Grayce@yopmail.com;1933-01-31
Brianna;Burnside;Brianna.Burnside@yopmail.com;1924-07-19
Merrie;Mehalek;Merrie.Mehalek@yopmail.com;1945-04-30
Ketti;Telfer;Ketti.Telfer@yopmail.com;1906-01-12
Stephanie;Gaal;Stephanie.Gaal@yopmail.com;1963-11-09
Leona;Tice;Leona.Tice@yopmail.com;1907-04-05
Belva;Merat;Belva.Merat@yopmail.com;1967-08-19
Candi;Leopold;Candi.Leopold@yopmail.com;1947-11-02
Mariele;Penelopa;Mariele.Penelopa@yopmail.com;1941-09-30
Lynde;Philoo;Lynde.Philoo@yopmail.com;2006-08-14
Grier;Argus;Grier.Argus@yopmail.com;1965-10-10
Josephine;Cath;Josephine.Cath@yopmail.com;1900-08-27
Peri;Clywd;Peri.Clywd@yopmail.com;2000-11-04
Tori;Niles;Tori.Niles@yopmail.com;1987-01-11
Maye;Germann;Maye.Germann@yopmail.com;1913-05-19
Verla;Vilma;Verla.Vilma@yopmail.com;1956-08-24
Hayley;Vorster;Hayley.Vorster@yopmail.com;1946-02-03
Gratia;Isidore;Gratia.Isidore@yopmail.com;1928-11-19
Valeda;Chrystel;Valeda.Chrystel@yopmail.com;1927-10-08
Cyndie;Alexandr;Cyndie.Alexandr@yopmail.com;1942-12-20
Gloria;Mayeda;Gloria.Mayeda@yopmail.com;2017-11-17
Morganica;Pernick;Morganica.Pernick@yopmail.com;1921-03-26
Jacenta;Wind;Jacenta.Wind@yopmail.com;1981-11-28
Jasmina;Cassius;Jasmina.Cassius@yopmail.com;1970-09-07
Nataline;Ferino;Nataline.Ferino@yopmail.com;1942-12-27
Lenna;Reinke;Lenna.Reinke@yopmail.com;1937-08-20
Cissiee;Harned;Cissiee.Harned@yopmail.com;1938-10-09
Kara-Lynn;Roxanna;Kara-Lynn.Roxanna@yopmail.com;1997-03-27
Alleen;Rhu;Alleen.Rhu@yopmail.com;1957-10-11
Natka;Kirbee;Natka.Kirbee@yopmail.com;1941-10-20
Madalyn;Anton;Madalyn.Anton@yopmail.com;1907-08-17
Olwen;Yam;Olwen.Yam@yopmail.com;1998-06-08
Gianina;Alejoa;Gianina.Alejoa@yopmail.com;1972-12-25
Cissiee;Ferrell;Cissiee.Ferrell@yopmail.com;1929-09-20
Jenilee;Hoenack;Jenilee.Hoenack@yopmail.com;1936-09-04
Kenna;Tiffa;Kenna.Tiffa@yopmail.com;1905-02-12
Kara-Lynn;Brackely;Kara-Lynn.Brackely@yopmail.com;1984-01-24
Lindie;Rhu;Lindie.Rhu@yopmail.com;1972-11-19
Gusty;Erb;Gusty.Erb@yopmail.com;2016-07-28
Antonietta;Atcliffe;Antonietta.Atcliffe@yopmail.com;1938-04-21
Henriette;Pandolfi;Henriette.Pandolfi@yopmail.com;2016-05-14
Aubrie;Salchunas;Aubrie.Salchunas@yopmail.com;1977-10-11
Edith;Lacombe;Edith.Lacombe@yopmail.com;1946-11-02
Suzette;Belldas;Suzette.Belldas@yopmail.com;1909-03-08
Tressa;Martsen;Tressa.Martsen@yopmail.com;1931-09-09
Leona;Buffum;Leona.Buffum@yopmail.com;1956-06-21
Carmencita;Vacuva;Carmencita.Vacuva@yopmail.com;2019-05-19
Angelique;Tarrant;Angelique.Tarrant@yopmail.com;2017-02-21
Jean;Gaynor;Jean.Gaynor@yopmail.com;1942-05-08
Dominga;Martguerita;Dominga.Martguerita@yopmail.com;2003-05-12
Althea;Earlie;Althea.Earlie@yopmail.com;1969-01-06
Aubrie;Thunell;Aubrie.Thunell@yopmail.com;1994-09-16
Cordi;Giule;Cordi.Giule@yopmail.com;1943-08-20
Leanna;Hoenack;Leanna.Hoenack@yopmail.com;1964-10-14
Gusty;Arquit;Gusty.Arquit@yopmail.com;2004-07-09
Nonnah;Hull;Nonnah.Hull@yopmail.com;1950-01-22
Kate;Pierette;Kate.Pierette@yopmail.com;2018-05-07
Rosanne;Arathorn;Rosanne.Arathorn@yopmail.com;1948-03-30
Celisse;Libna;Celisse.Libna@yopmail.com;1959-06-26
Binny;Dash;Binny.Dash@yopmail.com;1908-04-08
Hettie;Salchunas;Hettie.Salchunas@yopmail.com;2014-04-12
Chandra;Alarise;Chandra.Alarise@yopmail.com;1930-12-13
Maisey;Henebry;Maisey.Henebry@yopmail.com;1917-06-07
Hettie;Waite;Hettie.Waite@yopmail.com;1993-05-08
Daphne;Anastatius;Daphne.Anastatius@yopmail.com;1953-04-14
Nikki;Cherianne;Nikki.Cherianne@yopmail.com;1965-04-19
Xylina;McCutcheon;Xylina.McCutcheon@yopmail.com;2013-01-30
Jeanna;Edvard;Jeanna.Edvard@yopmail.com;1988-08-22
Etta;Krystle;Etta.Krystle@yopmail.com;1901-09-14
Gale;Chesna;Gale.Chesna@yopmail.com;1919-10-17
Aaren;Morrill;Aaren.Morrill@yopmail.com;1948-09-15
Sue;Tice;Sue.Tice@yopmail.com;1907-08-10
Cacilie;Jorgan;Cacilie.Jorgan@yopmail.com;1986-06-11
Gusty;Celestine;Gusty.Celestine@yopmail.com;1990-03-25
Valeda;Yate;Valeda.Yate@yopmail.com;1949-10-18
Henriette;Callista;Henriette.Callista@yopmail.com;1961-03-07
Kimmy;Primalia;Kimmy.Primalia@yopmail.com;1924-05-28
Joy;Ashok;Joy.Ashok@yopmail.com;1938-10-12
Feliza;Colyer;Feliza.Colyer@yopmail.com;1966-06-14
Marti;Zachary;Marti.Zachary@yopmail.com;1993-12-05
Donetta;Old;Donetta.Old@yopmail.com;1942-09-02
Sue;Valoniah;Sue.Valoniah@yopmail.com;1969-04-10
Paule;Ahab;Paule.Ahab@yopmail.com;1980-02-25
Lyssa;Goode;Lyssa.Goode@yopmail.com;1944-02-27
Allyce;Ferino;Allyce.Ferino@yopmail.com;1992-10-28
Georgina;Hunfredo;Georgina.Hunfredo@yopmail.com;2007-10-28
Kary;Jary;Kary.Jary@yopmail.com;2004-01-27
Sophia;Vacuva;Sophia.Vacuva@yopmail.com;1915-10-07
Mara;Goddard;Mara.Goddard@yopmail.com;1993-11-16
Claresta;Geffner;Claresta.Geffner@yopmail.com;1906-09-23
Sandie;Audly;Sandie.Audly@yopmail.com;1916-10-29
Judy;Christine;Judy.Christine@yopmail.com;1926-03-03
Danny;Pettiford;Danny.Pettiford@yopmail.com;1975-11-12
Nessie;Cristi;Nessie.Cristi@yopmail.com;1969-09-21
Ardenia;Chick;Ardenia.Chick@yopmail.com;1910-02-01
Vanessa;Kolnick;Vanessa.Kolnick@yopmail.com;1946-03-31
Lory;Melleta;Lory.Melleta@yopmail.com;1966-08-05
Cacilie;Dreda;Cacilie.Dreda@yopmail.com;1920-08-11
Lauryn;Brady;Lauryn.Brady@yopmail.com;1990-10-12
Catharine;Christine;Catharine.Christine@yopmail.com;1901-01-13
Charmaine;Marisa;Charmaine.Marisa@yopmail.com;1949-08-24
Xylina;LaRue;Xylina.LaRue@yopmail.com;1952-04-02
Lita;Timon;Lita.Timon@yopmail.com;1935-12-13
Valli;Bobbee;Valli.Bobbee@yopmail.com;2018-11-24
Ronna;Ingra;Ronna.Ingra@yopmail.com;1943-02-25
Judy;Chrystel;Judy.Chrystel@yopmail.com;1938-03-30
Randa;Bandeen;Randa.Bandeen@yopmail.com;1974-09-23
Alleen;Amand;Alleen.Amand@yopmail.com;2015-10-29
Gusty;Bigner;Gusty.Bigner@yopmail.com;1980-12-10