id,firstname,lastname,email,Field Name
100,Lucille,Magdalen,Lucille.Magdalen@yopmail.com,1979-03-06
101,Fanny,Nickola,Fanny.Nickola@yopmail.com,1918-10-17
102,Dagmar,Zeeba,Dagmar.Zeeba@yopmail.com,1989-10-29
103,Dyann,Astra,Dyann.Astra@yopmail.com,1931-03-04
104,Regina,Artie,Regina.Artie@yopmail.com,1921-09-23
105,Xylina,Gordon,Xylina.Gordon@yopmail.com,1990-10-06
106,Katuscha,Craggie,Katuscha.Craggie@yopmail.com,1953-12-03
107,Corry,Myrilla,Corry.Myrilla@yopmail.com,1943-10-11
108,Perry,Lenny,Perry.Lenny@yopmail.com,1977-03-15
109,Constance,Elbertina,Constance.Elbertina@yopmail.com,1961-08-12
110,Helsa,Konyn,Helsa.Konyn@yopmail.com,2009-11-07
111,Dawn,Tremayne,Dawn.Tremayne@yopmail.com,1993-01-24
112,Gabriellia,Hunfredo,Gabriellia.Hunfredo@yopmail.com,1995-01-14
113,Elvira,Christine,Elvira.Christine@yopmail.com,1962-12-06
114,Wilma,Garek,Wilma.Garek@yopmail.com,1907-01-23
115,Zondra,Cyrie,Zondra.Cyrie@yopmail.com,1983-02-17
116,Chastity,Barbey,Chastity.Barbey@yopmail.com,1981-02-25
117,Ricky,Ledah,Ricky.Ledah@yopmail.com,1911-11-13
118,Beth,Vittoria,Beth.Vittoria@yopmail.com,1955-04-28
119,Quintina,Yusuk,Quintina.Yusuk@yopmail.com,1991-09-18
120,Kelly,Bronk,Kelly.Bronk@yopmail.com,1959-10-19
121,Nickie,Ries,Nickie.Ries@yopmail.com,1942-09-07
122,Zsa Zsa,Dash,Zsa Zsa.Dash@yopmail.com,1964-04-03
123,Diena,Honoria,Diena.Honoria@yopmail.com,1971-06-27
124,Lynea,Rozanna,Lynea.Rozanna@yopmail.com,1993-10-25
125,Cassondra,Kermit,Cassondra.Kermit@yopmail.com,1999-02-25
126,Alie,Yuille,Alie.Yuille@yopmail.com,1979-12-27
127,Nanete,Chem,Nanete.Chem@yopmail.com,1992-01-16
128,Katleen,Baylor,Katleen.Baylor@yopmail.com,1999-04-18
129,Ottilie,Prouty,Ottilie.Prouty@yopmail.com,1972-06-19
130,Cyb,Peti,Cyb.Peti@yopmail.com,1984-06-18
131,Larine,Dahlia,Larine.Dahlia@yopmail.com,1937-08-17
132,Perry,Stoller,Perry.Stoller@yopmail.com,2015-11-14
133,Lulita,Cleo,Lulita.Cleo@yopmail.com,1920-01-04
134,Atlanta,Scammon,Atlanta.Scammon@yopmail.com,2006-06-17
135,Elmira,Donoghue,Elmira.Donoghue@yopmail.com,1902-05-07
136,Talya,Melony,Talya.Melony@yopmail.com,1990-04-04
137,Bertine,Wilkinson,Bertine.Wilkinson@yopmail.com,1978-12-30
138,Harrietta,Boehike,Harrietta.Boehike@yopmail.com,1946-02-04
139,Carolina,Corabella,Carolina.Corabella@yopmail.com,1953-08-23
140,Elfreda,Marsden,Elfreda.Marsden@yopmail.com,1957-12-07
141,Aeriela,Bibi,Aeriela.Bibi@yopmail.com,2014-03-19
142,Steffane,Faso,Steffane.Faso@yopmail.com,1901-11-04
143,Rivalee,Lorain,Rivalee.Lorain@yopmail.com,1949-02-18
144,Lelah,Thad,Lelah.Thad@yopmail.com,1927-01-07
145,Ericka,Herrera,Ericka.Herrera@yopmail.com,1987-10-19
146,Jany,Elsinore,Jany.Elsinore@yopmail.com,1957-04-24
147,Shaylyn,Ade,Shaylyn.Ade@yopmail.com,1975-04-21
148,Sarette,Adore,Sarette.Adore@yopmail.com,1905-03-18
149,Lilith,Cherianne,Lilith.Cherianne@yopmail.com,1988-07-12
150,Tybie,Durante,Tybie.Durante@yopmail.com,1907-07-16
151,Rayna,Roscoe,Rayna.Roscoe@yopmail.com,1985-04-13
152,Chastity,Grosz,Chastity.Grosz@yopmail.com,1914-03-20
153,Carilyn,Swigart,Carilyn.Swigart@yopmail.com,1995-04-03
154,Frieda,Odysseus,Frieda.Odysseus@yopmail.com,1999-10-06
155,Jaclyn,Dominy,Jaclyn.Dominy@yopmail.com,2000-03-26
156,Ebonee,Dowski,Ebonee.Dowski@yopmail.com,1968-06-18
157,Trudie,Madaih,Trudie.Madaih@yopmail.com,1927-07-10
158,Asia,Septima,Asia.Septima@yopmail.com,1982-02-02
159,Taffy,Vanni,Taffy.Vanni@yopmail.com,1971-05-22
160,Karlee,Sigfrid,Karlee.Sigfrid@yopmail.com,1955-06-01
161,Lory,Hirsch,Lory.Hirsch@yopmail.com,1958-08-01
162,Anica,Natica,Anica.Natica@yopmail.com,1970-03-07
163,Lolita,Leler,Lolita.Leler@yopmail.com,1928-04-16
164,Darci,Ezar,Darci.Ezar@yopmail.com,1947-05-13
165,Glenda,Dalli,Glenda.Dalli@yopmail.com,1964-02-24
166,Violet,Ricki,Violet.Ricki@yopmail.com,1998-01-18
167,Juliane,Taima,Juliane.Taima@yopmail.com,2000-09-01
168,Nyssa,Janith,Nyssa.Janith@yopmail.com,1945-07-26
169,Codie,Elephus,Codie.Elephus@yopmail.com,1905-03-15
170,Addia,Amand,Addia.Amand@yopmail.com,1965-06-16
171,Bee,Cutlerr,Bee.Cutlerr@yopmail.com,1928-07-13
172,Elise,Pitt,Elise.Pitt@yopmail.com,1968-06-29
173,Jemie,Clywd,Jemie.Clywd@yopmail.com,1996-09-12
174,Fidelia,Markman,Fidelia.Markman@yopmail.com,1941-09-07
175,Nickie,Sabella,Nickie.Sabella@yopmail.com,1986-12-27
176,Kalina,Ochs,Kalina.Ochs@yopmail.com,1908-10-18
177,Danika,Iiette,Danika.Iiette@yopmail.com,1964-03-17
178,Lenna,Robertson,Lenna.Robertson@yopmail.com,1997-11-01
179,Bertine,Armanda,Bertine.Armanda@yopmail.com,1920-02-13
180,Ekaterina,Fiester,Ekaterina.Fiester@yopmail.com,1943-09-12
181,Blake,Lutero,Blake.Lutero@yopmail.com,1955-01-18
182,Hettie,Desai,Hettie.Desai@yopmail.com,1914-02-26
183,Alisha,Loring,Alisha.Loring@yopmail.com,1996-08-11
184,Joleen,Baptlsta,Joleen.Baptlsta@yopmail.com,1969-07-14
185,Nikki,Scammon,Nikki.Scammon@yopmail.com,1949-03-11
186,Halette,Elsinore,Halette.Elsinore@yopmail.com,1984-04-14
187,Fina,Raychel,Fina.Raychel@yopmail.com,1967-11-20
188,Rosabelle,Avi,Rosabelle.Avi@yopmail.com,1912-09-28
189,Feliza,Pattin,Feliza.Pattin@yopmail.com,1941-01-20
190,Tybie,Sibyls,Tybie.Sibyls@yopmail.com,1933-07-11
191,Coral,Demitria,Coral.Demitria@yopmail.com,1982-07-23
192,Jillayne,Lytton,Jillayne.Lytton@yopmail.com,1947-08-04
193,Gretal,Fabiola,Gretal.Fabiola@yopmail.com,1929-01-07
194,Kellen,Hewitt,Kellen.Hewitt@yopmail.com,1929-05-30
195,Wynne,Hebner,Wynne.Hebner@yopmail.com,1939-06-03
196,Eve,Hutchison,Eve.Hutchison@yopmail.com,1964-05-25
197,Aaren,Shields,Aaren.Shields@yopmail.com,1993-01-09
198,Joceline,Leler,Joceline.Leler@yopmail.com,1944-01-27
199,Jenda,Vorster,Jenda.Vorster@yopmail.com,1916-09-10
200,Lexine,Levey,Lexine.Levey@yopmail.com,2005-11-02
201,Carmencita,Grimbly,Carmencita.Grimbly@yopmail.com,2010-05-02
202,Brena,Chaing,Brena.Chaing@yopmail.com,1954-08-22
203,Robinia,Odell,Robinia.Odell@yopmail.com,1947-09-01
204,Ingrid,Paton,Ingrid.Paton@yopmail.com,1904-07-12
205,Cyb,Hanleigh,Cyb.Hanleigh@yopmail.com,2001-06-02
206,Hyacinthe,Chinua,Hyacinthe.Chinua@yopmail.com,1901-09-04
207,Jinny,Romelda,Jinny.Romelda@yopmail.com,1901-12-21
208,Margalo,Guthrie,Margalo.Guthrie@yopmail.com,1917-02-20
209,Hermione,Duwalt,Hermione.Duwalt@yopmail.com,1960-08-03
210,Ernesta,Gibbeon,Ernesta.Gibbeon@yopmail.com,1925-10-25
211,Tilly,Loeb,Tilly.Loeb@yopmail.com,2014-03-16
212,Giustina,Linskey,Giustina.Linskey@yopmail.com,1920-02-05
213,Karly,Timon,Karly.Timon@yopmail.com,1916-01-03
214,Evaleen,Gower,Evaleen.Gower@yopmail.com,1902-12-20
215,Therine,Verger,Therine.Verger@yopmail.com,1938-10-08
216,Gavrielle,Urias,Gavrielle.Urias@yopmail.com,2001-12-03
217,Farrah,Schwejda,Farrah.Schwejda@yopmail.com,2002-07-27
218,Tatiania,Markman,Tatiania.Markman@yopmail.com,1953-06-10
219,Moyna,Horan,Moyna.Horan@yopmail.com,1911-02-16
220,Gilda,Yoko,Gilda.Yoko@yopmail.com,1951-02-20
221,Latisha,Chabot,Latisha.Chabot@yopmail.com,1957-05-26
222,Zia,Seumas,Zia.Seumas@yopmail.com,2009-02-27
223,Lory,Persse,Lory.Persse@yopmail.com,1992-05-04
224,Shandie,Fancie,Shandie.Fancie@yopmail.com,1951-03-13
225,Jere,Zaslow,Jere.Zaslow@yopmail.com,1915-11-19
226,Theodora,Hepsibah,Theodora.Hepsibah@yopmail.com,1952-03-10
227,Cristine,Elbertina,Cristine.Elbertina@yopmail.com,2014-06-23
228,Alameda,Isacco,Alameda.Isacco@yopmail.com,1957-01-10
229,Benita,Tamsky,Benita.Tamsky@yopmail.com,1948-07-02
230,Wanda,Jenness,Wanda.Jenness@yopmail.com,1930-07-18
231,Flory,Sisile,Flory.Sisile@yopmail.com,1981-12-03
232,Romona,Wildermuth,Romona.Wildermuth@yopmail.com,1918-02-09
233,Lizzie,Bennie,Lizzie.Bennie@yopmail.com,1974-04-28
234,Zsa Zsa,Sperling,Zsa Zsa.Sperling@yopmail.com,1983-11-15
235,Dede,Myrilla,Dede.Myrilla@yopmail.com,1940-09-24
236,Marinna,Tremayne,Marinna.Tremayne@yopmail.com,1950-05-30
237,Robinia,Ricarda,Robinia.Ricarda@yopmail.com,1934-05-15
238,Larine,Yorick,Larine.Yorick@yopmail.com,1971-05-05
239,Talya,Weide,Talya.Weide@yopmail.com,1917-04-13
240,Valera,Connelly,Valera.Connelly@yopmail.com,1938-01-26
241,Diena,Deegan,Diena.Deegan@yopmail.com,1935-06-05
242,Chastity,My,Chastity.My@yopmail.com,1965-01-08
243,Anestassia,Deegan,Anestassia.Deegan@yopmail.com,1904-06-02
244,Zondra,Fancie,Zondra.Fancie@yopmail.com,1992-01-04
245,Roberta,Orlene,Roberta.Orlene@yopmail.com,1925-07-07
246,Liana,Eldrid,Liana.Eldrid@yopmail.com,1928-03-13
247,Lorenza,Kosey,Lorenza.Kosey@yopmail.com,1977-02-06
248,Kellen,Geffner,Kellen.Geffner@yopmail.com,2017-08-27
249,Charlena,Zina,Charlena.Zina@yopmail.com,1994-10-27
250,Reeba,Chaing,Reeba.Chaing@yopmail.com,1905-03-24
251,Sybille,Radu,Sybille.Radu@yopmail.com,1963-06-27
252,Sallie,Malvino,Sallie.Malvino@yopmail.com,1977-03-13
253,Dorene,Klemperer,Dorene.Klemperer@yopmail.com,2008-10-07
254,Robbi,Rudolph,Robbi.Rudolph@yopmail.com,1962-12-12
255,Lexine,Ellord,Lexine.Ellord@yopmail.com,1933-03-27
256,Dione,Schlosser,Dione.Schlosser@yopmail.com,1977-04-27
257,Marylou,Chinua,Marylou.Chinua@yopmail.com,1912-06-15
258,June,Drisko,June.Drisko@yopmail.com,1913-03-30
259,Kimmy,Elvyn,Kimmy.Elvyn@yopmail.com,1962-10-01
260,Rivalee,Goddard,Rivalee.Goddard@yopmail.com,1960-10-18
261,Monika,Muriel,Monika.Muriel@yopmail.com,1973-04-16
262,Thalia,Ogren,Thalia.Ogren@yopmail.com,1958-11-06
263,Caryl,Stuart,Caryl.Stuart@yopmail.com,1972-11-12
264,Jinny,Jerold,Jinny.Jerold@yopmail.com,1962-01-16
265,Rochette,Isacco,Rochette.Isacco@yopmail.com,1985-01-20
266,Shirlee,Berne,Shirlee.Berne@yopmail.com,1916-08-13
267,Larine,Linskey,Larine.Linskey@yopmail.com,1962-02-12
268,Cacilie,Poll,Cacilie.Poll@yopmail.com,1927-09-10
269,Jean,Alabaster,Jean.Alabaster@yopmail.com,1980-10-01
270,Taffy,Georgy,Taffy.Georgy@yopmail.com,1966-12-30
271,Marsiella,Berne,Marsiella.Berne@yopmail.com,1993-03-13
272,Lacie,Orelee,Lacie.Orelee@yopmail.com,1905-04-20
273,Georgina,Sikorski,Georgina.Sikorski@yopmail.com,1904-05-01
274,Lolita,Gilbertson,Lolita.Gilbertson@yopmail.com,1906-01-04
275,Leia,Dawkins,Leia.Dawkins@yopmail.com,1931-05-06
276,Tiffie,Revkah,Tiffie.Revkah@yopmail.com,1962-06-12
277,Betta,Eben,Betta.Eben@yopmail.com,2018-12-07
278,Starla,Kaja,Starla.Kaja@yopmail.com,2015-08-29
279,Aeriela,Shanley,Aeriela.Shanley@yopmail.com,1971-04-17
280,Aeriela,Justinn,Aeriela.Justinn@yopmail.com,1903-01-14
281,Lindie,Tound,Lindie.Tound@yopmail.com,1942-02-11
282,Ilse,Maroney,Ilse.Maroney@yopmail.com,1975-03-24
283,Aryn,Constancy,Aryn.Constancy@yopmail.com,1955-06-23
284,Aimil,Moina,Aimil.Moina@yopmail.com,2001-12-03
285,Nelle,Lail,Nelle.Lail@yopmail.com,1906-08-22
286,Rivalee,Douglass,Rivalee.Douglass@yopmail.com,2016-07-06
287,Mureil,Dalli,Mureil.Dalli@yopmail.com,2015-01-16
288,Annecorinne,Briney,Annecorinne.Briney@yopmail.com,1994-02-10
289,Tierney,Primalia,Tierney.Primalia@yopmail.com,1960-07-22
290,Karina,Henebry,Karina.Henebry@yopmail.com,1960-02-17
291,Clo,Devlen,Clo.Devlen@yopmail.com,2006-11-12
292,Sallie,Ader,Sallie.Ader@yopmail.com,1997-09-28
293,Georgina,Pulsifer,Georgina.Pulsifer@yopmail.com,1910-10-17
294,Bernardine,Norvol,Bernardine.Norvol@yopmail.com,1921-04-29
295,Gwenneth,Orelee,Gwenneth.Orelee@yopmail.com,1956-12-15
296,Lynde,Morrill,Lynde.Morrill@yopmail.com,1963-12-13
297,Nannie,Dawkins,Nannie.Dawkins@yopmail.com,1966-01-02
298,Darci,Eno,Darci.Eno@yopmail.com,2018-12-19
299,Alyssa,Janene,Alyssa.Janene@yopmail.com,1920-04-25
300,Mahalia,Erb,Mahalia.Erb@yopmail.com,2010-07-22
301,Sissy,Willie,Sissy.Willie@yopmail.com,1950-08-06
302,Imojean,Melleta,Imojean.Melleta@yopmail.com,2018-11-08
303,Alia,Lunsford,Alia.Lunsford@yopmail.com,1931-03-30
304,Gloria,Yerkovich,Gloria.Yerkovich@yopmail.com,1987-05-18
305,Roz,Arathorn,Roz.Arathorn@yopmail.com,1986-12-13
306,Brynna,Mauer,Brynna.Mauer@yopmail.com,1923-06-13
307,Audrie,Grayce,Audrie.Grayce@yopmail.com,1975-04-03
308,Vonny,Lattie,Vonny.Lattie@yopmail.com,1963-07-29
309,Gertrud,Ball,Gertrud.Ball@yopmail.com,1910-12-21
310,Marcelline,Lynn,Marcelline.Lynn@yopmail.com,2011-04-17
311,Susan,Emmaline,Susan.Emmaline@yopmail.com,2006-07-28
312,Damaris,Schwejda,Damaris.Schwejda@yopmail.com,2015-06-16
313,Stacey,Noelyn,Stacey.Noelyn@yopmail.com,1911-07-18
314,Ida,Nahum,Ida.Nahum@yopmail.com,1973-12-30
315,Amii,Bahr,Amii.Bahr@yopmail.com,1984-02-18
316,Dania,Hailee,Dania.Hailee@yopmail.com,1948-11-16
317,Desirae,Seessel,Desirae.Seessel@yopmail.com,1987-03-03
318,Roxane,Therine,Roxane.Therine@yopmail.com,1959-06-26
319,Janeczka,Santoro,Janeczka.Santoro@yopmail.com,2017-09-02
320,Ida,Chinua,Ida.Chinua@yopmail.com,1909-02-20
321,Fred,Ellerey,Fred.Ellerey@yopmail.com,1943-05-01
322,Jordan,Center,Jordan.Center@yopmail.com,1966-08-18
323,Eadie,Charmine,Eadie.Charmine@yopmail.com,1995-04-17
324,Stevana,Philoo,Stevana.Philoo@yopmail.com,2009-06-23
325,Emma,Uird,Emma.Uird@yopmail.com,1981-04-19
326,Annice,Berard,Annice.Berard@yopmail.com,1950-12-06
327,Gwenneth,Hanleigh,Gwenneth.Hanleigh@yopmail.com,1987-09-28
328,Miquela,Suk,Miquela.Suk@yopmail.com,1903-11-10
329,Tori,Franza,Tori.Franza@yopmail.com,1977-02-24
330,Layla,Hazlett,Layla.Hazlett@yopmail.com,1968-11-08
331,Brietta,Cleo,Brietta.Cleo@yopmail.com,1969-07-16
332,Halette,Therine,Halette.Therine@yopmail.com,1921-09-20
333,Brana,Cecile,Brana.Cecile@yopmail.com,1994-12-11
334,Shell,Kare,Shell.Kare@yopmail.com,1912-10-03
335,Layla,Madelene,Layla.Madelene@yopmail.com,1950-09-07
336,Ardeen,Jotham,Ardeen.Jotham@yopmail.com,1957-07-05
337,Zsa Zsa,Faria,Zsa Zsa.Faria@yopmail.com,1930-06-14
338,Alyda,Tarrant,Alyda.Tarrant@yopmail.com,1994-04-30
339,Genevra,Wiener,Genevra.Wiener@yopmail.com,1939-06-19
340,Kayla,Gunn,Kayla.Gunn@yopmail.com,1903-09-02
341,Joelly,Couture,Joelly.Couture@yopmail.com,1999-11-02
342,Marcy,Bluh,Marcy.Bluh@yopmail.com,1988-05-18
343,Beverley,Waldron,Beverley.Waldron@yopmail.com,1900-10-07
344,Gerrie,Mike,Gerrie.Mike@yopmail.com,2013-08-27
345,Janis,Nahum,Janis.Nahum@yopmail.com,1963-07-09
346,Rebeca,Bevin,Rebeca.Bevin@yopmail.com,1949-01-10
347,Evaleen,Ovid,Evaleen.Ovid@yopmail.com,1981-03-21
348,Aaren,Bury,Aaren.Bury@yopmail.com,1946-04-17
349,Madeleine,Nahum,Madeleine.Nahum@yopmail.com,2017-11-04
350,Amara,Arathorn,Amara.Arathorn@yopmail.com,1982-07-29
351,Brietta,Auberbach,Brietta.Auberbach@yopmail.com,1919-09-10
352,Flo,Philipp,Flo.Philipp@yopmail.com,2017-09-26
353,Kamilah,Truc,Kamilah.Truc@yopmail.com,1954-04-12
354,Amelia,Herrera,Amelia.Herrera@yopmail.com,2016-08-07
355,Donetta,Eugenia,Donetta.Eugenia@yopmail.com,1993-12-17
356,Felice,Henebry,Felice.Henebry@yopmail.com,1943-03-29
357,Melina,Hunfredo,Melina.Hunfredo@yopmail.com,1999-03-28
358,Elsie,Kellby,Elsie.Kellby@yopmail.com,2017-03-23
359,Dorene,Hourigan,Dorene.Hourigan@yopmail.com,1997-06-23
360,Viviene,Waite,Viviene.Waite@yopmail.com,1909-04-05
361,Cacilie,Crudden,Cacilie.Crudden@yopmail.com,2017-01-26
362,Dorthy,Grayce,Dorthy.Grayce@yopmail.com,1975-10-29
363,Camile,Pond,Camile.Pond@yopmail.com,1913-07-30
364,Kaja,Magdalen,Kaja.Magdalen@yopmail.com,1923-08-10
365,Elka,Kirstin,Elka.Kirstin@yopmail.com,1979-11-12
366,Marleah,Delila,Marleah.Delila@yopmail.com,1973-02-24
367,Dyann,Boycey,Dyann.Boycey@yopmail.com,1938-01-08
368,Dianemarie,Soneson,Dianemarie.Soneson@yopmail.com,1906-03-14
369,Frieda,Noman,Frieda.Noman@yopmail.com,1913-09-30
370,Patricia,Halla,Patricia.Halla@yopmail.com,1934-04-17
371,Paola,Hewitt,Paola.Hewitt@yopmail.com,1914-10-22
372,Trudie,Alwin,Trudie.Alwin@yopmail.com,1996-11-04
373,Genovera,Uird,Genovera.Uird@yopmail.com,2016-03-05
374,Albertina,Dimitris,Albertina.Dimitris@yopmail.com,1992-01-23
375,Leanna,Winnick,Leanna.Winnick@yopmail.com,2006-10-03
376,Robbi,Newell,Robbi.Newell@yopmail.com,1928-07-12
377,Zia,Sharl,Zia.Sharl@yopmail.com,1969-05-03
378,Nadine,Cordi,Nadine.Cordi@yopmail.com,1975-07-11
379,Melanie,Selway,Melanie.Selway@yopmail.com,2004-06-15
380,Barbara,Voletta,Barbara.Voletta@yopmail.com,1959-05-17
381,Jean,Jagir,Jean.Jagir@yopmail.com,1985-03-18
382,Selia,Eben,Selia.Eben@yopmail.com,1977-03-31
383,Libbie,Presber,Libbie.Presber@yopmail.com,1920-03-06
384,Sherrie,Kussell,Sherrie.Kussell@yopmail.com,2018-02-28
385,Jennica,Callista,Jennica.Callista@yopmail.com,1989-01-17
386,Mallory,Gemini,Mallory.Gemini@yopmail.com,1958-10-11
387,Emilia,Malina,Emilia.Malina@yopmail.com,1940-04-01
388,Mara,Ralfston,Mara.Ralfston@yopmail.com,1925-03-29
389,Ursulina,Cyrie,Ursulina.Cyrie@yopmail.com,1956-11-24
390,Jemie,Emmy,Jemie.Emmy@yopmail.com,1914-05-26
391,Nickie,Burnside,Nickie.Burnside@yopmail.com,1919-05-14
392,Ida,Mott,Ida.Mott@yopmail.com,1975-12-26
393,Gwyneth,Alrich,Gwyneth.Alrich@yopmail.com,1982-06-29
394,Elsie,Gale,Elsie.Gale@yopmail.com,1911-11-20
395,Adele,Dorothy,Adele.Dorothy@yopmail.com,1924-06-21
396,Abbie,Ramona,Abbie.Ramona@yopmail.com,1946-10-24
397,Iseabal,Beebe,Iseabal.Beebe@yopmail.com,1968-05-05
398,Philis,Cherianne,Philis.Cherianne@yopmail.com,1900-12-02
399,Georgetta,Hermes,Georgetta.Hermes@yopmail.com,1926-06-12
400,Orsola,Erich,Orsola.Erich@yopmail.com,1963-02-23
401,Allis,Fax,Allis.Fax@yopmail.com,1990-03-24
402,Lolita,Moina,Lolita.Moina@yopmail.com,1992-04-14
403,Babita,Ranjiv,Babita.Ranjiv@yopmail.com,1918-11-19
404,Jacenta,Whiffen,Jacenta.Whiffen@yopmail.com,1947-01-05
405,Brynna,Ariella,Brynna.Ariella@yopmail.com,1933-10-05
406,Ellette,Solitta,Ellette.Solitta@yopmail.com,1936-04-30
407,Tybie,Isacco,Tybie.Isacco@yopmail.com,1949-04-04
408,Ardenia,Avi,Ardenia.Avi@yopmail.com,1955-11-11
409,Romona,Rese,Romona.Rese@yopmail.com,1938-05-21
410,Merci,Jary,Merci.Jary@yopmail.com,1938-04-24
411,Marjie,Yoko,Marjie.Yoko@yopmail.com,1907-03-08
412,Alejandra,Hoban,Alejandra.Hoban@yopmail.com,2014-09-19
413,Shaylyn,Joseph,Shaylyn.Joseph@yopmail.com,2018-05-25
414,Pollyanna,Ivens,Pollyanna.Ivens@yopmail.com,1970-06-12
415,Madeleine,Jobi,Madeleine.Jobi@yopmail.com,1981-08-15
416,Allyce,Lattie,Allyce.Lattie@yopmail.com,1996-04-22
417,Ketti,Jacobah,Ketti.Jacobah@yopmail.com,1949-02-05
418,Micheline,Kalinda,Micheline.Kalinda@yopmail.com,2001-08-11
419,Linzy,Morehouse,Linzy.Morehouse@yopmail.com,1927-12-10
420,Paulita,Richers,Paulita.Richers@yopmail.com,1974-10-22
421,Tamqrah,Keelia,Tamqrah.Keelia@yopmail.com,2003-07-24
422,Trudie,Redmond,Trudie.Redmond@yopmail.com,1961-10-20
423,Sarette,Voletta,Sarette.Voletta@yopmail.com,1912-12-08
424,Roberta,Hilbert,Roberta.Hilbert@yopmail.com,1969-02-27
425,Jaclyn,Cressida,Jaclyn.Cressida@yopmail.com,1905-05-29
426,Clarice,Bendick,Clarice.Bendick@yopmail.com,1990-12-02
427,Olwen,Vanni,Olwen.Vanni@yopmail.com,1980-09-03
428,Jeanna,O'Carroll,Jeanna.O'Carroll@yopmail.com,1995-09-06
429,Esmeralda,Palocz,Esmeralda.Palocz@yopmail.com,1965-06-25
430,Sashenka,Mayeda,Sashenka.Mayeda@yopmail.com,1978-11-04
431,Aubrie,Stilwell,Aubrie.Stilwell@yopmail.com,1918-11-08
432,Jolyn,Izaak,Jolyn.Izaak@yopmail.com,1949-11-21
433,Darci,Vanni,Darci.Vanni@yopmail.com,1965-03-28
434,Olwen,Daveta,Olwen.Daveta@yopmail.com,1915-03-24
435,Briney,Nicoline,Briney.Nicoline@yopmail.com,1923-06-05
436,Fanny,Wooster,Fanny.Wooster@yopmail.com,1902-10-07
437,Cacilie,Capello,Cacilie.Capello@yopmail.com,2016-05-26
438,Stephanie,Jerold,Stephanie.Jerold@yopmail.com,1978-05-07
439,Theodora,Elo,Theodora.Elo@yopmail.com,2004-09-05
440,Chloris,Miru,Chloris.Miru@yopmail.com,1936-01-08
441,Nonnah,Carolin,Nonnah.Carolin@yopmail.com,1976-08-29
442,Janey,Garek,Janey.Garek@yopmail.com,2010-01-30
443,Ida,Clie,Ida.Clie@yopmail.com,1980-08-21
444,Vere,Travax,Vere.Travax@yopmail.com,2013-02-11
445,Ardys,Waldron,Ardys.Waldron@yopmail.com,1928-04-09
446,Coral,Lowry,Coral.Lowry@yopmail.com,2011-11-24
447,Bernardine,Suanne,Bernardine.Suanne@yopmail.com,1904-10-13
448,Kathy,Merriott,Kathy.Merriott@yopmail.com,1901-04-20
449,Lorne,Rheingold,Lorne.Rheingold@yopmail.com,1961-08-14
450,Fred,Posner,Fred.Posner@yopmail.com,1984-08-30
451,Tracey,Noam,Tracey.Noam@yopmail.com,1938-04-25
452,Jordan,Brady,Jordan.Brady@yopmail.com,1976-01-19
453,Lynnea,Jobi,Lynnea.Jobi@yopmail.com,1968-04-25
454,Claudina,Wilkinson,Claudina.Wilkinson@yopmail.com,1950-10-07
455,Belva,Melleta,Belva.Melleta@yopmail.com,1960-11-05
456,Grier,Zrike,Grier.Zrike@yopmail.com,2011-06-21
457,Shel,Fairweather,Shel.Fairweather@yopmail.com,1984-01-12
458,Sallie,Lymann,Sallie.Lymann@yopmail.com,1971-01-19
459,Lindie,Laurianne,Lindie.Laurianne@yopmail.com,2019-11-08
460,Phylis,Lane,Phylis.Lane@yopmail.com,1952-12-07
461,Georgetta,Ailyn,Georgetta.Ailyn@yopmail.com,2004-09-29
462,Cordi,Allys,Cordi.Allys@yopmail.com,1905-12-23
463,Gilligan,Bandeen,Gilligan.Bandeen@yopmail.com,1974-04-11
464,Doro,Quinn,Doro.Quinn@yopmail.com,1905-07-15
465,Vevay,Schwejda,Vevay.Schwejda@yopmail.com,1965-02-09
466,Arlena,Saunderson,Arlena.Saunderson@yopmail.com,1974-08-18
467,Gerianna,Thornburg,Gerianna.Thornburg@yopmail.com,1940-10-15
468,Melina,Diogenes,Melina.Diogenes@yopmail.com,1993-11-12
469,Alyda,Shelba,Alyda.Shelba@yopmail.com,1922-04-19
470,Genevra,Sperling,Genevra.Sperling@yopmail.com,1942-08-09
471,Lindie,Pernick,Lindie.Pernick@yopmail.com,1938-04-24
472,Fernande,Solitta,Fernande.Solitta@yopmail.com,1920-10-05
473,Claudina,Jacqui,Claudina.Jacqui@yopmail.com,1917-08-18
474,Audrie,Noelyn,Audrie.Noelyn@yopmail.com,1928-05-13
475,Estell,Eno,Estell.Eno@yopmail.com,1927-02-05
476,Taffy,Erminia,Taffy.Erminia@yopmail.com,2008-02-26
477,Sara-Ann,Ophelia,Sara-Ann.Ophelia@yopmail.com,1938-01-28
478,Phedra,Alisia,Phedra.Alisia@yopmail.com,2007-05-13
479,Shauna,Radu,Shauna.Radu@yopmail.com,1989-07-26
480,Roz,Kosey,Roz.Kosey@yopmail.com,1935-08-21
481,Aaren,Gwenore,Aaren.Gwenore@yopmail.com,1947-07-06
482,Gusty,Adrienne,Gusty.Adrienne@yopmail.com,1960-01-14
483,Bibby,Georas,Bibby.Georas@yopmail.com,1937-01-07
484,Dania,Hieronymus,Dania.Hieronymus@yopmail.com,2011-02-27
485,Mary,Scammon,Mary.Scammon@yopmail.com,2011-02-09
486,Sheree,MacIntosh,Sheree.MacIntosh@yopmail.com,1901-09-21
487,Chandra,Glenden,Chandra.Glenden@yopmail.com,1960-08-13
488,Shaine,Khorma,Shaine.Khorma@yopmail.com,1975-08-31
489,Monika,Brady,Monika.Brady@yopmail.com,1927-09-28
490,Mallory,Natalia,Mallory.Natalia@yopmail.com,1906-10-16
491,Mamie,Margret,Mamie.Margret@yopmail.com,1919-03-22
492,Ricky,Wind,Ricky.Wind@yopmail.com,1950-06-28
493,Alleen,Niccolo,Alleen.Niccolo@yopmail.com,1929-05-25
494,Brooks,Abram,Brooks.Abram@yopmail.com,1913-01-22
495,Jean,Infield,Jean.Infield@yopmail.com,1906-09-26
496,Amii,Pip,Amii.Pip@yopmail.com,2017-08-16
497,Melodie,Jacinda,Melodie.Jacinda@yopmail.com,1915-11-17
498,Larine,Odell,Larine.Odell@yopmail.com,1983-04-08
499,Rosabelle,Therine,Rosabelle.Therine@yopmail.com,1913-01-22
500,Frances,Thornburg,Frances.Thornburg@yopmail.com,1983-01-21
501,Orelia,Urania,Orelia.Urania@yopmail.com,1938-06-22
502,Frank,Oscar,Frank.Oscar@yopmail.com,1969-11-11
503,Meriel,Creamer,Meriel.Creamer@yopmail.com,1985-05-28
504,Regina,Noelyn,Regina.Noelyn@yopmail.com,1939-03-10
505,Jaclyn,Naor,Jaclyn.Naor@yopmail.com,1981-08-30
506,Cordi,Devlen,Cordi.Devlen@yopmail.com,1968-08-29
507,Carmela,Nester,Carmela.Nester@yopmail.com,1975-11-10
508,Konstance,Naor,Konstance.Naor@yopmail.com,1906-01-06
509,Shauna,Hirsch,Shauna.Hirsch@yopmail.com,1977-12-10
510,Gale,Gordon,Gale.Gordon@yopmail.com,1928-04-07
511,Tobe,Guildroy,Tobe.Guildroy@yopmail.com,1962-08-18
512,Gratia,Hurley,Gratia.Hurley@yopmail.com,1942-05-30
513,Elyssa,Sundin,Elyssa.Sundin@yopmail.com,1951-04-06
514,Pamella,Huggins,Pamella.Huggins@yopmail.com,1962-04-14
515,Carmencita,Land,Carmencita.Land@yopmail.com,1949-11-02
516,Iseabal,Eugenia,Iseabal.Eugenia@yopmail.com,1992-09-15
517,Barbara,Fennessy,Barbara.Fennessy@yopmail.com,1938-02-07
518,Ursulina,Louanna,Ursulina.Louanna@yopmail.com,2012-06-11
519,Zondra,Greyson,Zondra.Greyson@yopmail.com,1983-11-17
520,Gilligan,Gladstone,Gilligan.Gladstone@yopmail.com,1911-03-28
521,Elie,Lucienne,Elie.Lucienne@yopmail.com,1956-09-01
522,Gianina,Harriman,Gianina.Harriman@yopmail.com,2014-11-30
523,Concettina,Leffen,Concettina.Leffen@yopmail.com,2002-10-25
524,Georgetta,Friede,Georgetta.Friede@yopmail.com,2012-12-14
525,Blake,Laurianne,Blake.Laurianne@yopmail.com,1931-06-24
526,Bobinette,Ralfston,Bobinette.Ralfston@yopmail.com,1903-08-07
527,Flo,Sacken,Flo.Sacken@yopmail.com,1936-02-11
528,Reeba,Saunderson,Reeba.Saunderson@yopmail.com,1991-07-12
529,Taffy,Weaks,Taffy.Weaks@yopmail.com,1955-11-30
530,Nonnah,Frodi,Nonnah.Frodi@yopmail.com,1926-08-07
531,Alex,Kazimir,Alex.Kazimir@yopmail.com,1969-02-22
532,Belva,Leary,Belva.Leary@yopmail.com,1907-11-06
533,Veda,Forrer,Veda.Forrer@yopmail.com,1982-09-20
534,Flory,Georas,Flory.Georas@yopmail.com,1987-06-30
535,Maryellen,Means,Maryellen.Means@yopmail.com,1912-01-05
536,Courtnay,Esmaria,Courtnay.Esmaria@yopmail.com,2006-05-04
537,Angelique,Federica,Angelique.Federica@yopmail.com,1902-09-26
538,Doralynne,Liebermann,Doralynne.Liebermann@yopmail.com,2015-09-05
539,Dominga,Amasa,Dominga.Amasa@yopmail.com,1953-10-07
540,Loree,Korey,Loree.Korey@yopmail.com,1985-02-22
541,Ellette,Bethany,Ellette.Bethany@yopmail.com,1920-10-04
542,Lorie,Chick,Lorie.Chick@yopmail.com,2013-04-13
543,Nariko,Edee,Nariko.Edee@yopmail.com,1960-06-19
544,Lynea,Poll,Lynea.Poll@yopmail.com,1954-08-28
545,Marleah,Koehler,Marleah.Koehler@yopmail.com,1977-05-20
546,Jinny,Goerke,Jinny.Goerke@yopmail.com,1983-12-04
547,Alyssa,Thunell,Alyssa.Thunell@yopmail.com,1954-02-10
548,Harmonia,Parette,Harmonia.Parette@yopmail.com,1903-12-04
549,Mallory,Kalinda,Mallory.Kalinda@yopmail.com,1995-03-11
550,Ana,Marcellus,Ana.Marcellus@yopmail.com,1951-09-23
551,Dulce,LaRue,Dulce.LaRue@yopmail.com,2000-09-08
552,Beatriz,Constancy,Beatriz.Constancy@yopmail.com,1919-03-10
553,Sharlene,Sinegold,Sharlene.Sinegold@yopmail.com,2002-03-22
554,Alexine,Lunsford,Alexine.Lunsford@yopmail.com,1961-08-13
555,Feliza,Artie,Feliza.Artie@yopmail.com,1979-10-20
556,Marita,Cimbura,Marita.Cimbura@yopmail.com,1992-06-18
557,Cecile,Milde,Cecile.Milde@yopmail.com,1948-10-06
558,Diena,Cullin,Diena.Cullin@yopmail.com,1950-06-21
559,Lizzie,Dielu,Lizzie.Dielu@yopmail.com,1965-08-18
560,Jorry,Kylander,Jorry.Kylander@yopmail.com,1961-09-12
561,Merle,Salchunas,Merle.Salchunas@yopmail.com,1912-06-21
562,Mallory,Lorenz,Mallory.Lorenz@yopmail.com,1920-05-21
563,Blinni,Ogren,Blinni.Ogren@yopmail.com,1994-03-24
564,Linet,Casimir,Linet.Casimir@yopmail.com,1968-02-06
565,Ardys,Reneta,Ardys.Reneta@yopmail.com,1923-05-22
566,Peri,Marlie,Peri.Marlie@yopmail.com,1980-10-04
567,Tera,Linskey,Tera.Linskey@yopmail.com,1944-07-15
568,Riannon,Faso,Riannon.Faso@yopmail.com,1921-12-12
569,Madelle,Jary,Madelle.Jary@yopmail.com,1906-10-10
570,Shirlee,Gemini,Shirlee.Gemini@yopmail.com,1955-01-11
571,Trixi,Cavan,Trixi.Cavan@yopmail.com,1949-09-23
572,Shirlee,Kermit,Shirlee.Kermit@yopmail.com,1916-01-06
573,Justinn,Hewitt,Justinn.Hewitt@yopmail.com,1914-05-22
574,Maud,Friede,Maud.Friede@yopmail.com,1927-08-15
575,Carolina,Eachern,Carolina.Eachern@yopmail.com,2009-05-01
576,Clarice,Merriott,Clarice.Merriott@yopmail.com,1970-02-08
577,Emylee,Fiann,Emylee.Fiann@yopmail.com,1941-03-09
578,Deirdre,Llovera,Deirdre.Llovera@yopmail.com,2015-11-03
579,Paulita,Prober,Paulita.Prober@yopmail.com,1987-09-16
580,Cordi,Stuart,Cordi.Stuart@yopmail.com,1965-12-03
581,Maud,Jotham,Maud.Jotham@yopmail.com,1994-05-08
582,Malina,Shields,Malina.Shields@yopmail.com,2009-08-13
583,Liana,Louanna,Liana.Louanna@yopmail.com,2013-12-01
584,Harrietta,Eliathas,Harrietta.Eliathas@yopmail.com,2016-09-10
585,Jordan,Persse,Jordan.Persse@yopmail.com,1959-11-29
586,Dorene,Ophelia,Dorene.Ophelia@yopmail.com,1943-08-21
587,Harrietta,Dichy,Harrietta.Dichy@yopmail.com,1947-07-24
588,Philis,Iiette,Philis.Iiette@yopmail.com,2003-10-17
589,Liana,Lynn,Liana.Lynn@yopmail.com,1906-03-25
590,Michaelina,Laurianne,Michaelina.Laurianne@yopmail.com,1930-11-17
591,Selia,Adrienne,Selia.Adrienne@yopmail.com,2005-09-23
592,Carree,Herrera,Carree.Herrera@yopmail.com,1913-02-09
593,Elbertina,Thornburg,Elbertina.Thornburg@yopmail.com,1980-03-23
594,Ivett,Hepsibah,Ivett.Hepsibah@yopmail.com,1903-09-11
595,Ginnie,Primalia,Ginnie.Primalia@yopmail.com,2014-10-15
596,Dari,Toni,Dari.Toni@yopmail.com,1988-10-24
597,Jenda,Artie,Jenda.Artie@yopmail.com,1904-07-29
598,Susan,Margarete,Susan.Margarete@yopmail.com,1966-07-22
599,Esmeralda,Fax,Esmeralda.Fax@yopmail.com,2012-03-09
600,Ronna,Rolf,Ronna.Rolf@yopmail.com,1982-04-10
601,Anthia,Bronk,Anthia.Bronk@yopmail.com,1986-06-08
602,Mellicent,Bobbee,Mellicent.Bobbee@yopmail.com,1909-05-21
603,Ileana,Parette,Ileana.Parette@yopmail.com,1939-12-24
604,Florencia,Wildermuth,Florencia.Wildermuth@yopmail.com,1979-10-06
605,Randa,Virgin,Randa.Virgin@yopmail.com,1906-03-28
606,Katleen,Iphlgenia,Katleen.Iphlgenia@yopmail.com,1999-09-05
607,Magdalena,Rad,Magdalena.Rad@yopmail.com,1923-10-03
608,Lacie,Ellerey,Lacie.Ellerey@yopmail.com,1967-08-03
609,Dominga,Moina,Dominga.Moina@yopmail.com,1920-04-11
610,Charlena,Saunderson,Charlena.Saunderson@yopmail.com,1931-07-25
611,Amii,Skell,Amii.Skell@yopmail.com,1993-07-05
612,Marjie,Seessel,Marjie.Seessel@yopmail.com,1982-09-25
613,Tarra,Jeanne,Tarra.Jeanne@yopmail.com,1963-08-22
614,Georgetta,Cyrie,Georgetta.Cyrie@yopmail.com,1975-09-23
615,Juliane,Nicoline,Juliane.Nicoline@yopmail.com,1990-01-06
616,Agnese,Thomasina,Agnese.Thomasina@yopmail.com,1999-11-15
617,Theodora,Bettine,Theodora.Bettine@yopmail.com,1923-10-07
618,Di,Johnsson,Di.Johnsson@yopmail.com,1960-08-21
619,Rhea,Daveta,Rhea.Daveta@yopmail.com,1907-10-13
620,Nadine,Sammons,Nadine.Sammons@yopmail.com,2013-10-08
621,Shauna,Talia,Shauna.Talia@yopmail.com,1914-03-18
622,Daryl,Pelagias,Daryl.Pelagias@yopmail.com,1922-02-05
623,Vanessa,Adrienne,Vanessa.Adrienne@yopmail.com,1962-11-06
624,Camile,Bevin,Camile.Bevin@yopmail.com,1945-10-27
625,Ebonee,Skurnik,Ebonee.Skurnik@yopmail.com,1948-11-19
626,Isa,Gaal,Isa.Gaal@yopmail.com,1937-05-17
627,Jan,Astra,Jan.Astra@yopmail.com,1962-02-28
628,Margalo,Alcott,Margalo.Alcott@yopmail.com,1933-10-02
629,Ardeen,Dex,Ardeen.Dex@yopmail.com,1997-01-05
630,Lulita,Rurik,Lulita.Rurik@yopmail.com,1921-10-28
631,Chloris,Giule,Chloris.Giule@yopmail.com,1940-07-07
632,Shel,Catie,Shel.Catie@yopmail.com,1969-10-12
633,Thalia,Schwejda,Thalia.Schwejda@yopmail.com,1990-07-08
634,Cecile,Marden,Cecile.Marden@yopmail.com,1989-05-14
635,Valeda,Dowski,Valeda.Dowski@yopmail.com,2013-09-11
636,Christal,Guildroy,Christal.Guildroy@yopmail.com,1974-08-21
637,Misha,Truc,Misha.Truc@yopmail.com,2001-11-30
638,Tori,Colbert,Tori.Colbert@yopmail.com,1953-11-07
639,Amalie,Byrne,Amalie.Byrne@yopmail.com,2015-08-17
640,Gabriellia,Joseph,Gabriellia.Joseph@yopmail.com,1989-04-03
641,Katharina,Adore,Katharina.Adore@yopmail.com,1910-01-24
642,Ekaterina,Bari,Ekaterina.Bari@yopmail.com,1937-02-08
643,Bettine,Hebner,Bettine.Hebner@yopmail.com,1978-01-22
644,Corene,Argus,Corene.Argus@yopmail.com,1961-11-23
645,Hettie,Sholley,Hettie.Sholley@yopmail.com,1949-08-26
646,Tarra,Marijo,Tarra.Marijo@yopmail.com,1938-05-04
647,Kellen,Seagraves,Kellen.Seagraves@yopmail.com,2010-01-13
648,Alameda,Jalbert,Alameda.Jalbert@yopmail.com,1906-07-05
649,Lusa,Federica,Lusa.Federica@yopmail.com,1984-02-24
650,Stephanie,Santoro,Stephanie.Santoro@yopmail.com,1991-10-05
651,Wileen,Niccolo,Wileen.Niccolo@yopmail.com,1969-07-18
652,Dolli,Richers,Dolli.Richers@yopmail.com,1956-08-24
653,Mady,Aurelio,Mady.Aurelio@yopmail.com,2014-05-09
654,Jessamyn,Christine,Jessamyn.Christine@yopmail.com,1942-10-31
655,Edee,Vittoria,Edee.Vittoria@yopmail.com,1971-12-25
656,Kelly,Lattie,Kelly.Lattie@yopmail.com,1972-06-22
657,Adriana,Ezar,Adriana.Ezar@yopmail.com,1930-04-10
658,Cristine,Willie,Cristine.Willie@yopmail.com,1976-07-21
659,Justinn,O'Neill,Justinn.O'Neill@yopmail.com,1928-03-11
660,Aigneis,Waldron,Aigneis.Waldron@yopmail.com,1945-01-31
661,Carree,Modie,Carree.Modie@yopmail.com,1962-08-03
662,Goldie,Justinn,Goldie.Justinn@yopmail.com,1907-01-17
663,Ottilie,Rhu,Ottilie.Rhu@yopmail.com,1948-06-14
664,Christal,Larochelle,Christal.Larochelle@yopmail.com,1981-05-26
665,Annabela,Eachern,Annabela.Eachern@yopmail.com,1907-08-16
666,Hettie,Kaete,Hettie.Kaete@yopmail.com,1985-10-20
667,Lonnie,Dreda,Lonnie.Dreda@yopmail.com,1944-03-13
668,Ricky,Chrystel,Ricky.Chrystel@yopmail.com,1999-02-10
669,Augustine,Ciro,Augustine.Ciro@yopmail.com,1902-07-30
670,Danny,Israeli,Danny.Israeli@yopmail.com,1956-07-16
671,Max,Larochelle,Max.Larochelle@yopmail.com,1970-12-30
672,Modestia,Lane,Modestia.Lane@yopmail.com,1974-03-21
673,Teriann,Ruvolo,Teriann.Ruvolo@yopmail.com,1911-05-12
674,Etta,Gwenore,Etta.Gwenore@yopmail.com,1953-03-12
675,Candy,Peg,Candy.Peg@yopmail.com,1909-09-17
676,Brana,Alfons,Brana.Alfons@yopmail.com,1979-08-20
677,Kara-Lynn,Virgin,Kara-Lynn.Virgin@yopmail.com,1984-11-30
678,Christy,Brittani,Christy.Brittani@yopmail.com,1927-12-16
679,Trixi,Gavrila,Trixi.Gavrila@yopmail.com,1949-09-15
680,Katleen,Vale,Katleen.Vale@yopmail.com,1965-12-03
681,Elfreda,Damarra,Elfreda.Damarra@yopmail.com,1957-12-15
682,Cherrita,Garbe,Cherrita.Garbe@yopmail.com,1954-07-17
683,Trixi,Vale,Trixi.Vale@yopmail.com,1911-05-18
684,Daryl,Destinee,Daryl.Destinee@yopmail.com,1929-12-24
685,Aeriela,Denis,Aeriela.Denis@yopmail.com,1960-01-29
686,Andeee,Lewes,Andeee.Lewes@yopmail.com,1935-09-24
687,Mallory,Linskey,Mallory.Linskey@yopmail.com,1944-12-01
688,Gertrud,August,Gertrud.August@yopmail.com,1974-07-18
689,Albertina,Seligman,Albertina.Seligman@yopmail.com,1983-12-26
690,Phedra,Nore,Phedra.Nore@yopmail.com,1901-02-17
691,Dagmar,Fairweather,Dagmar.Fairweather@yopmail.com,1917-10-03
692,Collen,Teryn,Collen.Teryn@yopmail.com,1918-05-20
693,Xylina,Cleavland,Xylina.Cleavland@yopmail.com,1914-02-22
694,Deane,Roche,Deane.Roche@yopmail.com,1919-11-09
695,Cyndie,Alice,Cyndie.Alice@yopmail.com,1933-07-15
696,Cherrita,Bartlett,Cherrita.Bartlett@yopmail.com,2015-11-15
697,Oona,Presber,Oona.Presber@yopmail.com,1987-11-26
698,Meriel,Gherardo,Meriel.Gherardo@yopmail.com,1900-11-01
699,Concettina,Gusella,Concettina.Gusella@yopmail.com,1984-08-10
700,Susette,Sherrie,Susette.Sherrie@yopmail.com,1978-04-17
701,Chastity,Han,Chastity.Han@yopmail.com,1907-09-21
702,Justinn,Konyn,Justinn.Konyn@yopmail.com,1914-10-16
703,Alexine,Douglass,Alexine.Douglass@yopmail.com,1925-05-12
704,Gusty,Hortensia,Gusty.Hortensia@yopmail.com,1986-09-19
705,Brooks,Tice,Brooks.Tice@yopmail.com,1934-08-23
706,Lolita,Iiette,Lolita.Iiette@yopmail.com,1941-05-21
707,Millie,Brieta,Millie.Brieta@yopmail.com,1925-01-05
708,Florie,Wallis,Florie.Wallis@yopmail.com,1911-10-24
709,Lusa,Barbey,Lusa.Barbey@yopmail.com,2003-04-18
710,Bill,Lattie,Bill.Lattie@yopmail.com,2009-02-04
711,Gavrielle,Doig,Gavrielle.Doig@yopmail.com,1997-08-03
712,Gui,Cloris,Gui.Cloris@yopmail.com,1901-07-31
713,Lauryn,Ortrude,Lauryn.Ortrude@yopmail.com,1997-03-22
714,Dolli,Swanhildas,Dolli.Swanhildas@yopmail.com,2019-10-27
715,Etta,Socha,Etta.Socha@yopmail.com,1967-04-16
716,Andree,Mendez,Andree.Mendez@yopmail.com,1911-01-24
717,Leona,Longfellow,Leona.Longfellow@yopmail.com,1943-06-06
718,Elvira,Eiser,Elvira.Eiser@yopmail.com,1977-08-06
719,Ernesta,Berne,Ernesta.Berne@yopmail.com,1939-12-17
720,Courtnay,Peonir,Courtnay.Peonir@yopmail.com,1991-03-24
721,Raf,Sheedy,Raf.Sheedy@yopmail.com,1962-07-07
722,Catrina,Wattenberg,Catrina.Wattenberg@yopmail.com,2005-10-28
723,Consuela,Vharat,Consuela.Vharat@yopmail.com,2001-09-20
724,Genevra,Alisia,Genevra.Alisia@yopmail.com,2006-02-21
725,Constance,Haerr,Constance.Haerr@yopmail.com,2009-12-14
726,Nadine,Eugenia,Nadine.Eugenia@yopmail.com,1997-06-29
727,Lauryn,Lewes,Lauryn.Lewes@yopmail.com,1913-01-01
728,Suzette,Naashom,Suzette.Naashom@yopmail.com,1990-04-06
729,Maisey,Ader,Maisey.Ader@yopmail.com,1975-11-30
730,Bernie,Duwalt,Bernie.Duwalt@yopmail.com,1961-10-06
731,Gloria,Weitman,Gloria.Weitman@yopmail.com,1930-02-21
732,Nikki,Norvol,Nikki.Norvol@yopmail.com,2003-10-17
733,Clarice,Old,Clarice.Old@yopmail.com,1938-08-01
734,Marti,Macey,Marti.Macey@yopmail.com,1946-09-14
735,Jasmina,Dannye,Jasmina.Dannye@yopmail.com,2010-06-22
736,Viviene,Read,Viviene.Read@yopmail.com,1928-11-22
737,Fernande,Edvard,Fernande.Edvard@yopmail.com,2017-11-06
738,Gisela,Nea,Gisela.Nea@yopmail.com,1989-09-18
739,Kerrin,Malanie,Kerrin.Malanie@yopmail.com,2016-10-28
740,Ardeen,Destinee,Ardeen.Destinee@yopmail.com,2010-10-16
741,Paulita,Goerke,Paulita.Goerke@yopmail.com,1908-02-25
742,Dione,Ahab,Dione.Ahab@yopmail.com,1915-11-28
743,Starla,Gaulin,Starla.Gaulin@yopmail.com,2016-11-11
744,Angelique,Zachary,Angelique.Zachary@yopmail.com,1994-11-07
745,Cissiee,Gamaliel,Cissiee.Gamaliel@yopmail.com,1947-02-07
746,Almeta,Cyrie,Almeta.Cyrie@yopmail.com,1935-01-22
747,Berget,Nester,Berget.Nester@yopmail.com,2002-05-29
748,Janis,Flyn,Janis.Flyn@yopmail.com,1960-04-15
749,Emilia,Richers,Emilia.Richers@yopmail.com,1934-02-24
750,Alleen,Jefferey,Alleen.Jefferey@yopmail.com,1917-09-05
751,Hannis,Richers,Hannis.Richers@yopmail.com,1975-06-10
752,Jsandye,Eckblad,Jsandye.Eckblad@yopmail.com,1958-04-01
753,Bibby,Devlen,Bibby.Devlen@yopmail.com,1999-04-10
754,Jessy,Leary,Jessy.Leary@yopmail.com,1964-09-04
755,Brandise,Alexandr,Brandise.Alexandr@yopmail.com,1945-11-17
756,Pollyanna,Marcellus,Pollyanna.Marcellus@yopmail.com,1927-01-22
757,Lynnea,Celestine,Lynnea.Celestine@yopmail.com,1928-07-17
758,Mamie,Ackerley,Mamie.Ackerley@yopmail.com,1941-03-20
759,Kirstin,Rosette,Kirstin.Rosette@yopmail.com,1992-12-21
760,Amara,Campball,Amara.Campball@yopmail.com,1912-08-28
761,Ottilie,Haldas,Ottilie.Haldas@yopmail.com,1995-04-01
762,Cathie,Riordan,Cathie.Riordan@yopmail.com,1975-06-14
763,Petronia,Henrie,Petronia.Henrie@yopmail.com,2016-09-05
764,Tamqrah,Vittoria,Tamqrah.Vittoria@yopmail.com,2009-09-13
765,Bettine,Birdella,Bettine.Birdella@yopmail.com,1998-12-13
766,Brietta,Dom,Brietta.Dom@yopmail.com,1909-07-25
767,Riannon,Gordon,Riannon.Gordon@yopmail.com,1939-05-10
768,Latisha,Oscar,Latisha.Oscar@yopmail.com,1923-06-14
769,Emylee,Hortensia,Emylee.Hortensia@yopmail.com,1943-10-02
770,Krystle,Amasa,Krystle.Amasa@yopmail.com,1901-09-14
771,Oona,Romelda,Oona.Romelda@yopmail.com,1988-08-08
772,Silvana,Larochelle,Silvana.Larochelle@yopmail.com,1964-02-04
773,Susan,Berne,Susan.Berne@yopmail.com,1951-10-16
774,Edyth,Isacco,Edyth.Isacco@yopmail.com,1957-07-27
775,Monika,Dawkins,Monika.Dawkins@yopmail.com,1959-01-18
776,Marcy,Jobi,Marcy.Jobi@yopmail.com,1907-06-22
777,Ida,Hutchison,Ida.Hutchison@yopmail.com,1920-10-13
778,Meghann,Sophronia,Meghann.Sophronia@yopmail.com,1904-08-15
779,Lelah,Faria,Lelah.Faria@yopmail.com,1929-11-21
780,Audrie,Azeria,Audrie.Azeria@yopmail.com,1957-03-13
781,Cherrita,Ludewig,Cherrita.Ludewig@yopmail.com,1972-07-16
782,Debee,Blase,Debee.Blase@yopmail.com,1920-02-20
783,Sindee,Bettine,Sindee.Bettine@yopmail.com,1917-04-22
784,Kayla,Zeeba,Kayla.Zeeba@yopmail.com,1928-07-14
785,Mignon,Japeth,Mignon.Japeth@yopmail.com,1919-03-25
786,Reeba,Brackely,Reeba.Brackely@yopmail.com,1966-12-24
787,Elora,Eno,Elora.Eno@yopmail.com,1967-11-29
788,Katharina,Hourigan,Katharina.Hourigan@yopmail.com,1989-06-15
789,Zia,Cleo,Zia.Cleo@yopmail.com,1935-12-23
790,Albertina,Yuille,Albertina.Yuille@yopmail.com,1948-07-07
791,Orsola,Barrus,Orsola.Barrus@yopmail.com,1974-09-10
792,Averyl,Tatianas,Averyl.Tatianas@yopmail.com,1984-08-16
793,Mignon,Lesley,Mignon.Lesley@yopmail.com,2003-08-08
794,Florencia,Creamer,Florencia.Creamer@yopmail.com,1943-01-30
795,Albertina,Zamora,Albertina.Zamora@yopmail.com,1908-12-26
796,Hayley,Brieta,Hayley.Brieta@yopmail.com,1915-07-15
797,Georgetta,Cutlerr,Georgetta.Cutlerr@yopmail.com,1911-10-05
798,Winifred,Marisa,Winifred.Marisa@yopmail.com,1996-12-13
799,Nollie,Oriana,Nollie.Oriana@yopmail.com,2002-12-16
800,Livvyy,Bakerman,Livvyy.Bakerman@yopmail.com,1920-06-16
801,Nessie,Hillel,Nessie.Hillel@yopmail.com,1913-12-21
802,Helsa,Dermott,Helsa.Dermott@yopmail.com,2019-01-02
803,Maye,Terencio,Maye.Terencio@yopmail.com,1930-02-09
804,Anthia,Joachim,Anthia.Joachim@yopmail.com,1998-04-26
805,Amelia,Septima,Amelia.Septima@yopmail.com,1991-12-07
806,Gilligan,Merat,Gilligan.Merat@yopmail.com,1951-03-23
807,Priscilla,Sophronia,Priscilla.Sophronia@yopmail.com,1989-05-29
808,Candy,Creamer,Candy.Creamer@yopmail.com,1939-05-13
809,Tina,Kiyoshi,Tina.Kiyoshi@yopmail.com,1906-09-01
810,Cherilyn,Klotz,Cherilyn.Klotz@yopmail.com,1951-01-10
811,Orelia,Fredi,Orelia.Fredi@yopmail.com,2003-04-18
812,Lorenza,Ailyn,Lorenza.Ailyn@yopmail.com,1964-12-06
813,Alisha,Cimbura,Alisha.Cimbura@yopmail.com,1999-05-20
814,Ermengarde,Izaak,Ermengarde.Izaak@yopmail.com,1933-12-12
815,Mureil,Yoko,Mureil.Yoko@yopmail.com,2008-03-22
816,Alameda,Philipp,Alameda.Philipp@yopmail.com,1937-05-16
817,Cyb,Dahlia,Cyb.Dahlia@yopmail.com,1947-11-16
818,Brianna,Jobi,Brianna.Jobi@yopmail.com,1997-01-29
819,Drucie,Kravits,Drucie.Kravits@yopmail.com,1933-11-05
820,Zsa Zsa,Yam,Zsa Zsa.Yam@yopmail.com,1927-06-18
821,Bertine,Gino,Bertine.Gino@yopmail.com,2000-05-31
822,Barbara,Larochelle,Barbara.Larochelle@yopmail.com,1938-06-23
823,Lorenza,Goerke,Lorenza.Goerke@yopmail.com,1971-01-14
824,Karena,Sholley,Karena.Sholley@yopmail.com,2000-06-08
825,Allis,Buffum,Allis.Buffum@yopmail.com,1946-02-08
826,Lilith,Zola,Lilith.Zola@yopmail.com,2018-06-12
827,Chickie,Alarise,Chickie.Alarise@yopmail.com,1992-06-12
828,Kathy,Ventre,Kathy.Ventre@yopmail.com,1948-05-29
829,Sharai,Rosemary,Sharai.Rosemary@yopmail.com,1945-10-08
830,Gerrie,Wenoa,Gerrie.Wenoa@yopmail.com,1906-09-30
831,Corene,Durante,Corene.Durante@yopmail.com,1949-03-04
832,Bee,Lasley,Bee.Lasley@yopmail.com,2005-04-28
833,Tamqrah,Gillan,Tamqrah.Gillan@yopmail.com,2017-03-29
834,Annecorinne,Kiyoshi,Annecorinne.Kiyoshi@yopmail.com,1901-01-18
835,Priscilla,Charity,Priscilla.Charity@yopmail.com,1986-03-14
836,Eugine,Maiah,Eugine.Maiah@yopmail.com,1974-02-02
837,Sophia,Behre,Sophia.Behre@yopmail.com,1901-07-29
838,Oralee,Philoo,Oralee.Philoo@yopmail.com,1968-10-17
839,Jinny,Caitlin,Jinny.Caitlin@yopmail.com,1907-03-09
840,Kellen,Genna,Kellen.Genna@yopmail.com,1917-08-25
841,Aubrie,Flyn,Aubrie.Flyn@yopmail.com,1922-09-09
842,Asia,Franza,Asia.Franza@yopmail.com,1935-12-30
843,Merci,Casimir,Merci.Casimir@yopmail.com,1916-10-28
844,Emma,Anestassia,Emma.Anestassia@yopmail.com,1928-09-08
845,Monika,Docilla,Monika.Docilla@yopmail.com,1915-06-11
846,Linzy,Briney,Linzy.Briney@yopmail.com,1959-05-15
847,Lucille,Pandolfi,Lucille.Pandolfi@yopmail.com,1913-02-08
848,Kelly,Oriana,Kelly.Oriana@yopmail.com,1913-04-27
849,Sibella,Verger,Sibella.Verger@yopmail.com,1963-10-16
850,Rhoda,Brotherson,Rhoda.Brotherson@yopmail.com,1959-10-06
851,Tiffie,Ortrude,Tiffie.Ortrude@yopmail.com,1933-04-26
852,Lusa,Pitt,Lusa.Pitt@yopmail.com,2013-02-27
853,Mady,Orelee,Mady.Orelee@yopmail.com,1969-01-11
854,Fawne,Santoro,Fawne.Santoro@yopmail.com,1937-06-23
855,Binny,Harned,Binny.Harned@yopmail.com,1948-09-08
856,Anthia,Stevy,Anthia.Stevy@yopmail.com,2005-04-07
857,Susan,Holtz,Susan.Holtz@yopmail.com,1959-08-02
858,Gabi,Emerson,Gabi.Emerson@yopmail.com,1937-04-28
859,Maurene,Phaidra,Maurene.Phaidra@yopmail.com,1947-09-26
860,Josephine,Frendel,Josephine.Frendel@yopmail.com,1901-12-07
861,Ivett,Ranjiv,Ivett.Ranjiv@yopmail.com,1973-01-26
862,Anica,Latini,Anica.Latini@yopmail.com,1924-10-03
863,Valera,Mauer,Valera.Mauer@yopmail.com,1969-12-17
864,Maurene,Creamer,Maurene.Creamer@yopmail.com,1924-02-06
865,Sadie,Prouty,Sadie.Prouty@yopmail.com,1942-06-25
866,Veda,Faria,Veda.Faria@yopmail.com,1924-03-01
867,Anallese,Daniele,Anallese.Daniele@yopmail.com,2008-11-10
868,Joeann,Zetta,Joeann.Zetta@yopmail.com,1912-03-23
869,Magdalena,Haerr,Magdalena.Haerr@yopmail.com,1963-04-23
870,Jackie,Bergman,Jackie.Bergman@yopmail.com,1902-08-19
871,Jenda,Stuart,Jenda.Stuart@yopmail.com,1901-10-21
872,Petronia,Alarise,Petronia.Alarise@yopmail.com,1954-06-08
873,Coral,Cottle,Coral.Cottle@yopmail.com,1951-08-23
874,Chloris,Mallon,Chloris.Mallon@yopmail.com,2004-11-19
875,Tierney,O'Rourke,Tierney.O'Rourke@yopmail.com,1979-02-21
876,Blinni,Stav,Blinni.Stav@yopmail.com,1989-11-17
877,Kathy,Weitman,Kathy.Weitman@yopmail.com,1991-10-24
878,Brena,Albertine,Brena.Albertine@yopmail.com,1930-11-14
879,Amalie,Lamoree,Amalie.Lamoree@yopmail.com,1945-02-24
880,Mignon,Tayib,Mignon.Tayib@yopmail.com,2006-12-17
881,Bill,Lail,Bill.Lail@yopmail.com,1946-12-08
882,Karina,Mauer,Karina.Mauer@yopmail.com,1906-10-25
883,Consuela,Erminia,Consuela.Erminia@yopmail.com,1990-07-24
884,Doro,Loleta,Doro.Loleta@yopmail.com,1939-02-19
885,Mariele,Desai,Mariele.Desai@yopmail.com,1996-12-04
886,Shandie,Gillan,Shandie.Gillan@yopmail.com,1968-10-02
887,Maridel,Posner,Maridel.Posner@yopmail.com,2003-06-24
888,Lisette,Nadia,Lisette.Nadia@yopmail.com,1958-10-30
889,Adriana,Alfons,Adriana.Alfons@yopmail.com,1906-03-15
890,Deloria,Aida,Deloria.Aida@yopmail.com,1998-11-11
891,Edyth,Borrell,Edyth.Borrell@yopmail.com,1915-01-15
892,Hyacinthe,Destinee,Hyacinthe.Destinee@yopmail.com,1992-12-05
893,Kristina,Moseley,Kristina.Moseley@yopmail.com,1971-04-17
894,Dede,Ardeha,Dede.Ardeha@yopmail.com,2009-07-23
895,Janenna,Leifeste,Janenna.Leifeste@yopmail.com,1978-12-01
896,Arabel,Couture,Arabel.Couture@yopmail.com,1946-08-30
897,Ida,Dowski,Ida.Dowski@yopmail.com,1965-11-12
898,Lanae,Oscar,Lanae.Oscar@yopmail.com,1960-11-07
899,Sallie,Bonilla,Sallie.Bonilla@yopmail.com,2002-01-13
900,Gwyneth,Suk,Gwyneth.Suk@yopmail.com,2002-07-06
901,Wileen,Shields,Wileen.Shields@yopmail.com,2011-06-25
902,Dale,Nunci,Dale.Nunci@yopmail.com,1935-06-03
903,Brynna,Sisile,Brynna.Sisile@yopmail.com,1915-11-28
904,Trixi,Bouchard,Trixi.Bouchard@yopmail.com,2012-04-08
905,Maryellen,Couture,Maryellen.Couture@yopmail.com,1956-01-19
906,Natka,Mayeda,Natka.Mayeda@yopmail.com,1968-12-18
907,Demetris,Emerson,Demetris.Emerson@yopmail.com,1941-07-16
908,Andree,Kunin,Andree.Kunin@yopmail.com,1948-07-14
909,Diena,Leary,Diena.Leary@yopmail.com,1998-12-24
910,Letizia,Hashim,Letizia.Hashim@yopmail.com,2017-12-31
911,Valera,Stilwell,Valera.Stilwell@yopmail.com,1917-05-07
912,Caressa,Manolo,Caressa.Manolo@yopmail.com,1997-09-24
913,Arabel,Moseley,Arabel.Moseley@yopmail.com,1919-07-01
914,Sibella,Zetta,Sibella.Zetta@yopmail.com,2019-10-23
915,Dominga,Bultman,Dominga.Bultman@yopmail.com,1957-03-30
916,Kate,Ball,Kate.Ball@yopmail.com,1989-08-19
917,Bibby,Marcellus,Bibby.Marcellus@yopmail.com,1904-07-04
918,Constance,Janene,Constance.Janene@yopmail.com,2017-06-20
919,Karena,Terencio,Karena.Terencio@yopmail.com,1929-11-11
920,Allyce,Sandye,Allyce.Sandye@yopmail.com,1931-08-26
921,Cordi,Irmine,Cordi.Irmine@yopmail.com,1900-06-12
922,Rivalee,LaRue,Rivalee.LaRue@yopmail.com,1984-07-25
923,Livvyy,Herrera,Livvyy.Herrera@yopmail.com,1912-05-12
924,Hope,Havens,Hope.Havens@yopmail.com,1929-07-24
925,Berget,Kare,Berget.Kare@yopmail.com,1996-01-30
926,Lexine,Felecia,Lexine.Felecia@yopmail.com,1947-06-16
927,Glenda,Rosalba,Glenda.Rosalba@yopmail.com,1960-02-25
928,Lilith,Saint,Lilith.Saint@yopmail.com,1996-07-06
929,Georgetta,Gombach,Georgetta.Gombach@yopmail.com,1971-10-15
930,Kalina,Soneson,Kalina.Soneson@yopmail.com,1933-11-17
931,Carmela,Verger,Carmela.Verger@yopmail.com,1905-01-16
932,Letizia,Pacorro,Letizia.Pacorro@yopmail.com,1911-09-05
933,Beverley,Ephrem,Beverley.Ephrem@yopmail.com,2008-08-19
934,Abbie,Raimondo,Abbie.Raimondo@yopmail.com,2012-06-29
935,Merci,Niccolo,Merci.Niccolo@yopmail.com,1915-09-02
936,Feliza,Kosey,Feliza.Kosey@yopmail.com,2007-01-05
937,Roxane,Weitman,Roxane.Weitman@yopmail.com,1925-01-23
938,Ermengarde,Dimitris,Ermengarde.Dimitris@yopmail.com,1913-06-05
939,Helena,Suanne,Helena.Suanne@yopmail.com,1947-12-03
940,Dyann,Genna,Dyann.Genna@yopmail.com,1974-05-18
941,Gerrie,Stuart,Gerrie.Stuart@yopmail.com,1913-01-25
942,Codie,Faria,Codie.Faria@yopmail.com,2019-03-20
943,Alisha,Regan,Alisha.Regan@yopmail.com,2007-09-03
944,Marinna,Charity,Marinna.Charity@yopmail.com,1958-07-30
945,Gerianna,Sheng,Gerianna.Sheng@yopmail.com,1937-12-04
946,Rhoda,Abernon,Rhoda.Abernon@yopmail.com,2019-02-04
947,Lauryn,Justinn,Lauryn.Justinn@yopmail.com,1917-06-18
948,Judy,An,Judy.An@yopmail.com,1988-08-11
949,Anthia,Podvin,Anthia.Podvin@yopmail.com,1986-10-13
950,Annora,Brodench,Annora.Brodench@yopmail.com,1999-01-26
951,Cordi,Saunderson,Cordi.Saunderson@yopmail.com,1983-12-29
952,Leia,Destinee,Leia.Destinee@yopmail.com,1925-10-05
953,Briney,Kamaria,Briney.Kamaria@yopmail.com,2002-09-28
954,Gwyneth,Anestassia,Gwyneth.Anestassia@yopmail.com,1908-06-16
955,Charissa,Connelly,Charissa.Connelly@yopmail.com,2016-06-04
956,Lorenza,Rona,Lorenza.Rona@yopmail.com,1974-04-22
957,Xylina,Daegal,Xylina.Daegal@yopmail.com,1950-07-31
958,Raina,Germann,Raina.Germann@yopmail.com,1908-02-04
959,Dode,Iphlgenia,Dode.Iphlgenia@yopmail.com,2002-04-18
960,Kirstin,Tamsky,Kirstin.Tamsky@yopmail.com,1907-04-14
961,Dominga,Chick,Dominga.Chick@yopmail.com,2003-06-28
962,Molli,Cleo,Molli.Cleo@yopmail.com,1948-01-06
963,Asia,Melony,Asia.Melony@yopmail.com,1956-05-02
964,Ethel,Atonsah,Ethel.Atonsah@yopmail.com,1996-12-07
965,Louella,Roscoe,Louella.Roscoe@yopmail.com,2016-03-07
966,Christy,Stoller,Christy.Stoller@yopmail.com,2018-10-27
967,Flory,Sandye,Flory.Sandye@yopmail.com,1985-01-12
968,Isa,Rillings,Isa.Rillings@yopmail.com,1994-09-19
969,Rori,Hutchison,Rori.Hutchison@yopmail.com,1923-08-21
970,Susan,Birdella,Susan.Birdella@yopmail.com,1997-05-11
971,Wendi,Yerkovich,Wendi.Yerkovich@yopmail.com,2002-01-16
972,Alyda,Tryck,Alyda.Tryck@yopmail.com,1980-07-06
973,Melisent,Thomasina,Melisent.Thomasina@yopmail.com,1970-10-16
974,Corina,Sandye,Corina.Sandye@yopmail.com,1907-04-05
975,Bernie,Lumbard,Bernie.Lumbard@yopmail.com,1936-09-06
976,Maryellen,Poppy,Maryellen.Poppy@yopmail.com,2010-12-28
977,Frieda,Kannry,Frieda.Kannry@yopmail.com,2008-05-21
978,Brandise,Bivins,Brandise.Bivins@yopmail.com,1906-09-09
979,Kalina,Jacinda,Kalina.Jacinda@yopmail.com,1958-03-07
980,Alex,Goerke,Alex.Goerke@yopmail.com,2012-06-23
981,Myriam,Wilona,Myriam.Wilona@yopmail.com,1916-08-23
982,Mildrid,Markman,Mildrid.Markman@yopmail.com,2016-01-04
983,Carmencita,Prober,Carmencita.Prober@yopmail.com,1932-03-03
984,Kara-Lynn,Fennessy,Kara-Lynn.Fennessy@yopmail.com,1921-04-01
985,Myrtice,Elisha,Myrtice.Elisha@yopmail.com,1959-11-14
986,Myriam,Nester,Myriam.Nester@yopmail.com,1903-06-24
987,Corly,Ovid,Corly.Ovid@yopmail.com,1935-08-29
988,Ira,Anestassia,Ira.Anestassia@yopmail.com,1955-02-01
989,Arlina,Borrell,Arlina.Borrell@yopmail.com,1949-05-08
990,Blondelle,Jess,Blondelle.Jess@yopmail.com,1911-12-02
991,Angelique,Meli,Angelique.Meli@yopmail.com,1973-06-19
992,Katleen,Jarib,Katleen.Jarib@yopmail.com,1908-09-18
993,Cherilyn,Goerke,Cherilyn.Goerke@yopmail.com,1918-10-15
994,Candi,Seagraves,Candi.Seagraves@yopmail.com,1928-04-18
995,Gwenneth,Colleen,Gwenneth.Colleen@yopmail.com,1921-01-07
996,Zondra,Soneson,Zondra.Soneson@yopmail.com,2004-02-12
997,Beatriz,Salchunas,Beatriz.Salchunas@yopmail.com,1913-09-19
998,Jobi,Hoban,Jobi.Hoban@yopmail.com,2008-10-08
999,Eolanda,Schwejda,Eolanda.Schwejda@yopmail.com,1969-08-28
1000,Kayla,Randene,Kayla.Randene@yopmail.com,1919-12-29
1001,Flory,Isacco,Flory.Isacco@yopmail.com,2010-05-16
1002,Kate,Pauly,Kate.Pauly@yopmail.com,1914-07-20
1003,Alex,Hollingsworth,Alex.Hollingsworth@yopmail.com,2009-07-11
1004,Pearline,Rossner,Pearline.Rossner@yopmail.com,1949-02-24
1005,Laure,Infield,Laure.Infield@yopmail.com,1978-03-21
1006,Alie,Ciapas,Alie.Ciapas@yopmail.com,1952-08-22
1007,Ivett,Tice,Ivett.Tice@yopmail.com,1943-02-13
1008,Stephanie,Delacourt,Stephanie.Delacourt@yopmail.com,1941-10-14
1009,Orelia,Olympium,Orelia.Olympium@yopmail.com,1938-11-27
1010,Fanny,Darrell,Fanny.Darrell@yopmail.com,2016-11-16
1011,Caryl,Narton,Caryl.Narton@yopmail.com,1929-07-09
1012,Damaris,Thilda,Damaris.Thilda@yopmail.com,1918-09-14
1013,Phedra,Schalles,Phedra.Schalles@yopmail.com,2018-04-10
1014,Kary,Cleavland,Kary.Cleavland@yopmail.com,1921-02-26
1015,Karena,Jagir,Karena.Jagir@yopmail.com,1956-04-04
1016,Margette,Atcliffe,Margette.Atcliffe@yopmail.com,1969-03-13
1017,Lucy,Sherrie,Lucy.Sherrie@yopmail.com,2001-06-10
1018,Marti,Halla,Marti.Halla@yopmail.com,1905-06-15
1019,Kimberley,Pacorro,Kimberley.Pacorro@yopmail.com,1903-07-15
1020,Aili,Schonfeld,Aili.Schonfeld@yopmail.com,1900-08-24
1021,Charissa,Bonucci,Charissa.Bonucci@yopmail.com,1997-12-07
1022,Noelle,Bibi,Noelle.Bibi@yopmail.com,1928-12-24
1023,Tami,Hunfredo,Tami.Hunfredo@yopmail.com,1993-12-31
1024,Goldie,Rozanna,Goldie.Rozanna@yopmail.com,1993-03-05
1025,Theodora,Bronk,Theodora.Bronk@yopmail.com,1908-03-30
1026,Elyssa,Whiffen,Elyssa.Whiffen@yopmail.com,1949-12-01
1027,Carolina,Cloris,Carolina.Cloris@yopmail.com,1968-06-21
1028,Morganica,Fennessy,Morganica.Fennessy@yopmail.com,1975-03-06
1029,Jenda,Helve,Jenda.Helve@yopmail.com,1983-09-26
1030,Caritta,Chauncey,Caritta.Chauncey@yopmail.com,1901-04-13
1031,Jessamyn,Suanne,Jessamyn.Suanne@yopmail.com,1911-02-18
1032,Riannon,Tamsky,Riannon.Tamsky@yopmail.com,1965-06-29
1033,Ileana,Garrison,Ileana.Garrison@yopmail.com,1925-10-05
1034,Arabel,Dudley,Arabel.Dudley@yopmail.com,1972-09-05
1035,Olwen,Allare,Olwen.Allare@yopmail.com,1923-05-23
1036,Amara,Norvol,Amara.Norvol@yopmail.com,1937-08-08
1037,Brandise,Weide,Brandise.Weide@yopmail.com,1975-03-17
1038,Kenna,Cynar,Kenna.Cynar@yopmail.com,1956-05-18
1039,Romona,Jacinda,Romona.Jacinda@yopmail.com,1949-08-03
1040,Valera,Candy,Valera.Candy@yopmail.com,1911-02-23
1041,Joelly,Lipson,Joelly.Lipson@yopmail.com,1979-12-21
1042,Annabela,Soneson,Annabela.Soneson@yopmail.com,1954-11-01
1043,Therine,Gaspard,Therine.Gaspard@yopmail.com,1914-06-06
1044,Mellicent,Hermes,Mellicent.Hermes@yopmail.com,1932-10-05
1045,Carly,Vittoria,Carly.Vittoria@yopmail.com,1950-01-11
1046,Jillayne,Saree,Jillayne.Saree@yopmail.com,1954-04-14
1047,Agnese,Gaal,Agnese.Gaal@yopmail.com,1904-02-17
1048,Sonni,Madox,Sonni.Madox@yopmail.com,1992-08-05
1049,Belva,Cimbura,Belva.Cimbura@yopmail.com,2001-09-21
1050,Catharine,Faso,Catharine.Faso@yopmail.com,2018-12-17
1051,Shaine,Sekofski,Shaine.Sekofski@yopmail.com,1921-06-09
1052,Harmonia,Madox,Harmonia.Madox@yopmail.com,1979-02-23
1053,Jackie,Denis,Jackie.Denis@yopmail.com,1909-12-17
1054,Danika,Swigart,Danika.Swigart@yopmail.com,1984-11-09
1055,Lucille,Latini,Lucille.Latini@yopmail.com,2005-03-03
1056,Tami,Westphal,Tami.Westphal@yopmail.com,1915-08-07
1057,Wanda,Lipson,Wanda.Lipson@yopmail.com,1970-11-04
1058,Dulce,Liebermann,Dulce.Liebermann@yopmail.com,1939-12-26
1059,Rosene,Barney,Rosene.Barney@yopmail.com,1999-12-14
1060,Christal,Erb,Christal.Erb@yopmail.com,2002-10-06
1061,Ira,Francyne,Ira.Francyne@yopmail.com,1972-05-09
1062,Lyssa,Guthrie,Lyssa.Guthrie@yopmail.com,1942-04-18
1063,Judy,Hutchison,Judy.Hutchison@yopmail.com,2000-04-05
1064,Dode,Libna,Dode.Libna@yopmail.com,2015-04-03
1065,Janenna,Solitta,Janenna.Solitta@yopmail.com,1934-01-17
1066,Hildegaard,Kat,Hildegaard.Kat@yopmail.com,1981-08-05
1067,Jacquetta,Yam,Jacquetta.Yam@yopmail.com,1964-01-29
1068,Elyssa,Willie,Elyssa.Willie@yopmail.com,1920-10-01
1069,Glynnis,Rocray,Glynnis.Rocray@yopmail.com,1941-02-15
1070,Estell,Heidt,Estell.Heidt@yopmail.com,1942-07-24
1071,Rhoda,Roxanna,Rhoda.Roxanna@yopmail.com,2011-07-16
1072,Marcy,Anton,Marcy.Anton@yopmail.com,1912-08-28
1073,Cassandra,Edmund,Cassandra.Edmund@yopmail.com,2017-08-07
1074,Sashenka,Amadas,Sashenka.Amadas@yopmail.com,1996-09-13
1075,Gwyneth,Dahlia,Gwyneth.Dahlia@yopmail.com,1976-01-30
1076,Merrie,Joseph,Merrie.Joseph@yopmail.com,1934-06-30
1077,Lelah,Fennessy,Lelah.Fennessy@yopmail.com,1990-12-30
1078,Orelia,McClimans,Orelia.McClimans@yopmail.com,1932-06-18
1079,Lexine,Oster,Lexine.Oster@yopmail.com,1914-10-23
1080,Jessamyn,Lenny,Jessamyn.Lenny@yopmail.com,1955-11-08
1081,Katharina,Judye,Katharina.Judye@yopmail.com,1944-06-07
1082,Elora,Marcellus,Elora.Marcellus@yopmail.com,2006-12-23
1083,Bill,Hessler,Bill.Hessler@yopmail.com,1928-01-01
1084,Catharine,Pacorro,Catharine.Pacorro@yopmail.com,1978-10-29
1085,Camile,Georgy,Camile.Georgy@yopmail.com,1927-10-23
1086,Ericka,Kussell,Ericka.Kussell@yopmail.com,1904-12-28
1087,Sarette,Orlene,Sarette.Orlene@yopmail.com,1952-12-09
1088,Aigneis,Seessel,Aigneis.Seessel@yopmail.com,1941-12-29
1089,Kirstin,Nerita,Kirstin.Nerita@yopmail.com,1930-03-20
1090,Jobi,Astra,Jobi.Astra@yopmail.com,1994-11-24
1091,Fawne,Zrike,Fawne.Zrike@yopmail.com,1923-12-15
1092,Consuela,Prober,Consuela.Prober@yopmail.com,1951-02-25
1093,Diena,Goldina,Diena.Goldina@yopmail.com,1967-02-27
1094,Yolane,Artie,Yolane.Artie@yopmail.com,1900-12-09
1095,Fredericka,Darrell,Fredericka.Darrell@yopmail.com,1997-10-26
1096,Averyl,Kosey,Averyl.Kosey@yopmail.com,1974-06-08
1097,Laurene,Yuille,Laurene.Yuille@yopmail.com,1939-08-21
1098,June,Lucienne,June.Lucienne@yopmail.com,1920-07-28
1099,Florie,Llovera,Florie.Llovera@yopmail.com,1946-05-23