id,firstname,lastname,email,Field Name
100,Justinn,Erich,Justinn.Erich@yopmail.com,2009-10-21
101,Annabela,Calhoun,Annabela.Calhoun@yopmail.com,2000-04-02
102,Merci,Ax,Merci.Ax@yopmail.com,1945-05-30
103,Jennica,Ellerey,Jennica.Ellerey@yopmail.com,1988-10-05
104,Myrtice,Tufts,Myrtice.Tufts@yopmail.com,1967-05-10
105,Kathi,Carolin,Kathi.Carolin@yopmail.com,1949-07-20
106,Nonnah,Pandolfi,Nonnah.Pandolfi@yopmail.com,1996-11-12
107,Natka,Sigfrid,Natka.Sigfrid@yopmail.com,2019-05-04
108,Jsandye,Khorma,Jsandye.Khorma@yopmail.com,1975-10-15
109,Dorothy,Albertine,Dorothy.Albertine@yopmail.com,1995-10-11
110,Meriel,Vacuva,Meriel.Vacuva@yopmail.com,1918-11-15
111,Shaylyn,Alice,Shaylyn.Alice@yopmail.com,1993-04-12
112,Jean,Vastah,Jean.Vastah@yopmail.com,1980-08-28
113,Valeda,Ries,Valeda.Ries@yopmail.com,1923-01-07
114,Oona,Gavrila,Oona.Gavrila@yopmail.com,1939-10-10
115,Raquela,Rodmann,Raquela.Rodmann@yopmail.com,1968-04-16
116,Aigneis,Danby,Aigneis.Danby@yopmail.com,2007-02-28
117,Valera,Jobi,Valera.Jobi@yopmail.com,1969-04-11
118,Merry,Drus,Merry.Drus@yopmail.com,1998-08-05
119,Daryl,Burkle,Daryl.Burkle@yopmail.com,1965-09-09
120,Hyacinthe,Cimbura,Hyacinthe.Cimbura@yopmail.com,1949-09-05
121,Vonny,Lowry,Vonny.Lowry@yopmail.com,1912-10-11
122,Evaleen,Dyche,Evaleen.Dyche@yopmail.com,1916-10-08
123,Wynne,Paton,Wynne.Paton@yopmail.com,1955-04-04
124,Gilda,Himelman,Gilda.Himelman@yopmail.com,1934-09-16
125,Rozele,Saunderson,Rozele.Saunderson@yopmail.com,1983-03-13
126,Theodora,Matthew,Theodora.Matthew@yopmail.com,1968-11-21
127,Eolanda,Kenney,Eolanda.Kenney@yopmail.com,1988-02-23
128,Malina,MacIntosh,Malina.MacIntosh@yopmail.com,1941-04-04
129,Christian,Abram,Christian.Abram@yopmail.com,1912-11-27
130,Ericka,Macey,Ericka.Macey@yopmail.com,1938-08-03
131,Joceline,Dorine,Joceline.Dorine@yopmail.com,1971-12-15
132,Maryellen,Noman,Maryellen.Noman@yopmail.com,1988-05-16
133,Drucie,Faro,Drucie.Faro@yopmail.com,1931-11-05
134,Kathy,Karylin,Kathy.Karylin@yopmail.com,2000-03-20
135,Anica,Argus,Anica.Argus@yopmail.com,2002-12-02
136,Ninnetta,Carlson,Ninnetta.Carlson@yopmail.com,1952-12-04
137,Mallory,Phyllis,Mallory.Phyllis@yopmail.com,1909-02-17
138,Aimil,Love,Aimil.Love@yopmail.com,1922-11-19
139,Justinn,Tayib,Justinn.Tayib@yopmail.com,1922-06-30
140,Daryl,Autrey,Daryl.Autrey@yopmail.com,1972-12-14
141,Cathie,Taam,Cathie.Taam@yopmail.com,2006-05-04
142,Maud,Dawkins,Maud.Dawkins@yopmail.com,1978-08-26
143,Sue,Prouty,Sue.Prouty@yopmail.com,1961-12-19
144,Constance,Faso,Constance.Faso@yopmail.com,1969-03-25
145,Anica,Aida,Anica.Aida@yopmail.com,1967-11-01
146,Donetta,Serilda,Donetta.Serilda@yopmail.com,1944-01-19
147,Krystle,Talia,Krystle.Talia@yopmail.com,1904-01-11
148,Lily,Bury,Lily.Bury@yopmail.com,2007-11-25
149,Delilah,Faro,Delilah.Faro@yopmail.com,1969-12-05
150,Jobi,Pozzy,Jobi.Pozzy@yopmail.com,1958-12-09
151,Rosene,Seagraves,Rosene.Seagraves@yopmail.com,1930-03-25
152,Lenna,Melleta,Lenna.Melleta@yopmail.com,1977-04-19
153,Wileen,Berne,Wileen.Berne@yopmail.com,1937-09-14
154,Adore,Killigrew,Adore.Killigrew@yopmail.com,1944-07-08
155,Lizzie,Rugen,Lizzie.Rugen@yopmail.com,1911-06-02
156,Valera,Olin,Valera.Olin@yopmail.com,1950-12-22
157,Drucie,Anastatius,Drucie.Anastatius@yopmail.com,2000-09-30
158,Jennica,Avi,Jennica.Avi@yopmail.com,1970-01-14
159,Korrie,Ralfston,Korrie.Ralfston@yopmail.com,1946-07-08
160,Max,Mitzi,Max.Mitzi@yopmail.com,1992-10-09
161,Ardys,Atonsah,Ardys.Atonsah@yopmail.com,1973-04-29
162,Lulita,Terrence,Lulita.Terrence@yopmail.com,1911-02-04
163,Genovera,Egbert,Genovera.Egbert@yopmail.com,1956-08-31
164,Marcy,Voletta,Marcy.Voletta@yopmail.com,1964-10-20
165,Krystle,Klemperer,Krystle.Klemperer@yopmail.com,1927-11-30
166,Stevana,Ashok,Stevana.Ashok@yopmail.com,2004-03-29
167,Jessamyn,Garek,Jessamyn.Garek@yopmail.com,2013-02-19
168,Ivett,Mandler,Ivett.Mandler@yopmail.com,1950-05-25
169,Lacie,Shields,Lacie.Shields@yopmail.com,1979-03-07
170,Maisey,Pascia,Maisey.Pascia@yopmail.com,1999-10-29
171,Josephine,Arathorn,Josephine.Arathorn@yopmail.com,2004-02-25
172,Meghann,Horan,Meghann.Horan@yopmail.com,2016-07-02
173,Dawn,Afton,Dawn.Afton@yopmail.com,1966-06-25
174,Merrie,Chobot,Merrie.Chobot@yopmail.com,1997-07-19
175,Sissy,Lamoree,Sissy.Lamoree@yopmail.com,1904-02-08
176,Winny,Byrne,Winny.Byrne@yopmail.com,1981-01-12
177,Sara-Ann,Matthew,Sara-Ann.Matthew@yopmail.com,1926-09-30
178,Millie,Glenden,Millie.Glenden@yopmail.com,1996-09-07
179,Briney,Ellerey,Briney.Ellerey@yopmail.com,1914-01-08
180,Joy,Sancho,Joy.Sancho@yopmail.com,2013-06-06
181,Jany,Lubin,Jany.Lubin@yopmail.com,1937-05-10
182,Pamella,Gibbeon,Pamella.Gibbeon@yopmail.com,1921-09-23
183,Tybie,Margarete,Tybie.Margarete@yopmail.com,1949-08-13
184,Elyssa,Kaja,Elyssa.Kaja@yopmail.com,1949-10-06
185,Beth,Thornburg,Beth.Thornburg@yopmail.com,1908-08-15
186,Adelle,Olin,Adelle.Olin@yopmail.com,1989-02-18
187,Lila,Paton,Lila.Paton@yopmail.com,1965-03-24
188,Johna,Warthman,Johna.Warthman@yopmail.com,1947-11-08
189,Peri,Lane,Peri.Lane@yopmail.com,1907-03-23
190,Madeleine,Rad,Madeleine.Rad@yopmail.com,1919-10-06
191,Raf,Marijo,Raf.Marijo@yopmail.com,1909-10-03
192,Nadine,Emerson,Nadine.Emerson@yopmail.com,1954-08-10
193,Deedee,Zamora,Deedee.Zamora@yopmail.com,2002-10-11
194,Gerianna,Jotham,Gerianna.Jotham@yopmail.com,1992-06-24
195,Neila,Darian,Neila.Darian@yopmail.com,1917-09-04
196,Margarette,Ventre,Margarette.Ventre@yopmail.com,1942-12-26
197,Cordi,Wolfgram,Cordi.Wolfgram@yopmail.com,1931-04-13
198,Rozele,Niles,Rozele.Niles@yopmail.com,1962-04-30
199,Moyna,Wenoa,Moyna.Wenoa@yopmail.com,1939-08-07
200,Aaren,Rogerio,Aaren.Rogerio@yopmail.com,1937-10-17
201,Shaine,Zitvaa,Shaine.Zitvaa@yopmail.com,1959-01-15
202,Lorenza,Kinnard,Lorenza.Kinnard@yopmail.com,2019-01-13
203,Codie,McGrody,Codie.McGrody@yopmail.com,1984-04-08
204,Cristine,Bronk,Cristine.Bronk@yopmail.com,1949-05-21
205,Jorry,Janith,Jorry.Janith@yopmail.com,1907-11-06
206,Robinia,Hoenack,Robinia.Hoenack@yopmail.com,1929-05-31
207,Basia,Chrystel,Basia.Chrystel@yopmail.com,1976-06-05
208,Nannie,Knowling,Nannie.Knowling@yopmail.com,1973-01-11
209,Julieta,Cullin,Julieta.Cullin@yopmail.com,2015-07-11
210,Sashenka,Cornelia,Sashenka.Cornelia@yopmail.com,1982-12-17
211,Harmonia,Brieta,Harmonia.Brieta@yopmail.com,1994-09-29
212,Alejandra,Chem,Alejandra.Chem@yopmail.com,1922-03-09
213,Gisela,Marcellus,Gisela.Marcellus@yopmail.com,1910-10-07
214,Thalia,Rosalba,Thalia.Rosalba@yopmail.com,1960-06-22
215,Lory,Bonucci,Lory.Bonucci@yopmail.com,1921-06-18
216,Tierney,Melan,Tierney.Melan@yopmail.com,2018-06-05
217,Paola,Tannie,Paola.Tannie@yopmail.com,1926-03-10
218,Kristina,Wenoa,Kristina.Wenoa@yopmail.com,1984-10-21
219,Arlina,Sikorski,Arlina.Sikorski@yopmail.com,2007-02-19
220,Berget,Rillings,Berget.Rillings@yopmail.com,1989-10-30
221,Judy,Eldrid,Judy.Eldrid@yopmail.com,1967-06-10
222,Gaylene,Hessler,Gaylene.Hessler@yopmail.com,1944-11-11
223,Netty,Freddi,Netty.Freddi@yopmail.com,1924-05-05
224,Minda,Saint,Minda.Saint@yopmail.com,1963-01-03
225,Madalyn,Bertold,Madalyn.Bertold@yopmail.com,1908-11-10
226,Deedee,Tannie,Deedee.Tannie@yopmail.com,1924-05-12
227,Gloria,Swanhildas,Gloria.Swanhildas@yopmail.com,1990-04-01
228,Sybille,Gherardo,Sybille.Gherardo@yopmail.com,1967-07-23
229,Ardeen,Levey,Ardeen.Levey@yopmail.com,1927-08-29
230,Margalo,Ingra,Margalo.Ingra@yopmail.com,1928-04-02
231,Ethel,Soneson,Ethel.Soneson@yopmail.com,1983-08-06
232,Mara,Robertson,Mara.Robertson@yopmail.com,1910-11-14
233,Demetris,Kravits,Demetris.Kravits@yopmail.com,1963-04-17
234,Marnia,Creamer,Marnia.Creamer@yopmail.com,1961-09-06
235,Keelia,Weitman,Keelia.Weitman@yopmail.com,1958-05-23
236,Hildegaard,Urania,Hildegaard.Urania@yopmail.com,1959-08-08
237,Nananne,Valoniah,Nananne.Valoniah@yopmail.com,1966-07-12
238,Yolane,Holtz,Yolane.Holtz@yopmail.com,1906-11-29
239,Kaia,Bigner,Kaia.Bigner@yopmail.com,2009-04-13
240,Celisse,Devlen,Celisse.Devlen@yopmail.com,1979-11-10
241,Darlleen,Hourigan,Darlleen.Hourigan@yopmail.com,2005-01-17
242,Celene,Roumell,Celene.Roumell@yopmail.com,1981-11-18
243,Arabel,Boycey,Arabel.Boycey@yopmail.com,2017-10-31
244,Grier,Kaete,Grier.Kaete@yopmail.com,1958-10-18
245,Fanny,Bluh,Fanny.Bluh@yopmail.com,1960-08-16
246,Ronna,Suzetta,Ronna.Suzetta@yopmail.com,1949-12-15
247,Jenilee,Loleta,Jenilee.Loleta@yopmail.com,1942-08-19
248,Vevay,Bohlin,Vevay.Bohlin@yopmail.com,1907-09-23
249,Kate,Rosette,Kate.Rosette@yopmail.com,2002-04-29
250,Brietta,Margarete,Brietta.Margarete@yopmail.com,1945-10-16
251,Marleah,Rodmann,Marleah.Rodmann@yopmail.com,1900-06-27
252,Abbie,Willie,Abbie.Willie@yopmail.com,1992-07-28
253,Gerianna,Ajay,Gerianna.Ajay@yopmail.com,1905-09-25
254,Benita,Elo,Benita.Elo@yopmail.com,1944-05-02
255,Evita,Beniamino,Evita.Beniamino@yopmail.com,1947-12-18
256,Rani,Reinke,Rani.Reinke@yopmail.com,1931-02-20
257,Winny,Robertson,Winny.Robertson@yopmail.com,1988-04-14
258,Valli,Ajay,Valli.Ajay@yopmail.com,1964-03-06
259,Annaliese,Elbertina,Annaliese.Elbertina@yopmail.com,2004-12-24
260,Tressa,Fiester,Tressa.Fiester@yopmail.com,1913-05-23
261,Averyl,Hoban,Averyl.Hoban@yopmail.com,1940-11-25
262,Lacie,Rhu,Lacie.Rhu@yopmail.com,1911-01-21
263,Katuscha,Uund,Katuscha.Uund@yopmail.com,1914-08-22
264,Christal,Stefa,Christal.Stefa@yopmail.com,2013-03-08
265,Florie,Poll,Florie.Poll@yopmail.com,1950-02-17
266,Kayla,Markman,Kayla.Markman@yopmail.com,1998-11-22
267,Arlina,Hutchison,Arlina.Hutchison@yopmail.com,1931-10-02
268,Carmencita,Vernier,Carmencita.Vernier@yopmail.com,2019-10-04
269,Elvira,Odysseus,Elvira.Odysseus@yopmail.com,2013-09-04
270,Hannis,Corilla,Hannis.Corilla@yopmail.com,1939-04-12
271,Loree,Bibi,Loree.Bibi@yopmail.com,1987-03-27
272,Candy,Whiffen,Candy.Whiffen@yopmail.com,1975-07-02
273,Carmencita,Pandolfi,Carmencita.Pandolfi@yopmail.com,1939-01-05
274,Marita,Taam,Marita.Taam@yopmail.com,1977-06-26
275,Madeleine,Allare,Madeleine.Allare@yopmail.com,1935-04-03
276,Deloria,Helve,Deloria.Helve@yopmail.com,1955-04-06
277,Shaylyn,Ax,Shaylyn.Ax@yopmail.com,1998-03-12
278,Caritta,Jarib,Caritta.Jarib@yopmail.com,1919-04-29
279,Lorne,Loeb,Lorne.Loeb@yopmail.com,1964-08-15
280,Goldie,Waite,Goldie.Waite@yopmail.com,2005-03-02
281,Brandise,Linehan,Brandise.Linehan@yopmail.com,2009-08-25
282,Gratia,Giule,Gratia.Giule@yopmail.com,1992-10-14
283,Laure,Keelia,Laure.Keelia@yopmail.com,1959-07-09
284,Abbie,Granoff,Abbie.Granoff@yopmail.com,2003-02-20
285,Sybille,Nea,Sybille.Nea@yopmail.com,1925-12-09
286,Deloria,Brackely,Deloria.Brackely@yopmail.com,1995-05-17
287,Patricia,Sandye,Patricia.Sandye@yopmail.com,1903-05-02
288,Phylis,Jotham,Phylis.Jotham@yopmail.com,1900-07-28
289,Karlee,Mendez,Karlee.Mendez@yopmail.com,1935-05-07
290,Kassey,Marlie,Kassey.Marlie@yopmail.com,1912-07-10
291,Gratia,Koziara,Gratia.Koziara@yopmail.com,1941-05-29
292,Quintina,Burkle,Quintina.Burkle@yopmail.com,1988-07-07
293,Mireielle,Newell,Mireielle.Newell@yopmail.com,1959-09-23
294,Harmonia,Hillel,Harmonia.Hillel@yopmail.com,1901-01-02
295,Imojean,Harday,Imojean.Harday@yopmail.com,1953-02-12
296,Jeanna,Wu,Jeanna.Wu@yopmail.com,1955-09-14
297,Vere,Rudolph,Vere.Rudolph@yopmail.com,1916-05-04
298,Marika,Tybald,Marika.Tybald@yopmail.com,1956-09-15
299,Emelina,Rudolph,Emelina.Rudolph@yopmail.com,1918-05-03
300,Susette,Mallon,Susette.Mallon@yopmail.com,1945-09-06
301,Melisent,Wadell,Melisent.Wadell@yopmail.com,1950-02-21
302,Julieta,Dreda,Julieta.Dreda@yopmail.com,1956-06-27
303,Zaria,Reneta,Zaria.Reneta@yopmail.com,1980-01-06
304,Ursulina,Hepsibah,Ursulina.Hepsibah@yopmail.com,1933-06-04
305,Augustine,Xerxes,Augustine.Xerxes@yopmail.com,1939-10-27
306,Sara-Ann,Sisile,Sara-Ann.Sisile@yopmail.com,1956-08-20
307,Xylina,Oneida,Xylina.Oneida@yopmail.com,1935-02-19
308,Michaelina,Hedve,Michaelina.Hedve@yopmail.com,2019-04-12
309,Yetty,Pearse,Yetty.Pearse@yopmail.com,1972-03-21
310,Wynne,Jillane,Wynne.Jillane@yopmail.com,1946-01-21
311,Lacie,Torray,Lacie.Torray@yopmail.com,1947-02-21
312,Desirae,Tomasina,Desirae.Tomasina@yopmail.com,1940-05-22
313,Dede,Regan,Dede.Regan@yopmail.com,2014-12-27
314,Ruthe,Schlosser,Ruthe.Schlosser@yopmail.com,1938-01-22
315,Yetty,Peg,Yetty.Peg@yopmail.com,1923-10-05
316,Cam,Hepsibah,Cam.Hepsibah@yopmail.com,1918-03-05
317,Nerta,Egbert,Nerta.Egbert@yopmail.com,1953-08-28
318,Flo,Elvyn,Flo.Elvyn@yopmail.com,1917-09-06
319,Tami,Sisile,Tami.Sisile@yopmail.com,2003-07-13
320,Cissiee,Burnside,Cissiee.Burnside@yopmail.com,1988-11-18
321,Lorenza,Heisel,Lorenza.Heisel@yopmail.com,1917-04-22
322,Tarra,Levey,Tarra.Levey@yopmail.com,1996-12-26
323,Anestassia,Lea,Anestassia.Lea@yopmail.com,1999-11-20
324,Gilligan,Gahl,Gilligan.Gahl@yopmail.com,1932-04-16
325,Tybie,Fabiola,Tybie.Fabiola@yopmail.com,1981-04-04
326,Grier,Erskine,Grier.Erskine@yopmail.com,1928-06-22
327,Verla,Halla,Verla.Halla@yopmail.com,1906-05-15
328,Carilyn,Vary,Carilyn.Vary@yopmail.com,1901-11-06
329,Marika,Lacombe,Marika.Lacombe@yopmail.com,1913-05-08
330,Edee,Meter,Edee.Meter@yopmail.com,1917-02-20
331,Brietta,Kussell,Brietta.Kussell@yopmail.com,1991-02-28
332,Fayre,Jacinda,Fayre.Jacinda@yopmail.com,1952-11-10
333,Tressa,Alabaster,Tressa.Alabaster@yopmail.com,1965-10-23
334,Ekaterina,Giff,Ekaterina.Giff@yopmail.com,1916-05-08
335,Jemie,Terrence,Jemie.Terrence@yopmail.com,2006-12-31
336,Cacilie,Goode,Cacilie.Goode@yopmail.com,1956-12-15
337,Yvonne,Whiffen,Yvonne.Whiffen@yopmail.com,1974-09-13
338,Rivalee,Willie,Rivalee.Willie@yopmail.com,1905-05-07
339,Cecile,Melleta,Cecile.Melleta@yopmail.com,2006-08-17
340,Adele,Behre,Adele.Behre@yopmail.com,1972-01-25
341,Starla,Kenwood,Starla.Kenwood@yopmail.com,1974-06-10
342,Lisette,Hortensia,Lisette.Hortensia@yopmail.com,1966-12-17
343,Danny,Pearse,Danny.Pearse@yopmail.com,1986-04-10
344,Claresta,Tatianas,Claresta.Tatianas@yopmail.com,1987-08-31
345,June,Earlie,June.Earlie@yopmail.com,1960-10-28
346,Bobinette,Barrus,Bobinette.Barrus@yopmail.com,1909-12-30
347,Mallory,Shuler,Mallory.Shuler@yopmail.com,2014-07-14
348,Bibby,Sigfrid,Bibby.Sigfrid@yopmail.com,2016-07-09
349,Merrie,Rhu,Merrie.Rhu@yopmail.com,1951-08-14
350,Stacey,Sheng,Stacey.Sheng@yopmail.com,1998-06-10
351,Violet,Weide,Violet.Weide@yopmail.com,1966-03-24
352,Gratia,Ralfston,Gratia.Ralfston@yopmail.com,2014-02-11
353,Gloria,Raama,Gloria.Raama@yopmail.com,1919-08-20
354,Alleen,Faro,Alleen.Faro@yopmail.com,1932-04-05
355,Darci,Melleta,Darci.Melleta@yopmail.com,1914-04-16
356,Angela,Sibyls,Angela.Sibyls@yopmail.com,1932-05-31
357,Lacie,Fiester,Lacie.Fiester@yopmail.com,2006-09-29
358,Molli,Constancy,Molli.Constancy@yopmail.com,1900-06-16
359,Tiffie,Baudin,Tiffie.Baudin@yopmail.com,2019-08-16
360,Xylina,Dudley,Xylina.Dudley@yopmail.com,1903-03-01
361,Oona,Glenden,Oona.Glenden@yopmail.com,1986-08-14
362,Tabbatha,Serilda,Tabbatha.Serilda@yopmail.com,1975-06-26
363,Halette,Rodmann,Halette.Rodmann@yopmail.com,1984-05-25
364,Christy,Timon,Christy.Timon@yopmail.com,1971-01-31
365,Jany,Carvey,Jany.Carvey@yopmail.com,1928-11-16
366,Lanae,Fiester,Lanae.Fiester@yopmail.com,1965-12-12
367,Lauryn,Hanshaw,Lauryn.Hanshaw@yopmail.com,1910-08-14
368,Tamqrah,Holtz,Tamqrah.Holtz@yopmail.com,1944-08-07
369,Bernardine,Couture,Bernardine.Couture@yopmail.com,1949-08-25
370,Cordi,Grimbly,Cordi.Grimbly@yopmail.com,1942-01-14
371,Jerry,Lubin,Jerry.Lubin@yopmail.com,1959-07-11
372,Chickie,Pond,Chickie.Pond@yopmail.com,1915-08-22
373,Britni,Chinua,Britni.Chinua@yopmail.com,1954-06-09
374,Evita,Schwejda,Evita.Schwejda@yopmail.com,1990-11-17
375,Ana,Sacken,Ana.Sacken@yopmail.com,1906-12-22
376,Deirdre,Marsden,Deirdre.Marsden@yopmail.com,1901-01-10
377,Vere,Ethban,Vere.Ethban@yopmail.com,1955-12-03
378,Charissa,Campball,Charissa.Campball@yopmail.com,1972-10-14
379,Josephine,Colleen,Josephine.Colleen@yopmail.com,1940-03-13
380,Lynea,Concha,Lynea.Concha@yopmail.com,1991-06-09
381,Dennie,Honoria,Dennie.Honoria@yopmail.com,1937-08-23
382,Gusella,Helve,Gusella.Helve@yopmail.com,1901-04-21
383,Ermengarde,McNully,Ermengarde.McNully@yopmail.com,1941-12-14
384,Karina,Lowry,Karina.Lowry@yopmail.com,2000-09-23
385,Fina,Lattie,Fina.Lattie@yopmail.com,1998-01-12
386,Helena,Yate,Helena.Yate@yopmail.com,1923-05-14
387,Coral,Howlyn,Coral.Howlyn@yopmail.com,2001-09-23
388,Korrie,Carey,Korrie.Carey@yopmail.com,2004-10-18
389,Sam,Euridice,Sam.Euridice@yopmail.com,1927-07-27
390,Dorthy,Iphlgenia,Dorthy.Iphlgenia@yopmail.com,2011-04-20
391,Leona,Rogerio,Leona.Rogerio@yopmail.com,1986-01-06
392,Althea,Wenda,Althea.Wenda@yopmail.com,1905-10-18
393,Shell,Thar,Shell.Thar@yopmail.com,1965-12-17
394,Emelina,Martsen,Emelina.Martsen@yopmail.com,1946-05-31
395,Jaime,Tacye,Jaime.Tacye@yopmail.com,1980-05-01
396,Nikki,Ulphia,Nikki.Ulphia@yopmail.com,1939-12-25
397,Clarice,Docilla,Clarice.Docilla@yopmail.com,2017-03-02
398,Elyssa,Wolfgram,Elyssa.Wolfgram@yopmail.com,1959-08-09
399,Nessie,Gabrielli,Nessie.Gabrielli@yopmail.com,1906-02-03
400,Lorie,Andrel,Lorie.Andrel@yopmail.com,1962-01-14
401,Claudina,Sheng,Claudina.Sheng@yopmail.com,1906-06-06
402,Ariela,Giff,Ariela.Giff@yopmail.com,1932-09-07
403,Ardys,Elephus,Ardys.Elephus@yopmail.com,1921-02-06
404,Karina,Clarissa,Karina.Clarissa@yopmail.com,1913-08-22
405,Natka,Trace,Natka.Trace@yopmail.com,1908-09-24
406,Iseabal,Forrer,Iseabal.Forrer@yopmail.com,1905-04-23
407,Cacilie,Oriana,Cacilie.Oriana@yopmail.com,1931-12-21
408,Cyb,Sammons,Cyb.Sammons@yopmail.com,1998-09-18
409,Mariele,Barbey,Mariele.Barbey@yopmail.com,2006-02-09
410,Aimil,Merell,Aimil.Merell@yopmail.com,1912-04-11
411,Fredericka,Revkah,Fredericka.Revkah@yopmail.com,1983-11-01
412,Dotty,Lail,Dotty.Lail@yopmail.com,1996-11-18
413,Magdalena,Amadas,Magdalena.Amadas@yopmail.com,1977-06-17
414,Frieda,Aldric,Frieda.Aldric@yopmail.com,1945-01-08
415,Gertrud,Hanshaw,Gertrud.Hanshaw@yopmail.com,1933-09-06
416,Jany,Madaih,Jany.Madaih@yopmail.com,1997-07-23
417,Consuela,Ioab,Consuela.Ioab@yopmail.com,1926-04-30
418,Mahalia,Boycey,Mahalia.Boycey@yopmail.com,1994-06-23
419,Modestia,Cordi,Modestia.Cordi@yopmail.com,1938-08-05
420,Elise,Letsou,Elise.Letsou@yopmail.com,1980-09-23
421,Desirae,Soneson,Desirae.Soneson@yopmail.com,2004-10-31
422,Marcy,Kauppi,Marcy.Kauppi@yopmail.com,1992-02-02
423,Agathe,Karl,Agathe.Karl@yopmail.com,1963-05-06
424,Nariko,Markman,Nariko.Markman@yopmail.com,2009-06-22
425,Glenda,Goerke,Glenda.Goerke@yopmail.com,1955-09-16
426,Marti,Neva,Marti.Neva@yopmail.com,1925-11-09
427,Danny,Chem,Danny.Chem@yopmail.com,2008-03-13
428,Alleen,Cloris,Alleen.Cloris@yopmail.com,1917-10-19
429,Gilligan,Brittani,Gilligan.Brittani@yopmail.com,1911-11-07
430,Robbi,Wilona,Robbi.Wilona@yopmail.com,1933-11-21
431,Jackie,Ranjiv,Jackie.Ranjiv@yopmail.com,1991-03-08
432,Gilda,Buckler,Gilda.Buckler@yopmail.com,1942-04-27
433,Caritta,Truc,Caritta.Truc@yopmail.com,2012-09-01
434,Jean,Killigrew,Jean.Killigrew@yopmail.com,2001-05-29
435,Carree,Nadia,Carree.Nadia@yopmail.com,1969-01-17
436,Lorne,Publia,Lorne.Publia@yopmail.com,2000-02-29
437,Tatiania,Hessler,Tatiania.Hessler@yopmail.com,1934-01-19
438,Gusty,Magdalen,Gusty.Magdalen@yopmail.com,1948-07-21
439,Dulce,Cordi,Dulce.Cordi@yopmail.com,1987-04-13
440,Blondelle,Marisa,Blondelle.Marisa@yopmail.com,1989-10-25
441,Dari,Heisel,Dari.Heisel@yopmail.com,1914-12-23
442,Fina,Etom,Fina.Etom@yopmail.com,1950-07-27
443,Elie,Burch,Elie.Burch@yopmail.com,1963-11-10
444,Margalo,Chinua,Margalo.Chinua@yopmail.com,2005-10-14
445,Lorne,Kare,Lorne.Kare@yopmail.com,1948-12-13
446,Maryellen,Kannry,Maryellen.Kannry@yopmail.com,1964-01-06
447,Tarra,Sherfield,Tarra.Sherfield@yopmail.com,1965-09-27
448,Diena,Felecia,Diena.Felecia@yopmail.com,2017-11-29
449,Lita,Wilona,Lita.Wilona@yopmail.com,1960-08-19
450,Imojean,Sekofski,Imojean.Sekofski@yopmail.com,1969-08-19
451,Sybille,Nisbet,Sybille.Nisbet@yopmail.com,2005-11-30
452,Mariann,Ogren,Mariann.Ogren@yopmail.com,2015-08-16
453,Marti,Kylander,Marti.Kylander@yopmail.com,1939-03-28
454,Ericka,Cullin,Ericka.Cullin@yopmail.com,1923-11-12
455,Margette,Fancie,Margette.Fancie@yopmail.com,1942-08-16
456,Ethel,Philipp,Ethel.Philipp@yopmail.com,1986-06-25
457,Joelly,Gibbeon,Joelly.Gibbeon@yopmail.com,2003-08-10
458,Jsandye,Edmund,Jsandye.Edmund@yopmail.com,1994-12-28
459,Lila,Jammal,Lila.Jammal@yopmail.com,1941-08-22
460,Hildegaard,Suzetta,Hildegaard.Suzetta@yopmail.com,1997-07-21
461,Chrystel,Persse,Chrystel.Persse@yopmail.com,1918-05-13
462,Stevana,Yoko,Stevana.Yoko@yopmail.com,1947-05-05
463,Madalyn,Christine,Madalyn.Christine@yopmail.com,1937-05-03
464,Selma,Thema,Selma.Thema@yopmail.com,1926-05-04
465,Millie,Meli,Millie.Meli@yopmail.com,1929-10-26
466,Nariko,Hubert,Nariko.Hubert@yopmail.com,1900-12-26
467,Mahalia,Felecia,Mahalia.Felecia@yopmail.com,2008-06-19
468,Danika,Yoko,Danika.Yoko@yopmail.com,2015-08-28
469,Mignon,Hamil,Mignon.Hamil@yopmail.com,1954-02-19
470,Vinita,Phyllis,Vinita.Phyllis@yopmail.com,1986-06-07
471,Berget,Roche,Berget.Roche@yopmail.com,1955-03-29
472,Claudina,Germann,Claudina.Germann@yopmail.com,2016-03-29
473,Lynnea,Gino,Lynnea.Gino@yopmail.com,1935-05-23
474,Minda,Dunkin,Minda.Dunkin@yopmail.com,1900-01-31
475,Dulce,Malanie,Dulce.Malanie@yopmail.com,1927-07-14
476,Lexine,Auberbach,Lexine.Auberbach@yopmail.com,1997-03-11
477,Wendi,Norvol,Wendi.Norvol@yopmail.com,1905-08-28
478,Nelle,Jeanne,Nelle.Jeanne@yopmail.com,1996-07-11
479,Deirdre,Belanger,Deirdre.Belanger@yopmail.com,1949-08-08
480,Jeanna,Kauppi,Jeanna.Kauppi@yopmail.com,1989-04-11
481,Melisent,Mayeda,Melisent.Mayeda@yopmail.com,1944-12-16
482,Cherilyn,Ailyn,Cherilyn.Ailyn@yopmail.com,1919-11-09
483,Rivalee,Linskey,Rivalee.Linskey@yopmail.com,1970-01-28
484,Josephine,Roumell,Josephine.Roumell@yopmail.com,1995-06-06
485,Ardeen,Aldric,Ardeen.Aldric@yopmail.com,1981-12-30
486,Rozele,Dex,Rozele.Dex@yopmail.com,2011-10-10
487,Korrie,Tacye,Korrie.Tacye@yopmail.com,1918-01-25
488,Farrah,Goddard,Farrah.Goddard@yopmail.com,1921-04-04
489,Annecorinne,Redmond,Annecorinne.Redmond@yopmail.com,1926-04-22
490,Gertrud,Zetta,Gertrud.Zetta@yopmail.com,2008-12-20
491,Melodie,Meter,Melodie.Meter@yopmail.com,1926-06-10
492,Marika,Serilda,Marika.Serilda@yopmail.com,1998-11-03
493,Jordan,Marsden,Jordan.Marsden@yopmail.com,2006-02-11
494,Kirstin,Oriana,Kirstin.Oriana@yopmail.com,1994-12-11
495,Sadie,Solitta,Sadie.Solitta@yopmail.com,1946-11-19
496,Dyann,Kamaria,Dyann.Kamaria@yopmail.com,1936-01-30
497,Sheelagh,Tiffa,Sheelagh.Tiffa@yopmail.com,1961-11-28
498,Albertina,Center,Albertina.Center@yopmail.com,2014-07-23
499,Melodie,Edee,Melodie.Edee@yopmail.com,1923-05-06
500,Dode,Hortensia,Dode.Hortensia@yopmail.com,1953-04-09
501,Steffane,Dorothy,Steffane.Dorothy@yopmail.com,1974-12-16
502,Kaia,Lynn,Kaia.Lynn@yopmail.com,1980-10-15
503,Violet,Valoniah,Violet.Valoniah@yopmail.com,2002-09-29
504,Corene,Naashom,Corene.Naashom@yopmail.com,1949-04-05
505,Christian,Phi,Christian.Phi@yopmail.com,1971-04-26
506,Genovera,Erminia,Genovera.Erminia@yopmail.com,1950-06-14
507,Elsie,Gilmour,Elsie.Gilmour@yopmail.com,2014-02-24
508,Zondra,Philipp,Zondra.Philipp@yopmail.com,2016-08-03
509,Suzette,Martguerita,Suzette.Martguerita@yopmail.com,2002-06-14
510,Binny,Olnee,Binny.Olnee@yopmail.com,2002-02-28
511,Joelly,Decato,Joelly.Decato@yopmail.com,2014-11-20
512,Ida,Willie,Ida.Willie@yopmail.com,1957-05-11
513,Meriel,Harriman,Meriel.Harriman@yopmail.com,1918-09-01
514,Elvira,Elo,Elvira.Elo@yopmail.com,2005-09-03
515,Roslyn,Wu,Roslyn.Wu@yopmail.com,2014-04-18
516,Sandie,Raul,Sandie.Raul@yopmail.com,1997-03-17
517,Mariele,Sidonius,Mariele.Sidonius@yopmail.com,2017-02-24
518,Berta,Gombach,Berta.Gombach@yopmail.com,1913-12-03
519,Marcy,Horan,Marcy.Horan@yopmail.com,1923-05-04
520,Rebeca,Ioab,Rebeca.Ioab@yopmail.com,1974-07-18
521,Elbertina,Lipson,Elbertina.Lipson@yopmail.com,1932-01-18
522,Cristabel,Kendrick,Cristabel.Kendrick@yopmail.com,1969-09-07
523,Corina,McCutcheon,Corina.McCutcheon@yopmail.com,1957-09-17
524,Esmeralda,Gabrielli,Esmeralda.Gabrielli@yopmail.com,1966-12-21
525,Roz,Bultman,Roz.Bultman@yopmail.com,2001-01-08
526,Ashlee,Ietta,Ashlee.Ietta@yopmail.com,1994-06-24
527,Meghann,Rozanna,Meghann.Rozanna@yopmail.com,1982-10-11
528,Madeleine,Iiette,Madeleine.Iiette@yopmail.com,1957-06-19
529,Lolita,Tryck,Lolita.Tryck@yopmail.com,1965-04-17
530,Chickie,Mathilde,Chickie.Mathilde@yopmail.com,1904-12-04
531,Teriann,Carolin,Teriann.Carolin@yopmail.com,2002-06-19
532,Meghann,Raseda,Meghann.Raseda@yopmail.com,1925-03-17
533,Ardeen,Breed,Ardeen.Breed@yopmail.com,1953-03-22
534,Corry,Rooney,Corry.Rooney@yopmail.com,1999-12-11
535,Clo,Wareing,Clo.Wareing@yopmail.com,1963-08-24
536,Tobe,Emanuel,Tobe.Emanuel@yopmail.com,1946-11-08
537,Collen,Merat,Collen.Merat@yopmail.com,1936-12-31
538,Monika,Eno,Monika.Eno@yopmail.com,1957-08-11
539,Shirlee,Kelula,Shirlee.Kelula@yopmail.com,1919-02-23
540,Violet,Aldric,Violet.Aldric@yopmail.com,1901-11-05
541,Philis,Bord,Philis.Bord@yopmail.com,1976-03-24
542,Ardys,Celestine,Ardys.Celestine@yopmail.com,1900-11-01
543,Mellicent,Nickola,Mellicent.Nickola@yopmail.com,1939-05-10
544,Tori,Anderea,Tori.Anderea@yopmail.com,1915-12-11
545,Nerta,Alcott,Nerta.Alcott@yopmail.com,1924-11-23
546,Trixi,Wadell,Trixi.Wadell@yopmail.com,1994-09-18
547,Celestyna,Tayib,Celestyna.Tayib@yopmail.com,1917-09-12
548,Mady,Clie,Mady.Clie@yopmail.com,1904-09-02
549,Sadie,Loring,Sadie.Loring@yopmail.com,1918-08-14
550,Jackie,Schroth,Jackie.Schroth@yopmail.com,1935-03-24
551,Kara-Lynn,Gaulin,Kara-Lynn.Gaulin@yopmail.com,2009-11-09
552,Kelly,Cleavland,Kelly.Cleavland@yopmail.com,1971-10-23
553,Tiffie,Trey,Tiffie.Trey@yopmail.com,1928-09-14
554,Hyacinthe,Belanger,Hyacinthe.Belanger@yopmail.com,1960-04-08
555,Harrietta,Tillford,Harrietta.Tillford@yopmail.com,2003-01-11
556,Ethel,McCutcheon,Ethel.McCutcheon@yopmail.com,1935-01-11
557,Sidoney,Barney,Sidoney.Barney@yopmail.com,1964-02-25
558,Hollie,Salchunas,Hollie.Salchunas@yopmail.com,1906-09-05
559,Ira,Dahlia,Ira.Dahlia@yopmail.com,1990-03-27
560,Sophia,Fax,Sophia.Fax@yopmail.com,2008-11-21
561,Fayre,Barrus,Fayre.Barrus@yopmail.com,1995-05-27
562,Annora,Lilas,Annora.Lilas@yopmail.com,2014-10-11
563,Meghann,Dituri,Meghann.Dituri@yopmail.com,1998-04-11
564,Rochette,Mitzi,Rochette.Mitzi@yopmail.com,1966-02-24
565,Cecile,Ellord,Cecile.Ellord@yopmail.com,1963-07-29
566,Fawne,Lenny,Fawne.Lenny@yopmail.com,1976-03-07
567,Romona,Wenda,Romona.Wenda@yopmail.com,1967-08-30
568,Melina,Timon,Melina.Timon@yopmail.com,1930-09-22
569,Monika,Bennie,Monika.Bennie@yopmail.com,2017-03-02
570,Jacquetta,Chapland,Jacquetta.Chapland@yopmail.com,1947-03-28
571,Kamilah,Wyn,Kamilah.Wyn@yopmail.com,1984-11-04
572,Annora,Jacqui,Annora.Jacqui@yopmail.com,2017-09-09
573,Robbi,Masao,Robbi.Masao@yopmail.com,1930-09-24
574,Fred,Sadowski,Fred.Sadowski@yopmail.com,1979-07-18
575,Gwenneth,Glovsky,Gwenneth.Glovsky@yopmail.com,1932-07-28
576,Lindie,Morgun,Lindie.Morgun@yopmail.com,1940-03-22
577,Yolane,Jillane,Yolane.Jillane@yopmail.com,1968-09-23
578,Lauryn,Mauer,Lauryn.Mauer@yopmail.com,1921-01-10
579,Binny,Hashim,Binny.Hashim@yopmail.com,1999-01-02
580,Randa,Burnside,Randa.Burnside@yopmail.com,2006-10-30
581,Konstance,Tacye,Konstance.Tacye@yopmail.com,2016-01-01
582,Maye,Ietta,Maye.Ietta@yopmail.com,1995-07-12
583,Ingrid,Kaja,Ingrid.Kaja@yopmail.com,2013-03-02
584,Gavrielle,Helve,Gavrielle.Helve@yopmail.com,1955-06-23
585,Hollie,Kussell,Hollie.Kussell@yopmail.com,1922-08-26
586,Roseline,Dielu,Roseline.Dielu@yopmail.com,1936-01-13
587,Steffane,Bultman,Steffane.Bultman@yopmail.com,2014-10-22
588,Georgetta,Phi,Georgetta.Phi@yopmail.com,1969-11-08
589,Shauna,Lemuela,Shauna.Lemuela@yopmail.com,2011-04-05
590,Arabel,Fairweather,Arabel.Fairweather@yopmail.com,1912-03-24
591,Tressa,Allare,Tressa.Allare@yopmail.com,1972-01-12
592,June,Dunkin,June.Dunkin@yopmail.com,1933-11-19
593,Cordi,Hanleigh,Cordi.Hanleigh@yopmail.com,1964-07-14
594,Dione,Jethro,Dione.Jethro@yopmail.com,1906-01-18
595,Darci,Rese,Darci.Rese@yopmail.com,1987-08-10
596,Ilse,August,Ilse.August@yopmail.com,2019-10-22
597,Jenilee,Hashim,Jenilee.Hashim@yopmail.com,1999-06-27
598,Jessamyn,Narton,Jessamyn.Narton@yopmail.com,2006-01-25
599,Cacilie,Hathaway,Cacilie.Hathaway@yopmail.com,2001-05-13
600,Gilda,Waldron,Gilda.Waldron@yopmail.com,1903-06-22
601,Philis,Sekofski,Philis.Sekofski@yopmail.com,1957-12-05
602,Emylee,Richers,Emylee.Richers@yopmail.com,1932-04-09
603,Gale,Amethist,Gale.Amethist@yopmail.com,1940-01-19
604,Alexine,Erich,Alexine.Erich@yopmail.com,1962-04-15
605,Rozele,Miru,Rozele.Miru@yopmail.com,1986-08-26
606,Barbi,Curren,Barbi.Curren@yopmail.com,1929-04-29
607,Christy,Vharat,Christy.Vharat@yopmail.com,1987-02-07
608,Yetty,Truc,Yetty.Truc@yopmail.com,1981-07-30
609,Kristan,Laverne,Kristan.Laverne@yopmail.com,1974-07-21
610,Lelah,Felecia,Lelah.Felecia@yopmail.com,1932-10-11
611,Susette,Gusella,Susette.Gusella@yopmail.com,2016-05-24
612,Imojean,Delp,Imojean.Delp@yopmail.com,2009-03-16
613,Rhea,Georgy,Rhea.Georgy@yopmail.com,1917-04-07
614,Charmaine,Donell,Charmaine.Donell@yopmail.com,2002-09-28
615,Tierney,Brackely,Tierney.Brackely@yopmail.com,1938-04-23
616,Elfreda,Middleton,Elfreda.Middleton@yopmail.com,1921-05-29
617,Verla,Prober,Verla.Prober@yopmail.com,1923-10-19
618,Ardeen,Ietta,Ardeen.Ietta@yopmail.com,1940-12-29
619,Frieda,Leopold,Frieda.Leopold@yopmail.com,2010-07-07
620,Gavrielle,Loeb,Gavrielle.Loeb@yopmail.com,1997-08-07
621,Almeta,Brieta,Almeta.Brieta@yopmail.com,1956-06-21
622,Janeczka,Craggie,Janeczka.Craggie@yopmail.com,1919-09-09
623,Heddie,Kendrick,Heddie.Kendrick@yopmail.com,2016-01-21
624,Marylou,Damarra,Marylou.Damarra@yopmail.com,1939-09-26
625,Steffane,Melony,Steffane.Melony@yopmail.com,1994-08-13
626,Sidoney,Chandler,Sidoney.Chandler@yopmail.com,1968-09-20
627,Rhea,Magnolia,Rhea.Magnolia@yopmail.com,1926-05-16
628,Shel,Tybald,Shel.Tybald@yopmail.com,1959-01-16
629,Chrystel,Hessler,Chrystel.Hessler@yopmail.com,2019-03-17
630,Dorene,Thornburg,Dorene.Thornburg@yopmail.com,1904-07-30
631,Marsiella,Carmena,Marsiella.Carmena@yopmail.com,1925-09-22
632,Sindee,Emanuel,Sindee.Emanuel@yopmail.com,1907-09-11
633,Kenna,Phaidra,Kenna.Phaidra@yopmail.com,1980-02-05
634,Joy,Ade,Joy.Ade@yopmail.com,1910-08-02
635,Cissiee,Grayce,Cissiee.Grayce@yopmail.com,1961-09-22
636,Arlena,Olnee,Arlena.Olnee@yopmail.com,1902-02-24
637,Tomasina,Fry,Tomasina.Fry@yopmail.com,1955-04-07
638,Margalo,Cynar,Margalo.Cynar@yopmail.com,1927-12-29
639,Karolina,Barrus,Karolina.Barrus@yopmail.com,1965-06-26
640,Jobi,Gerge,Jobi.Gerge@yopmail.com,1900-05-14
641,Brana,Genna,Brana.Genna@yopmail.com,1965-02-01
642,Lyssa,Ries,Lyssa.Ries@yopmail.com,1919-01-06
643,Cherilyn,Fennessy,Cherilyn.Fennessy@yopmail.com,1953-09-27
644,Kristina,Natalia,Kristina.Natalia@yopmail.com,1984-05-11
645,Andeee,Vanni,Andeee.Vanni@yopmail.com,1947-02-15
646,Jany,Bandeen,Jany.Bandeen@yopmail.com,1985-07-19
647,Hallie,Himelman,Hallie.Himelman@yopmail.com,1971-06-06
648,Judy,Lytton,Judy.Lytton@yopmail.com,1951-07-18
649,Teddie,Ranjiv,Teddie.Ranjiv@yopmail.com,1927-09-08
650,Ileana,Paine,Ileana.Paine@yopmail.com,1959-01-26
651,Miquela,Markman,Miquela.Markman@yopmail.com,2010-12-27
652,Babita,Blase,Babita.Blase@yopmail.com,1904-11-02
653,Judy,Lipson,Judy.Lipson@yopmail.com,1975-12-24
654,Pollyanna,Vorster,Pollyanna.Vorster@yopmail.com,1970-07-14
655,Tani,Dyche,Tani.Dyche@yopmail.com,1926-06-27
656,Thalia,Linskey,Thalia.Linskey@yopmail.com,1980-10-01
657,Ebonee,Hazlett,Ebonee.Hazlett@yopmail.com,1941-04-16
658,Jan,Brenn,Jan.Brenn@yopmail.com,1943-11-25
659,Meg,Santoro,Meg.Santoro@yopmail.com,1979-10-09
660,Goldie,Haerr,Goldie.Haerr@yopmail.com,1946-12-04
661,Sibella,Durante,Sibella.Durante@yopmail.com,1944-02-26
662,Andree,Durware,Andree.Durware@yopmail.com,1937-07-02
663,Lacie,Bahr,Lacie.Bahr@yopmail.com,1939-05-22
664,Lynde,Judye,Lynde.Judye@yopmail.com,1926-08-17
665,Caressa,Myrilla,Caressa.Myrilla@yopmail.com,1908-01-26
666,Lulita,Ailyn,Lulita.Ailyn@yopmail.com,1934-07-16
667,Sharai,Shelba,Sharai.Shelba@yopmail.com,1941-02-11
668,Romona,Lanita,Romona.Lanita@yopmail.com,1972-09-03
669,Tamqrah,Larochelle,Tamqrah.Larochelle@yopmail.com,1943-12-16
670,Daune,Leary,Daune.Leary@yopmail.com,1925-07-15
671,Goldie,Birdella,Goldie.Birdella@yopmail.com,1916-05-15
672,Kellen,Maribeth,Kellen.Maribeth@yopmail.com,1914-07-01
673,Frieda,Lumbard,Frieda.Lumbard@yopmail.com,1971-03-29
674,Kaia,Harday,Kaia.Harday@yopmail.com,1931-10-08
675,Arlina,Loring,Arlina.Loring@yopmail.com,1917-11-04
676,Emmey,Maryanne,Emmey.Maryanne@yopmail.com,1941-08-31
677,Berta,Georgy,Berta.Georgy@yopmail.com,1988-10-14
678,Juliane,Elo,Juliane.Elo@yopmail.com,2003-11-16
679,Courtnay,Chem,Courtnay.Chem@yopmail.com,1975-02-16
680,Liana,Georas,Liana.Georas@yopmail.com,1901-03-21
681,Annaliese,McGrody,Annaliese.McGrody@yopmail.com,1966-08-06
682,Sean,Oster,Sean.Oster@yopmail.com,2001-11-01
683,Larine,Sparhawk,Larine.Sparhawk@yopmail.com,1925-08-31
684,Roseline,Corabella,Roseline.Corabella@yopmail.com,1940-09-06
685,Marnia,Japeth,Marnia.Japeth@yopmail.com,1946-03-18
686,Merrie,Erb,Merrie.Erb@yopmail.com,1973-07-09
687,Maisey,Pearse,Maisey.Pearse@yopmail.com,1979-11-29
688,Ardys,Oster,Ardys.Oster@yopmail.com,1912-01-03
689,Antonietta,Kamaria,Antonietta.Kamaria@yopmail.com,1910-01-05
690,Maridel,Fiester,Maridel.Fiester@yopmail.com,1930-09-25
691,Bernardine,Saunderson,Bernardine.Saunderson@yopmail.com,1976-12-30
692,Farrah,Neils,Farrah.Neils@yopmail.com,2004-08-31
693,Josephine,Goth,Josephine.Goth@yopmail.com,1987-04-25
694,Sara-Ann,Guildroy,Sara-Ann.Guildroy@yopmail.com,1928-07-10
695,Letizia,Pyle,Letizia.Pyle@yopmail.com,1954-07-27
696,Veda,Hoenack,Veda.Hoenack@yopmail.com,1941-03-27
697,Larine,Atonsah,Larine.Atonsah@yopmail.com,1994-01-21
698,Janey,Weitman,Janey.Weitman@yopmail.com,2015-06-05
699,Cacilie,Lesley,Cacilie.Lesley@yopmail.com,2007-05-26
700,Therine,Grayce,Therine.Grayce@yopmail.com,1920-01-07
701,Mildrid,Means,Mildrid.Means@yopmail.com,1955-04-08
702,Sashenka,Flita,Sashenka.Flita@yopmail.com,1925-01-03
703,Yolane,Tayib,Yolane.Tayib@yopmail.com,1961-02-27
704,Ethel,Faso,Ethel.Faso@yopmail.com,2011-01-04
705,Hallie,Pulsifer,Hallie.Pulsifer@yopmail.com,1918-09-15
706,Rori,Burnside,Rori.Burnside@yopmail.com,2013-09-27
707,Daryl,Sperling,Daryl.Sperling@yopmail.com,1950-12-17
708,Bobinette,Colbert,Bobinette.Colbert@yopmail.com,1962-04-29
709,Queenie,Emmy,Queenie.Emmy@yopmail.com,1923-10-12
710,Regina,Wesle,Regina.Wesle@yopmail.com,1927-11-14
711,Madelle,Glovsky,Madelle.Glovsky@yopmail.com,1976-07-18
712,Sheree,Nisbet,Sheree.Nisbet@yopmail.com,1909-03-27
713,Lacie,Damarra,Lacie.Damarra@yopmail.com,2013-12-28
714,Lenna,Gale,Lenna.Gale@yopmail.com,1990-10-30
715,Marline,Gaspard,Marline.Gaspard@yopmail.com,1947-07-14
716,Carlie,Meli,Carlie.Meli@yopmail.com,1965-08-19
717,Goldie,Beebe,Goldie.Beebe@yopmail.com,1992-07-22
718,Deirdre,Bach,Deirdre.Bach@yopmail.com,2001-03-12
719,Carolina,Quent,Carolina.Quent@yopmail.com,1952-04-15
720,Deedee,Zitvaa,Deedee.Zitvaa@yopmail.com,1934-10-19
721,Ileana,Rese,Ileana.Rese@yopmail.com,2004-05-25
722,Abbie,Saint,Abbie.Saint@yopmail.com,1971-04-13
723,Tatiania,Arley,Tatiania.Arley@yopmail.com,1967-12-25
724,Ernesta,Ludewig,Ernesta.Ludewig@yopmail.com,1939-01-18
725,Winny,Kosey,Winny.Kosey@yopmail.com,1972-07-22
726,Esmeralda,Dunkin,Esmeralda.Dunkin@yopmail.com,1962-03-29
727,Dorice,Tyson,Dorice.Tyson@yopmail.com,1965-02-03
728,Elie,Maples,Elie.Maples@yopmail.com,1929-10-19
729,Calla,Bow,Calla.Bow@yopmail.com,2007-04-12
730,Sharlene,Belanger,Sharlene.Belanger@yopmail.com,1923-09-23
731,Veda,Odysseus,Veda.Odysseus@yopmail.com,2008-08-05
732,Paule,Clie,Paule.Clie@yopmail.com,2013-05-14
733,Melanie,Salvidor,Melanie.Salvidor@yopmail.com,2016-10-23
734,Norine,Mozelle,Norine.Mozelle@yopmail.com,1959-09-27
735,Kristan,Vacuva,Kristan.Vacuva@yopmail.com,2018-03-21
736,Lisette,Kalinda,Lisette.Kalinda@yopmail.com,1963-06-04
737,Mellicent,Sherfield,Mellicent.Sherfield@yopmail.com,1982-04-02
738,Brooks,Buttaro,Brooks.Buttaro@yopmail.com,2009-04-23
739,Darci,Docilla,Darci.Docilla@yopmail.com,1906-05-25
740,Orsola,Santoro,Orsola.Santoro@yopmail.com,1912-04-05
741,Adore,Reinke,Adore.Reinke@yopmail.com,1963-04-07
742,Rayna,Zaslow,Rayna.Zaslow@yopmail.com,1981-06-25
743,Berget,Sprage,Berget.Sprage@yopmail.com,2019-08-14
744,Iseabal,Pyle,Iseabal.Pyle@yopmail.com,2002-03-04
745,Raina,Thunell,Raina.Thunell@yopmail.com,1963-02-06
746,Nonnah,Genna,Nonnah.Genna@yopmail.com,1925-01-17
747,Trixi,Primalia,Trixi.Primalia@yopmail.com,1950-07-26
748,Konstance,Zitvaa,Konstance.Zitvaa@yopmail.com,2014-07-19
749,Myrtice,Alva,Myrtice.Alva@yopmail.com,1971-01-26
750,Jenda,Malina,Jenda.Malina@yopmail.com,1934-02-26
751,Margarette,Kelula,Margarette.Kelula@yopmail.com,2017-03-31
752,Kelly,Rocray,Kelly.Rocray@yopmail.com,1980-08-23
753,Georgina,Emmy,Georgina.Emmy@yopmail.com,1988-10-19
754,Ruthe,Weaks,Ruthe.Weaks@yopmail.com,2008-01-31
755,Kore,Eckblad,Kore.Eckblad@yopmail.com,1914-08-22
756,Rosaline,Roarke,Rosaline.Roarke@yopmail.com,1992-06-15
757,Annecorinne,Nunci,Annecorinne.Nunci@yopmail.com,1988-04-16
758,Antonietta,Madelene,Antonietta.Madelene@yopmail.com,1978-05-10
759,Leanna,Chapland,Leanna.Chapland@yopmail.com,2008-06-21
760,Cordi,Lunsford,Cordi.Lunsford@yopmail.com,2007-04-03
761,Aili,Beebe,Aili.Beebe@yopmail.com,1932-04-06
762,Christal,Wu,Christal.Wu@yopmail.com,1979-03-13
763,Ira,Alfons,Ira.Alfons@yopmail.com,1924-09-27
764,Adelle,Ietta,Adelle.Ietta@yopmail.com,1923-04-03
765,Dale,Shields,Dale.Shields@yopmail.com,1995-03-06
766,Netty,Rustice,Netty.Rustice@yopmail.com,1957-12-13
767,Jean,Laverne,Jean.Laverne@yopmail.com,1935-11-05
768,Chandra,Erb,Chandra.Erb@yopmail.com,1951-05-14
769,Brandise,Iphlgenia,Brandise.Iphlgenia@yopmail.com,1973-01-21
770,Katharina,Smitt,Katharina.Smitt@yopmail.com,1937-12-13
771,Trudie,Frodi,Trudie.Frodi@yopmail.com,1909-10-08
772,Janeczka,Barbey,Janeczka.Barbey@yopmail.com,1959-12-04
773,Krystle,Bebe,Krystle.Bebe@yopmail.com,2018-02-16
774,Larine,An,Larine.An@yopmail.com,1964-03-27
775,Belinda,Gavrila,Belinda.Gavrila@yopmail.com,1945-01-09
776,Ardys,Lutero,Ardys.Lutero@yopmail.com,1942-08-12
777,Addia,Janith,Addia.Janith@yopmail.com,2002-03-01
778,Evaleen,Nea,Evaleen.Nea@yopmail.com,1944-10-22
779,Gusty,Delila,Gusty.Delila@yopmail.com,1993-03-17
780,Lila,Earlie,Lila.Earlie@yopmail.com,1917-10-03
781,Charlena,Afton,Charlena.Afton@yopmail.com,2003-03-18
782,Renae,Saint,Renae.Saint@yopmail.com,1940-08-10
783,Vivia,Arathorn,Vivia.Arathorn@yopmail.com,1911-09-22
784,Winny,Pacorro,Winny.Pacorro@yopmail.com,1937-06-08
785,Rhoda,Liva,Rhoda.Liva@yopmail.com,1959-12-28
786,Taffy,Hedve,Taffy.Hedve@yopmail.com,1949-03-08
787,Devina,Timon,Devina.Timon@yopmail.com,2016-02-08
788,Steffane,Brieta,Steffane.Brieta@yopmail.com,1942-02-06
789,Rosene,Birdella,Rosene.Birdella@yopmail.com,1956-11-12
790,Ileana,Hillel,Ileana.Hillel@yopmail.com,1922-08-14
791,Corene,Middleton,Corene.Middleton@yopmail.com,1957-04-03
792,Mignon,Nore,Mignon.Nore@yopmail.com,1969-10-22
793,Kellen,Lumbard,Kellen.Lumbard@yopmail.com,2014-08-07
794,Kayla,Reidar,Kayla.Reidar@yopmail.com,1943-02-27
795,Jsandye,Eliathas,Jsandye.Eliathas@yopmail.com,1996-02-20
796,Ann-Marie,Dahlia,Ann-Marie.Dahlia@yopmail.com,1921-11-27
797,Tiffie,Tomasina,Tiffie.Tomasina@yopmail.com,1916-01-26
798,Binny,Forrer,Binny.Forrer@yopmail.com,1963-12-26
799,Vanessa,Doig,Vanessa.Doig@yopmail.com,1903-10-17
800,Patricia,Adrienne,Patricia.Adrienne@yopmail.com,1919-07-09
801,Fawne,Yuille,Fawne.Yuille@yopmail.com,1940-08-24
802,Margalo,Buffum,Margalo.Buffum@yopmail.com,1924-10-21
803,Yvonne,Brian,Yvonne.Brian@yopmail.com,1985-02-16
804,Bobinette,Olympium,Bobinette.Olympium@yopmail.com,2006-12-20
805,Ashlee,Ader,Ashlee.Ader@yopmail.com,2006-02-07
806,Malina,Rhu,Malina.Rhu@yopmail.com,1939-11-20
807,Layla,Billye,Layla.Billye@yopmail.com,1939-06-07
808,Taffy,Ferino,Taffy.Ferino@yopmail.com,1993-12-21
809,Marguerite,Muriel,Marguerite.Muriel@yopmail.com,1949-09-22
810,Merry,Roche,Merry.Roche@yopmail.com,1941-03-05
811,Bobinette,Ammann,Bobinette.Ammann@yopmail.com,2018-05-28
812,Farrah,Zeeba,Farrah.Zeeba@yopmail.com,1979-03-28
813,Ruthe,Laverne,Ruthe.Laverne@yopmail.com,2010-01-01
814,Andeee,Wind,Andeee.Wind@yopmail.com,1967-11-27
815,Neila,Federica,Neila.Federica@yopmail.com,1901-01-02
816,Vita,Brian,Vita.Brian@yopmail.com,1921-01-27
817,Roberta,Sophronia,Roberta.Sophronia@yopmail.com,1941-03-30
818,Gratia,Beniamino,Gratia.Beniamino@yopmail.com,1994-06-24
819,Maud,Ogren,Maud.Ogren@yopmail.com,1902-08-12
820,Deedee,Forrer,Deedee.Forrer@yopmail.com,1993-10-03
821,Elmira,Penelopa,Elmira.Penelopa@yopmail.com,1939-03-05
822,Paulita,Lindemann,Paulita.Lindemann@yopmail.com,2004-09-09
823,Cathie,Faro,Cathie.Faro@yopmail.com,1945-06-03
824,Britte,Helfand,Britte.Helfand@yopmail.com,1912-11-08
825,Barbi,Ummersen,Barbi.Ummersen@yopmail.com,1957-01-14
826,Tersina,Brandice,Tersina.Brandice@yopmail.com,1930-12-20
827,Modestia,Goddard,Modestia.Goddard@yopmail.com,1975-09-29
828,Giustina,Timon,Giustina.Timon@yopmail.com,1930-03-07
829,Nonnah,Tristram,Nonnah.Tristram@yopmail.com,1994-08-30
830,Joelly,Magnolia,Joelly.Magnolia@yopmail.com,1986-04-06
831,Tressa,Concha,Tressa.Concha@yopmail.com,1953-02-09
832,Allis,Rozanna,Allis.Rozanna@yopmail.com,2008-10-14
833,Melanie,Harday,Melanie.Harday@yopmail.com,1988-04-28
834,Romona,Bollay,Romona.Bollay@yopmail.com,1918-01-14
835,Jackie,Casimir,Jackie.Casimir@yopmail.com,1903-09-20
836,Lonnie,Vastah,Lonnie.Vastah@yopmail.com,1918-07-19
837,Hannis,Even,Hannis.Even@yopmail.com,1928-04-22
838,Sybille,Thar,Sybille.Thar@yopmail.com,2019-12-15
839,Xylina,Edee,Xylina.Edee@yopmail.com,1949-04-10
840,Sashenka,Ranjiv,Sashenka.Ranjiv@yopmail.com,1902-05-30
841,Rebeca,Chem,Rebeca.Chem@yopmail.com,1963-09-19
842,Di,Loleta,Di.Loleta@yopmail.com,2012-05-25
843,Kore,Dyche,Kore.Dyche@yopmail.com,1974-02-04
844,Brana,Terencio,Brana.Terencio@yopmail.com,1978-02-24
845,Deane,Ummersen,Deane.Ummersen@yopmail.com,1950-02-17
846,Winifred,Malanie,Winifred.Malanie@yopmail.com,2000-01-22
847,Jere,Barney,Jere.Barney@yopmail.com,1984-09-12
848,Hollie,Leffen,Hollie.Leffen@yopmail.com,2002-07-12
849,Caritta,Morehouse,Caritta.Morehouse@yopmail.com,1929-05-28
850,Petronia,Swanhildas,Petronia.Swanhildas@yopmail.com,2009-04-19
851,Louella,Knowling,Louella.Knowling@yopmail.com,2005-01-01
852,Fidelia,Skell,Fidelia.Skell@yopmail.com,1940-08-21
853,Tamqrah,Stevy,Tamqrah.Stevy@yopmail.com,2006-03-25
854,Leia,Hourigan,Leia.Hourigan@yopmail.com,1997-01-07
855,Marleah,Bergman,Marleah.Bergman@yopmail.com,1991-05-28
856,Chickie,Rhu,Chickie.Rhu@yopmail.com,1932-07-30
857,Eugine,Audly,Eugine.Audly@yopmail.com,1921-09-02
858,Jany,Zeeba,Jany.Zeeba@yopmail.com,2013-05-11
859,Florencia,Kesley,Florencia.Kesley@yopmail.com,2008-01-16
860,Lindie,Imelida,Lindie.Imelida@yopmail.com,1949-10-11
861,Morganica,Delp,Morganica.Delp@yopmail.com,1981-12-10
862,Cathyleen,Himelman,Cathyleen.Himelman@yopmail.com,2005-11-30
863,Tomasina,Harned,Tomasina.Harned@yopmail.com,2003-05-07
864,Fanny,Prober,Fanny.Prober@yopmail.com,2000-02-01
865,Roz,Tryck,Roz.Tryck@yopmail.com,1906-09-14
866,Zondra,Mott,Zondra.Mott@yopmail.com,2019-10-27
867,Lucy,Dominy,Lucy.Dominy@yopmail.com,1938-11-16
868,Silvana,Gordon,Silvana.Gordon@yopmail.com,1970-09-28
869,Bernie,Koehler,Bernie.Koehler@yopmail.com,1926-01-20
870,Leanna,Thilda,Leanna.Thilda@yopmail.com,1964-07-05
871,Celisse,Thar,Celisse.Thar@yopmail.com,1959-06-23
872,Fernande,Lunsford,Fernande.Lunsford@yopmail.com,1953-04-07
873,Fanchon,Cornelia,Fanchon.Cornelia@yopmail.com,1961-12-12
874,Dianemarie,Wiener,Dianemarie.Wiener@yopmail.com,1979-07-07
875,Gloria,Barney,Gloria.Barney@yopmail.com,1977-04-05
876,Mary,Dorine,Mary.Dorine@yopmail.com,1921-12-05
877,Gui,Lubin,Gui.Lubin@yopmail.com,1992-04-23
878,Sharai,Fiester,Sharai.Fiester@yopmail.com,1991-04-24
879,Catharine,Havens,Catharine.Havens@yopmail.com,1964-02-05
880,Evaleen,Eachern,Evaleen.Eachern@yopmail.com,2013-10-28
881,Florencia,Thunell,Florencia.Thunell@yopmail.com,1901-10-09
882,Modestia,Rudolph,Modestia.Rudolph@yopmail.com,1937-08-10
883,Maryellen,Goth,Maryellen.Goth@yopmail.com,1983-08-01
884,Steffane,Stoller,Steffane.Stoller@yopmail.com,1998-11-17
885,Ingrid,Heisel,Ingrid.Heisel@yopmail.com,1903-06-01
886,Philis,Goode,Philis.Goode@yopmail.com,1915-06-11
887,Isa,Alexandr,Isa.Alexandr@yopmail.com,1961-04-07
888,Heida,Knowling,Heida.Knowling@yopmail.com,1927-08-06
889,Selia,Georas,Selia.Georas@yopmail.com,1949-05-21
890,Cyb,Leler,Cyb.Leler@yopmail.com,1965-01-08
891,Lyssa,Camden,Lyssa.Camden@yopmail.com,1967-03-18
892,Max,Han,Max.Han@yopmail.com,1983-01-09
893,Ernesta,Haerr,Ernesta.Haerr@yopmail.com,1965-09-13
894,Philis,Saint,Philis.Saint@yopmail.com,1959-03-10
895,Ekaterina,Wildermuth,Ekaterina.Wildermuth@yopmail.com,1910-01-20
896,Alia,Cadmar,Alia.Cadmar@yopmail.com,1977-05-13
897,Tobe,Naor,Tobe.Naor@yopmail.com,1962-06-14
898,Stephanie,Kare,Stephanie.Kare@yopmail.com,2016-12-17
899,Rhea,Vastah,Rhea.Vastah@yopmail.com,1973-04-18
900,Joane,Calhoun,Joane.Calhoun@yopmail.com,2014-12-14
901,Georgetta,Hepsibah,Georgetta.Hepsibah@yopmail.com,1911-04-05
902,Gerrie,Thunell,Gerrie.Thunell@yopmail.com,1930-07-04
903,Jany,Slifka,Jany.Slifka@yopmail.com,2011-03-02
904,Rebeca,Bow,Rebeca.Bow@yopmail.com,2002-11-19
905,Kenna,Skell,Kenna.Skell@yopmail.com,1932-01-01
906,Hettie,Maribeth,Hettie.Maribeth@yopmail.com,1939-11-03
907,Margalo,Jethro,Margalo.Jethro@yopmail.com,1969-04-26
908,Dorene,Ciro,Dorene.Ciro@yopmail.com,1947-08-10
909,Ketti,Pelagias,Ketti.Pelagias@yopmail.com,1915-04-23
910,Lauryn,Deegan,Lauryn.Deegan@yopmail.com,1931-09-20
911,Orelia,Zitvaa,Orelia.Zitvaa@yopmail.com,1940-07-16
912,Dacia,Alva,Dacia.Alva@yopmail.com,1968-12-24
913,Charissa,Urania,Charissa.Urania@yopmail.com,1939-02-25
914,Lusa,Sherfield,Lusa.Sherfield@yopmail.com,1934-05-01
915,Corly,Rocray,Corly.Rocray@yopmail.com,1992-09-03
916,Shannah,Hebner,Shannah.Hebner@yopmail.com,1910-02-14
917,Donnie,Devlen,Donnie.Devlen@yopmail.com,1986-03-03
918,Rosabelle,Seessel,Rosabelle.Seessel@yopmail.com,1986-04-20
919,Romona,Liva,Romona.Liva@yopmail.com,1975-06-09
920,Lelah,Desai,Lelah.Desai@yopmail.com,2014-08-01
921,Georgina,Land,Georgina.Land@yopmail.com,1991-09-06
922,Antonietta,Roarke,Antonietta.Roarke@yopmail.com,1945-01-15
923,Rivalee,Louanna,Rivalee.Louanna@yopmail.com,1932-06-10
924,Ricky,Francene,Ricky.Francene@yopmail.com,1926-12-17
925,Vanessa,Socha,Vanessa.Socha@yopmail.com,1990-01-18
926,Ronna,Argus,Ronna.Argus@yopmail.com,1969-11-26
927,Lauryn,Lia,Lauryn.Lia@yopmail.com,1984-08-16
928,Kittie,Lucienne,Kittie.Lucienne@yopmail.com,1960-09-11
929,Josephine,Chapland,Josephine.Chapland@yopmail.com,1935-03-28
930,Perry,Meter,Perry.Meter@yopmail.com,1983-11-04
931,Tani,Laurianne,Tani.Laurianne@yopmail.com,2012-12-31
932,Elena,Kesley,Elena.Kesley@yopmail.com,1973-07-19
933,Kara-Lynn,Zeeba,Kara-Lynn.Zeeba@yopmail.com,1960-01-09
934,Hope,Armanda,Hope.Armanda@yopmail.com,1938-12-21
935,Lily,Turne,Lily.Turne@yopmail.com,1915-06-02
936,Rhea,Belldas,Rhea.Belldas@yopmail.com,2013-12-15
937,Kaia,Baudin,Kaia.Baudin@yopmail.com,1976-09-01
938,Brynna,Manolo,Brynna.Manolo@yopmail.com,1992-11-15
939,Christian,Bari,Christian.Bari@yopmail.com,1908-06-09
940,Romona,Annabella,Romona.Annabella@yopmail.com,1966-09-15
941,Ida,Halla,Ida.Halla@yopmail.com,1934-07-26
942,Wendi,Ajay,Wendi.Ajay@yopmail.com,1916-01-09
943,Flory,Masao,Flory.Masao@yopmail.com,1928-10-31
944,Leia,Bertold,Leia.Bertold@yopmail.com,2007-12-08
945,Henriette,Halsey,Henriette.Halsey@yopmail.com,1916-07-05
946,Althea,Huggins,Althea.Huggins@yopmail.com,1993-08-28
947,Trixi,Marcellus,Trixi.Marcellus@yopmail.com,1936-12-09
948,Kittie,Diann,Kittie.Diann@yopmail.com,1991-01-31
949,Kaja,Ezar,Kaja.Ezar@yopmail.com,2012-11-01
950,Evaleen,Skurnik,Evaleen.Skurnik@yopmail.com,1918-05-29
951,Mignon,Papageno,Mignon.Papageno@yopmail.com,1906-11-23
952,Basia,Kermit,Basia.Kermit@yopmail.com,1913-12-20
953,Paola,Darrell,Paola.Darrell@yopmail.com,1940-07-21
954,Jsandye,Vacuva,Jsandye.Vacuva@yopmail.com,1940-02-24
955,Chere,Briney,Chere.Briney@yopmail.com,1916-08-27
956,Marylou,Kauppi,Marylou.Kauppi@yopmail.com,1925-04-07
957,Odessa,Bow,Odessa.Bow@yopmail.com,2002-07-08
958,Jacquetta,Faust,Jacquetta.Faust@yopmail.com,2002-02-22
959,Shirlee,Tengdin,Shirlee.Tengdin@yopmail.com,1991-10-31
960,Cherrita,Matthew,Cherrita.Matthew@yopmail.com,1990-11-15
961,Beth,Dorothy,Beth.Dorothy@yopmail.com,2013-10-27
962,Aurelie,Agle,Aurelie.Agle@yopmail.com,1917-04-22
963,Atlanta,Gemini,Atlanta.Gemini@yopmail.com,1960-03-31
964,Therine,Sherrie,Therine.Sherrie@yopmail.com,1905-05-10
965,Collen,Kare,Collen.Kare@yopmail.com,1975-05-13
966,Roberta,Eno,Roberta.Eno@yopmail.com,1964-03-08
967,Marjie,Garlinda,Marjie.Garlinda@yopmail.com,1920-03-12
968,Ana,Salvidor,Ana.Salvidor@yopmail.com,1910-01-10
969,Gilligan,Alexandr,Gilligan.Alexandr@yopmail.com,2019-01-02
970,Verla,Madox,Verla.Madox@yopmail.com,1914-10-06
971,Brandise,Evvie,Brandise.Evvie@yopmail.com,1923-07-11
972,Helena,Lalitta,Helena.Lalitta@yopmail.com,1973-02-09
973,Mady,Cosenza,Mady.Cosenza@yopmail.com,1998-01-04
974,Jobi,Dosia,Jobi.Dosia@yopmail.com,1943-04-27
975,Tierney,Kare,Tierney.Kare@yopmail.com,2002-04-16
976,Vinita,Kylander,Vinita.Kylander@yopmail.com,1973-03-13
977,Dorothy,Nadia,Dorothy.Nadia@yopmail.com,2006-03-11
978,Starla,Evangelia,Starla.Evangelia@yopmail.com,2015-12-13
979,Doralynne,Jefferey,Doralynne.Jefferey@yopmail.com,1931-06-17
980,Krystle,Sophronia,Krystle.Sophronia@yopmail.com,1999-08-23
981,Chrystel,Kauppi,Chrystel.Kauppi@yopmail.com,1975-03-18
982,Dyann,Yorick,Dyann.Yorick@yopmail.com,1902-06-26
983,Tonia,Tremayne,Tonia.Tremayne@yopmail.com,1923-04-19
984,Dulce,Japeth,Dulce.Japeth@yopmail.com,1924-10-17
985,Karlee,Verger,Karlee.Verger@yopmail.com,1974-03-28
986,Juliane,Elisha,Juliane.Elisha@yopmail.com,1952-01-21
987,Mary,Gamaliel,Mary.Gamaliel@yopmail.com,2012-01-24
988,Melisent,Mike,Melisent.Mike@yopmail.com,1962-08-01
989,Netty,Mintz,Netty.Mintz@yopmail.com,2009-07-01
990,Jemie,Felizio,Jemie.Felizio@yopmail.com,1954-06-16
991,June,Mozelle,June.Mozelle@yopmail.com,1962-11-06
992,Ebonee,Lemuela,Ebonee.Lemuela@yopmail.com,2013-10-14
993,Daryl,Daniele,Daryl.Daniele@yopmail.com,1900-07-07
994,Nessie,Gladstone,Nessie.Gladstone@yopmail.com,1988-12-04
995,Jorry,Thar,Jorry.Thar@yopmail.com,1937-08-15
996,Antonietta,Pitt,Antonietta.Pitt@yopmail.com,1997-08-03
997,Marguerite,Vale,Marguerite.Vale@yopmail.com,1966-06-01
998,Demetris,Percy,Demetris.Percy@yopmail.com,1907-11-25
999,Mahalia,Tjon,Mahalia.Tjon@yopmail.com,1980-02-01
1000,Rhea,Bergman,Rhea.Bergman@yopmail.com,1920-01-22
1001,Phylis,Stuart,Phylis.Stuart@yopmail.com,2015-10-09
1002,Adore,Thunell,Adore.Thunell@yopmail.com,1922-02-13
1003,Roxane,Hathaway,Roxane.Hathaway@yopmail.com,1997-09-15
1004,June,Roarke,June.Roarke@yopmail.com,1924-06-01
1005,Belva,Kannry,Belva.Kannry@yopmail.com,1937-02-18
1006,Jsandye,Deegan,Jsandye.Deegan@yopmail.com,1970-01-06
1007,Randa,Ferino,Randa.Ferino@yopmail.com,1923-05-26
1008,Aurore,Milde,Aurore.Milde@yopmail.com,1985-06-09
1009,Winifred,Raama,Winifred.Raama@yopmail.com,1919-02-11
1010,Florie,Yam,Florie.Yam@yopmail.com,2019-06-19
1011,Maye,Sholley,Maye.Sholley@yopmail.com,1927-09-15
1012,June,Podvin,June.Podvin@yopmail.com,2002-06-06
1013,Ardenia,Kendrick,Ardenia.Kendrick@yopmail.com,1967-07-10
1014,Dorthy,Land,Dorthy.Land@yopmail.com,2006-09-29
1015,Gianina,Tamsky,Gianina.Tamsky@yopmail.com,1928-01-31
1016,Xylina,Lesley,Xylina.Lesley@yopmail.com,1949-11-21
1017,Darlleen,Tound,Darlleen.Tound@yopmail.com,1906-01-05
1018,Mureil,Zaslow,Mureil.Zaslow@yopmail.com,1930-12-20
1019,Rayna,Nore,Rayna.Nore@yopmail.com,1920-12-24
1020,Magdalena,Podvin,Magdalena.Podvin@yopmail.com,1941-09-11
1021,Britte,Moseley,Britte.Moseley@yopmail.com,1944-04-11
1022,Edyth,Sibyls,Edyth.Sibyls@yopmail.com,1926-02-27
1023,Bettine,Kiyoshi,Bettine.Kiyoshi@yopmail.com,1945-04-17
1024,Leeanne,Roxanna,Leeanne.Roxanna@yopmail.com,1967-01-11
1025,Ginnie,Leler,Ginnie.Leler@yopmail.com,1982-01-23
1026,Shauna,Loring,Shauna.Loring@yopmail.com,1980-07-31
1027,Margette,Sherrie,Margette.Sherrie@yopmail.com,1947-10-21
1028,Eugine,Tayib,Eugine.Tayib@yopmail.com,1994-03-27
1029,Rozele,O'Neill,Rozele.O'Neill@yopmail.com,1972-05-30
1030,Margalo,Othilia,Margalo.Othilia@yopmail.com,2019-08-12
1031,Halette,Thilda,Halette.Thilda@yopmail.com,1905-05-25
1032,Bibby,Noam,Bibby.Noam@yopmail.com,1956-03-15
1033,Robbi,Carlson,Robbi.Carlson@yopmail.com,1963-01-28
1034,Petronia,Ralfston,Petronia.Ralfston@yopmail.com,1951-05-08
1035,Kristina,Pitt,Kristina.Pitt@yopmail.com,1977-05-08
1036,Renae,Brady,Renae.Brady@yopmail.com,1914-11-30
1037,Etta,Gaulin,Etta.Gaulin@yopmail.com,1914-02-05
1038,Malina,Sandye,Malina.Sandye@yopmail.com,1984-09-01
1039,Stacey,Fry,Stacey.Fry@yopmail.com,1977-06-11
1040,Christian,Eno,Christian.Eno@yopmail.com,1947-12-22
1041,Constance,Capello,Constance.Capello@yopmail.com,1977-07-24
1042,Gisela,Macey,Gisela.Macey@yopmail.com,1989-02-04
1043,Sindee,Jalbert,Sindee.Jalbert@yopmail.com,1973-11-27
1044,Shel,Eldrid,Shel.Eldrid@yopmail.com,1911-05-30
1045,Carmela,Dearborn,Carmela.Dearborn@yopmail.com,1930-04-07
1046,Dacia,Kellby,Dacia.Kellby@yopmail.com,1953-04-19
1047,Jaclyn,Slifka,Jaclyn.Slifka@yopmail.com,1907-05-13
1048,Averyl,Tatianas,Averyl.Tatianas@yopmail.com,1974-10-31
1049,Ariela,Kimmie,Ariela.Kimmie@yopmail.com,1934-06-07
1050,Katleen,Anastatius,Katleen.Anastatius@yopmail.com,1937-11-16
1051,Kristan,Ehrman,Kristan.Ehrman@yopmail.com,1963-06-02
1052,Micheline,Lanita,Micheline.Lanita@yopmail.com,1904-09-21
1053,Eugine,Shelba,Eugine.Shelba@yopmail.com,1924-01-06
1054,Imojean,Prober,Imojean.Prober@yopmail.com,1927-04-13
1055,Dagmar,Ventre,Dagmar.Ventre@yopmail.com,1904-03-13
1056,Kary,Rurik,Kary.Rurik@yopmail.com,1921-05-03
1057,Berget,Braun,Berget.Braun@yopmail.com,1990-09-04
1058,Marleah,Rooney,Marleah.Rooney@yopmail.com,1931-12-19
1059,Janenna,Liva,Janenna.Liva@yopmail.com,1955-06-18
1060,Kaia,Ader,Kaia.Ader@yopmail.com,2017-10-13
1061,Leontine,Love,Leontine.Love@yopmail.com,1910-09-02
1062,Queenie,Madaih,Queenie.Madaih@yopmail.com,1916-07-04
1063,Rani,Revkah,Rani.Revkah@yopmail.com,1976-01-01
1064,Darci,Carvey,Darci.Carvey@yopmail.com,1921-08-02
1065,Sara-Ann,Hylan,Sara-Ann.Hylan@yopmail.com,1903-07-22
1066,Phylis,Dominy,Phylis.Dominy@yopmail.com,1946-09-06
1067,Ermengarde,Jary,Ermengarde.Jary@yopmail.com,1941-10-21
1068,Mara,Gino,Mara.Gino@yopmail.com,1997-02-20
1069,Emylee,Westphal,Emylee.Westphal@yopmail.com,1981-11-22
1070,Luci,Weinreb,Luci.Weinreb@yopmail.com,1966-11-18
1071,Gui,Lilas,Gui.Lilas@yopmail.com,1985-08-09
1072,Nataline,Vacuva,Nataline.Vacuva@yopmail.com,1983-12-02
1073,Dyann,MacIntosh,Dyann.MacIntosh@yopmail.com,1978-09-08
1074,Ida,Ball,Ida.Ball@yopmail.com,1905-02-14
1075,Korrie,Trace,Korrie.Trace@yopmail.com,1900-04-24
1076,Vonny,Schwejda,Vonny.Schwejda@yopmail.com,1985-08-10
1077,Donetta,Lasley,Donetta.Lasley@yopmail.com,1967-08-08
1078,Konstance,Roscoe,Konstance.Roscoe@yopmail.com,2017-03-20
1079,Dale,Yate,Dale.Yate@yopmail.com,1975-08-08
1080,Margalo,Kellby,Margalo.Kellby@yopmail.com,1968-10-20
1081,Gwenneth,Shaddock,Gwenneth.Shaddock@yopmail.com,2010-05-18
1082,Candi,Bandeen,Candi.Bandeen@yopmail.com,1960-03-07
1083,Henriette,Gamaliel,Henriette.Gamaliel@yopmail.com,2008-04-02
1084,Jacquetta,Nicoline,Jacquetta.Nicoline@yopmail.com,2003-02-19
1085,Belva,Mullane,Belva.Mullane@yopmail.com,1903-05-23
1086,Beverley,Weaks,Beverley.Weaks@yopmail.com,1932-03-17
1087,Minda,Sikorski,Minda.Sikorski@yopmail.com,1970-03-23
1088,Etta,Sadowski,Etta.Sadowski@yopmail.com,1967-08-16
1089,Joleen,Roche,Joleen.Roche@yopmail.com,1929-04-14
1090,Estell,Trinetta,Estell.Trinetta@yopmail.com,1928-09-15
1091,Pollyanna,Anastatius,Pollyanna.Anastatius@yopmail.com,1909-10-19
1092,Kathi,Emerson,Kathi.Emerson@yopmail.com,1914-02-21
1093,Peri,Kinnard,Peri.Kinnard@yopmail.com,1947-06-16
1094,Gabi,Carolin,Gabi.Carolin@yopmail.com,1902-05-30
1095,Gavrielle,Tarrant,Gavrielle.Tarrant@yopmail.com,1980-10-27
1096,Aaren,Gaulin,Aaren.Gaulin@yopmail.com,1946-06-05
1097,Carly,Hurley,Carly.Hurley@yopmail.com,1929-06-04
1098,Brandise,Lorenz,Brandise.Lorenz@yopmail.com,2003-08-08
1099,Eolanda,Pulsifer,Eolanda.Pulsifer@yopmail.com,1914-05-30