id,firstname,lastname,email,Field Name
100,Sybille,Pitt,Sybille.Pitt@yopmail.com,1995-09-05
101,Krystle,Carvey,Krystle.Carvey@yopmail.com,1975-02-17
102,Addia,Kare,Addia.Kare@yopmail.com,2016-11-02
103,Brandise,Morehouse,Brandise.Morehouse@yopmail.com,2012-03-18
104,Beth,Danby,Beth.Danby@yopmail.com,1967-12-28
105,Andree,Ellord,Andree.Ellord@yopmail.com,1968-06-21
106,Nita,Kronfeld,Nita.Kronfeld@yopmail.com,1932-06-07
107,Jessy,Marcellus,Jessy.Marcellus@yopmail.com,1970-05-16
108,Mathilda,Raffo,Mathilda.Raffo@yopmail.com,1906-08-06
109,Georgetta,Lenny,Georgetta.Lenny@yopmail.com,1942-02-18
110,Adele,Winnick,Adele.Winnick@yopmail.com,1979-03-31
111,Laure,Alejoa,Laure.Alejoa@yopmail.com,1943-01-28
112,Jacquetta,Hewitt,Jacquetta.Hewitt@yopmail.com,2008-02-24
113,Donetta,Georgy,Donetta.Georgy@yopmail.com,1936-10-26
114,Lorenza,Stilwell,Lorenza.Stilwell@yopmail.com,2018-11-02
115,Kirstin,Grayce,Kirstin.Grayce@yopmail.com,1955-07-03
116,Elfreda,Buckler,Elfreda.Buckler@yopmail.com,1923-05-14
117,Ann-Marie,Yam,Ann-Marie.Yam@yopmail.com,2016-03-26
118,Ayn,Skurnik,Ayn.Skurnik@yopmail.com,1920-08-23
119,Drucie,Birdella,Drucie.Birdella@yopmail.com,1999-12-14
120,Candi,Bakerman,Candi.Bakerman@yopmail.com,1968-03-02
121,Gerrie,Martguerita,Gerrie.Martguerita@yopmail.com,1950-11-19
122,Stephanie,Dunkin,Stephanie.Dunkin@yopmail.com,1993-07-13
123,Tybie,Cookie,Tybie.Cookie@yopmail.com,1953-06-15
124,Vonny,Ivens,Vonny.Ivens@yopmail.com,1996-01-20
125,Cissiee,Merat,Cissiee.Merat@yopmail.com,1989-05-17
126,Chandra,Gerge,Chandra.Gerge@yopmail.com,1962-10-06
127,Kellen,Dearborn,Kellen.Dearborn@yopmail.com,1945-04-05
128,Lorenza,Stelle,Lorenza.Stelle@yopmail.com,1985-07-08
129,Amalie,Trace,Amalie.Trace@yopmail.com,1909-12-15
130,Lorne,Corilla,Lorne.Corilla@yopmail.com,1936-11-27
131,Isa,Malvino,Isa.Malvino@yopmail.com,1913-10-18
132,Jasmina,Wu,Jasmina.Wu@yopmail.com,1944-01-07
133,Babita,Chobot,Babita.Chobot@yopmail.com,1993-12-26
134,Ulrike,Lail,Ulrike.Lail@yopmail.com,1930-05-28
135,Regina,Fabiola,Regina.Fabiola@yopmail.com,1987-06-04
136,Jacquetta,Garrison,Jacquetta.Garrison@yopmail.com,1961-01-14
137,Alejandra,Garrison,Alejandra.Garrison@yopmail.com,1960-06-28
138,Cacilie,Duwalt,Cacilie.Duwalt@yopmail.com,1970-01-31
139,Berta,Korey,Berta.Korey@yopmail.com,1949-11-04
140,Robinia,Sasnett,Robinia.Sasnett@yopmail.com,1982-11-30
141,Millie,Fabiola,Millie.Fabiola@yopmail.com,1965-07-02
142,Binny,Avi,Binny.Avi@yopmail.com,2014-04-02
143,Sara-Ann,Gunn,Sara-Ann.Gunn@yopmail.com,1951-03-02
144,Gabriellia,Zuzana,Gabriellia.Zuzana@yopmail.com,1998-03-08
145,Brandise,Ummersen,Brandise.Ummersen@yopmail.com,1925-08-03
146,Maisey,Tiffa,Maisey.Tiffa@yopmail.com,1987-04-03
147,Lucille,Adore,Lucille.Adore@yopmail.com,2012-12-27
148,Brietta,Love,Brietta.Love@yopmail.com,1921-09-29
149,Andree,Bebe,Andree.Bebe@yopmail.com,1930-08-13
150,Michaelina,Zetta,Michaelina.Zetta@yopmail.com,2006-06-13
151,Maridel,Kiersten,Maridel.Kiersten@yopmail.com,1954-06-26
152,Mireielle,Pelagias,Mireielle.Pelagias@yopmail.com,1929-07-02
153,Vevay,Stoller,Vevay.Stoller@yopmail.com,1901-11-16
154,Leia,Alfons,Leia.Alfons@yopmail.com,1969-02-02
155,Oona,Jacinda,Oona.Jacinda@yopmail.com,2001-03-17
156,Sashenka,Brittani,Sashenka.Brittani@yopmail.com,2000-01-03
157,Correy,Frodi,Correy.Frodi@yopmail.com,2010-07-04
158,Aubrie,Ardra,Aubrie.Ardra@yopmail.com,2019-03-05
159,Tiffie,Mintz,Tiffie.Mintz@yopmail.com,1915-02-28
160,Rori,Mendez,Rori.Mendez@yopmail.com,1991-01-30
161,Shannah,Orpah,Shannah.Orpah@yopmail.com,1915-03-27
162,Carmencita,McAdams,Carmencita.McAdams@yopmail.com,1965-09-18
163,Talya,Rubie,Talya.Rubie@yopmail.com,2011-10-22
164,Odessa,Fredi,Odessa.Fredi@yopmail.com,1966-04-28
165,Karina,Heisel,Karina.Heisel@yopmail.com,1942-08-11
166,Trudie,Anastatius,Trudie.Anastatius@yopmail.com,1982-11-01
167,Delilah,Dudley,Delilah.Dudley@yopmail.com,1919-05-23
168,Emylee,Ricki,Emylee.Ricki@yopmail.com,2010-06-20
169,Tatiania,Sperling,Tatiania.Sperling@yopmail.com,1933-07-27
170,Ezmeralda,Salvidor,Ezmeralda.Salvidor@yopmail.com,2004-02-01
171,Alex,Lowry,Alex.Lowry@yopmail.com,1938-10-07
172,Eve,Mike,Eve.Mike@yopmail.com,2009-09-10
173,Charmaine,Estella,Charmaine.Estella@yopmail.com,1958-04-27
174,Tani,Jenness,Tani.Jenness@yopmail.com,1924-11-10
175,Lory,Gino,Lory.Gino@yopmail.com,1996-03-11
176,Dennie,Halsey,Dennie.Halsey@yopmail.com,1930-09-28
177,Daune,Ardra,Daune.Ardra@yopmail.com,1948-02-17
178,Ericka,Madaih,Ericka.Madaih@yopmail.com,2016-05-28
179,Elena,Laurianne,Elena.Laurianne@yopmail.com,1981-06-07
180,Drucie,Mitzi,Drucie.Mitzi@yopmail.com,2010-05-28
181,Vinita,Cyrie,Vinita.Cyrie@yopmail.com,1921-03-02
182,Linzy,Clywd,Linzy.Clywd@yopmail.com,1911-03-13
183,Keelia,Desai,Keelia.Desai@yopmail.com,1908-01-28
184,Dale,Lauraine,Dale.Lauraine@yopmail.com,1925-03-12
185,Leontine,Bartlett,Leontine.Bartlett@yopmail.com,1986-07-13
186,Carree,Egbert,Carree.Egbert@yopmail.com,1951-04-10
187,Emmey,Jena,Emmey.Jena@yopmail.com,1968-01-17
188,Leontine,Atonsah,Leontine.Atonsah@yopmail.com,1949-10-27
189,Cassandra,Bethany,Cassandra.Bethany@yopmail.com,1923-02-01
190,Karly,Modie,Karly.Modie@yopmail.com,1970-12-16
191,Correy,Catie,Correy.Catie@yopmail.com,1907-02-23
192,Paola,Cleo,Paola.Cleo@yopmail.com,1922-07-10
193,Cyndie,Lacombe,Cyndie.Lacombe@yopmail.com,1943-08-10
194,Brynna,Honoria,Brynna.Honoria@yopmail.com,2009-09-08
195,Carly,Dunkin,Carly.Dunkin@yopmail.com,2011-01-29
196,Lorie,Yam,Lorie.Yam@yopmail.com,1978-06-02
197,Fina,Shanley,Fina.Shanley@yopmail.com,2013-03-29
198,Olivette,Nisbet,Olivette.Nisbet@yopmail.com,2018-07-26
199,Alex,Franza,Alex.Franza@yopmail.com,2004-06-12
200,Nanete,Garek,Nanete.Garek@yopmail.com,1994-05-27
201,Aili,Wilkinson,Aili.Wilkinson@yopmail.com,1901-03-26
202,Annaliese,Hailee,Annaliese.Hailee@yopmail.com,1981-11-20
203,Felice,Irmine,Felice.Irmine@yopmail.com,1959-08-05
204,Lucille,Pozzy,Lucille.Pozzy@yopmail.com,1995-09-06
205,Nariko,Pandolfi,Nariko.Pandolfi@yopmail.com,1960-06-03
206,Roslyn,Edison,Roslyn.Edison@yopmail.com,1907-12-04
207,Constance,Primalia,Constance.Primalia@yopmail.com,1938-06-14
208,Sybille,Byrne,Sybille.Byrne@yopmail.com,1936-10-12
209,Giustina,Noelyn,Giustina.Noelyn@yopmail.com,1966-08-26
210,Minne,Pond,Minne.Pond@yopmail.com,1917-05-30
211,Merci,Maurine,Merci.Maurine@yopmail.com,1954-02-08
212,Consuela,Urania,Consuela.Urania@yopmail.com,1994-07-26
213,Hollie,Engdahl,Hollie.Engdahl@yopmail.com,1920-01-31
214,Lacie,Hanleigh,Lacie.Hanleigh@yopmail.com,1961-09-21
215,Dorothy,Velick,Dorothy.Velick@yopmail.com,1947-06-06
216,Goldie,Niccolo,Goldie.Niccolo@yopmail.com,2010-11-10
217,Beatriz,Pettiford,Beatriz.Pettiford@yopmail.com,1985-07-06
218,Sibella,Carlson,Sibella.Carlson@yopmail.com,1935-04-07
219,Gilda,Odell,Gilda.Odell@yopmail.com,1929-12-15
220,Rosaline,Hollingsworth,Rosaline.Hollingsworth@yopmail.com,2004-05-23
221,Liana,Bobbee,Liana.Bobbee@yopmail.com,1905-05-15
222,Kirstin,Denis,Kirstin.Denis@yopmail.com,1936-08-21
223,Kimberley,Birdella,Kimberley.Birdella@yopmail.com,2006-03-26
224,Christy,Karylin,Christy.Karylin@yopmail.com,2012-07-31
225,Celestyna,Tiffa,Celestyna.Tiffa@yopmail.com,1935-11-25
226,Kathi,Artie,Kathi.Artie@yopmail.com,1945-04-08
227,Courtnay,Reidar,Courtnay.Reidar@yopmail.com,1940-09-06
228,Gwyneth,Durware,Gwyneth.Durware@yopmail.com,1909-11-19
229,Merrie,Darian,Merrie.Darian@yopmail.com,1994-12-24
230,Vita,Colp,Vita.Colp@yopmail.com,1950-03-14
231,Nariko,Urias,Nariko.Urias@yopmail.com,2001-12-20
232,Miquela,Elvyn,Miquela.Elvyn@yopmail.com,1981-07-02
233,Tilly,Michella,Tilly.Michella@yopmail.com,1930-08-04
234,Letizia,Wareing,Letizia.Wareing@yopmail.com,1943-08-15
235,Elmira,Harl,Elmira.Harl@yopmail.com,1937-12-22
236,Annice,Khorma,Annice.Khorma@yopmail.com,2002-06-29
237,Nonnah,Slifka,Nonnah.Slifka@yopmail.com,1957-12-17
238,Sara-Ann,Pelagias,Sara-Ann.Pelagias@yopmail.com,2017-12-15
239,Adriana,Celestine,Adriana.Celestine@yopmail.com,1928-07-03
240,Dennie,Bibi,Dennie.Bibi@yopmail.com,1942-11-14
241,Jinny,Cordi,Jinny.Cordi@yopmail.com,1991-09-10
242,Loree,Hanshaw,Loree.Hanshaw@yopmail.com,1992-08-08
243,Aubrie,Dimitris,Aubrie.Dimitris@yopmail.com,1987-01-14
244,Shannah,Lissi,Shannah.Lissi@yopmail.com,1968-10-24
245,Ericka,Robertson,Ericka.Robertson@yopmail.com,1985-12-05
246,Leona,Lumbard,Leona.Lumbard@yopmail.com,1937-12-10
247,Margarette,Means,Margarette.Means@yopmail.com,1988-08-14
248,Trixi,Cristi,Trixi.Cristi@yopmail.com,1918-01-07
249,Renae,Rosemary,Renae.Rosemary@yopmail.com,1973-08-06
250,Blake,Matthew,Blake.Matthew@yopmail.com,2014-04-18
251,Orsola,Oriana,Orsola.Oriana@yopmail.com,2019-11-17
252,Raf,Serilda,Raf.Serilda@yopmail.com,1940-10-30
253,Sallie,Kunin,Sallie.Kunin@yopmail.com,1903-08-17
254,Yetty,Nerita,Yetty.Nerita@yopmail.com,1938-04-02
255,Hallie,Yoko,Hallie.Yoko@yopmail.com,1990-11-28
256,Cassandra,Tomasina,Cassandra.Tomasina@yopmail.com,1974-05-26
257,Modestia,Niccolo,Modestia.Niccolo@yopmail.com,2016-01-13
258,Petronia,Claudine,Petronia.Claudine@yopmail.com,1963-05-21
259,Althea,Norvol,Althea.Norvol@yopmail.com,1911-06-11
260,Ketti,Morgun,Ketti.Morgun@yopmail.com,2014-12-23
261,Violet,Lorenz,Violet.Lorenz@yopmail.com,2015-08-03
262,Lindie,Thornburg,Lindie.Thornburg@yopmail.com,1969-06-24
263,Lolita,Belldas,Lolita.Belldas@yopmail.com,2006-05-19
264,Deane,Destinee,Deane.Destinee@yopmail.com,1965-05-15
265,Lorie,Leifeste,Lorie.Leifeste@yopmail.com,1953-03-06
266,Renae,Corrine,Renae.Corrine@yopmail.com,1941-11-21
267,Lexine,Poll,Lexine.Poll@yopmail.com,1940-08-24
268,Tilly,Valerio,Tilly.Valerio@yopmail.com,1924-10-25
269,Linzy,Corilla,Linzy.Corilla@yopmail.com,1975-12-31
270,Concettina,Gombach,Concettina.Gombach@yopmail.com,1972-02-13
271,Nessie,Stanwood,Nessie.Stanwood@yopmail.com,1912-03-27
272,Raquela,McGrody,Raquela.McGrody@yopmail.com,1946-11-18
273,Karolina,Kare,Karolina.Kare@yopmail.com,1993-06-02
274,Teddie,Clarissa,Teddie.Clarissa@yopmail.com,1958-03-09
275,Darlleen,Jaylene,Darlleen.Jaylene@yopmail.com,1951-09-02
276,Krystle,Artie,Krystle.Artie@yopmail.com,1963-12-28
277,Mireielle,Gilmour,Mireielle.Gilmour@yopmail.com,1916-03-30
278,Lucy,Wiener,Lucy.Wiener@yopmail.com,1917-06-15
279,Claudina,Aprile,Claudina.Aprile@yopmail.com,1965-07-19
280,Wileen,Carolin,Wileen.Carolin@yopmail.com,2018-09-28
281,June,Beebe,June.Beebe@yopmail.com,1924-03-01
282,Carlie,Screens,Carlie.Screens@yopmail.com,1985-12-26
283,Gratia,Margret,Gratia.Margret@yopmail.com,1955-10-04
284,Melanie,Ralfston,Melanie.Ralfston@yopmail.com,1951-05-14
285,Fred,Zola,Fred.Zola@yopmail.com,1947-08-09
286,Eugine,Gamaliel,Eugine.Gamaliel@yopmail.com,1957-10-26
287,Zaria,Zitvaa,Zaria.Zitvaa@yopmail.com,2002-11-24
288,Marti,Faro,Marti.Faro@yopmail.com,1969-05-02
289,Pierette,Carri,Pierette.Carri@yopmail.com,1901-04-13
290,Gusty,Delila,Gusty.Delila@yopmail.com,2018-07-21
291,Cristabel,Chaing,Cristabel.Chaing@yopmail.com,2014-12-01
292,Nicoli,Casimir,Nicoli.Casimir@yopmail.com,1975-08-05
293,Shel,Yorick,Shel.Yorick@yopmail.com,2007-05-15
294,Stacey,Joni,Stacey.Joni@yopmail.com,1971-11-19
295,Christian,Wyn,Christian.Wyn@yopmail.com,1939-04-28
296,Trixi,Darrell,Trixi.Darrell@yopmail.com,1968-01-03
297,Linet,Pozzy,Linet.Pozzy@yopmail.com,1910-04-15
298,Camile,Eugenia,Camile.Eugenia@yopmail.com,1984-12-31
299,Mallory,Madelene,Mallory.Madelene@yopmail.com,1943-12-11
300,Chickie,Girardo,Chickie.Girardo@yopmail.com,2013-12-29
301,Lauryn,Weide,Lauryn.Weide@yopmail.com,1923-02-27
302,Anica,Rad,Anica.Rad@yopmail.com,1945-05-31
303,Gertrud,Ovid,Gertrud.Ovid@yopmail.com,1999-09-26
304,Josephine,Vivle,Josephine.Vivle@yopmail.com,1962-03-01
305,Kylynn,Baptlsta,Kylynn.Baptlsta@yopmail.com,1917-05-18
306,Ardenia,Jacobah,Ardenia.Jacobah@yopmail.com,1955-11-07
307,Florencia,Belldas,Florencia.Belldas@yopmail.com,1916-03-14
308,Candy,Burch,Candy.Burch@yopmail.com,1948-06-07
309,Yetty,Wiener,Yetty.Wiener@yopmail.com,2019-08-17
310,Gianina,Marijo,Gianina.Marijo@yopmail.com,1906-10-03
311,Alia,Adamsen,Alia.Adamsen@yopmail.com,1980-02-24
312,Melina,Atcliffe,Melina.Atcliffe@yopmail.com,1996-06-05
313,Madeleine,Amasa,Madeleine.Amasa@yopmail.com,1995-05-16
314,Clementine,Buckler,Clementine.Buckler@yopmail.com,1957-05-09
315,Collen,Angelis,Collen.Angelis@yopmail.com,1968-01-07
316,Candy,Docilla,Candy.Docilla@yopmail.com,1961-08-24
317,Elena,Swanhildas,Elena.Swanhildas@yopmail.com,2002-05-06
318,Oralee,Ephrem,Oralee.Ephrem@yopmail.com,1933-10-06
319,Caryl,Joni,Caryl.Joni@yopmail.com,1981-07-30
320,Beverley,Barney,Beverley.Barney@yopmail.com,1904-03-10
321,Gusella,Daegal,Gusella.Daegal@yopmail.com,1978-08-19
322,Kirbee,Florina,Kirbee.Florina@yopmail.com,1920-10-23
323,Marylou,Birdella,Marylou.Birdella@yopmail.com,1910-10-15
324,Ashlee,Pettiford,Ashlee.Pettiford@yopmail.com,2018-06-21
325,Deane,Muriel,Deane.Muriel@yopmail.com,2016-07-09
326,Bill,Tybald,Bill.Tybald@yopmail.com,1966-10-10
327,Caritta,Israeli,Caritta.Israeli@yopmail.com,1907-05-04
328,Roseline,Gilbertson,Roseline.Gilbertson@yopmail.com,1913-11-20
329,Frank,Leifeste,Frank.Leifeste@yopmail.com,1901-09-30
330,Blake,Glovsky,Blake.Glovsky@yopmail.com,1955-02-27
331,Natka,Bandeen,Natka.Bandeen@yopmail.com,1932-05-13
332,Beth,Yoko,Beth.Yoko@yopmail.com,1968-06-08
333,Taffy,Kat,Taffy.Kat@yopmail.com,1925-01-02
334,Lelah,Nerita,Lelah.Nerita@yopmail.com,1902-08-03
335,Adriana,Susannah,Adriana.Susannah@yopmail.com,1944-02-13
336,Marita,Loeb,Marita.Loeb@yopmail.com,1933-12-29
337,Hope,Sprage,Hope.Sprage@yopmail.com,1990-05-15
338,Loree,Roarke,Loree.Roarke@yopmail.com,1943-10-24
339,Chastity,Hubert,Chastity.Hubert@yopmail.com,1996-12-07
340,Moyna,Krystle,Moyna.Krystle@yopmail.com,1995-02-04
341,Chandra,Fadiman,Chandra.Fadiman@yopmail.com,1959-05-04
342,Jaclyn,Tacye,Jaclyn.Tacye@yopmail.com,1967-01-25
343,Carol-Jean,Amethist,Carol-Jean.Amethist@yopmail.com,1923-03-01
344,Lelah,Thema,Lelah.Thema@yopmail.com,1943-12-18
345,Julieta,Pacorro,Julieta.Pacorro@yopmail.com,1983-10-13
346,Vivia,Goddard,Vivia.Goddard@yopmail.com,1966-04-07
347,Raquela,Colleen,Raquela.Colleen@yopmail.com,1931-10-15
348,Kamilah,Burnside,Kamilah.Burnside@yopmail.com,1907-07-14
349,Natka,Haerr,Natka.Haerr@yopmail.com,1934-01-24
350,Rosabelle,Cohdwell,Rosabelle.Cohdwell@yopmail.com,1930-08-25
351,Gloria,Sprage,Gloria.Sprage@yopmail.com,1917-03-26
352,Livvyy,Sherfield,Livvyy.Sherfield@yopmail.com,1905-07-18
353,Dominga,Ochs,Dominga.Ochs@yopmail.com,1906-01-24
354,Jere,Dearborn,Jere.Dearborn@yopmail.com,1925-09-07
355,Arabel,Dowski,Arabel.Dowski@yopmail.com,1976-04-03
356,Gretal,Adamsen,Gretal.Adamsen@yopmail.com,1985-09-24
357,Claresta,Martguerita,Claresta.Martguerita@yopmail.com,1974-07-06
358,Drucie,Clarissa,Drucie.Clarissa@yopmail.com,1926-07-17
359,Sissy,Dimitris,Sissy.Dimitris@yopmail.com,1990-05-15
360,Vanessa,Anestassia,Vanessa.Anestassia@yopmail.com,1989-12-20
361,Alie,Tjon,Alie.Tjon@yopmail.com,1982-05-14
362,Jillayne,Aaberg,Jillayne.Aaberg@yopmail.com,2006-03-05
363,Xylina,Wareing,Xylina.Wareing@yopmail.com,1907-11-14
364,Nataline,Hortensia,Nataline.Hortensia@yopmail.com,1967-09-23
365,Brynna,Maroney,Brynna.Maroney@yopmail.com,1977-11-10
366,Deirdre,Pandolfi,Deirdre.Pandolfi@yopmail.com,2018-05-31
367,Janenna,Charity,Janenna.Charity@yopmail.com,1952-03-14
368,Daune,Serilda,Daune.Serilda@yopmail.com,1947-05-07
369,Nessie,Alwin,Nessie.Alwin@yopmail.com,1937-01-07
370,Courtnay,Elo,Courtnay.Elo@yopmail.com,2000-10-21
371,Agathe,Gilbertson,Agathe.Gilbertson@yopmail.com,1933-11-23
372,Ardys,Reinke,Ardys.Reinke@yopmail.com,1997-07-27
373,Sibella,Francyne,Sibella.Francyne@yopmail.com,1926-10-26
374,Kristan,Scammon,Kristan.Scammon@yopmail.com,2019-09-30
375,Leanna,Alisia,Leanna.Alisia@yopmail.com,1901-03-17
376,Selia,Hourigan,Selia.Hourigan@yopmail.com,1908-02-25
377,Elise,Sacken,Elise.Sacken@yopmail.com,1983-12-05
378,Adriana,Dosia,Adriana.Dosia@yopmail.com,1948-11-05
379,Ermengarde,Codding,Ermengarde.Codding@yopmail.com,1903-11-24
380,Alex,Rustice,Alex.Rustice@yopmail.com,2018-05-04
381,Libbie,Magdalen,Libbie.Magdalen@yopmail.com,1935-02-11
382,Feliza,Gwenore,Feliza.Gwenore@yopmail.com,2004-02-14
383,Kara-Lynn,Halla,Kara-Lynn.Halla@yopmail.com,1958-08-13
384,Elsie,Nea,Elsie.Nea@yopmail.com,1972-12-14
385,Catharine,Himelman,Catharine.Himelman@yopmail.com,1943-08-11
386,Margarette,Carey,Margarette.Carey@yopmail.com,1960-03-06
387,Tani,Gino,Tani.Gino@yopmail.com,1909-09-22
388,Leanna,Bow,Leanna.Bow@yopmail.com,1969-02-12
389,Luci,Celestine,Luci.Celestine@yopmail.com,1979-07-19
390,Benita,Leffen,Benita.Leffen@yopmail.com,1992-02-04
391,Tracey,Cyrie,Tracey.Cyrie@yopmail.com,1964-07-31
392,Henriette,Kalinda,Henriette.Kalinda@yopmail.com,1900-01-26
393,Mariann,Bobbee,Mariann.Bobbee@yopmail.com,1944-02-09
394,Rebeca,Stacy,Rebeca.Stacy@yopmail.com,1982-12-24
395,Collen,Connelly,Collen.Connelly@yopmail.com,1983-11-12
396,Jinny,Leonard,Jinny.Leonard@yopmail.com,2007-07-02
397,Tomasina,Nance,Tomasina.Nance@yopmail.com,1967-12-10
398,Zondra,Raul,Zondra.Raul@yopmail.com,1900-04-30
399,Susan,Ilka,Susan.Ilka@yopmail.com,1980-04-23
400,Cristine,Justinn,Cristine.Justinn@yopmail.com,1969-07-02
401,Karlee,Carolin,Karlee.Carolin@yopmail.com,1903-11-18
402,Rosaline,Andrel,Rosaline.Andrel@yopmail.com,1985-08-13
403,Binny,Ioab,Binny.Ioab@yopmail.com,1970-01-01
404,Amii,Podvin,Amii.Podvin@yopmail.com,1992-12-15
405,Siana,Brenn,Siana.Brenn@yopmail.com,1948-02-21
406,Margette,Tristram,Margette.Tristram@yopmail.com,2017-10-19
407,Tera,Dunkin,Tera.Dunkin@yopmail.com,2001-04-29
408,Karena,Bennie,Karena.Bennie@yopmail.com,1958-12-27
409,Jolyn,Hermes,Jolyn.Hermes@yopmail.com,1968-02-02
410,Brena,Mintz,Brena.Mintz@yopmail.com,1988-09-22
411,Joy,Keelia,Joy.Keelia@yopmail.com,1990-12-05
412,Gaylene,Campball,Gaylene.Campball@yopmail.com,1928-07-22
413,Xylina,Allys,Xylina.Allys@yopmail.com,1975-12-17
414,Jordan,Voletta,Jordan.Voletta@yopmail.com,1941-06-08
415,Lorne,Carolin,Lorne.Carolin@yopmail.com,2005-06-26
416,Almeta,Adrienne,Almeta.Adrienne@yopmail.com,2017-03-04
417,Rani,Brenn,Rani.Brenn@yopmail.com,1958-07-26
418,Melina,Palocz,Melina.Palocz@yopmail.com,2003-04-21
419,Sadie,Philoo,Sadie.Philoo@yopmail.com,1960-06-03
420,Dorthy,Hollingsworth,Dorthy.Hollingsworth@yopmail.com,1968-07-24
421,Lolita,Lattie,Lolita.Lattie@yopmail.com,1990-11-23
422,Laure,Greenwald,Laure.Greenwald@yopmail.com,1935-10-18
423,Candi,Dosia,Candi.Dosia@yopmail.com,1999-09-02
424,Binny,Bow,Binny.Bow@yopmail.com,1932-04-01
425,Gratia,Hartnett,Gratia.Hartnett@yopmail.com,2014-09-26
426,Ann-Marie,Pettiford,Ann-Marie.Pettiford@yopmail.com,2001-07-22
427,Queenie,Secrest,Queenie.Secrest@yopmail.com,1958-07-14
428,Ninnetta,Fadiman,Ninnetta.Fadiman@yopmail.com,1943-03-29
429,Donetta,Lia,Donetta.Lia@yopmail.com,1922-10-28
430,Luci,Lory,Luci.Lory@yopmail.com,1959-04-19
431,Adriana,Fiester,Adriana.Fiester@yopmail.com,1934-12-14
432,Marnia,Zuzana,Marnia.Zuzana@yopmail.com,1929-03-26
433,Emma,Gilmour,Emma.Gilmour@yopmail.com,1946-07-24
434,Tressa,Burch,Tressa.Burch@yopmail.com,2009-09-28
435,Beverley,Elo,Beverley.Elo@yopmail.com,1986-11-26
436,Emelina,Cottle,Emelina.Cottle@yopmail.com,1941-10-11
437,Rubie,Fredi,Rubie.Fredi@yopmail.com,1912-10-05
438,Monika,Sibyls,Monika.Sibyls@yopmail.com,1908-03-03
439,Merrie,Alrich,Merrie.Alrich@yopmail.com,2004-12-27
440,Glynnis,Allys,Glynnis.Allys@yopmail.com,1994-02-27
441,Brana,Astra,Brana.Astra@yopmail.com,1915-01-17
442,Fanchon,Aurelio,Fanchon.Aurelio@yopmail.com,2015-11-08
443,Janis,Ophelia,Janis.Ophelia@yopmail.com,1982-11-23
444,Louella,Velick,Louella.Velick@yopmail.com,1946-01-24
445,Orelia,Decato,Orelia.Decato@yopmail.com,1943-10-12
446,Bibby,Olnee,Bibby.Olnee@yopmail.com,1947-12-02
447,Tani,Buttaro,Tani.Buttaro@yopmail.com,1980-01-22
448,Arabel,Wolfgram,Arabel.Wolfgram@yopmail.com,1956-05-12
449,Carlie,Mehalek,Carlie.Mehalek@yopmail.com,2015-12-04
450,Catrina,Durante,Catrina.Durante@yopmail.com,1910-04-05
451,Rivalee,Gaspard,Rivalee.Gaspard@yopmail.com,1925-01-13
452,Aurore,Oriana,Aurore.Oriana@yopmail.com,1942-10-31
453,Hayley,Darrell,Hayley.Darrell@yopmail.com,2016-09-23
454,Alyda,Graig,Alyda.Graig@yopmail.com,1981-06-09
455,Emmey,Fabiola,Emmey.Fabiola@yopmail.com,1985-01-10
456,Gretal,Raseda,Gretal.Raseda@yopmail.com,1998-07-12
457,Ulrike,Suzetta,Ulrike.Suzetta@yopmail.com,1907-02-26
458,Sabina,Seumas,Sabina.Seumas@yopmail.com,1980-05-23
459,Kara-Lynn,Oriana,Kara-Lynn.Oriana@yopmail.com,1911-06-24
460,Frieda,Azeria,Frieda.Azeria@yopmail.com,1915-09-13
461,Tarra,Adrienne,Tarra.Adrienne@yopmail.com,1958-08-30
462,Kaja,Riva,Kaja.Riva@yopmail.com,1911-10-31
463,Lory,Lareena,Lory.Lareena@yopmail.com,2002-04-08
464,Asia,Joachim,Asia.Joachim@yopmail.com,1933-12-02
465,Celene,Fabiola,Celene.Fabiola@yopmail.com,2007-01-12
466,Ninnetta,Lalitta,Ninnetta.Lalitta@yopmail.com,1964-01-11
467,Libbie,Redmond,Libbie.Redmond@yopmail.com,1996-10-29
468,Wanda,Hashim,Wanda.Hashim@yopmail.com,1931-09-21
469,Siana,Ogren,Siana.Ogren@yopmail.com,1929-09-21
470,Bernardine,Martsen,Bernardine.Martsen@yopmail.com,1989-07-27
471,Ivett,Wildermuth,Ivett.Wildermuth@yopmail.com,1959-12-04
472,Katuscha,Jalbert,Katuscha.Jalbert@yopmail.com,1995-09-15
473,Nariko,Francene,Nariko.Francene@yopmail.com,1991-07-13
474,Ermengarde,Ezar,Ermengarde.Ezar@yopmail.com,1941-07-26
475,Anallese,Darbie,Anallese.Darbie@yopmail.com,1946-11-20
476,Lynea,Annabella,Lynea.Annabella@yopmail.com,1986-05-24
477,Brandise,Lucienne,Brandise.Lucienne@yopmail.com,1923-02-01
478,Ada,Lucienne,Ada.Lucienne@yopmail.com,1919-09-21
479,Genovera,Roche,Genovera.Roche@yopmail.com,1917-10-17
480,Jacquetta,Francyne,Jacquetta.Francyne@yopmail.com,1999-05-23
481,Paulita,Danby,Paulita.Danby@yopmail.com,1903-10-28
482,Lynnea,Melan,Lynnea.Melan@yopmail.com,1957-06-11
483,Fredericka,Baylor,Fredericka.Baylor@yopmail.com,1965-04-29
484,Kaja,Serilda,Kaja.Serilda@yopmail.com,1941-05-31
485,Jan,Kolnick,Jan.Kolnick@yopmail.com,2018-06-29
486,Catharine,Mandler,Catharine.Mandler@yopmail.com,1963-10-18
487,Fawne,Aprile,Fawne.Aprile@yopmail.com,1952-04-28
488,Roberta,Tamar,Roberta.Tamar@yopmail.com,1964-02-03
489,Nelle,Marsden,Nelle.Marsden@yopmail.com,1915-11-26
490,Yolane,Maples,Yolane.Maples@yopmail.com,1907-11-18
491,Lesly,Bahr,Lesly.Bahr@yopmail.com,1918-06-30
492,Sherrie,Maisey,Sherrie.Maisey@yopmail.com,1947-09-16
493,Almeta,Bertold,Almeta.Bertold@yopmail.com,2014-01-25
494,Damaris,Mandler,Damaris.Mandler@yopmail.com,1932-01-12
495,Lilith,Estella,Lilith.Estella@yopmail.com,1944-04-15
496,Dagmar,Swanhildas,Dagmar.Swanhildas@yopmail.com,1968-04-19
497,Jobi,Carlson,Jobi.Carlson@yopmail.com,1970-10-02
498,Josephine,Raul,Josephine.Raul@yopmail.com,1948-01-23
499,Fredericka,Delila,Fredericka.Delila@yopmail.com,1948-05-03
500,Patricia,Bach,Patricia.Bach@yopmail.com,1970-10-12
501,Ninnetta,Rocray,Ninnetta.Rocray@yopmail.com,2007-12-25
502,Henriette,Bates,Henriette.Bates@yopmail.com,1993-03-03
503,Wynne,Johanna,Wynne.Johanna@yopmail.com,1922-06-09
504,Dari,Pozzy,Dari.Pozzy@yopmail.com,2018-06-28
505,Charmaine,Gert,Charmaine.Gert@yopmail.com,2008-04-19
506,Tilly,Naashom,Tilly.Naashom@yopmail.com,1980-02-20
507,Bernardine,Ulphia,Bernardine.Ulphia@yopmail.com,2003-03-25
508,Bernardine,Berard,Bernardine.Berard@yopmail.com,2005-05-18
509,Jessy,Chem,Jessy.Chem@yopmail.com,1999-05-01
510,Marinna,Grimbly,Marinna.Grimbly@yopmail.com,1939-05-22
511,Edyth,Korey,Edyth.Korey@yopmail.com,1972-03-20
512,Madelle,Crudden,Madelle.Crudden@yopmail.com,1999-08-02
513,Jobi,Cornelia,Jobi.Cornelia@yopmail.com,1925-03-19
514,Phedra,Loeb,Phedra.Loeb@yopmail.com,1979-01-31
515,Darci,Danby,Darci.Danby@yopmail.com,1908-12-15
516,Aurore,Faust,Aurore.Faust@yopmail.com,1934-03-31
517,Ricky,Alva,Ricky.Alva@yopmail.com,1986-06-27
518,Christal,Ephrem,Christal.Ephrem@yopmail.com,1955-06-15
519,Elena,Dahlia,Elena.Dahlia@yopmail.com,1964-04-24
520,Alexine,Schroth,Alexine.Schroth@yopmail.com,2008-08-17
521,Beth,Elisha,Beth.Elisha@yopmail.com,1939-11-09
522,Juliane,Arley,Juliane.Arley@yopmail.com,1938-08-25
523,Shell,Kolnick,Shell.Kolnick@yopmail.com,2001-09-17
524,Renae,Lucienne,Renae.Lucienne@yopmail.com,1965-05-14
525,Rori,Bergman,Rori.Bergman@yopmail.com,1951-05-01
526,Paule,O'Neill,Paule.O'Neill@yopmail.com,1957-05-14
527,Cordi,Atcliffe,Cordi.Atcliffe@yopmail.com,1995-06-21
528,Joane,Calhoun,Joane.Calhoun@yopmail.com,1908-08-14
529,Marinna,Johanna,Marinna.Johanna@yopmail.com,1980-12-23
530,Hermione,Damarra,Hermione.Damarra@yopmail.com,1952-08-11
531,Rivalee,Weitman,Rivalee.Weitman@yopmail.com,1957-10-20
532,Odessa,Koehler,Odessa.Koehler@yopmail.com,1949-03-14
533,Lucille,Iiette,Lucille.Iiette@yopmail.com,1919-07-11
534,Marjie,Evangelia,Marjie.Evangelia@yopmail.com,1975-01-29
535,Marcelline,Corrine,Marcelline.Corrine@yopmail.com,1919-04-27
536,Amalie,Tryck,Amalie.Tryck@yopmail.com,1936-09-12
537,Concettina,Zenas,Concettina.Zenas@yopmail.com,1912-02-09
538,Karina,Franza,Karina.Franza@yopmail.com,1999-09-16
539,Celestyna,Weinreb,Celestyna.Weinreb@yopmail.com,1922-03-27
540,Tina,Dunkin,Tina.Dunkin@yopmail.com,1951-08-15
541,Dacia,Eachern,Dacia.Eachern@yopmail.com,2013-04-29
542,Helena,McAdams,Helena.McAdams@yopmail.com,2011-09-23
543,Codie,Ellord,Codie.Ellord@yopmail.com,2006-12-01
544,Helena,Mullane,Helena.Mullane@yopmail.com,1934-03-10
545,Elka,Suzetta,Elka.Suzetta@yopmail.com,1976-11-08
546,Aaren,Kirbee,Aaren.Kirbee@yopmail.com,2017-02-14
547,Consuela,Cleo,Consuela.Cleo@yopmail.com,1940-04-01
548,Tarra,Croix,Tarra.Croix@yopmail.com,2000-09-15
549,Gertrud,Mendez,Gertrud.Mendez@yopmail.com,1999-04-04
550,Sissy,Lory,Sissy.Lory@yopmail.com,1996-04-16
551,Xylina,Drisko,Xylina.Drisko@yopmail.com,1961-12-09
552,Bobbi,Septima,Bobbi.Septima@yopmail.com,1986-04-06
553,Jackie,Maroney,Jackie.Maroney@yopmail.com,1979-01-26
554,Zsa Zsa,Poppy,Zsa Zsa.Poppy@yopmail.com,2000-02-18
555,Randa,Hamil,Randa.Hamil@yopmail.com,1907-12-01
556,Lorie,Lilybelle,Lorie.Lilybelle@yopmail.com,1945-02-09
557,Nollie,Wandie,Nollie.Wandie@yopmail.com,1987-10-03
558,Layla,Allare,Layla.Allare@yopmail.com,1970-12-30
559,Katleen,Quent,Katleen.Quent@yopmail.com,1977-09-25
560,Maud,Rozanna,Maud.Rozanna@yopmail.com,2004-12-07
561,Camile,Tannie,Camile.Tannie@yopmail.com,1922-01-24
562,Grier,Jorgan,Grier.Jorgan@yopmail.com,2008-07-28
563,Emmey,Nunci,Emmey.Nunci@yopmail.com,1952-10-27
564,Bettine,Giff,Bettine.Giff@yopmail.com,1996-09-12
565,Ursulina,Lipson,Ursulina.Lipson@yopmail.com,2005-11-02
566,Micheline,Longfellow,Micheline.Longfellow@yopmail.com,1972-05-25
567,Merci,Vale,Merci.Vale@yopmail.com,1982-01-12
568,Asia,Taima,Asia.Taima@yopmail.com,1919-05-23
569,Thalia,Lumbard,Thalia.Lumbard@yopmail.com,1948-06-29
570,Livvyy,Merell,Livvyy.Merell@yopmail.com,1914-02-15
571,Jennica,Saree,Jennica.Saree@yopmail.com,2018-05-19
572,Gwyneth,Fabiola,Gwyneth.Fabiola@yopmail.com,1943-05-07
573,Angelique,Bandeen,Angelique.Bandeen@yopmail.com,1975-04-27
574,Marinna,McNully,Marinna.McNully@yopmail.com,2009-09-22
575,Melina,Merna,Melina.Merna@yopmail.com,1928-06-19
576,Cherilyn,Richers,Cherilyn.Richers@yopmail.com,1992-03-25
577,Kirstin,Audly,Kirstin.Audly@yopmail.com,1998-03-02
578,Roxane,Sholley,Roxane.Sholley@yopmail.com,1910-07-28
579,Darlleen,Brackely,Darlleen.Brackely@yopmail.com,1988-01-11
580,Gloria,Lunsford,Gloria.Lunsford@yopmail.com,2010-09-02
581,Myrtice,Orpah,Myrtice.Orpah@yopmail.com,1987-05-16
582,Halette,Bibi,Halette.Bibi@yopmail.com,1939-11-11
583,Brynna,Billye,Brynna.Billye@yopmail.com,1987-01-24
584,Rosene,Solitta,Rosene.Solitta@yopmail.com,1961-08-30
585,Randa,Dorcy,Randa.Dorcy@yopmail.com,1974-10-25
586,Shaine,Izaak,Shaine.Izaak@yopmail.com,2016-04-01
587,Donetta,Phi,Donetta.Phi@yopmail.com,1978-05-10
588,Hayley,Byrne,Hayley.Byrne@yopmail.com,2016-09-30
589,Lolita,Gemini,Lolita.Gemini@yopmail.com,2002-06-23
590,Liana,Cordi,Liana.Cordi@yopmail.com,1952-10-21
591,Alyssa,Gaal,Alyssa.Gaal@yopmail.com,1907-06-01
592,Dulce,Roxanna,Dulce.Roxanna@yopmail.com,1992-05-20
593,Eve,Gherardo,Eve.Gherardo@yopmail.com,1962-07-16
594,Alisha,Roumell,Alisha.Roumell@yopmail.com,1977-02-08
595,Michaelina,Daegal,Michaelina.Daegal@yopmail.com,1985-09-23
596,June,Suk,June.Suk@yopmail.com,2007-02-09
597,Elfreda,Susannah,Elfreda.Susannah@yopmail.com,1918-02-14
598,Lanae,Burch,Lanae.Burch@yopmail.com,1944-12-24
599,Lorie,Jobi,Lorie.Jobi@yopmail.com,1953-01-21
600,Ida,Sacken,Ida.Sacken@yopmail.com,1920-04-17
601,Vevay,Alrich,Vevay.Alrich@yopmail.com,1920-08-09
602,Christian,Kunin,Christian.Kunin@yopmail.com,1971-01-31
603,Meriel,Gualtiero,Meriel.Gualtiero@yopmail.com,1966-05-26
604,Harrietta,Yuille,Harrietta.Yuille@yopmail.com,1949-08-03
605,Ericka,Skell,Ericka.Skell@yopmail.com,1922-12-20
606,Agathe,Skurnik,Agathe.Skurnik@yopmail.com,1976-06-21
607,Agnese,Guthrie,Agnese.Guthrie@yopmail.com,2006-01-26
608,Dede,Adrienne,Dede.Adrienne@yopmail.com,1946-01-27
609,Sue,Kosey,Sue.Kosey@yopmail.com,1956-09-10
610,Teddie,Gino,Teddie.Gino@yopmail.com,1915-09-06
611,Steffane,Ophelia,Steffane.Ophelia@yopmail.com,1935-12-17
612,Jillayne,Stuart,Jillayne.Stuart@yopmail.com,1922-11-18
613,Hettie,Zina,Hettie.Zina@yopmail.com,1985-12-06
614,Marinna,Ursulette,Marinna.Ursulette@yopmail.com,1989-09-09
615,Theodora,Ethban,Theodora.Ethban@yopmail.com,1912-10-02
616,Zsa Zsa,Lail,Zsa Zsa.Lail@yopmail.com,2017-06-04
617,Brynna,Aldric,Brynna.Aldric@yopmail.com,1996-08-16
618,Doralynne,Dawkins,Doralynne.Dawkins@yopmail.com,1911-11-03
619,Inga,Azeria,Inga.Azeria@yopmail.com,1935-09-21
620,Marguerite,Prober,Marguerite.Prober@yopmail.com,1952-08-06
621,Nicoli,Bevin,Nicoli.Bevin@yopmail.com,1954-11-08
622,Gianina,Hewitt,Gianina.Hewitt@yopmail.com,1908-02-19
623,Rosanne,Ephrem,Rosanne.Ephrem@yopmail.com,1956-12-30
624,Kaia,Constancy,Kaia.Constancy@yopmail.com,1929-11-14
625,Caryl,Faro,Caryl.Faro@yopmail.com,1937-03-21
626,Isa,Rubie,Isa.Rubie@yopmail.com,1949-08-12
627,Gabi,Faso,Gabi.Faso@yopmail.com,1935-04-05
628,Oona,Reidar,Oona.Reidar@yopmail.com,1969-06-29
629,Annabela,Horan,Annabela.Horan@yopmail.com,1961-03-31
630,Flory,Libna,Flory.Libna@yopmail.com,1987-04-23
631,Verla,Anyah,Verla.Anyah@yopmail.com,1991-04-28
632,Gabi,Truc,Gabi.Truc@yopmail.com,1955-01-07
633,Susette,Sancho,Susette.Sancho@yopmail.com,1934-03-08
634,Catrina,Armanda,Catrina.Armanda@yopmail.com,1982-05-09
635,Brena,Zaslow,Brena.Zaslow@yopmail.com,1999-01-17
636,Gale,Joachim,Gale.Joachim@yopmail.com,2015-05-13
637,Roxane,Craggie,Roxane.Craggie@yopmail.com,1914-04-14
638,Marcy,Hutchison,Marcy.Hutchison@yopmail.com,1987-09-23
639,Celene,Sherfield,Celene.Sherfield@yopmail.com,1990-12-19
640,Brena,Wadell,Brena.Wadell@yopmail.com,1980-04-19
641,Regina,Fillbert,Regina.Fillbert@yopmail.com,1997-03-08
642,Xylina,Pozzy,Xylina.Pozzy@yopmail.com,1919-03-02
643,Madalyn,Lay,Madalyn.Lay@yopmail.com,1912-09-30
644,Daune,Peti,Daune.Peti@yopmail.com,1928-04-10
645,Alyda,Faso,Alyda.Faso@yopmail.com,1933-11-30
646,Eve,Juliet,Eve.Juliet@yopmail.com,1980-01-27
647,Britte,Center,Britte.Center@yopmail.com,1941-01-19
648,Melisent,Boycey,Melisent.Boycey@yopmail.com,1955-05-28
649,Meghann,Dichy,Meghann.Dichy@yopmail.com,2010-07-05
650,Briney,Mullane,Briney.Mullane@yopmail.com,1950-07-12
651,Henriette,Bates,Henriette.Bates@yopmail.com,1919-06-05
652,Tracey,Skurnik,Tracey.Skurnik@yopmail.com,1901-06-19
653,Almeta,Lymann,Almeta.Lymann@yopmail.com,1923-04-20
654,Fanny,Deny,Fanny.Deny@yopmail.com,1931-12-02
655,Ginnie,Jobi,Ginnie.Jobi@yopmail.com,1990-09-29
656,Mamie,Colp,Mamie.Colp@yopmail.com,1918-03-27
657,Elena,Dermott,Elena.Dermott@yopmail.com,1968-05-05
658,Sam,Cordi,Sam.Cordi@yopmail.com,1966-09-30
659,Rani,Niccolo,Rani.Niccolo@yopmail.com,1971-07-31
660,Mara,Hartnett,Mara.Hartnett@yopmail.com,1926-01-31
661,Gavrielle,Yuille,Gavrielle.Yuille@yopmail.com,1904-02-07
662,Lonnie,Iaverne,Lonnie.Iaverne@yopmail.com,1991-02-08
663,Eadie,Elephus,Eadie.Elephus@yopmail.com,1968-11-13
664,Pearline,Graig,Pearline.Graig@yopmail.com,1968-11-29
665,Carolina,Loring,Carolina.Loring@yopmail.com,2008-05-03
666,Valera,Matthew,Valera.Matthew@yopmail.com,1965-03-25
667,Tami,Sinegold,Tami.Sinegold@yopmail.com,1992-12-12
668,Fred,Pond,Fred.Pond@yopmail.com,1962-08-27
669,Valli,Ehrman,Valli.Ehrman@yopmail.com,1934-11-18
670,Tera,Laverne,Tera.Laverne@yopmail.com,1940-01-03
671,Chere,Adlare,Chere.Adlare@yopmail.com,1951-07-18
672,Lisette,Land,Lisette.Land@yopmail.com,1998-10-22
673,Nollie,Sothena,Nollie.Sothena@yopmail.com,1991-08-16
674,Averyl,Melleta,Averyl.Melleta@yopmail.com,1928-02-07
675,Minne,Garbe,Minne.Garbe@yopmail.com,1999-09-23
676,Keelia,Carlson,Keelia.Carlson@yopmail.com,1904-12-03
677,Fernande,Parette,Fernande.Parette@yopmail.com,2003-06-27
678,Sindee,Saint,Sindee.Saint@yopmail.com,1941-05-26
679,Melina,Arquit,Melina.Arquit@yopmail.com,2008-06-23
680,Blondelle,Philoo,Blondelle.Philoo@yopmail.com,1925-03-14
681,Joleen,Schenck,Joleen.Schenck@yopmail.com,2007-05-05
682,Rani,Suzetta,Rani.Suzetta@yopmail.com,1981-09-09
683,Hollie,Tillford,Hollie.Tillford@yopmail.com,1935-08-07
684,Charissa,Laurianne,Charissa.Laurianne@yopmail.com,1985-07-23
685,Latisha,Weinreb,Latisha.Weinreb@yopmail.com,1909-04-14
686,Hallie,Kare,Hallie.Kare@yopmail.com,2010-03-21
687,Marline,Fadiman,Marline.Fadiman@yopmail.com,1933-07-31
688,Dorene,Dyche,Dorene.Dyche@yopmail.com,1989-06-22
689,Edith,Bertold,Edith.Bertold@yopmail.com,2006-08-08
690,Renie,Rheingold,Renie.Rheingold@yopmail.com,2004-04-03
691,Valera,Allina,Valera.Allina@yopmail.com,2014-02-04
692,Lynnea,Westphal,Lynnea.Westphal@yopmail.com,1910-12-26
693,Chandra,Lesley,Chandra.Lesley@yopmail.com,1934-04-24
694,Devina,Erich,Devina.Erich@yopmail.com,1982-09-25
695,Mireielle,Ellord,Mireielle.Ellord@yopmail.com,2018-12-30
696,Madalyn,Saunderson,Madalyn.Saunderson@yopmail.com,2002-06-30
697,Lauryn,Dichy,Lauryn.Dichy@yopmail.com,1903-04-28
698,Roberta,Ambrosia,Roberta.Ambrosia@yopmail.com,1932-01-22
699,Angela,Cookie,Angela.Cookie@yopmail.com,1976-08-15
700,Kassey,Eachern,Kassey.Eachern@yopmail.com,2004-11-22
701,Regina,Vary,Regina.Vary@yopmail.com,1918-05-05
702,Damaris,Ledah,Damaris.Ledah@yopmail.com,1956-02-12
703,Misha,Janith,Misha.Janith@yopmail.com,1970-09-12
704,Lacie,Tryck,Lacie.Tryck@yopmail.com,2018-07-16
705,Gui,Podvin,Gui.Podvin@yopmail.com,1973-09-07
706,Gianina,Kannry,Gianina.Kannry@yopmail.com,1992-11-11
707,Kial,Infield,Kial.Infield@yopmail.com,1986-07-11
708,Leeanne,Odell,Leeanne.Odell@yopmail.com,1999-10-28
709,Devina,Craggie,Devina.Craggie@yopmail.com,1967-08-14
710,Margette,Mehalek,Margette.Mehalek@yopmail.com,1978-07-17
711,Wilma,Dimitris,Wilma.Dimitris@yopmail.com,1994-04-19
712,Tamqrah,Leler,Tamqrah.Leler@yopmail.com,2010-07-11
713,Kaia,Amand,Kaia.Amand@yopmail.com,2016-05-30
714,Charlena,Persse,Charlena.Persse@yopmail.com,1978-08-08
715,Raf,Judye,Raf.Judye@yopmail.com,2004-08-15
716,Feliza,Florina,Feliza.Florina@yopmail.com,1952-01-06
717,Imojean,Albertine,Imojean.Albertine@yopmail.com,2005-07-30
718,Marjie,Kaja,Marjie.Kaja@yopmail.com,2010-11-16
719,Ernesta,Secrest,Ernesta.Secrest@yopmail.com,1952-11-13
720,Danny,Naor,Danny.Naor@yopmail.com,1988-12-05
721,Jasmina,Land,Jasmina.Land@yopmail.com,1951-10-07
722,Mariele,Cecile,Mariele.Cecile@yopmail.com,1984-12-06
723,Genovera,Land,Genovera.Land@yopmail.com,1998-08-29
724,Dulcinea,Bashemeth,Dulcinea.Bashemeth@yopmail.com,1916-10-28
725,Ebonee,Estella,Ebonee.Estella@yopmail.com,1916-03-24
726,Gianina,Narton,Gianina.Narton@yopmail.com,1964-06-05
727,Tiffie,Estella,Tiffie.Estella@yopmail.com,1995-08-24
728,Carmencita,Rona,Carmencita.Rona@yopmail.com,1974-05-07
729,Chrystel,Kauppi,Chrystel.Kauppi@yopmail.com,1985-03-24
730,Christal,Toor,Christal.Toor@yopmail.com,1970-11-10
731,Marylou,Flyn,Marylou.Flyn@yopmail.com,1956-08-27
732,Hermione,Korey,Hermione.Korey@yopmail.com,1955-05-13
733,Antonietta,Travax,Antonietta.Travax@yopmail.com,1979-12-16
734,Nannie,Ellerey,Nannie.Ellerey@yopmail.com,1910-02-09
735,Elka,Azeria,Elka.Azeria@yopmail.com,2015-07-22
736,Tybie,Alejoa,Tybie.Alejoa@yopmail.com,1906-01-18
737,Maryellen,Harned,Maryellen.Harned@yopmail.com,1950-12-18
738,Celestyna,Byrne,Celestyna.Byrne@yopmail.com,1922-02-26
739,Jessy,Greyson,Jessy.Greyson@yopmail.com,1938-01-12
740,Robinia,Bryna,Robinia.Bryna@yopmail.com,1977-01-06
741,Betta,Cristi,Betta.Cristi@yopmail.com,1954-09-08
742,Rebeca,Yam,Rebeca.Yam@yopmail.com,1938-12-15
743,Paule,Payson,Paule.Payson@yopmail.com,1900-11-21
744,Meghann,Kendrick,Meghann.Kendrick@yopmail.com,1983-08-11
745,Arlena,Kirstin,Arlena.Kirstin@yopmail.com,1984-03-17
746,Albertina,Zetta,Albertina.Zetta@yopmail.com,1957-06-06
747,Kassey,Tiffa,Kassey.Tiffa@yopmail.com,2005-08-04
748,Bettine,Himelman,Bettine.Himelman@yopmail.com,1924-10-30
749,Candy,Seligman,Candy.Seligman@yopmail.com,1916-09-09
750,Daphne,Trey,Daphne.Trey@yopmail.com,1957-12-30
751,Jan,Daveta,Jan.Daveta@yopmail.com,1916-10-23
752,Gilda,Evvie,Gilda.Evvie@yopmail.com,2016-06-04
753,Nannie,Kamaria,Nannie.Kamaria@yopmail.com,1976-10-14
754,Aigneis,Dorine,Aigneis.Dorine@yopmail.com,1950-09-21
755,Brena,Koehler,Brena.Koehler@yopmail.com,2003-12-27
756,Ronna,Jammal,Ronna.Jammal@yopmail.com,1977-07-02
757,Marnia,Fancie,Marnia.Fancie@yopmail.com,2006-04-15
758,Lexine,Goldina,Lexine.Goldina@yopmail.com,1963-09-11
759,Stephanie,Faro,Stephanie.Faro@yopmail.com,2005-09-10
760,Charlena,Kylander,Charlena.Kylander@yopmail.com,1995-03-23
761,Heddie,Isidore,Heddie.Isidore@yopmail.com,1903-11-21
762,Tera,Elsinore,Tera.Elsinore@yopmail.com,1991-04-12
763,Flo,Wallis,Flo.Wallis@yopmail.com,1961-03-21
764,Christy,Leffen,Christy.Leffen@yopmail.com,1979-06-25
765,Kenna,Chem,Kenna.Chem@yopmail.com,2008-06-24
766,Leontine,Medrek,Leontine.Medrek@yopmail.com,2018-10-21
767,Kirbee,Stacy,Kirbee.Stacy@yopmail.com,1932-11-18
768,Kenna,Israeli,Kenna.Israeli@yopmail.com,1989-12-20
769,Asia,Corabella,Asia.Corabella@yopmail.com,1998-09-04
770,Valera,Blake,Valera.Blake@yopmail.com,1949-09-21
771,Gilligan,Kylander,Gilligan.Kylander@yopmail.com,2012-10-14
772,Mireielle,Virgin,Mireielle.Virgin@yopmail.com,1948-06-20
773,Philis,Shanley,Philis.Shanley@yopmail.com,1956-01-12
774,Fredericka,Carri,Fredericka.Carri@yopmail.com,2019-09-26
775,Dania,Lemuela,Dania.Lemuela@yopmail.com,1939-12-04
776,Kristan,Magdalen,Kristan.Magdalen@yopmail.com,1920-04-02
777,Bill,Alwin,Bill.Alwin@yopmail.com,1927-08-20
778,Pearline,Bonucci,Pearline.Bonucci@yopmail.com,1993-10-13
779,Mariann,Dalli,Mariann.Dalli@yopmail.com,1929-05-26
780,Eolanda,Carolin,Eolanda.Carolin@yopmail.com,1919-03-17
781,Marika,Thad,Marika.Thad@yopmail.com,2003-05-16
782,Jorry,Malina,Jorry.Malina@yopmail.com,1938-10-02
783,Jere,Katrine,Jere.Katrine@yopmail.com,1967-08-20
784,Millie,Primalia,Millie.Primalia@yopmail.com,2011-07-22
785,Damaris,Kaete,Damaris.Kaete@yopmail.com,1916-12-13
786,Arabel,Hachmin,Arabel.Hachmin@yopmail.com,1949-02-14
787,Julieta,Monk,Julieta.Monk@yopmail.com,1956-02-05
788,Vevay,Pond,Vevay.Pond@yopmail.com,2010-01-17
789,Sarette,Hoenack,Sarette.Hoenack@yopmail.com,1927-07-21
790,Paulita,Iaverne,Paulita.Iaverne@yopmail.com,2019-04-27
791,Winny,Janene,Winny.Janene@yopmail.com,1904-06-22
792,Liana,Rillings,Liana.Rillings@yopmail.com,1964-06-06
793,Kaia,Gwenore,Kaia.Gwenore@yopmail.com,1974-01-01
794,Oralee,Hillel,Oralee.Hillel@yopmail.com,1964-11-30
795,Gabriellia,Vacuva,Gabriellia.Vacuva@yopmail.com,1961-12-10
796,Giustina,Dawkins,Giustina.Dawkins@yopmail.com,2012-05-14
797,Thalia,Alabaster,Thalia.Alabaster@yopmail.com,1926-03-08
798,Consuela,Knowling,Consuela.Knowling@yopmail.com,1929-01-15
799,Linet,Jehu,Linet.Jehu@yopmail.com,1923-03-13
800,Jolyn,Nahum,Jolyn.Nahum@yopmail.com,1981-05-27
801,Dacia,Emanuel,Dacia.Emanuel@yopmail.com,1991-10-29
802,Aili,Lutero,Aili.Lutero@yopmail.com,1957-10-14
803,Kylynn,Sallyann,Kylynn.Sallyann@yopmail.com,1960-09-20
804,Selma,Orlene,Selma.Orlene@yopmail.com,1997-09-06
805,Modestia,Bertold,Modestia.Bertold@yopmail.com,1910-11-19
806,Sibella,Trace,Sibella.Trace@yopmail.com,2017-02-04
807,Ezmeralda,Buttaro,Ezmeralda.Buttaro@yopmail.com,1951-07-20
808,Amalie,Sisile,Amalie.Sisile@yopmail.com,1933-09-17
809,Ricky,Sperling,Ricky.Sperling@yopmail.com,2002-11-30
810,Anthia,Ietta,Anthia.Ietta@yopmail.com,1931-11-04
811,Corry,Heisel,Corry.Heisel@yopmail.com,1968-01-21
812,Joceline,Jacinda,Joceline.Jacinda@yopmail.com,1949-04-30
813,Rhea,An,Rhea.An@yopmail.com,2001-06-27
814,Viviene,Monk,Viviene.Monk@yopmail.com,1961-10-13
815,June,Newell,June.Newell@yopmail.com,1919-04-29
816,Lanna,Daniele,Lanna.Daniele@yopmail.com,1901-07-24
817,Cathie,Tengdin,Cathie.Tengdin@yopmail.com,1940-12-23
818,Carmencita,Gaynor,Carmencita.Gaynor@yopmail.com,1904-10-15
819,Imojean,Hylan,Imojean.Hylan@yopmail.com,1989-08-26
820,Lita,Himelman,Lita.Himelman@yopmail.com,1949-11-14
821,Gabi,Herrera,Gabi.Herrera@yopmail.com,1943-10-21
822,Jany,Teryn,Jany.Teryn@yopmail.com,1927-12-20
823,Mureil,Poppy,Mureil.Poppy@yopmail.com,1976-04-23
824,Tybie,Bouchard,Tybie.Bouchard@yopmail.com,1999-09-14
825,Carilyn,Maisey,Carilyn.Maisey@yopmail.com,1921-11-04
826,Gusty,Danby,Gusty.Danby@yopmail.com,1924-02-24
827,Laure,Noam,Laure.Noam@yopmail.com,2013-04-19
828,Angelique,Norvol,Angelique.Norvol@yopmail.com,1963-10-07
829,Adele,Kirstin,Adele.Kirstin@yopmail.com,1956-01-11
830,Sissy,Jagir,Sissy.Jagir@yopmail.com,1901-11-15
831,Lacie,Chick,Lacie.Chick@yopmail.com,2001-09-05
832,Tybie,Marlie,Tybie.Marlie@yopmail.com,1975-08-11
833,Dulcinea,Lindemann,Dulcinea.Lindemann@yopmail.com,2016-10-03
834,Wanda,Tillford,Wanda.Tillford@yopmail.com,1917-08-09
835,Merrie,Sallyann,Merrie.Sallyann@yopmail.com,1978-12-25
836,Stacey,Kathie,Stacey.Kathie@yopmail.com,1951-05-29
837,Roslyn,Stilwell,Roslyn.Stilwell@yopmail.com,1932-12-05
838,Priscilla,Lowry,Priscilla.Lowry@yopmail.com,1988-09-16
839,Mureil,Japeth,Mureil.Japeth@yopmail.com,1982-02-08
840,Dulcinea,Voletta,Dulcinea.Voletta@yopmail.com,1977-10-12
841,Esmeralda,Romelda,Esmeralda.Romelda@yopmail.com,1926-03-31
842,Carmela,Phyllis,Carmela.Phyllis@yopmail.com,1924-06-15
843,Patricia,Georas,Patricia.Georas@yopmail.com,1988-07-20
844,Gilda,Nahum,Gilda.Nahum@yopmail.com,1933-01-09
845,Debee,Magnolia,Debee.Magnolia@yopmail.com,1986-02-23
846,Vanessa,Alice,Vanessa.Alice@yopmail.com,1935-11-14
847,Myriam,Dorcy,Myriam.Dorcy@yopmail.com,1981-01-01
848,Roseline,Skurnik,Roseline.Skurnik@yopmail.com,2006-12-20
849,Merry,Annabella,Merry.Annabella@yopmail.com,1917-01-12
850,Charlena,Rheingold,Charlena.Rheingold@yopmail.com,1957-10-02
851,Donetta,Paine,Donetta.Paine@yopmail.com,1921-04-28
852,Constance,Knowling,Constance.Knowling@yopmail.com,1987-02-08
853,Olivette,Neils,Olivette.Neils@yopmail.com,1952-07-16
854,Mireielle,Ruvolo,Mireielle.Ruvolo@yopmail.com,2008-09-28
855,Gilda,Dash,Gilda.Dash@yopmail.com,1981-07-02
856,Wilma,Tjon,Wilma.Tjon@yopmail.com,1937-03-04
857,Lila,Toffic,Lila.Toffic@yopmail.com,2005-10-29
858,Dania,Holtz,Dania.Holtz@yopmail.com,1910-08-25
859,Concettina,Teddman,Concettina.Teddman@yopmail.com,1931-12-26
860,Dode,Gaspard,Dode.Gaspard@yopmail.com,1906-01-28
861,Clo,Mott,Clo.Mott@yopmail.com,1970-06-26
862,Nita,Braun,Nita.Braun@yopmail.com,2006-06-17
863,Merrie,Elbertina,Merrie.Elbertina@yopmail.com,1962-10-06
864,Jessamyn,Israeli,Jessamyn.Israeli@yopmail.com,1924-01-28
865,Lynnea,Letsou,Lynnea.Letsou@yopmail.com,1969-10-07
866,Merry,Kauppi,Merry.Kauppi@yopmail.com,1904-10-26
867,Cordi,Merna,Cordi.Merna@yopmail.com,1938-01-04
868,Adele,Jehu,Adele.Jehu@yopmail.com,1976-04-30
869,Cam,Fillbert,Cam.Fillbert@yopmail.com,1973-08-07
870,Gerrie,Bronk,Gerrie.Bronk@yopmail.com,1983-06-19
871,Lauryn,Duwalt,Lauryn.Duwalt@yopmail.com,1996-06-19
872,Rani,Michella,Rani.Michella@yopmail.com,1908-09-19
873,Hettie,Gino,Hettie.Gino@yopmail.com,1916-08-31
874,Calla,Papageno,Calla.Papageno@yopmail.com,1946-01-25
875,Tabbatha,Natica,Tabbatha.Natica@yopmail.com,1943-04-21
876,Teriann,Ricarda,Teriann.Ricarda@yopmail.com,1955-02-01
877,Jacenta,Yoko,Jacenta.Yoko@yopmail.com,2012-10-27
878,Renae,Narton,Renae.Narton@yopmail.com,1993-06-18
879,Ardenia,August,Ardenia.August@yopmail.com,1974-02-26
880,Stacey,Ovid,Stacey.Ovid@yopmail.com,1979-04-22
881,Calla,Chauncey,Calla.Chauncey@yopmail.com,1913-03-14
882,Alex,Fink,Alex.Fink@yopmail.com,1931-03-19
883,Ileana,Abram,Ileana.Abram@yopmail.com,1903-05-25
884,Emmey,Wilkinson,Emmey.Wilkinson@yopmail.com,2006-10-07
885,Corene,Eno,Corene.Eno@yopmail.com,1911-04-29
886,Deloria,Malanie,Deloria.Malanie@yopmail.com,1989-07-20
887,Ariela,Zachary,Ariela.Zachary@yopmail.com,2009-03-26
888,Dyann,Vale,Dyann.Vale@yopmail.com,1927-09-26
889,Selia,Mozelle,Selia.Mozelle@yopmail.com,1959-03-11
890,Joy,Nance,Joy.Nance@yopmail.com,1927-05-07
891,Doro,Boycey,Doro.Boycey@yopmail.com,1965-04-23
892,Daryl,Howlyn,Daryl.Howlyn@yopmail.com,1945-04-19
893,Sybille,Kosey,Sybille.Kosey@yopmail.com,1989-07-03
894,Carilyn,Hepsibah,Carilyn.Hepsibah@yopmail.com,2013-01-02
895,Madeleine,Goth,Madeleine.Goth@yopmail.com,1967-03-24
896,Roseline,Allina,Roseline.Allina@yopmail.com,1977-12-06
897,Stephanie,Olympium,Stephanie.Olympium@yopmail.com,1908-01-10
898,Brietta,Cherianne,Brietta.Cherianne@yopmail.com,1935-03-24
899,Jobi,Campball,Jobi.Campball@yopmail.com,1959-04-06
900,Karina,Esmaria,Karina.Esmaria@yopmail.com,2002-12-03
901,Caryl,Stav,Caryl.Stav@yopmail.com,1922-08-13
902,Paulita,Llovera,Paulita.Llovera@yopmail.com,1989-09-27
903,Kary,Cressida,Kary.Cressida@yopmail.com,1911-06-09
904,Janenna,Belldas,Janenna.Belldas@yopmail.com,1971-03-17
905,Petronia,Brandice,Petronia.Brandice@yopmail.com,1923-10-16
906,Eugine,Oster,Eugine.Oster@yopmail.com,1987-01-19
907,Elie,Nisbet,Elie.Nisbet@yopmail.com,1932-02-12
908,Malina,Zachary,Malina.Zachary@yopmail.com,1984-04-26
909,Randa,Charity,Randa.Charity@yopmail.com,2003-01-25
910,Georgina,Vastah,Georgina.Vastah@yopmail.com,1962-05-15
911,Goldie,Hurley,Goldie.Hurley@yopmail.com,1999-03-18
912,Juliane,Muriel,Juliane.Muriel@yopmail.com,1923-08-31
913,Mildrid,Tacye,Mildrid.Tacye@yopmail.com,1996-10-07
914,Kalina,Koehler,Kalina.Koehler@yopmail.com,1953-07-24
915,Amelia,Horan,Amelia.Horan@yopmail.com,1954-04-12
916,Keelia,Vins,Keelia.Vins@yopmail.com,1979-03-31
917,Letizia,Delp,Letizia.Delp@yopmail.com,2001-12-30
918,Merle,Taima,Merle.Taima@yopmail.com,1938-07-17
919,Frieda,Tayib,Frieda.Tayib@yopmail.com,1921-01-10
920,Anallese,Imelida,Anallese.Imelida@yopmail.com,1948-09-20
921,Selia,Lorenz,Selia.Lorenz@yopmail.com,1951-12-15
922,Lilith,Pettiford,Lilith.Pettiford@yopmail.com,1973-06-13
923,Jany,Letsou,Jany.Letsou@yopmail.com,1918-10-04
924,Arabel,Ioab,Arabel.Ioab@yopmail.com,2018-03-09
925,Gabi,Rubie,Gabi.Rubie@yopmail.com,1993-12-06
926,Clarice,Holbrook,Clarice.Holbrook@yopmail.com,1977-07-25
927,Steffane,Sandye,Steffane.Sandye@yopmail.com,1947-09-17
928,Susan,Laverne,Susan.Laverne@yopmail.com,1959-12-29
929,Fredericka,Chapland,Fredericka.Chapland@yopmail.com,1991-09-11
930,Robinia,Bari,Robinia.Bari@yopmail.com,1914-12-26
931,Corene,Salvidor,Corene.Salvidor@yopmail.com,1909-04-01
932,Gretal,Abernon,Gretal.Abernon@yopmail.com,1907-01-27
933,Rayna,Elsinore,Rayna.Elsinore@yopmail.com,1942-08-15
934,Thalia,Raseda,Thalia.Raseda@yopmail.com,1940-05-20
935,Justinn,Colleen,Justinn.Colleen@yopmail.com,2018-07-31
936,Blinni,Gower,Blinni.Gower@yopmail.com,1993-02-05
937,Celisse,Grimbly,Celisse.Grimbly@yopmail.com,1985-01-17
938,Mary,Bashemeth,Mary.Bashemeth@yopmail.com,2017-06-07
939,Debee,Ricarda,Debee.Ricarda@yopmail.com,1997-03-04
940,Dianemarie,Konyn,Dianemarie.Konyn@yopmail.com,2002-07-07
941,Starla,Klemperer,Starla.Klemperer@yopmail.com,1905-11-13
942,Edee,Teddman,Edee.Teddman@yopmail.com,2004-09-11
943,Marita,Huggins,Marita.Huggins@yopmail.com,2009-09-17
944,Letizia,Hilbert,Letizia.Hilbert@yopmail.com,1905-02-21
945,Damaris,Rona,Damaris.Rona@yopmail.com,1998-08-22
946,Wilma,Martsen,Wilma.Martsen@yopmail.com,1925-02-19
947,Kassey,Rese,Kassey.Rese@yopmail.com,2019-04-05
948,Sibella,Saint,Sibella.Saint@yopmail.com,1985-06-01
949,Cyb,Ruvolo,Cyb.Ruvolo@yopmail.com,2010-01-25
950,Shaine,Rocray,Shaine.Rocray@yopmail.com,1923-01-01
951,Allis,Matthew,Allis.Matthew@yopmail.com,1980-06-27
952,Janis,Diann,Janis.Diann@yopmail.com,1988-08-30
953,Tiffie,Scammon,Tiffie.Scammon@yopmail.com,1981-09-04
954,Gavrielle,Lynn,Gavrielle.Lynn@yopmail.com,1908-06-03
955,Perry,Etom,Perry.Etom@yopmail.com,2017-03-08
956,Gerrie,Carlson,Gerrie.Carlson@yopmail.com,1924-08-24
957,Fidelia,Neils,Fidelia.Neils@yopmail.com,1918-11-01
958,Robbi,Abernon,Robbi.Abernon@yopmail.com,1989-09-23
959,Roslyn,Borrell,Roslyn.Borrell@yopmail.com,2007-12-06
960,Jaclyn,Mullane,Jaclyn.Mullane@yopmail.com,2005-11-13
961,Babita,Denis,Babita.Denis@yopmail.com,1933-12-17
962,Sheree,Thar,Sheree.Thar@yopmail.com,1951-09-09
963,Bill,Morrill,Bill.Morrill@yopmail.com,1993-04-23
964,Malina,Robertson,Malina.Robertson@yopmail.com,1985-10-17
965,Meriel,Joni,Meriel.Joni@yopmail.com,1963-11-04
966,Selma,Codding,Selma.Codding@yopmail.com,2006-10-17
967,Sidoney,Damarra,Sidoney.Damarra@yopmail.com,1986-01-31
968,Justinn,Ummersen,Justinn.Ummersen@yopmail.com,1985-12-10
969,Sharlene,Goddard,Sharlene.Goddard@yopmail.com,1906-03-11
970,Lizzie,Penelopa,Lizzie.Penelopa@yopmail.com,1906-07-02
971,Codie,Ashely,Codie.Ashely@yopmail.com,1977-10-25
972,Lynde,Susannah,Lynde.Susannah@yopmail.com,1923-09-03
973,Susan,Barney,Susan.Barney@yopmail.com,1954-02-26
974,Katuscha,Leopold,Katuscha.Leopold@yopmail.com,1998-07-31
975,Kaja,Miru,Kaja.Miru@yopmail.com,1922-08-16
976,Dione,Kosey,Dione.Kosey@yopmail.com,1952-06-04
977,Cathie,Gherardo,Cathie.Gherardo@yopmail.com,1947-01-03
978,Elise,Pitt,Elise.Pitt@yopmail.com,1946-09-26
979,Sophia,Morehouse,Sophia.Morehouse@yopmail.com,1909-05-07
980,Oralee,Colleen,Oralee.Colleen@yopmail.com,1973-05-20
981,Leontine,Wittie,Leontine.Wittie@yopmail.com,1915-08-23
982,Binny,Rurik,Binny.Rurik@yopmail.com,1969-09-01
983,Leeanne,Girardo,Leeanne.Girardo@yopmail.com,1999-10-25
984,Leeanne,Eben,Leeanne.Eben@yopmail.com,2015-06-18
985,Jennica,Klotz,Jennica.Klotz@yopmail.com,2017-06-22
986,Adele,Colbert,Adele.Colbert@yopmail.com,2000-07-15
987,Lily,Madelene,Lily.Madelene@yopmail.com,1903-10-29
988,Jacenta,Constancy,Jacenta.Constancy@yopmail.com,1956-04-10
989,Berget,Taam,Berget.Taam@yopmail.com,1958-01-26
990,Yetty,Rillings,Yetty.Rillings@yopmail.com,2014-10-09
991,Thalia,Imelida,Thalia.Imelida@yopmail.com,1948-11-23
992,Beatriz,Ranjiv,Beatriz.Ranjiv@yopmail.com,1997-11-24
993,Candy,Candy,Candy.Candy@yopmail.com,1922-06-27
994,Mallory,Corrine,Mallory.Corrine@yopmail.com,2004-08-03
995,Glenda,Atonsah,Glenda.Atonsah@yopmail.com,1932-03-27
996,Bee,Yorick,Bee.Yorick@yopmail.com,1988-12-08
997,Willetta,Rurik,Willetta.Rurik@yopmail.com,1910-03-22
998,Kathy,Randene,Kathy.Randene@yopmail.com,1916-02-29
999,Gertrud,Stelle,Gertrud.Stelle@yopmail.com,1951-02-14
1000,Queenie,Euridice,Queenie.Euridice@yopmail.com,1918-07-18
1001,Mamie,Yorick,Mamie.Yorick@yopmail.com,1949-03-22
1002,Perry,Dash,Perry.Dash@yopmail.com,2001-10-27
1003,Ruthe,Boehike,Ruthe.Boehike@yopmail.com,1953-05-06
1004,Cherrita,Koziara,Cherrita.Koziara@yopmail.com,1906-11-06
1005,Edyth,Howlyn,Edyth.Howlyn@yopmail.com,2010-04-23
1006,Kirbee,Roche,Kirbee.Roche@yopmail.com,1998-12-07
1007,Perry,Croix,Perry.Croix@yopmail.com,1948-08-19
1008,Norine,Carey,Norine.Carey@yopmail.com,1947-06-13
1009,Noelle,Tristram,Noelle.Tristram@yopmail.com,1966-12-23
1010,Karly,Leler,Karly.Leler@yopmail.com,1930-07-03
1011,Nariko,Terencio,Nariko.Terencio@yopmail.com,1943-08-01
1012,Lyssa,Gaspard,Lyssa.Gaspard@yopmail.com,1982-07-13
1013,Amelia,Wildermuth,Amelia.Wildermuth@yopmail.com,1991-08-18
1014,Shaylyn,Brunell,Shaylyn.Brunell@yopmail.com,1963-08-30
1015,Chloris,Edvard,Chloris.Edvard@yopmail.com,1973-12-13
1016,Dawn,Meter,Dawn.Meter@yopmail.com,1950-11-16
1017,Kamilah,Henrie,Kamilah.Henrie@yopmail.com,1953-04-18
1018,Jsandye,Kamaria,Jsandye.Kamaria@yopmail.com,1935-02-01
1019,Emmey,Joni,Emmey.Joni@yopmail.com,1971-10-18
1020,Carol-Jean,Wattenberg,Carol-Jean.Wattenberg@yopmail.com,2000-09-07
1021,Veda,Aprile,Veda.Aprile@yopmail.com,2014-08-23
1022,Melodie,Weitman,Melodie.Weitman@yopmail.com,1970-04-10
1023,Delilah,Sasnett,Delilah.Sasnett@yopmail.com,1945-10-17
1024,Robinia,Wyn,Robinia.Wyn@yopmail.com,1979-04-09
1025,Margette,Andrel,Margette.Andrel@yopmail.com,1923-03-12
1026,Wilma,Naashom,Wilma.Naashom@yopmail.com,1915-06-15
1027,Karly,Robertson,Karly.Robertson@yopmail.com,2009-12-19
1028,Tiffie,Wattenberg,Tiffie.Wattenberg@yopmail.com,1928-10-27
1029,Lynea,Grimbly,Lynea.Grimbly@yopmail.com,1902-03-20
1030,Ilse,Chem,Ilse.Chem@yopmail.com,1994-02-16
1031,Estell,Teryn,Estell.Teryn@yopmail.com,1904-01-27
1032,Fanny,O'Carroll,Fanny.O'Carroll@yopmail.com,1992-03-06
1033,Gwyneth,Gaulin,Gwyneth.Gaulin@yopmail.com,1919-04-01
1034,Beth,Colbert,Beth.Colbert@yopmail.com,1998-04-10
1035,Almeta,Bobbee,Almeta.Bobbee@yopmail.com,1962-10-25
1036,Ana,Elsinore,Ana.Elsinore@yopmail.com,1997-04-27
1037,Ana,Ludewig,Ana.Ludewig@yopmail.com,1963-09-06
1038,Bobbi,Virgin,Bobbi.Virgin@yopmail.com,1928-04-26
1039,Amalie,Zetta,Amalie.Zetta@yopmail.com,1932-01-06
1040,Chastity,Ackerley,Chastity.Ackerley@yopmail.com,1958-07-29
1041,Gertrud,Soneson,Gertrud.Soneson@yopmail.com,2007-05-07
1042,Courtnay,Lutero,Courtnay.Lutero@yopmail.com,1933-09-16
1043,Mireielle,Kendrick,Mireielle.Kendrick@yopmail.com,1984-07-27
1044,Camile,Jarib,Camile.Jarib@yopmail.com,1923-04-28
1045,Asia,Pettiford,Asia.Pettiford@yopmail.com,1910-12-31
1046,Lolita,Bohlin,Lolita.Bohlin@yopmail.com,1935-02-15
1047,Damaris,Nahum,Damaris.Nahum@yopmail.com,1907-08-18
1048,Averyl,Celestine,Averyl.Celestine@yopmail.com,1999-01-07
1049,Bobinette,Pyle,Bobinette.Pyle@yopmail.com,1941-07-19
1050,Eolanda,Paine,Eolanda.Paine@yopmail.com,1958-10-08
1051,Kristina,Pond,Kristina.Pond@yopmail.com,1925-01-20
1052,Tori,Salchunas,Tori.Salchunas@yopmail.com,2016-11-21
1053,Elfreda,Skurnik,Elfreda.Skurnik@yopmail.com,1915-03-15
1054,Margette,Hull,Margette.Hull@yopmail.com,1993-05-09
1055,Regina,Craggie,Regina.Craggie@yopmail.com,1981-04-24
1056,Ronna,Sallyann,Ronna.Sallyann@yopmail.com,1973-07-22
1057,Raina,Noelyn,Raina.Noelyn@yopmail.com,1906-11-10
1058,Daryl,Sekofski,Daryl.Sekofski@yopmail.com,1992-05-24
1059,Winny,Anderea,Winny.Anderea@yopmail.com,1932-12-14
1060,Goldie,Zetta,Goldie.Zetta@yopmail.com,2012-12-26
1061,Deloria,Middleton,Deloria.Middleton@yopmail.com,2006-09-06
1062,Concettina,McGrody,Concettina.McGrody@yopmail.com,2002-10-02
1063,Adele,Cookie,Adele.Cookie@yopmail.com,2006-07-14
1064,Kirstin,Allina,Kirstin.Allina@yopmail.com,1904-01-27
1065,Rivalee,Montgomery,Rivalee.Montgomery@yopmail.com,2003-08-05
1066,Maridel,Kiyoshi,Maridel.Kiyoshi@yopmail.com,1944-10-17
1067,Lauryn,Arathorn,Lauryn.Arathorn@yopmail.com,2000-05-11
1068,Norine,Schenck,Norine.Schenck@yopmail.com,1959-01-14
1069,Angelique,Sancho,Angelique.Sancho@yopmail.com,1933-02-21
1070,Ekaterina,Ochs,Ekaterina.Ochs@yopmail.com,2019-06-15
1071,Zia,Claudine,Zia.Claudine@yopmail.com,1961-07-22
1072,Tilly,Rad,Tilly.Rad@yopmail.com,1957-08-22
1073,Nariko,Holbrook,Nariko.Holbrook@yopmail.com,1958-12-17
1074,Florie,Sacken,Florie.Sacken@yopmail.com,1907-03-19
1075,Gabriellia,Rosemary,Gabriellia.Rosemary@yopmail.com,2000-11-25
1076,Queenie,Geffner,Queenie.Geffner@yopmail.com,1996-07-29
1077,Arlina,Wenda,Arlina.Wenda@yopmail.com,1929-01-16
1078,Kylynn,Warthman,Kylynn.Warthman@yopmail.com,1941-12-11
1079,Barbi,Pillsbury,Barbi.Pillsbury@yopmail.com,2002-06-08
1080,Dania,Donell,Dania.Donell@yopmail.com,2004-03-11
1081,Kimberley,Nelsen,Kimberley.Nelsen@yopmail.com,1909-01-26
1082,Ilse,Firmin,Ilse.Firmin@yopmail.com,1916-12-23
1083,Tersina,Couture,Tersina.Couture@yopmail.com,1981-03-17
1084,Gertrud,Arathorn,Gertrud.Arathorn@yopmail.com,1917-10-16
1085,Kate,Smitt,Kate.Smitt@yopmail.com,1938-06-09
1086,Arlina,Joli,Arlina.Joli@yopmail.com,2017-02-18
1087,Devina,Fontana,Devina.Fontana@yopmail.com,1940-08-26
1088,Nannie,Hourigan,Nannie.Hourigan@yopmail.com,2012-08-04
1089,Priscilla,Raimondo,Priscilla.Raimondo@yopmail.com,1982-02-10
1090,Elie,Berard,Elie.Berard@yopmail.com,1913-10-31
1091,Merry,Hanleigh,Merry.Hanleigh@yopmail.com,1959-03-23
1092,Meghann,Hull,Meghann.Hull@yopmail.com,1938-12-10
1093,Jacquetta,Lorain,Jacquetta.Lorain@yopmail.com,1963-11-09
1094,Kimmy,Suk,Kimmy.Suk@yopmail.com,1936-01-10
1095,Lisette,Keily,Lisette.Keily@yopmail.com,1991-10-22
1096,Hollie,O'Rourke,Hollie.O'Rourke@yopmail.com,1909-11-28
1097,Bettine,Kylander,Bettine.Kylander@yopmail.com,1999-11-15
1098,Imojean,Koehler,Imojean.Koehler@yopmail.com,1939-08-09
1099,Karly,Allys,Karly.Allys@yopmail.com,1974-07-03