id,firstname,lastname,email,Field Name
100,Therine,Old,Therine.Old@yopmail.com,1929-02-06
101,Leona,Geffner,Leona.Geffner@yopmail.com,2000-03-24
102,Dione,Borrell,Dione.Borrell@yopmail.com,1916-12-21
103,Jacquetta,Faust,Jacquetta.Faust@yopmail.com,2010-06-06
104,Madalyn,Jillane,Madalyn.Jillane@yopmail.com,1930-12-31
105,Bobinette,Lareena,Bobinette.Lareena@yopmail.com,1955-03-21
106,Flo,Stav,Flo.Stav@yopmail.com,2014-09-29
107,Eugine,Nikaniki,Eugine.Nikaniki@yopmail.com,1993-09-21
108,Lelah,Lemuela,Lelah.Lemuela@yopmail.com,1926-09-26
109,Beth,Yuille,Beth.Yuille@yopmail.com,2011-08-04
110,Jaime,McClimans,Jaime.McClimans@yopmail.com,1954-10-02
111,Mildrid,Mullane,Mildrid.Mullane@yopmail.com,1928-09-24
112,Annora,Seligman,Annora.Seligman@yopmail.com,1930-07-21
113,Feliza,Idelia,Feliza.Idelia@yopmail.com,1952-01-12
114,Courtnay,Wenda,Courtnay.Wenda@yopmail.com,1946-10-02
115,Ana,Eno,Ana.Eno@yopmail.com,1985-06-21
116,Fredericka,Kirbee,Fredericka.Kirbee@yopmail.com,1960-06-11
117,Hallie,Carvey,Hallie.Carvey@yopmail.com,1991-10-17
118,Norine,Scammon,Norine.Scammon@yopmail.com,1953-06-24
119,Willetta,Hourigan,Willetta.Hourigan@yopmail.com,1962-01-10
120,Jsandye,Howlyn,Jsandye.Howlyn@yopmail.com,1930-01-24
121,Lanna,Jobi,Lanna.Jobi@yopmail.com,1914-03-22
122,Joelly,Lubin,Joelly.Lubin@yopmail.com,2009-11-11
123,Berget,Posner,Berget.Posner@yopmail.com,1930-08-06
124,Justinn,Iiette,Justinn.Iiette@yopmail.com,1914-06-16
125,Liana,Koehler,Liana.Koehler@yopmail.com,1907-02-18
126,Karina,Edison,Karina.Edison@yopmail.com,1966-10-10
127,Netty,Parette,Netty.Parette@yopmail.com,2008-05-13
128,Antonietta,Ricki,Antonietta.Ricki@yopmail.com,2004-12-25
129,Noelle,Kalinda,Noelle.Kalinda@yopmail.com,1907-12-13
130,Jemie,Bonilla,Jemie.Bonilla@yopmail.com,1953-03-31
131,Michaelina,Korey,Michaelina.Korey@yopmail.com,1999-09-07
132,Marita,Rooney,Marita.Rooney@yopmail.com,1972-07-12
133,Dennie,Chauncey,Dennie.Chauncey@yopmail.com,2016-05-20
134,Aubrie,Bashemeth,Aubrie.Bashemeth@yopmail.com,1955-11-24
135,Celestyna,Obed,Celestyna.Obed@yopmail.com,1926-01-05
136,Maurene,Gladstone,Maurene.Gladstone@yopmail.com,1941-12-15
137,Raina,Tannie,Raina.Tannie@yopmail.com,1971-06-07
138,Emelina,Gusella,Emelina.Gusella@yopmail.com,1994-06-11
139,Leia,Bashemeth,Leia.Bashemeth@yopmail.com,1925-08-10
140,Roseline,Marsden,Roseline.Marsden@yopmail.com,1997-06-23
141,Lila,Louanna,Lila.Louanna@yopmail.com,1951-08-26
142,Sidoney,Bendick,Sidoney.Bendick@yopmail.com,1924-01-26
143,Kassey,Burkle,Kassey.Burkle@yopmail.com,1980-08-09
144,Norine,Christine,Norine.Christine@yopmail.com,1991-12-29
145,Theodora,Cynar,Theodora.Cynar@yopmail.com,1903-09-23
146,Michaelina,Terencio,Michaelina.Terencio@yopmail.com,1945-08-04
147,Leontine,Bearnard,Leontine.Bearnard@yopmail.com,2010-03-14
148,Shauna,Tryck,Shauna.Tryck@yopmail.com,1928-11-23
149,Desirae,Isacco,Desirae.Isacco@yopmail.com,1912-01-15
150,Donnie,Ogren,Donnie.Ogren@yopmail.com,1956-08-03
151,Shauna,Bandeen,Shauna.Bandeen@yopmail.com,1988-12-24
152,Desirae,Philipp,Desirae.Philipp@yopmail.com,2007-05-25
153,Ninnetta,Rhu,Ninnetta.Rhu@yopmail.com,1996-03-29
154,Dagmar,Schenck,Dagmar.Schenck@yopmail.com,1972-01-29
155,Regina,Paton,Regina.Paton@yopmail.com,1945-10-14
156,Randa,Fiann,Randa.Fiann@yopmail.com,2003-03-07
157,Blake,Kamaria,Blake.Kamaria@yopmail.com,1985-03-16
158,Roslyn,Emanuel,Roslyn.Emanuel@yopmail.com,1913-01-14
159,Claresta,Anastatius,Claresta.Anastatius@yopmail.com,1906-03-02
160,Merry,Gaulin,Merry.Gaulin@yopmail.com,1935-04-16
161,Ricky,Gilmour,Ricky.Gilmour@yopmail.com,1954-09-24
162,Lisette,Fennessy,Lisette.Fennessy@yopmail.com,1930-02-14
163,Constance,Oster,Constance.Oster@yopmail.com,1963-08-08
164,Doralynne,Himelman,Doralynne.Himelman@yopmail.com,2006-08-30
165,Deirdre,Elisha,Deirdre.Elisha@yopmail.com,1900-04-29
166,Aaren,Hilbert,Aaren.Hilbert@yopmail.com,1944-07-31
167,Glenda,Cohdwell,Glenda.Cohdwell@yopmail.com,1991-05-25
168,Myriam,Cottle,Myriam.Cottle@yopmail.com,1950-06-10
169,Maridel,Wooster,Maridel.Wooster@yopmail.com,2005-06-04
170,Cathie,Loleta,Cathie.Loleta@yopmail.com,1930-05-15
171,Rivalee,McNully,Rivalee.McNully@yopmail.com,1941-03-10
172,Bobinette,Hunfredo,Bobinette.Hunfredo@yopmail.com,2019-11-10
173,Shannah,Mehalek,Shannah.Mehalek@yopmail.com,1974-11-30
174,Blondelle,Noam,Blondelle.Noam@yopmail.com,1951-06-27
175,Caryl,Vacuva,Caryl.Vacuva@yopmail.com,1968-11-06
176,Aubrie,Randene,Aubrie.Randene@yopmail.com,1907-08-12
177,Tiffie,Diann,Tiffie.Diann@yopmail.com,1908-03-26
178,Penelopa,Hazlett,Penelopa.Hazlett@yopmail.com,1949-12-12
179,Tarra,Maiah,Tarra.Maiah@yopmail.com,2003-08-29
180,Ottilie,Baptlsta,Ottilie.Baptlsta@yopmail.com,1901-09-08
181,Alameda,Cimbura,Alameda.Cimbura@yopmail.com,1912-10-29
182,Glenda,Imelida,Glenda.Imelida@yopmail.com,1996-12-21
183,Averyl,Knowling,Averyl.Knowling@yopmail.com,2007-12-09
184,Jany,Giule,Jany.Giule@yopmail.com,1963-11-30
185,Michaelina,Carolin,Michaelina.Carolin@yopmail.com,1976-03-01
186,Jeanna,Hewitt,Jeanna.Hewitt@yopmail.com,1998-10-11
187,Arlena,Stelle,Arlena.Stelle@yopmail.com,1929-03-11
188,Catharine,Frodi,Catharine.Frodi@yopmail.com,1993-11-13
189,Chastity,Cavan,Chastity.Cavan@yopmail.com,1987-05-07
190,Chickie,Zamora,Chickie.Zamora@yopmail.com,1993-07-03
191,Zaria,Nadia,Zaria.Nadia@yopmail.com,1985-01-25
192,Roslyn,Sperling,Roslyn.Sperling@yopmail.com,1950-05-14
193,Kirstin,Kesley,Kirstin.Kesley@yopmail.com,1923-04-18
194,Jaclyn,Delp,Jaclyn.Delp@yopmail.com,1974-08-14
195,Letizia,Cassius,Letizia.Cassius@yopmail.com,2008-01-23
196,Hallie,Gower,Hallie.Gower@yopmail.com,1954-09-08
197,Willetta,Read,Willetta.Read@yopmail.com,1992-06-11
198,Frank,Idelia,Frank.Idelia@yopmail.com,2002-04-08
199,Carilyn,Doig,Carilyn.Doig@yopmail.com,1954-05-31
200,Abbie,Reidar,Abbie.Reidar@yopmail.com,1921-04-05
201,Shauna,Chabot,Shauna.Chabot@yopmail.com,1953-02-27
202,Elsie,Nance,Elsie.Nance@yopmail.com,1991-05-25
203,Leona,Raama,Leona.Raama@yopmail.com,1937-05-03
204,Angela,Sallyann,Angela.Sallyann@yopmail.com,1936-01-08
205,Edee,Ries,Edee.Ries@yopmail.com,1969-07-22
206,Stephanie,Gladstone,Stephanie.Gladstone@yopmail.com,1928-10-01
207,Emelina,Bouchard,Emelina.Bouchard@yopmail.com,1952-06-18
208,Emelina,Etom,Emelina.Etom@yopmail.com,1974-01-31
209,Barbara,Etom,Barbara.Etom@yopmail.com,1989-09-20
210,Beatriz,Elo,Beatriz.Elo@yopmail.com,1970-01-12
211,Halette,Glenden,Halette.Glenden@yopmail.com,1981-09-18
212,Kassey,Eiser,Kassey.Eiser@yopmail.com,1933-12-22
213,Ashlee,Yam,Ashlee.Yam@yopmail.com,1996-01-21
214,Kimberley,Rogerio,Kimberley.Rogerio@yopmail.com,1961-04-30
215,Agathe,Regan,Agathe.Regan@yopmail.com,1983-06-01
216,Sybille,Bendick,Sybille.Bendick@yopmail.com,1923-01-04
217,Hettie,Erminia,Hettie.Erminia@yopmail.com,1960-05-13
218,Camile,Candy,Camile.Candy@yopmail.com,1982-12-24
219,Nataline,Baptlsta,Nataline.Baptlsta@yopmail.com,1993-05-26
220,Laure,Morehouse,Laure.Morehouse@yopmail.com,1953-12-26
221,Christy,Primalia,Christy.Primalia@yopmail.com,1993-08-16
222,Rori,Gert,Rori.Gert@yopmail.com,2006-06-25
223,Joane,Sadowski,Joane.Sadowski@yopmail.com,1927-02-18
224,Jessamyn,Alisia,Jessamyn.Alisia@yopmail.com,1998-03-22
225,Merrie,Garlinda,Merrie.Garlinda@yopmail.com,1943-06-04
226,Gerianna,Elephus,Gerianna.Elephus@yopmail.com,1985-02-25
227,Cissiee,Blake,Cissiee.Blake@yopmail.com,1957-10-04
228,Minne,Moseley,Minne.Moseley@yopmail.com,1970-07-29
229,Maridel,Merat,Maridel.Merat@yopmail.com,1947-12-07
230,Cyndie,Douglass,Cyndie.Douglass@yopmail.com,1952-03-13
231,Nannie,Lubin,Nannie.Lubin@yopmail.com,1901-11-01
232,Natka,Cutlerr,Natka.Cutlerr@yopmail.com,1980-04-12
233,Lorie,Edison,Lorie.Edison@yopmail.com,1900-02-21
234,Dianemarie,Phyllis,Dianemarie.Phyllis@yopmail.com,1962-04-01
235,Ekaterina,Libna,Ekaterina.Libna@yopmail.com,1906-12-06
236,Peri,Ailyn,Peri.Ailyn@yopmail.com,1903-08-04
237,Diena,Blisse,Diena.Blisse@yopmail.com,1921-03-12
238,Betta,Blase,Betta.Blase@yopmail.com,1976-10-03
239,Damaris,Leler,Damaris.Leler@yopmail.com,1964-02-16
240,Katharina,Girardo,Katharina.Girardo@yopmail.com,1985-07-08
241,Abbie,Ade,Abbie.Ade@yopmail.com,1902-11-18
242,Tybie,Amand,Tybie.Amand@yopmail.com,1926-11-21
243,Gertrud,Jerald,Gertrud.Jerald@yopmail.com,1905-01-02
244,Joleen,Levey,Joleen.Levey@yopmail.com,1934-11-16
245,Lanna,Carolin,Lanna.Carolin@yopmail.com,2010-12-02
246,Carlie,Melan,Carlie.Melan@yopmail.com,2006-08-29
247,Roz,Niles,Roz.Niles@yopmail.com,1925-12-29
248,Gertrud,Bendick,Gertrud.Bendick@yopmail.com,1903-01-22
249,Yolane,Orpah,Yolane.Orpah@yopmail.com,1967-01-25
250,Jennica,Harned,Jennica.Harned@yopmail.com,2003-08-11
251,Lexine,Blase,Lexine.Blase@yopmail.com,1967-01-07
252,Melanie,Girardo,Melanie.Girardo@yopmail.com,1976-03-22
253,Allis,Meter,Allis.Meter@yopmail.com,1979-05-22
254,Charissa,Kylander,Charissa.Kylander@yopmail.com,2005-07-09
255,Kimmy,Alva,Kimmy.Alva@yopmail.com,1962-05-25
256,Ellette,Bartlett,Ellette.Bartlett@yopmail.com,1950-12-17
257,Catrina,Jalbert,Catrina.Jalbert@yopmail.com,1956-11-22
258,Lusa,Maurine,Lusa.Maurine@yopmail.com,2001-12-21
259,Dyann,Riordan,Dyann.Riordan@yopmail.com,1948-09-11
260,Myriam,Zuzana,Myriam.Zuzana@yopmail.com,1986-06-26
261,Celestyna,Bibi,Celestyna.Bibi@yopmail.com,1953-04-03
262,Abbie,Means,Abbie.Means@yopmail.com,1955-06-24
263,Jacenta,Berl,Jacenta.Berl@yopmail.com,1985-08-01
264,Lynnea,Cutlerr,Lynnea.Cutlerr@yopmail.com,1961-01-05
265,Noelle,Anyah,Noelle.Anyah@yopmail.com,2010-12-06
266,Robinia,An,Robinia.An@yopmail.com,2014-05-20
267,Stacey,My,Stacey.My@yopmail.com,1963-03-04
268,Carmela,Emanuel,Carmela.Emanuel@yopmail.com,2016-09-26
269,Cherilyn,Monaco,Cherilyn.Monaco@yopmail.com,1966-01-31
270,Janenna,Argus,Janenna.Argus@yopmail.com,1947-01-17
271,Ellette,Ilka,Ellette.Ilka@yopmail.com,1978-10-18
272,Meriel,Elvyn,Meriel.Elvyn@yopmail.com,1943-05-03
273,Netty,Halla,Netty.Halla@yopmail.com,1908-06-10
274,Margalo,Sancho,Margalo.Sancho@yopmail.com,1963-06-26
275,Julieta,Kevon,Julieta.Kevon@yopmail.com,1940-01-19
276,Elora,Timon,Elora.Timon@yopmail.com,1931-10-22
277,Elbertina,Thornburg,Elbertina.Thornburg@yopmail.com,1990-06-13
278,Rochette,Helfand,Rochette.Helfand@yopmail.com,2003-01-20
279,Hollie,Nerita,Hollie.Nerita@yopmail.com,2008-10-26
280,Tilly,Curren,Tilly.Curren@yopmail.com,1915-12-08
281,Aubrie,Saint,Aubrie.Saint@yopmail.com,1972-08-31
282,Gaylene,Kress,Gaylene.Kress@yopmail.com,1974-08-04
283,Malina,Poll,Malina.Poll@yopmail.com,1900-01-15
284,Carmela,Stover,Carmela.Stover@yopmail.com,1907-10-19
285,Flory,Judye,Flory.Judye@yopmail.com,2008-03-01
286,Dominga,Goode,Dominga.Goode@yopmail.com,1978-08-31
287,Tilly,Sigfrid,Tilly.Sigfrid@yopmail.com,1922-04-15
288,Lesly,Gavrila,Lesly.Gavrila@yopmail.com,1999-02-25
289,Molli,Hutchison,Molli.Hutchison@yopmail.com,1931-09-29
290,Gretal,Calhoun,Gretal.Calhoun@yopmail.com,1959-05-14
291,Ulrike,Loleta,Ulrike.Loleta@yopmail.com,1925-05-18
292,Flory,Paine,Flory.Paine@yopmail.com,1939-07-05
293,Noelle,Bashemeth,Noelle.Bashemeth@yopmail.com,1994-01-05
294,Cissiee,Flita,Cissiee.Flita@yopmail.com,1919-08-24
295,Anthia,Clarissa,Anthia.Clarissa@yopmail.com,1952-01-14
296,Shaylyn,Cosenza,Shaylyn.Cosenza@yopmail.com,1973-06-23
297,Odessa,Madaih,Odessa.Madaih@yopmail.com,1985-01-27
298,Ada,Annice,Ada.Annice@yopmail.com,1953-12-05
299,Deane,Alcott,Deane.Alcott@yopmail.com,1929-09-24
300,Stevana,Kermit,Stevana.Kermit@yopmail.com,2016-01-05
301,Elka,Neils,Elka.Neils@yopmail.com,1935-02-19
302,Fernande,Iiette,Fernande.Iiette@yopmail.com,1986-08-01
303,Netty,Knowling,Netty.Knowling@yopmail.com,1977-06-15
304,Amii,Herrera,Amii.Herrera@yopmail.com,1926-05-02
305,Maye,Evangelia,Maye.Evangelia@yopmail.com,1986-10-17
306,Neila,Braun,Neila.Braun@yopmail.com,1932-08-25
307,Coral,Charmine,Coral.Charmine@yopmail.com,1924-11-27
308,Julieta,Ferino,Julieta.Ferino@yopmail.com,1989-09-27
309,Nicoli,Alisia,Nicoli.Alisia@yopmail.com,1969-03-07
310,Hyacinthe,Wesle,Hyacinthe.Wesle@yopmail.com,1958-02-02
311,Oralee,Erminia,Oralee.Erminia@yopmail.com,2015-03-25
312,Jany,Helfand,Jany.Helfand@yopmail.com,1994-11-26
313,Nollie,Schalles,Nollie.Schalles@yopmail.com,1996-01-26
314,Judy,Kare,Judy.Kare@yopmail.com,2004-10-21
315,Brana,Parette,Brana.Parette@yopmail.com,1902-08-17
316,Augustine,Ethban,Augustine.Ethban@yopmail.com,1918-02-19
317,Miquela,Cressida,Miquela.Cressida@yopmail.com,1935-01-30
318,Konstance,Corabella,Konstance.Corabella@yopmail.com,1999-03-17
319,Kassey,Mott,Kassey.Mott@yopmail.com,2008-06-29
320,Ashlee,Georgy,Ashlee.Georgy@yopmail.com,1993-09-23
321,Dagmar,Fillbert,Dagmar.Fillbert@yopmail.com,1944-04-14
322,Nanete,Creamer,Nanete.Creamer@yopmail.com,2004-06-17
323,Margalo,Parette,Margalo.Parette@yopmail.com,1927-04-16
324,Lenna,Middleton,Lenna.Middleton@yopmail.com,1933-06-03
325,Nanete,Anastatius,Nanete.Anastatius@yopmail.com,1950-04-30
326,Adelle,Yate,Adelle.Yate@yopmail.com,1926-02-17
327,Britte,Bord,Britte.Bord@yopmail.com,1924-11-15
328,Antonietta,Geffner,Antonietta.Geffner@yopmail.com,1994-06-05
329,Chastity,Leonard,Chastity.Leonard@yopmail.com,2005-06-28
330,Leontine,Gert,Leontine.Gert@yopmail.com,1976-02-06
331,Carolina,Nunci,Carolina.Nunci@yopmail.com,2001-12-09
332,Corene,Nikaniki,Corene.Nikaniki@yopmail.com,1900-06-30
333,Lanae,Dash,Lanae.Dash@yopmail.com,1983-03-04
334,Leanna,Tremayne,Leanna.Tremayne@yopmail.com,1931-03-30
335,Maurene,Millda,Maurene.Millda@yopmail.com,1982-09-27
336,Farrah,Dex,Farrah.Dex@yopmail.com,1945-04-16
337,Antonietta,Medrek,Antonietta.Medrek@yopmail.com,1945-05-28
338,Brandise,Cullin,Brandise.Cullin@yopmail.com,1987-02-22
339,Barbara,Rozanna,Barbara.Rozanna@yopmail.com,2009-10-20
340,Fayre,Thilda,Fayre.Thilda@yopmail.com,1988-09-04
341,Bertine,Pettiford,Bertine.Pettiford@yopmail.com,2015-05-06
342,Wanda,Mintz,Wanda.Mintz@yopmail.com,1984-08-24
343,Alleen,Chabot,Alleen.Chabot@yopmail.com,1994-04-13
344,Edith,Bates,Edith.Bates@yopmail.com,1970-03-02
345,Eadie,Ferrell,Eadie.Ferrell@yopmail.com,1936-01-29
346,Mahalia,Lumbard,Mahalia.Lumbard@yopmail.com,1907-04-16
347,Pollyanna,Ehrman,Pollyanna.Ehrman@yopmail.com,1909-05-03
348,Tybie,Diogenes,Tybie.Diogenes@yopmail.com,1950-09-13
349,Arabel,Nadia,Arabel.Nadia@yopmail.com,2003-02-07
350,Consuela,Guildroy,Consuela.Guildroy@yopmail.com,2007-01-10
351,Ofilia,Belldas,Ofilia.Belldas@yopmail.com,1936-07-24
352,Marjie,Brodench,Marjie.Brodench@yopmail.com,1909-04-16
353,Jillayne,Maples,Jillayne.Maples@yopmail.com,1901-07-24
354,Keelia,Oriana,Keelia.Oriana@yopmail.com,2012-07-05
355,Harmonia,Aida,Harmonia.Aida@yopmail.com,1910-12-13
356,Brana,Fiann,Brana.Fiann@yopmail.com,1971-01-28
357,Meg,Belanger,Meg.Belanger@yopmail.com,1943-09-26
358,Fernande,Teddman,Fernande.Teddman@yopmail.com,1969-09-30
359,Willetta,Sancho,Willetta.Sancho@yopmail.com,1952-12-10
360,Lucille,Ricarda,Lucille.Ricarda@yopmail.com,1914-02-06
361,Addia,Glenden,Addia.Glenden@yopmail.com,1917-04-20
362,Babita,Bartlett,Babita.Bartlett@yopmail.com,2013-01-11
363,Petronia,Jefferey,Petronia.Jefferey@yopmail.com,2017-01-29
364,Lindie,Oster,Lindie.Oster@yopmail.com,1976-07-09
365,Pollyanna,Chick,Pollyanna.Chick@yopmail.com,1952-10-08
366,Averyl,Mike,Averyl.Mike@yopmail.com,1924-10-23
367,Hermione,Morehouse,Hermione.Morehouse@yopmail.com,1909-10-08
368,Fredericka,Marcellus,Fredericka.Marcellus@yopmail.com,1961-04-27
369,Karlee,Uund,Karlee.Uund@yopmail.com,1935-07-20
370,Melisent,Tarrant,Melisent.Tarrant@yopmail.com,1977-02-04
371,Jsandye,Sabella,Jsandye.Sabella@yopmail.com,1949-07-06
372,Vere,Tomasina,Vere.Tomasina@yopmail.com,2014-02-11
373,Brooks,Jaylene,Brooks.Jaylene@yopmail.com,1970-07-06
374,Dolli,Naor,Dolli.Naor@yopmail.com,1907-06-03
375,Sharai,Rhu,Sharai.Rhu@yopmail.com,2014-05-13
376,Chastity,Screens,Chastity.Screens@yopmail.com,1976-10-08
377,Tierney,Edison,Tierney.Edison@yopmail.com,1984-07-15
378,Janey,Danby,Janey.Danby@yopmail.com,1996-04-03
379,Ilse,Heisel,Ilse.Heisel@yopmail.com,1914-04-27
380,Misha,Hutchison,Misha.Hutchison@yopmail.com,2009-10-04
381,Jordan,August,Jordan.August@yopmail.com,1937-12-02
382,Ada,Dudley,Ada.Dudley@yopmail.com,1929-06-07
383,Leona,Seumas,Leona.Seumas@yopmail.com,1981-12-15
384,Susan,Dunkin,Susan.Dunkin@yopmail.com,1907-03-20
385,Bettine,Maisey,Bettine.Maisey@yopmail.com,1908-02-24
386,Ileana,Schonfeld,Ileana.Schonfeld@yopmail.com,1967-11-20
387,Larine,Estella,Larine.Estella@yopmail.com,2011-08-04
388,Winifred,August,Winifred.August@yopmail.com,1915-09-30
389,Grier,Joachim,Grier.Joachim@yopmail.com,1935-02-02
390,Gavrielle,Sinegold,Gavrielle.Sinegold@yopmail.com,1963-05-15
391,Jobi,Martguerita,Jobi.Martguerita@yopmail.com,1943-02-04
392,Marcy,Ophelia,Marcy.Ophelia@yopmail.com,1924-11-16
393,Maryellen,Tristram,Maryellen.Tristram@yopmail.com,1909-03-26
394,Jasmina,Shanley,Jasmina.Shanley@yopmail.com,2010-10-16
395,Marline,Kalinda,Marline.Kalinda@yopmail.com,1935-04-04
396,Daryl,Waite,Daryl.Waite@yopmail.com,1966-09-11
397,Stacey,Forrer,Stacey.Forrer@yopmail.com,2002-07-21
398,Cyndie,Ursulette,Cyndie.Ursulette@yopmail.com,1917-04-25
399,Brooks,Girardo,Brooks.Girardo@yopmail.com,1906-12-09
400,Corly,Nunci,Corly.Nunci@yopmail.com,1900-02-22
401,Cordi,Jobi,Cordi.Jobi@yopmail.com,1924-01-07
402,Zondra,Libna,Zondra.Libna@yopmail.com,1919-08-04
403,Kalina,Grosz,Kalina.Grosz@yopmail.com,1940-09-03
404,Damaris,Thad,Damaris.Thad@yopmail.com,1913-03-23
405,Melanie,Eachern,Melanie.Eachern@yopmail.com,1904-10-16
406,Jean,Killigrew,Jean.Killigrew@yopmail.com,1952-10-15
407,Feliza,Delp,Feliza.Delp@yopmail.com,1924-09-25
408,Aaren,Moseley,Aaren.Moseley@yopmail.com,1979-08-24
409,Harrietta,Juan,Harrietta.Juan@yopmail.com,1922-03-06
410,Hallie,Adamsen,Hallie.Adamsen@yopmail.com,1976-11-19
411,Nessie,Orlene,Nessie.Orlene@yopmail.com,1993-07-19
412,Lusa,Miru,Lusa.Miru@yopmail.com,1932-05-09
413,Ezmeralda,Kimmie,Ezmeralda.Kimmie@yopmail.com,1937-07-07
414,Dagmar,Phyllis,Dagmar.Phyllis@yopmail.com,1959-07-01
415,Berget,Colp,Berget.Colp@yopmail.com,1957-02-07
416,Lita,Constancy,Lita.Constancy@yopmail.com,1977-04-22
417,Minne,Brodench,Minne.Brodench@yopmail.com,2003-08-16
418,Sharai,Nedrud,Sharai.Nedrud@yopmail.com,1912-06-20
419,Frieda,Merna,Frieda.Merna@yopmail.com,1989-04-17
420,Hildegaard,Regan,Hildegaard.Regan@yopmail.com,1922-02-22
421,Camile,Hebner,Camile.Hebner@yopmail.com,2000-04-13
422,Anthia,Edison,Anthia.Edison@yopmail.com,1930-07-18
423,Katuscha,Shaver,Katuscha.Shaver@yopmail.com,1914-09-22
424,Genevra,Berriman,Genevra.Berriman@yopmail.com,1959-10-04
425,Orelia,Tillford,Orelia.Tillford@yopmail.com,2017-02-24
426,Danika,Santoro,Danika.Santoro@yopmail.com,1926-12-01
427,Jaime,Vary,Jaime.Vary@yopmail.com,1925-01-17
428,Christian,Mandler,Christian.Mandler@yopmail.com,1996-02-25
429,Moyna,Cassius,Moyna.Cassius@yopmail.com,1929-11-17
430,Valeda,Malina,Valeda.Malina@yopmail.com,1952-05-13
431,Vinita,Cutlerr,Vinita.Cutlerr@yopmail.com,1980-10-31
432,Feliza,Rona,Feliza.Rona@yopmail.com,1993-01-05
433,Leontine,Suzetta,Leontine.Suzetta@yopmail.com,1966-08-13
434,Corina,Emmaline,Corina.Emmaline@yopmail.com,1948-03-26
435,Rayna,Daegal,Rayna.Daegal@yopmail.com,1974-09-26
436,Lanae,Tayib,Lanae.Tayib@yopmail.com,1947-05-23
437,Margalo,Ahab,Margalo.Ahab@yopmail.com,1995-02-12
438,Ardenia,Clarissa,Ardenia.Clarissa@yopmail.com,2002-02-28
439,Ebonee,Mendez,Ebonee.Mendez@yopmail.com,1980-07-30
440,Kristina,Kristi,Kristina.Kristi@yopmail.com,2019-10-24
441,Hettie,Burkle,Hettie.Burkle@yopmail.com,2019-09-27
442,Lynde,Gibbeon,Lynde.Gibbeon@yopmail.com,1900-03-03
443,Blondelle,Berriman,Blondelle.Berriman@yopmail.com,1930-06-25
444,Brooks,Jagir,Brooks.Jagir@yopmail.com,1993-06-02
445,Bobbi,Janene,Bobbi.Janene@yopmail.com,1940-08-31
446,Lusa,Carbo,Lusa.Carbo@yopmail.com,1921-02-02
447,Brynna,Maiah,Brynna.Maiah@yopmail.com,1985-09-18
448,Netty,Raul,Netty.Raul@yopmail.com,1948-10-26
449,Kaja,Ax,Kaja.Ax@yopmail.com,1983-09-27
450,Magdalena,Martsen,Magdalena.Martsen@yopmail.com,1922-03-06
451,Elsie,Nisbet,Elsie.Nisbet@yopmail.com,1936-08-17
452,Dale,Curren,Dale.Curren@yopmail.com,1941-08-17
453,Brooks,Clara,Brooks.Clara@yopmail.com,1989-12-27
454,Siana,Gusella,Siana.Gusella@yopmail.com,1933-12-21
455,Dale,Dyche,Dale.Dyche@yopmail.com,1996-10-18
456,Dyann,Baylor,Dyann.Baylor@yopmail.com,1987-08-16
457,Winny,Anton,Winny.Anton@yopmail.com,1924-08-18
458,Brooks,Oneida,Brooks.Oneida@yopmail.com,1954-03-24
459,Fred,Sperling,Fred.Sperling@yopmail.com,1994-05-08
460,Merrie,Stuart,Merrie.Stuart@yopmail.com,2010-01-14
461,Marti,Cutlerr,Marti.Cutlerr@yopmail.com,1954-03-17
462,Fernande,Cynar,Fernande.Cynar@yopmail.com,1986-04-12
463,Juliane,Glenden,Juliane.Glenden@yopmail.com,1928-10-28
464,Rozele,Roumell,Rozele.Roumell@yopmail.com,1987-02-18
465,Tersina,Emmy,Tersina.Emmy@yopmail.com,1901-05-29
466,Roxane,Wilkinson,Roxane.Wilkinson@yopmail.com,1975-04-22
467,Frank,Nunci,Frank.Nunci@yopmail.com,1991-03-13
468,Eolanda,Urania,Eolanda.Urania@yopmail.com,1995-08-14
469,Bill,Oster,Bill.Oster@yopmail.com,1967-06-15
470,Wynne,Howlyn,Wynne.Howlyn@yopmail.com,1924-09-21
471,Olwen,Kelula,Olwen.Kelula@yopmail.com,1966-08-22
472,Judy,Fink,Judy.Fink@yopmail.com,1971-11-02
473,Jany,Hanleigh,Jany.Hanleigh@yopmail.com,1963-05-15
474,Cassondra,Bari,Cassondra.Bari@yopmail.com,1981-02-11
475,Fernande,Peg,Fernande.Peg@yopmail.com,1980-10-29
476,Iseabal,Concha,Iseabal.Concha@yopmail.com,1926-10-27
477,Minne,Voletta,Minne.Voletta@yopmail.com,1960-12-28
478,Jordan,Judye,Jordan.Judye@yopmail.com,1909-07-04
479,Alexine,Olin,Alexine.Olin@yopmail.com,1932-11-24
480,Danika,Dawkins,Danika.Dawkins@yopmail.com,1962-05-16
481,Shirlee,Sundin,Shirlee.Sundin@yopmail.com,1981-05-05
482,Miquela,Hull,Miquela.Hull@yopmail.com,1900-05-26
483,Lynde,Guthrie,Lynde.Guthrie@yopmail.com,1974-12-09
484,Ayn,Thad,Ayn.Thad@yopmail.com,1912-01-27
485,Anica,Japeth,Anica.Japeth@yopmail.com,1928-09-24
486,Michaelina,Caitlin,Michaelina.Caitlin@yopmail.com,1964-10-02
487,Beth,Infield,Beth.Infield@yopmail.com,1944-11-05
488,Roxane,Bethany,Roxane.Bethany@yopmail.com,1979-06-17
489,Gaylene,Hanleigh,Gaylene.Hanleigh@yopmail.com,2009-12-31
490,Berget,Morehouse,Berget.Morehouse@yopmail.com,1916-04-22
491,Kary,Dudley,Kary.Dudley@yopmail.com,2013-01-22
492,Briney,Shaddock,Briney.Shaddock@yopmail.com,1933-06-23
493,Queenie,Latini,Queenie.Latini@yopmail.com,1939-06-07
494,Ulrike,Ellord,Ulrike.Ellord@yopmail.com,1927-07-17
495,Vanessa,Mendez,Vanessa.Mendez@yopmail.com,1970-01-26
496,Bernardine,Leler,Bernardine.Leler@yopmail.com,1975-07-15
497,Ginnie,Gherardo,Ginnie.Gherardo@yopmail.com,1999-02-08
498,Delilah,Martsen,Delilah.Martsen@yopmail.com,2001-05-02
499,Jorry,Stav,Jorry.Stav@yopmail.com,1988-07-05
500,Karlee,Ledah,Karlee.Ledah@yopmail.com,1918-01-03
501,Modestia,Uird,Modestia.Uird@yopmail.com,1971-10-31
502,Janey,Erb,Janey.Erb@yopmail.com,2013-02-23
503,Madeleine,Alarise,Madeleine.Alarise@yopmail.com,1994-12-09
504,Cyndie,Rocray,Cyndie.Rocray@yopmail.com,1920-03-07
505,Abbie,Jotham,Abbie.Jotham@yopmail.com,1958-09-08
506,Barbara,Ferino,Barbara.Ferino@yopmail.com,1939-12-19
507,Clarice,Morgun,Clarice.Morgun@yopmail.com,1943-07-26
508,Alleen,Bethany,Alleen.Bethany@yopmail.com,1908-11-28
509,Pollyanna,Longfellow,Pollyanna.Longfellow@yopmail.com,1974-08-08
510,Cristabel,Bronk,Cristabel.Bronk@yopmail.com,1919-04-13
511,Shirlee,Alarise,Shirlee.Alarise@yopmail.com,1976-10-06
512,Therine,Winthorpe,Therine.Winthorpe@yopmail.com,1917-12-17
513,Camile,Gibbeon,Camile.Gibbeon@yopmail.com,1931-09-20
514,Bobbi,Couture,Bobbi.Couture@yopmail.com,1988-09-15
515,Sashenka,Percy,Sashenka.Percy@yopmail.com,1931-05-16
516,Quintina,Prober,Quintina.Prober@yopmail.com,1990-07-13
517,Harrietta,Myrilla,Harrietta.Myrilla@yopmail.com,1930-08-15
518,Celestyna,Tyson,Celestyna.Tyson@yopmail.com,1965-07-08
519,Mellicent,Laverne,Mellicent.Laverne@yopmail.com,1952-06-07
520,Shel,Edvard,Shel.Edvard@yopmail.com,1992-10-30
521,Olwen,Lamoree,Olwen.Lamoree@yopmail.com,1968-07-04
522,Correy,O'Rourke,Correy.O'Rourke@yopmail.com,1977-11-22
523,Kerrin,Deegan,Kerrin.Deegan@yopmail.com,1905-06-28
524,Sidoney,Letsou,Sidoney.Letsou@yopmail.com,1917-10-05
525,Tracey,Izaak,Tracey.Izaak@yopmail.com,1997-03-03
526,Johna,Brieta,Johna.Brieta@yopmail.com,1912-11-23
527,Tracey,Briney,Tracey.Briney@yopmail.com,1938-11-26
528,Ellette,Wind,Ellette.Wind@yopmail.com,1961-05-18
529,Rochette,Hamil,Rochette.Hamil@yopmail.com,1977-01-09
530,Kary,Constancy,Kary.Constancy@yopmail.com,1972-03-19
531,Eve,Aldric,Eve.Aldric@yopmail.com,1954-04-07
532,Feliza,Tayib,Feliza.Tayib@yopmail.com,1927-10-18
533,Vinita,Delp,Vinita.Delp@yopmail.com,1952-08-26
534,Gusty,Macey,Gusty.Macey@yopmail.com,2006-03-12
535,Lorne,Jacqui,Lorne.Jacqui@yopmail.com,1944-05-28
536,Wileen,Bethany,Wileen.Bethany@yopmail.com,1992-08-10
537,Chrystel,Justinn,Chrystel.Justinn@yopmail.com,1967-06-05
538,Asia,Grayce,Asia.Grayce@yopmail.com,1939-05-12
539,Brooks,Quent,Brooks.Quent@yopmail.com,1987-04-14
540,Rhoda,Nicoline,Rhoda.Nicoline@yopmail.com,1994-08-02
541,Marguerite,Rooney,Marguerite.Rooney@yopmail.com,1983-10-16
542,Lacie,Byrne,Lacie.Byrne@yopmail.com,1926-09-15
543,Marleah,Sacken,Marleah.Sacken@yopmail.com,1907-05-27
544,Hyacinthe,Longfellow,Hyacinthe.Longfellow@yopmail.com,1965-06-04
545,Starla,Edvard,Starla.Edvard@yopmail.com,1988-01-12
546,Kristan,Lubin,Kristan.Lubin@yopmail.com,1944-11-22
547,Sophia,Concha,Sophia.Concha@yopmail.com,1950-03-30
548,Dorene,August,Dorene.August@yopmail.com,2000-09-06
549,Cissiee,Seessel,Cissiee.Seessel@yopmail.com,1998-10-21
550,Catharine,Sherrie,Catharine.Sherrie@yopmail.com,2012-07-04
551,Fina,Zitvaa,Fina.Zitvaa@yopmail.com,1942-04-13
552,Raina,Mehalek,Raina.Mehalek@yopmail.com,1928-03-03
553,Cindelyn,Erminia,Cindelyn.Erminia@yopmail.com,1968-07-28
554,Gwenneth,Docilla,Gwenneth.Docilla@yopmail.com,1934-08-14
555,Louella,Cornelia,Louella.Cornelia@yopmail.com,1923-10-31
556,Dagmar,Kosey,Dagmar.Kosey@yopmail.com,2011-10-05
557,Hannis,Cornelia,Hannis.Cornelia@yopmail.com,1968-03-23
558,Carree,Ellerey,Carree.Ellerey@yopmail.com,1922-07-25
559,Lucille,Naor,Lucille.Naor@yopmail.com,1986-04-01
560,Tori,LaRue,Tori.LaRue@yopmail.com,1988-10-19
561,Beatriz,Pozzy,Beatriz.Pozzy@yopmail.com,1927-01-01
562,Gusty,Socha,Gusty.Socha@yopmail.com,1938-06-18
563,Henriette,Vilma,Henriette.Vilma@yopmail.com,1943-10-12
564,Hettie,Blisse,Hettie.Blisse@yopmail.com,1942-05-12
565,Shel,Bultman,Shel.Bultman@yopmail.com,1980-07-04
566,Anallese,Seligman,Anallese.Seligman@yopmail.com,1983-02-28
567,Corly,Beniamino,Corly.Beniamino@yopmail.com,2014-03-31
568,Rhea,Stanwood,Rhea.Stanwood@yopmail.com,1916-10-22
569,Stephanie,Cristi,Stephanie.Cristi@yopmail.com,1970-12-03
570,Gusella,Ferrell,Gusella.Ferrell@yopmail.com,1909-12-26
571,Dania,Gavrila,Dania.Gavrila@yopmail.com,1997-02-13
572,Queenie,Roarke,Queenie.Roarke@yopmail.com,1947-06-09
573,Dorothy,Doig,Dorothy.Doig@yopmail.com,2000-06-22
574,Meghann,Nadia,Meghann.Nadia@yopmail.com,2016-09-30
575,Heida,Greyson,Heida.Greyson@yopmail.com,2009-07-28
576,Kate,Artie,Kate.Artie@yopmail.com,1965-05-28
577,Wendi,Giule,Wendi.Giule@yopmail.com,1978-08-04
578,Monika,Nea,Monika.Nea@yopmail.com,1960-04-12
579,Bernardine,Bonilla,Bernardine.Bonilla@yopmail.com,1962-11-04
580,Mellicent,Lutero,Mellicent.Lutero@yopmail.com,2000-02-19
581,Fanchon,Deegan,Fanchon.Deegan@yopmail.com,1955-09-09
582,Ardys,Helfand,Ardys.Helfand@yopmail.com,2015-02-05
583,Margalo,Clie,Margalo.Clie@yopmail.com,1959-11-22
584,Donnie,Secrest,Donnie.Secrest@yopmail.com,1961-09-20
585,Fawne,Corilla,Fawne.Corilla@yopmail.com,2012-10-05
586,Constance,Roarke,Constance.Roarke@yopmail.com,1985-04-27
587,Queenie,Mintz,Queenie.Mintz@yopmail.com,1991-02-02
588,Talya,Quent,Talya.Quent@yopmail.com,2019-10-18
589,Farrah,Publia,Farrah.Publia@yopmail.com,1988-01-26
590,Brooks,Tacye,Brooks.Tacye@yopmail.com,1956-02-17
591,Sadie,Dituri,Sadie.Dituri@yopmail.com,1912-04-06
592,Wilma,Delila,Wilma.Delila@yopmail.com,1940-01-23
593,Raina,Lowry,Raina.Lowry@yopmail.com,1984-04-09
594,Charlena,Taima,Charlena.Taima@yopmail.com,2019-11-04
595,Arabel,Leary,Arabel.Leary@yopmail.com,1988-02-07
596,Fayre,Kelula,Fayre.Kelula@yopmail.com,1917-12-07
597,Ellette,Chem,Ellette.Chem@yopmail.com,1909-11-11
598,Catharine,Granoff,Catharine.Granoff@yopmail.com,2002-07-12
599,Donnie,Hanleigh,Donnie.Hanleigh@yopmail.com,1912-07-16
600,Betta,Hoenack,Betta.Hoenack@yopmail.com,1965-12-31
601,Vere,Jacqui,Vere.Jacqui@yopmail.com,1930-10-27
602,Bettine,Prouty,Bettine.Prouty@yopmail.com,1999-05-31
603,Pierette,Schroth,Pierette.Schroth@yopmail.com,1974-09-01
604,Mignon,Lea,Mignon.Lea@yopmail.com,1951-01-15
605,Katharina,Mehalek,Katharina.Mehalek@yopmail.com,1911-12-04
606,Ronna,Brady,Ronna.Brady@yopmail.com,1926-07-23
607,Beverley,Ietta,Beverley.Ietta@yopmail.com,1956-12-08
608,Corene,Ethban,Corene.Ethban@yopmail.com,1945-12-11
609,Larine,Skell,Larine.Skell@yopmail.com,1957-07-11
610,Deane,Boycey,Deane.Boycey@yopmail.com,1970-08-07
611,Henriette,Nedrud,Henriette.Nedrud@yopmail.com,1933-01-22
612,Lynnea,Fairweather,Lynnea.Fairweather@yopmail.com,1973-01-08
613,Katleen,Chaing,Katleen.Chaing@yopmail.com,1966-05-18
614,Fred,Dawkins,Fred.Dawkins@yopmail.com,1977-04-03
615,Agathe,Elephus,Agathe.Elephus@yopmail.com,1943-12-02
616,Marita,Ader,Marita.Ader@yopmail.com,2008-11-02
617,Clarice,Thomasina,Clarice.Thomasina@yopmail.com,1979-02-22
618,Janey,Mayeda,Janey.Mayeda@yopmail.com,2003-07-30
619,Vivia,Caitlin,Vivia.Caitlin@yopmail.com,1977-12-20
620,Tami,Anis,Tami.Anis@yopmail.com,1954-08-15
621,Jorry,Mullane,Jorry.Mullane@yopmail.com,1907-03-30
622,Barbi,Maxi,Barbi.Maxi@yopmail.com,1988-04-20
623,Sue,Solitta,Sue.Solitta@yopmail.com,1964-11-20
624,Mignon,Avi,Mignon.Avi@yopmail.com,1917-03-05
625,Jany,Garrison,Jany.Garrison@yopmail.com,2007-06-01
626,Molli,Brady,Molli.Brady@yopmail.com,1941-10-31
627,Emelina,Gower,Emelina.Gower@yopmail.com,1926-06-27
628,Kaja,Dichy,Kaja.Dichy@yopmail.com,1911-06-11
629,Gertrud,Tristram,Gertrud.Tristram@yopmail.com,1927-04-15
630,Nananne,Chabot,Nananne.Chabot@yopmail.com,1902-01-14
631,Ida,Salvidor,Ida.Salvidor@yopmail.com,1923-06-04
632,Marguerite,Paine,Marguerite.Paine@yopmail.com,1976-04-14
633,Cristine,Berard,Cristine.Berard@yopmail.com,1990-05-16
634,Randa,Dahlia,Randa.Dahlia@yopmail.com,1999-10-07
635,Georgetta,Malanie,Georgetta.Malanie@yopmail.com,1983-02-02
636,Karlee,Raseda,Karlee.Raseda@yopmail.com,1927-02-12
637,Laurene,Jerold,Laurene.Jerold@yopmail.com,1906-05-23
638,Dennie,Infield,Dennie.Infield@yopmail.com,1968-12-12
639,Netty,Baylor,Netty.Baylor@yopmail.com,1921-04-18
640,Calla,Cosenza,Calla.Cosenza@yopmail.com,1995-12-18
641,Fina,Suzetta,Fina.Suzetta@yopmail.com,1986-12-03
642,Lorenza,Brotherson,Lorenza.Brotherson@yopmail.com,1948-11-25
643,Nadine,Narton,Nadine.Narton@yopmail.com,1902-10-15
644,Hallie,Schroth,Hallie.Schroth@yopmail.com,2013-02-22
645,Luci,Wandie,Luci.Wandie@yopmail.com,1965-06-06
646,Catrina,Oneida,Catrina.Oneida@yopmail.com,1979-11-01
647,Gilda,Ulphia,Gilda.Ulphia@yopmail.com,1971-10-27
648,Penelopa,Darbie,Penelopa.Darbie@yopmail.com,1915-09-16
649,Darlleen,Madox,Darlleen.Madox@yopmail.com,2012-12-13
650,Suzette,Niles,Suzette.Niles@yopmail.com,1908-05-17
651,Tarra,Geffner,Tarra.Geffner@yopmail.com,2015-04-11
652,Gertrud,Tippets,Gertrud.Tippets@yopmail.com,1942-10-21
653,Eolanda,Bearnard,Eolanda.Bearnard@yopmail.com,1946-02-21
654,Kelly,Virgin,Kelly.Virgin@yopmail.com,2006-03-14
655,Charissa,Kevon,Charissa.Kevon@yopmail.com,1910-12-14
656,Lucy,Swanhildas,Lucy.Swanhildas@yopmail.com,1988-05-27
657,Etta,Kesley,Etta.Kesley@yopmail.com,1927-03-19
658,Gloria,Shaddock,Gloria.Shaddock@yopmail.com,1923-03-15
659,Sam,Danby,Sam.Danby@yopmail.com,1900-05-28
660,Marleah,Keily,Marleah.Keily@yopmail.com,1935-07-18
661,Shirlee,Henebry,Shirlee.Henebry@yopmail.com,2003-08-06
662,Janey,Chem,Janey.Chem@yopmail.com,1969-04-01
663,Gerianna,Noam,Gerianna.Noam@yopmail.com,1931-04-03
664,Wileen,Forrer,Wileen.Forrer@yopmail.com,1902-12-12
665,Larine,Rubie,Larine.Rubie@yopmail.com,1966-05-09
666,Justinn,Merna,Justinn.Merna@yopmail.com,1930-07-07
667,Lisette,Lareena,Lisette.Lareena@yopmail.com,1925-02-09
668,Nessie,Gregrory,Nessie.Gregrory@yopmail.com,1900-02-12
669,Dede,Anyah,Dede.Anyah@yopmail.com,2011-01-04
670,Silvana,Georgy,Silvana.Georgy@yopmail.com,1915-09-04
671,Pearline,Natica,Pearline.Natica@yopmail.com,2003-03-30
672,Flory,An,Flory.An@yopmail.com,2011-02-14
673,Raf,Dyche,Raf.Dyche@yopmail.com,1974-02-08
674,Bobbi,Old,Bobbi.Old@yopmail.com,1901-08-22
675,Desirae,Francyne,Desirae.Francyne@yopmail.com,1929-01-31
676,Larine,Pauly,Larine.Pauly@yopmail.com,1989-10-21
677,Kamilah,Hessler,Kamilah.Hessler@yopmail.com,1964-06-21
678,Wanda,Raychel,Wanda.Raychel@yopmail.com,1987-10-21
679,Zondra,Amadas,Zondra.Amadas@yopmail.com,1928-06-13
680,Laurene,Aaberg,Laurene.Aaberg@yopmail.com,1952-08-22
681,Amii,Tengdin,Amii.Tengdin@yopmail.com,1946-02-25
682,Genevra,Couture,Genevra.Couture@yopmail.com,1932-06-03
683,Sarette,Cassius,Sarette.Cassius@yopmail.com,1927-11-11
684,Sherrie,Ricarda,Sherrie.Ricarda@yopmail.com,1916-08-21
685,Ivett,Fiann,Ivett.Fiann@yopmail.com,1978-07-19
686,Phedra,Lytton,Phedra.Lytton@yopmail.com,1945-04-18
687,Kellen,Mullane,Kellen.Mullane@yopmail.com,1993-11-22
688,Candy,Shuler,Candy.Shuler@yopmail.com,1917-05-27
689,Queenie,Delila,Queenie.Delila@yopmail.com,1937-05-17
690,Ginnie,Salvidor,Ginnie.Salvidor@yopmail.com,1900-06-27
691,Asia,Sigfrid,Asia.Sigfrid@yopmail.com,1967-10-13
692,Elise,Tufts,Elise.Tufts@yopmail.com,2005-12-29
693,Carmencita,Strephon,Carmencita.Strephon@yopmail.com,1939-10-25
694,Kayla,Jacobah,Kayla.Jacobah@yopmail.com,1986-10-15
695,Sadie,Barbey,Sadie.Barbey@yopmail.com,1997-03-30
696,Libbie,Gunn,Libbie.Gunn@yopmail.com,1945-09-20
697,Ira,Stevy,Ira.Stevy@yopmail.com,1902-01-23
698,Angelique,Noman,Angelique.Noman@yopmail.com,1996-03-18
699,Dacia,Dyche,Dacia.Dyche@yopmail.com,1936-05-03
700,Lauryn,Estella,Lauryn.Estella@yopmail.com,1975-02-13
701,Ekaterina,Aldric,Ekaterina.Aldric@yopmail.com,1932-12-30
702,Paulita,Ailyn,Paulita.Ailyn@yopmail.com,1905-06-14
703,Kirstin,Greyson,Kirstin.Greyson@yopmail.com,1967-05-03
704,Nanete,Shelba,Nanete.Shelba@yopmail.com,2010-04-02
705,Nonnah,Gilbertson,Nonnah.Gilbertson@yopmail.com,1925-09-29
706,Jemie,Merat,Jemie.Merat@yopmail.com,1945-02-23
707,Bernardine,Devlen,Bernardine.Devlen@yopmail.com,2006-01-19
708,Genovera,Kimmie,Genovera.Kimmie@yopmail.com,1922-07-08
709,Ayn,Cyrie,Ayn.Cyrie@yopmail.com,1949-08-23
710,Belva,Leonard,Belva.Leonard@yopmail.com,1926-01-15
711,Brynna,Gemini,Brynna.Gemini@yopmail.com,1911-04-02
712,Mallory,Cottle,Mallory.Cottle@yopmail.com,1912-12-18
713,Chrystel,McAdams,Chrystel.McAdams@yopmail.com,1935-11-17
714,Nikki,Adlare,Nikki.Adlare@yopmail.com,1948-01-22
715,Linet,Kat,Linet.Kat@yopmail.com,1939-10-03
716,Zondra,Juliet,Zondra.Juliet@yopmail.com,1940-04-01
717,Aigneis,Stilwell,Aigneis.Stilwell@yopmail.com,1976-08-21
718,Mellicent,Monk,Mellicent.Monk@yopmail.com,1903-02-12
719,Katleen,Harned,Katleen.Harned@yopmail.com,1910-10-17
720,Amelia,Lilas,Amelia.Lilas@yopmail.com,1943-06-06
721,Caressa,Pond,Caressa.Pond@yopmail.com,1939-08-09
722,Lelah,Bluh,Lelah.Bluh@yopmail.com,1940-09-18
723,Ezmeralda,Henebry,Ezmeralda.Henebry@yopmail.com,1980-10-06
724,Beth,Odysseus,Beth.Odysseus@yopmail.com,1922-05-10
725,Tami,Holbrook,Tami.Holbrook@yopmail.com,1998-04-13
726,Leona,Argus,Leona.Argus@yopmail.com,1988-02-13
727,Clarice,Ashok,Clarice.Ashok@yopmail.com,1967-09-29
728,Madalyn,Brandice,Madalyn.Brandice@yopmail.com,1937-06-09
729,Susan,Stefa,Susan.Stefa@yopmail.com,1973-01-05
730,Dacia,Leifeste,Dacia.Leifeste@yopmail.com,1916-10-16
731,Charlena,Fabiola,Charlena.Fabiola@yopmail.com,1932-08-29
732,Sashenka,Raseda,Sashenka.Raseda@yopmail.com,1914-10-04
733,Frieda,Milson,Frieda.Milson@yopmail.com,1998-08-20
734,Deane,Margret,Deane.Margret@yopmail.com,1996-01-23
735,Cyb,Alisia,Cyb.Alisia@yopmail.com,2004-01-20
736,Jean,Oneida,Jean.Oneida@yopmail.com,1924-06-02
737,Chandra,Pascia,Chandra.Pascia@yopmail.com,1961-07-06
738,Linzy,Grosz,Linzy.Grosz@yopmail.com,1989-08-07
739,Janey,Therine,Janey.Therine@yopmail.com,1902-04-14
740,Edee,Telfer,Edee.Telfer@yopmail.com,1978-09-10
741,Sandie,Kirbee,Sandie.Kirbee@yopmail.com,2008-05-08
742,Penelopa,O'Carroll,Penelopa.O'Carroll@yopmail.com,1906-08-04
743,Lonnie,Gerge,Lonnie.Gerge@yopmail.com,2014-09-27
744,Andree,Loeb,Andree.Loeb@yopmail.com,1904-07-24
745,Belinda,Allys,Belinda.Allys@yopmail.com,1929-11-23
746,Kore,Kirstin,Kore.Kirstin@yopmail.com,1982-02-18
747,Marguerite,Prober,Marguerite.Prober@yopmail.com,1936-12-15
748,Kenna,Rozanna,Kenna.Rozanna@yopmail.com,1915-07-19
749,Angelique,Ammann,Angelique.Ammann@yopmail.com,1942-06-04
750,Barbi,Erich,Barbi.Erich@yopmail.com,1905-03-02
751,Misha,Joli,Misha.Joli@yopmail.com,1961-10-07
752,Briney,Raseda,Briney.Raseda@yopmail.com,1926-12-02
753,Ronna,Cassius,Ronna.Cassius@yopmail.com,1933-08-07
754,Joleen,Albertine,Joleen.Albertine@yopmail.com,1944-06-22
755,Eugine,Hebner,Eugine.Hebner@yopmail.com,1933-04-25
756,Ana,Sasnett,Ana.Sasnett@yopmail.com,1969-12-16
757,Annora,Selway,Annora.Selway@yopmail.com,1982-08-17
758,Roxane,Halla,Roxane.Halla@yopmail.com,2016-07-06
759,Dorene,Seessel,Dorene.Seessel@yopmail.com,2014-08-14
760,Sashenka,Payson,Sashenka.Payson@yopmail.com,2018-02-04
761,Amara,Vittoria,Amara.Vittoria@yopmail.com,2012-10-14
762,Lorie,Louanna,Lorie.Louanna@yopmail.com,1987-02-20
763,Tracey,Lamoree,Tracey.Lamoree@yopmail.com,1971-03-17
764,Jolyn,Gaal,Jolyn.Gaal@yopmail.com,1961-07-10
765,Rayna,Sikorski,Rayna.Sikorski@yopmail.com,1950-02-18
766,Anestassia,Gilbertson,Anestassia.Gilbertson@yopmail.com,1924-09-24
767,Alisha,Nance,Alisha.Nance@yopmail.com,1931-08-18
768,Hildegaard,Matthew,Hildegaard.Matthew@yopmail.com,2005-07-27
769,Gilda,Tamar,Gilda.Tamar@yopmail.com,1937-12-19
770,Elyssa,Orlene,Elyssa.Orlene@yopmail.com,1910-05-13
771,Phedra,Jacinda,Phedra.Jacinda@yopmail.com,1960-05-28
772,Janey,Douglass,Janey.Douglass@yopmail.com,1989-02-16
773,Gloria,Blisse,Gloria.Blisse@yopmail.com,1964-02-29
774,Theodora,Idelia,Theodora.Idelia@yopmail.com,1951-04-22
775,Ida,Gualtiero,Ida.Gualtiero@yopmail.com,1921-10-14
776,Chere,Hanleigh,Chere.Hanleigh@yopmail.com,2015-11-25
777,Karina,Rooney,Karina.Rooney@yopmail.com,2009-05-30
778,Tami,Mich,Tami.Mich@yopmail.com,2000-12-16
779,Oralee,Toffic,Oralee.Toffic@yopmail.com,1961-09-10
780,Hannis,Tacye,Hannis.Tacye@yopmail.com,1931-06-02
781,Isa,An,Isa.An@yopmail.com,1934-08-26
782,Brandise,Garbe,Brandise.Garbe@yopmail.com,2009-07-22
783,Sashenka,Raama,Sashenka.Raama@yopmail.com,1958-05-09
784,Evita,Cadmar,Evita.Cadmar@yopmail.com,1960-06-01
785,Janeczka,Warthman,Janeczka.Warthman@yopmail.com,1971-07-25
786,Aigneis,Malanie,Aigneis.Malanie@yopmail.com,2007-04-24
787,Neila,Desai,Neila.Desai@yopmail.com,1999-03-05
788,Marnia,Giule,Marnia.Giule@yopmail.com,1917-05-25
789,Nita,Bandeen,Nita.Bandeen@yopmail.com,1990-07-04
790,Talya,Talia,Talya.Talia@yopmail.com,1969-08-01
791,Codie,Cadmar,Codie.Cadmar@yopmail.com,1949-06-06
792,Michaelina,Barbey,Michaelina.Barbey@yopmail.com,1994-09-11
793,Cristine,Meter,Cristine.Meter@yopmail.com,1985-01-29
794,Sue,Brady,Sue.Brady@yopmail.com,1977-11-26
795,Cam,Hashim,Cam.Hashim@yopmail.com,1973-12-28
796,Alia,Bennie,Alia.Bennie@yopmail.com,2006-11-11
797,Chere,Plato,Chere.Plato@yopmail.com,1923-03-24
798,Jerry,Whiffen,Jerry.Whiffen@yopmail.com,1993-02-16
799,Ilse,Seagraves,Ilse.Seagraves@yopmail.com,2014-01-20
800,Leanna,Allina,Leanna.Allina@yopmail.com,1989-10-24
801,Yvonne,Chabot,Yvonne.Chabot@yopmail.com,1946-03-22
802,Max,Adalbert,Max.Adalbert@yopmail.com,1956-01-02
803,Lanna,Tamsky,Lanna.Tamsky@yopmail.com,1911-04-07
804,Madeleine,Corilla,Madeleine.Corilla@yopmail.com,1980-10-09
805,Kirstin,Merell,Kirstin.Merell@yopmail.com,1985-06-05
806,Ashlee,Alexandr,Ashlee.Alexandr@yopmail.com,1983-12-07
807,Collen,Morgun,Collen.Morgun@yopmail.com,1928-03-02
808,Korrie,Goerke,Korrie.Goerke@yopmail.com,1985-11-22
809,Lory,Argus,Lory.Argus@yopmail.com,1984-09-03
810,Bobinette,Doig,Bobinette.Doig@yopmail.com,1969-02-03
811,Wendi,Decato,Wendi.Decato@yopmail.com,1929-08-14
812,Adriana,Florina,Adriana.Florina@yopmail.com,2012-01-16
813,Moyna,Odysseus,Moyna.Odysseus@yopmail.com,2011-11-06
814,Catrina,Dawkins,Catrina.Dawkins@yopmail.com,1997-08-31
815,Etta,Kellby,Etta.Kellby@yopmail.com,1993-05-23
816,Talya,O'Rourke,Talya.O'Rourke@yopmail.com,1945-11-27
817,Kristan,Palocz,Kristan.Palocz@yopmail.com,1946-11-09
818,Jaime,Ricki,Jaime.Ricki@yopmail.com,1986-10-04
819,Ermengarde,Wind,Ermengarde.Wind@yopmail.com,1921-02-03
820,Zia,Diogenes,Zia.Diogenes@yopmail.com,1921-01-07
821,Letizia,Berne,Letizia.Berne@yopmail.com,1960-04-30
822,Lesly,Bord,Lesly.Bord@yopmail.com,1979-04-28
823,Grier,Halla,Grier.Halla@yopmail.com,1966-05-13
824,Tersina,Garek,Tersina.Garek@yopmail.com,1973-07-13
825,Marnia,Skurnik,Marnia.Skurnik@yopmail.com,1926-02-14
826,Gilligan,Stevy,Gilligan.Stevy@yopmail.com,1917-09-19
827,Adriana,Jarib,Adriana.Jarib@yopmail.com,2013-03-01
828,Donnie,Neils,Donnie.Neils@yopmail.com,2003-04-13
829,Dotty,Tryck,Dotty.Tryck@yopmail.com,1910-10-05
830,Atlanta,Donell,Atlanta.Donell@yopmail.com,1986-01-18
831,Joane,Willie,Joane.Willie@yopmail.com,1966-02-04
832,Genevra,Edmund,Genevra.Edmund@yopmail.com,1913-03-05
833,Barbi,Boycey,Barbi.Boycey@yopmail.com,1990-06-22
834,Tatiania,Ricarda,Tatiania.Ricarda@yopmail.com,1959-04-01
835,Hettie,Arathorn,Hettie.Arathorn@yopmail.com,1934-09-03
836,Arlena,Philoo,Arlena.Philoo@yopmail.com,1909-10-09
837,Neila,Bettine,Neila.Bettine@yopmail.com,1913-01-19
838,Nanete,Weide,Nanete.Weide@yopmail.com,1916-10-11
839,Arlena,An,Arlena.An@yopmail.com,1925-02-10
840,Pamella,Dowski,Pamella.Dowski@yopmail.com,2012-05-27
841,Dagmar,Noam,Dagmar.Noam@yopmail.com,1908-03-19
842,Morganica,Ade,Morganica.Ade@yopmail.com,1914-09-16
843,Melina,Teryn,Melina.Teryn@yopmail.com,1930-04-14
844,Agnese,Garek,Agnese.Garek@yopmail.com,1944-08-05
845,Hyacinthe,Ricarda,Hyacinthe.Ricarda@yopmail.com,1997-08-24
846,Dale,Wyn,Dale.Wyn@yopmail.com,2019-05-22
847,Tabbatha,Orelee,Tabbatha.Orelee@yopmail.com,1901-01-03
848,Sheelagh,Chauncey,Sheelagh.Chauncey@yopmail.com,1948-07-19
849,Margarette,Wolfgram,Margarette.Wolfgram@yopmail.com,1922-09-24
850,Ayn,Colbert,Ayn.Colbert@yopmail.com,1964-03-16
851,Zaria,Juan,Zaria.Juan@yopmail.com,1921-10-02
852,Vere,Darbie,Vere.Darbie@yopmail.com,1915-04-11
853,Christal,Lea,Christal.Lea@yopmail.com,1952-12-23
854,Madalyn,Azeria,Madalyn.Azeria@yopmail.com,2000-03-03
855,Jean,Guildroy,Jean.Guildroy@yopmail.com,1917-05-26
856,Charmaine,Hashim,Charmaine.Hashim@yopmail.com,1922-08-08
857,Drucie,Jerald,Drucie.Jerald@yopmail.com,2019-07-08
858,Brianna,Cleavland,Brianna.Cleavland@yopmail.com,1939-06-23
859,Pierette,Matthew,Pierette.Matthew@yopmail.com,1995-06-09
860,Thalia,Denis,Thalia.Denis@yopmail.com,1959-06-26
861,Rani,Connelly,Rani.Connelly@yopmail.com,1910-06-27
862,Agathe,Raychel,Agathe.Raychel@yopmail.com,1923-10-07
863,Christian,Mott,Christian.Mott@yopmail.com,1973-06-12
864,Riannon,Naashom,Riannon.Naashom@yopmail.com,1914-09-21
865,Fawne,Arquit,Fawne.Arquit@yopmail.com,1995-01-10
866,Jerry,Clarissa,Jerry.Clarissa@yopmail.com,1923-12-20
867,Merrie,O'Carroll,Merrie.O'Carroll@yopmail.com,1954-03-23
868,Myrtice,Reneta,Myrtice.Reneta@yopmail.com,1928-10-23
869,Tani,Harriman,Tani.Harriman@yopmail.com,1961-08-07
870,Melina,Evvie,Melina.Evvie@yopmail.com,1958-03-24
871,Chastity,Torray,Chastity.Torray@yopmail.com,1955-09-29
872,Konstance,Lattie,Konstance.Lattie@yopmail.com,2004-03-10
873,Ursulina,Graig,Ursulina.Graig@yopmail.com,1986-12-04
874,Moyna,Silvan,Moyna.Silvan@yopmail.com,1933-05-14
875,Briney,Aurelio,Briney.Aurelio@yopmail.com,1976-04-12
876,Nickie,Swigart,Nickie.Swigart@yopmail.com,1992-01-24
877,Catharine,Krystle,Catharine.Krystle@yopmail.com,1923-04-19
878,Sheelagh,Nahum,Sheelagh.Nahum@yopmail.com,1912-06-06
879,Julieta,Gladstone,Julieta.Gladstone@yopmail.com,1911-01-09
880,Merrie,Docilla,Merrie.Docilla@yopmail.com,1957-01-05
881,Ayn,Estella,Ayn.Estella@yopmail.com,1959-06-01
882,Verla,Jorgan,Verla.Jorgan@yopmail.com,2011-07-23
883,Oona,Willie,Oona.Willie@yopmail.com,1951-07-22
884,Danika,Wind,Danika.Wind@yopmail.com,1942-12-04
885,Reeba,Bivins,Reeba.Bivins@yopmail.com,1970-07-04
886,Noelle,Goldina,Noelle.Goldina@yopmail.com,2002-02-11
887,Queenie,Izaak,Queenie.Izaak@yopmail.com,2008-10-04
888,Zia,Blake,Zia.Blake@yopmail.com,2008-03-30
889,Mallory,Astra,Mallory.Astra@yopmail.com,1960-10-14
890,Kirbee,Hessler,Kirbee.Hessler@yopmail.com,1955-11-17
891,Caryl,Kravits,Caryl.Kravits@yopmail.com,2007-09-25
892,Blondelle,Anderea,Blondelle.Anderea@yopmail.com,2019-08-09
893,Deedee,Noelyn,Deedee.Noelyn@yopmail.com,2001-09-17
894,Josephine,McNully,Josephine.McNully@yopmail.com,1931-05-16
895,Collen,Bryna,Collen.Bryna@yopmail.com,1948-02-21
896,Gui,Lowry,Gui.Lowry@yopmail.com,1982-08-01
897,Mellicent,Adlare,Mellicent.Adlare@yopmail.com,2000-05-15
898,Rubie,Center,Rubie.Center@yopmail.com,1948-06-10
899,Roseline,Ovid,Roseline.Ovid@yopmail.com,1971-06-28
900,Aryn,Olympium,Aryn.Olympium@yopmail.com,1939-07-18
901,Dawn,Kaja,Dawn.Kaja@yopmail.com,1955-09-10
902,Lucy,Lubin,Lucy.Lubin@yopmail.com,1968-02-27
903,Kary,Jacobah,Kary.Jacobah@yopmail.com,1926-05-14
904,Olivette,Truc,Olivette.Truc@yopmail.com,1992-09-16
905,Phedra,Aloise,Phedra.Aloise@yopmail.com,1940-02-06
906,Elmira,Muriel,Elmira.Muriel@yopmail.com,1939-07-17
907,Frances,Junie,Frances.Junie@yopmail.com,1904-05-23
908,Minda,Rocray,Minda.Rocray@yopmail.com,1952-05-31
909,Averyl,Leonard,Averyl.Leonard@yopmail.com,2003-10-02
910,Konstance,Burnside,Konstance.Burnside@yopmail.com,1954-10-14
911,Christal,Linskey,Christal.Linskey@yopmail.com,1967-08-30
912,Riannon,Ehrman,Riannon.Ehrman@yopmail.com,1945-08-28
913,Lily,Holbrook,Lily.Holbrook@yopmail.com,1971-06-18
914,Flo,Prober,Flo.Prober@yopmail.com,2001-05-26
915,Kial,Maiah,Kial.Maiah@yopmail.com,1911-06-09
916,Wendi,Presber,Wendi.Presber@yopmail.com,2013-07-16
917,Chloris,Waite,Chloris.Waite@yopmail.com,1909-01-19
918,Ida,Bashemeth,Ida.Bashemeth@yopmail.com,1993-07-28
919,Ekaterina,Socha,Ekaterina.Socha@yopmail.com,2013-01-18
920,Willetta,Sinegold,Willetta.Sinegold@yopmail.com,1922-12-30
921,Collen,Alarise,Collen.Alarise@yopmail.com,2005-03-13
922,Gloria,Stephie,Gloria.Stephie@yopmail.com,1957-06-08
923,Lory,Bashemeth,Lory.Bashemeth@yopmail.com,1996-10-03
924,Gabriellia,Grobe,Gabriellia.Grobe@yopmail.com,1992-01-02
925,Shell,Corabella,Shell.Corabella@yopmail.com,1951-08-17
926,Mariele,Caitlin,Mariele.Caitlin@yopmail.com,1939-10-07
927,Ottilie,Guthrie,Ottilie.Guthrie@yopmail.com,1975-07-19
928,Bee,Maurine,Bee.Maurine@yopmail.com,1993-04-19
929,Korrie,Goddard,Korrie.Goddard@yopmail.com,1961-06-11
930,Charlena,Frodi,Charlena.Frodi@yopmail.com,1966-03-29
931,Dennie,Carbo,Dennie.Carbo@yopmail.com,1903-07-10
932,Aubrie,Egbert,Aubrie.Egbert@yopmail.com,1961-09-08
933,Trudie,Dorcy,Trudie.Dorcy@yopmail.com,1920-10-20
934,Willetta,Gombach,Willetta.Gombach@yopmail.com,1925-01-06
935,Max,Keelia,Max.Keelia@yopmail.com,2015-08-07
936,Judy,Noelyn,Judy.Noelyn@yopmail.com,1912-09-09
937,Marti,Publia,Marti.Publia@yopmail.com,2011-05-29
938,Suzette,Eliathas,Suzette.Eliathas@yopmail.com,1927-06-12
939,Vevay,Johanna,Vevay.Johanna@yopmail.com,2000-09-16
940,Chandra,Daveta,Chandra.Daveta@yopmail.com,1950-07-29
941,Tarra,Rosette,Tarra.Rosette@yopmail.com,1939-03-30
942,Arabel,Atcliffe,Arabel.Atcliffe@yopmail.com,1921-11-07
943,Anallese,Briney,Anallese.Briney@yopmail.com,1903-09-10
944,Livvyy,Constancy,Livvyy.Constancy@yopmail.com,2018-05-09
945,Gabi,Wildermuth,Gabi.Wildermuth@yopmail.com,1922-07-02
946,Monika,Iphlgenia,Monika.Iphlgenia@yopmail.com,1954-02-06
947,Bobinette,Lemuela,Bobinette.Lemuela@yopmail.com,1980-06-26
948,Rhea,Jenness,Rhea.Jenness@yopmail.com,2018-11-30
949,Calla,Avi,Calla.Avi@yopmail.com,1941-04-28
950,Gusella,Borrell,Gusella.Borrell@yopmail.com,1960-10-13
951,Elmira,Delp,Elmira.Delp@yopmail.com,1968-04-11
952,Meg,Goode,Meg.Goode@yopmail.com,1957-07-31
953,Chastity,Naor,Chastity.Naor@yopmail.com,1929-12-15
954,Kirbee,Jillane,Kirbee.Jillane@yopmail.com,1961-02-23
955,Babita,Vastah,Babita.Vastah@yopmail.com,1906-09-28
956,Vonny,Douglass,Vonny.Douglass@yopmail.com,1965-02-01
957,Olwen,Parsaye,Olwen.Parsaye@yopmail.com,1993-10-11
958,Grier,Adore,Grier.Adore@yopmail.com,1960-09-15
959,Shaylyn,Schalles,Shaylyn.Schalles@yopmail.com,2003-06-07
960,Ezmeralda,Evangelia,Ezmeralda.Evangelia@yopmail.com,1967-01-12
961,Tilly,Corrine,Tilly.Corrine@yopmail.com,1980-11-07
962,Madalyn,Ilka,Madalyn.Ilka@yopmail.com,1968-01-28
963,Dania,Goth,Dania.Goth@yopmail.com,1996-11-04
964,Phylis,Pond,Phylis.Pond@yopmail.com,2016-11-05
965,Florie,Ogren,Florie.Ogren@yopmail.com,1908-06-24
966,Gwenneth,Duwalt,Gwenneth.Duwalt@yopmail.com,1952-08-12
967,Emmey,Franza,Emmey.Franza@yopmail.com,2008-07-13
968,Renie,Aloise,Renie.Aloise@yopmail.com,1916-12-21
969,Darlleen,Levey,Darlleen.Levey@yopmail.com,1909-02-16
970,Ayn,Muriel,Ayn.Muriel@yopmail.com,1978-07-21
971,Ezmeralda,Ledah,Ezmeralda.Ledah@yopmail.com,2000-12-21
972,Sashenka,Dannye,Sashenka.Dannye@yopmail.com,1928-03-18
973,Catrina,Blisse,Catrina.Blisse@yopmail.com,1909-04-02
974,Roxane,Tamar,Roxane.Tamar@yopmail.com,1911-04-12
975,Tilly,Dunkin,Tilly.Dunkin@yopmail.com,2010-03-09
976,Nannie,Adalbert,Nannie.Adalbert@yopmail.com,1931-11-17
977,Rhea,Iaverne,Rhea.Iaverne@yopmail.com,1930-01-03
978,Chrystel,Aldric,Chrystel.Aldric@yopmail.com,2004-05-16
979,Sharai,Alabaster,Sharai.Alabaster@yopmail.com,2019-07-20
980,Louella,Syd,Louella.Syd@yopmail.com,1991-12-03
981,Bill,Ioab,Bill.Ioab@yopmail.com,1959-11-16
982,Ottilie,Weitman,Ottilie.Weitman@yopmail.com,1908-07-23
983,Jorry,Glovsky,Jorry.Glovsky@yopmail.com,1979-10-10
984,Netty,Maurine,Netty.Maurine@yopmail.com,1974-04-25
985,Lesly,Astra,Lesly.Astra@yopmail.com,1958-03-06
986,Nariko,Vorster,Nariko.Vorster@yopmail.com,1911-09-26
987,Josephine,Penelopa,Josephine.Penelopa@yopmail.com,1971-09-11
988,Annecorinne,Posner,Annecorinne.Posner@yopmail.com,2002-07-17
989,Joelly,Craggie,Joelly.Craggie@yopmail.com,1933-03-09
990,Elise,Nadia,Elise.Nadia@yopmail.com,1964-03-12
991,Gilligan,Jeanne,Gilligan.Jeanne@yopmail.com,1932-06-01
992,Lonnie,Fontana,Lonnie.Fontana@yopmail.com,1936-11-09
993,Doralynne,Francyne,Doralynne.Francyne@yopmail.com,1926-12-30
994,Gilda,Loring,Gilda.Loring@yopmail.com,1988-12-30
995,Isa,Myrilla,Isa.Myrilla@yopmail.com,1988-12-01
996,Arabel,Dash,Arabel.Dash@yopmail.com,1930-09-21
997,Janenna,Mitzi,Janenna.Mitzi@yopmail.com,1921-01-10
998,Marline,Myrilla,Marline.Myrilla@yopmail.com,1982-12-08
999,Kittie,Eldrid,Kittie.Eldrid@yopmail.com,2014-09-28
1000,Sue,Helfand,Sue.Helfand@yopmail.com,2017-05-13
1001,Willetta,Pillsbury,Willetta.Pillsbury@yopmail.com,1945-08-09
1002,Melisent,Alexandr,Melisent.Alexandr@yopmail.com,2019-12-21
1003,Aili,Craggie,Aili.Craggie@yopmail.com,1925-05-09
1004,Brooks,Toni,Brooks.Toni@yopmail.com,2014-12-17
1005,Oona,Boycey,Oona.Boycey@yopmail.com,2001-09-24
1006,Kristan,Lasley,Kristan.Lasley@yopmail.com,1972-11-20
1007,Eve,Ulphia,Eve.Ulphia@yopmail.com,2017-06-28
1008,Marcy,Sadowski,Marcy.Sadowski@yopmail.com,1968-04-09
1009,Donetta,Silvan,Donetta.Silvan@yopmail.com,1965-07-31
1010,Demetris,Kiyoshi,Demetris.Kiyoshi@yopmail.com,1923-08-03
1011,Charissa,Phi,Charissa.Phi@yopmail.com,1909-06-04
1012,Gwenneth,Munn,Gwenneth.Munn@yopmail.com,1968-02-23
1013,Chastity,Estella,Chastity.Estella@yopmail.com,1989-08-15
1014,Sandie,Graig,Sandie.Graig@yopmail.com,1931-02-12
1015,Tina,Screens,Tina.Screens@yopmail.com,1971-12-04
1016,Paule,Haerr,Paule.Haerr@yopmail.com,1923-10-04
1017,Agnese,Teddman,Agnese.Teddman@yopmail.com,2001-09-29
1018,Aaren,Brieta,Aaren.Brieta@yopmail.com,1962-01-24
1019,Teriann,Himelman,Teriann.Himelman@yopmail.com,1985-10-09
1020,Mahalia,Wittie,Mahalia.Wittie@yopmail.com,1918-12-27
1021,Mady,Cath,Mady.Cath@yopmail.com,1999-08-25
1022,Noelle,Allare,Noelle.Allare@yopmail.com,1981-05-27
1023,Harrietta,Toor,Harrietta.Toor@yopmail.com,1938-06-12
1024,Rayna,Larochelle,Rayna.Larochelle@yopmail.com,1905-08-02
1025,Ulrike,Wandie,Ulrike.Wandie@yopmail.com,1967-10-03
1026,Siana,Hewitt,Siana.Hewitt@yopmail.com,1907-05-22
1027,Halette,Destinee,Halette.Destinee@yopmail.com,2001-04-19
1028,Zsa Zsa,McLaughlin,Zsa Zsa.McLaughlin@yopmail.com,2004-10-05
1029,Evita,Jaylene,Evita.Jaylene@yopmail.com,1955-10-22
1030,Arlina,Lareena,Arlina.Lareena@yopmail.com,1919-03-28
1031,Hyacinthe,Zetta,Hyacinthe.Zetta@yopmail.com,1948-08-20
1032,Fayre,Terencio,Fayre.Terencio@yopmail.com,1920-02-08
1033,Amara,Stevy,Amara.Stevy@yopmail.com,1951-04-26
1034,Sean,Bashemeth,Sean.Bashemeth@yopmail.com,1939-05-13
1035,Netty,Bouchard,Netty.Bouchard@yopmail.com,1979-12-24
1036,Ronna,Estella,Ronna.Estella@yopmail.com,1957-03-25
1037,Hallie,Kevon,Hallie.Kevon@yopmail.com,1940-07-02
1038,Diena,Erb,Diena.Erb@yopmail.com,1917-03-10
1039,Florie,Capello,Florie.Capello@yopmail.com,1920-05-08
1040,Selia,Kaete,Selia.Kaete@yopmail.com,1945-07-14
1041,Andree,Ariella,Andree.Ariella@yopmail.com,1909-07-13
1042,Hyacinthe,Radu,Hyacinthe.Radu@yopmail.com,1958-09-29
1043,Vinita,Hunfredo,Vinita.Hunfredo@yopmail.com,1982-04-09
1044,Jasmina,Roxanna,Jasmina.Roxanna@yopmail.com,2012-04-25
1045,Ardenia,Natalia,Ardenia.Natalia@yopmail.com,1927-07-04
1046,Marita,Bethany,Marita.Bethany@yopmail.com,1945-05-24
1047,Odessa,Desai,Odessa.Desai@yopmail.com,1911-12-28
1048,Arlena,Calhoun,Arlena.Calhoun@yopmail.com,1921-03-23
1049,Emelina,Vastah,Emelina.Vastah@yopmail.com,1994-05-05
1050,Lesly,Cutlerr,Lesly.Cutlerr@yopmail.com,1933-01-03
1051,Heida,Eugenia,Heida.Eugenia@yopmail.com,2014-04-16
1052,Starla,Kunin,Starla.Kunin@yopmail.com,2006-04-13
1053,Selia,Fennessy,Selia.Fennessy@yopmail.com,1958-05-21
1054,Ardeen,Bearnard,Ardeen.Bearnard@yopmail.com,1960-04-17
1055,Glynnis,Gower,Glynnis.Gower@yopmail.com,1900-11-18
1056,Henriette,Sawtelle,Henriette.Sawtelle@yopmail.com,2017-11-08
1057,Marcelline,Schenck,Marcelline.Schenck@yopmail.com,1928-08-30
1058,Sallie,Joni,Sallie.Joni@yopmail.com,1937-11-26
1059,Margette,Estella,Margette.Estella@yopmail.com,1981-04-07
1060,Pollyanna,Elsinore,Pollyanna.Elsinore@yopmail.com,1960-05-15
1061,Mady,Faro,Mady.Faro@yopmail.com,1920-06-21
1062,Sibella,Lamoree,Sibella.Lamoree@yopmail.com,1981-03-29
1063,Celisse,Woodberry,Celisse.Woodberry@yopmail.com,1907-05-15
1064,Rebeca,Buffum,Rebeca.Buffum@yopmail.com,2008-02-05
1065,Selia,Mike,Selia.Mike@yopmail.com,1939-07-15
1066,Winifred,Romelda,Winifred.Romelda@yopmail.com,1978-04-02
1067,Gerianna,Ophelia,Gerianna.Ophelia@yopmail.com,1992-04-06
1068,Flory,Ochs,Flory.Ochs@yopmail.com,1924-05-16
1069,Ezmeralda,Erlandson,Ezmeralda.Erlandson@yopmail.com,1915-06-08
1070,Beverley,Iphlgenia,Beverley.Iphlgenia@yopmail.com,1916-03-19
1071,Elise,Croix,Elise.Croix@yopmail.com,1936-05-21
1072,Brianna,Tannie,Brianna.Tannie@yopmail.com,1982-12-13
1073,Violet,Beebe,Violet.Beebe@yopmail.com,2019-07-19
1074,Ricky,Clie,Ricky.Clie@yopmail.com,1949-09-10
1075,Paule,Pozzy,Paule.Pozzy@yopmail.com,1910-10-12
1076,Rori,Carbo,Rori.Carbo@yopmail.com,1996-10-14
1077,Nickie,Anselmi,Nickie.Anselmi@yopmail.com,2014-06-11
1078,Teriann,Durware,Teriann.Durware@yopmail.com,1971-06-30
1079,Bill,Albertine,Bill.Albertine@yopmail.com,2006-05-30
1080,Dulcinea,Berriman,Dulcinea.Berriman@yopmail.com,1993-06-14
1081,Rubie,Waite,Rubie.Waite@yopmail.com,1970-09-17
1082,Beverley,Ramona,Beverley.Ramona@yopmail.com,2006-04-03
1083,Karolina,Brunell,Karolina.Brunell@yopmail.com,1972-08-24
1084,Sam,Tayib,Sam.Tayib@yopmail.com,1982-11-29
1085,Livvyy,Caitlin,Livvyy.Caitlin@yopmail.com,1930-11-26
1086,Jacenta,Linskey,Jacenta.Linskey@yopmail.com,1943-01-07
1087,Frieda,Fabiola,Frieda.Fabiola@yopmail.com,1930-03-15
1088,Annecorinne,Raseda,Annecorinne.Raseda@yopmail.com,1921-05-14
1089,Atlanta,McCutcheon,Atlanta.McCutcheon@yopmail.com,1980-02-04
1090,Christal,Brunell,Christal.Brunell@yopmail.com,1968-01-01
1091,Regina,Hilbert,Regina.Hilbert@yopmail.com,2013-08-03
1092,Sharlene,Ortrude,Sharlene.Ortrude@yopmail.com,2015-12-14
1093,Jemie,Ingra,Jemie.Ingra@yopmail.com,1958-07-19
1094,Eolanda,Sprage,Eolanda.Sprage@yopmail.com,1921-07-18
1095,Agathe,Gusella,Agathe.Gusella@yopmail.com,1982-12-07
1096,Deane,Hortensia,Deane.Hortensia@yopmail.com,1924-08-04
1097,Ketti,Eiser,Ketti.Eiser@yopmail.com,1988-12-18
1098,Kellen,Solitta,Kellen.Solitta@yopmail.com,2000-04-07
1099,Joy,Kronfeld,Joy.Kronfeld@yopmail.com,1905-06-02