id,firstname,lastname,email,Field Name
100,Justinn,Jillane,Justinn.Jillane@yopmail.com,1992-10-15
101,Carolina,Leffen,Carolina.Leffen@yopmail.com,1963-05-26
102,Aurelie,Olin,Aurelie.Olin@yopmail.com,1990-01-28
103,Eolanda,Terencio,Eolanda.Terencio@yopmail.com,1978-08-21
104,Ivett,Nicoline,Ivett.Nicoline@yopmail.com,1987-08-06
105,Donnie,Jagir,Donnie.Jagir@yopmail.com,1991-09-22
106,Goldie,Poll,Goldie.Poll@yopmail.com,1921-06-05
107,Cathyleen,Brunell,Cathyleen.Brunell@yopmail.com,2011-10-04
108,Alie,Ovid,Alie.Ovid@yopmail.com,1930-07-03
109,Doro,Thornburg,Doro.Thornburg@yopmail.com,1981-12-29
110,Ericka,Hirsch,Ericka.Hirsch@yopmail.com,2012-06-09
111,Vivia,Japeth,Vivia.Japeth@yopmail.com,2009-01-25
112,Mignon,Nerita,Mignon.Nerita@yopmail.com,1991-05-30
113,Bertine,Hanleigh,Bertine.Hanleigh@yopmail.com,2006-08-31
114,Korrie,Sammons,Korrie.Sammons@yopmail.com,2008-02-26
115,Jenilee,Nadia,Jenilee.Nadia@yopmail.com,1924-03-09
116,Susette,Lynn,Susette.Lynn@yopmail.com,1919-07-17
117,Carlie,Isidore,Carlie.Isidore@yopmail.com,2017-03-15
118,Rosaline,Sammons,Rosaline.Sammons@yopmail.com,2013-02-22
119,Brana,Frendel,Brana.Frendel@yopmail.com,2001-12-31
120,Shannah,Diann,Shannah.Diann@yopmail.com,1900-10-12
121,Brana,Korey,Brana.Korey@yopmail.com,1903-10-14
122,Catharine,Trinetta,Catharine.Trinetta@yopmail.com,2003-01-07
123,Elena,Gavrila,Elena.Gavrila@yopmail.com,1914-07-17
124,Rozele,Odell,Rozele.Odell@yopmail.com,1936-11-21
125,Rubie,Graig,Rubie.Graig@yopmail.com,2004-09-13
126,Joeann,Niles,Joeann.Niles@yopmail.com,1992-06-12
127,Ottilie,Garrison,Ottilie.Garrison@yopmail.com,1976-11-07
128,Yvonne,Schalles,Yvonne.Schalles@yopmail.com,1926-07-10
129,Thalia,Goode,Thalia.Goode@yopmail.com,1965-06-21
130,Dari,Thad,Dari.Thad@yopmail.com,1987-06-13
131,Bobbi,Tatianas,Bobbi.Tatianas@yopmail.com,1953-05-13
132,Chickie,Myrilla,Chickie.Myrilla@yopmail.com,1978-01-11
133,Kylynn,Bates,Kylynn.Bates@yopmail.com,1987-11-19
134,Claudina,Nedrud,Claudina.Nedrud@yopmail.com,1985-04-10
135,June,Cecile,June.Cecile@yopmail.com,1939-11-07
136,Elie,Ephrem,Elie.Ephrem@yopmail.com,1953-04-14
137,Ardeen,Wind,Ardeen.Wind@yopmail.com,1992-05-27
138,Atlanta,Raul,Atlanta.Raul@yopmail.com,1961-03-24
139,Aubrie,Monaco,Aubrie.Monaco@yopmail.com,1973-08-27
140,Edee,Ovid,Edee.Ovid@yopmail.com,2016-02-17
141,Bibby,Heidt,Bibby.Heidt@yopmail.com,1918-07-28
142,Elfreda,Iphlgenia,Elfreda.Iphlgenia@yopmail.com,1969-10-09
143,Nikki,An,Nikki.An@yopmail.com,1930-08-30
144,Daphne,Riva,Daphne.Riva@yopmail.com,1963-08-06
145,Augustine,Anselmi,Augustine.Anselmi@yopmail.com,1975-09-21
146,Aryn,Yerkovich,Aryn.Yerkovich@yopmail.com,1975-07-30
147,Jinny,Rebecka,Jinny.Rebecka@yopmail.com,1932-07-23
148,Lesly,Swanhildas,Lesly.Swanhildas@yopmail.com,2015-03-31
149,Hyacinthe,Ellord,Hyacinthe.Ellord@yopmail.com,2011-10-17
150,Rubie,Juliet,Rubie.Juliet@yopmail.com,1987-04-04
151,Aimil,Ajay,Aimil.Ajay@yopmail.com,1912-06-11
152,Asia,Gert,Asia.Gert@yopmail.com,1971-05-18
153,Berget,Boehike,Berget.Boehike@yopmail.com,1955-10-18
154,Tiffie,Carlson,Tiffie.Carlson@yopmail.com,1949-04-06
155,Ginnie,Pulsifer,Ginnie.Pulsifer@yopmail.com,2011-05-07
156,Madeleine,Goth,Madeleine.Goth@yopmail.com,1992-10-09
157,Sindee,Kendrick,Sindee.Kendrick@yopmail.com,1913-05-03
158,Bee,Lissi,Bee.Lissi@yopmail.com,1948-09-18
159,Norine,Narton,Norine.Narton@yopmail.com,1905-02-09
160,Christy,Estella,Christy.Estella@yopmail.com,1938-02-14
161,Dione,Craggie,Dione.Craggie@yopmail.com,1956-11-04
162,Lorenza,Lymann,Lorenza.Lymann@yopmail.com,1923-02-03
163,Cassondra,Gunn,Cassondra.Gunn@yopmail.com,1922-11-24
164,Gretal,Elisha,Gretal.Elisha@yopmail.com,1976-08-16
165,Judy,Lalitta,Judy.Lalitta@yopmail.com,1939-06-03
166,Bernie,Rozanna,Bernie.Rozanna@yopmail.com,1996-03-30
167,Ruthe,Pulsifer,Ruthe.Pulsifer@yopmail.com,1910-11-07
168,Elora,Braun,Elora.Braun@yopmail.com,1993-05-03
169,Mahalia,Alexandr,Mahalia.Alexandr@yopmail.com,1967-02-12
170,Carmela,Auberbach,Carmela.Auberbach@yopmail.com,1938-05-01
171,Alisha,Cottle,Alisha.Cottle@yopmail.com,1992-10-11
172,Ottilie,Chem,Ottilie.Chem@yopmail.com,2008-01-30
173,Hettie,Hanshaw,Hettie.Hanshaw@yopmail.com,1940-03-26
174,Lily,Ackerley,Lily.Ackerley@yopmail.com,1975-11-26
175,Kirbee,Jacinda,Kirbee.Jacinda@yopmail.com,1997-07-02
176,Rani,Mott,Rani.Mott@yopmail.com,1997-06-29
177,Fidelia,Ogren,Fidelia.Ogren@yopmail.com,1988-08-19
178,Barbi,Niccolo,Barbi.Niccolo@yopmail.com,1955-10-16
179,Carlie,Si,Carlie.Si@yopmail.com,1950-05-31
180,Valeda,Roscoe,Valeda.Roscoe@yopmail.com,1952-04-11
181,Donnie,Fontana,Donnie.Fontana@yopmail.com,1954-04-24
182,Bettine,Randene,Bettine.Randene@yopmail.com,1999-03-29
183,Ilse,Cyrie,Ilse.Cyrie@yopmail.com,1940-11-29
184,Ardenia,Johanna,Ardenia.Johanna@yopmail.com,1964-03-13
185,Angela,Reidar,Angela.Reidar@yopmail.com,1920-08-28
186,Angela,Noam,Angela.Noam@yopmail.com,1998-08-10
187,Leanna,Florina,Leanna.Florina@yopmail.com,1976-09-28
188,Elfreda,Bartlett,Elfreda.Bartlett@yopmail.com,1939-06-22
189,Ira,Riordan,Ira.Riordan@yopmail.com,1923-01-24
190,Carilyn,Randene,Carilyn.Randene@yopmail.com,1928-10-26
191,Sissy,Ietta,Sissy.Ietta@yopmail.com,2018-02-04
192,Myrtice,Richers,Myrtice.Richers@yopmail.com,1973-04-28
193,Blinni,Jerald,Blinni.Jerald@yopmail.com,1919-04-06
194,Edith,Honoria,Edith.Honoria@yopmail.com,1922-09-29
195,Maurene,Cecile,Maurene.Cecile@yopmail.com,1991-11-22
196,Lexine,Means,Lexine.Means@yopmail.com,2000-08-16
197,Gratia,Ader,Gratia.Ader@yopmail.com,1994-06-11
198,Annecorinne,Seagraves,Annecorinne.Seagraves@yopmail.com,1919-06-17
199,Lorenza,Vacuva,Lorenza.Vacuva@yopmail.com,1990-07-27
200,Liana,Rubie,Liana.Rubie@yopmail.com,1913-04-04
201,Nonnah,Peti,Nonnah.Peti@yopmail.com,1973-08-29
202,Rayna,Goerke,Rayna.Goerke@yopmail.com,1944-03-26
203,Joy,Joseph,Joy.Joseph@yopmail.com,1992-06-22
204,Ronna,Hieronymus,Ronna.Hieronymus@yopmail.com,1953-02-02
205,Winifred,Buttaro,Winifred.Buttaro@yopmail.com,1970-01-30
206,Melodie,Nore,Melodie.Nore@yopmail.com,1900-09-04
207,Veda,Goerke,Veda.Goerke@yopmail.com,1917-12-13
208,Regina,Barbey,Regina.Barbey@yopmail.com,1918-01-23
209,Ruthe,Saint,Ruthe.Saint@yopmail.com,1963-07-20
210,Dania,Haerr,Dania.Haerr@yopmail.com,1987-08-22
211,Gilda,Bethany,Gilda.Bethany@yopmail.com,2013-10-12
212,Codie,Vary,Codie.Vary@yopmail.com,1974-10-14
213,Bee,Mehalek,Bee.Mehalek@yopmail.com,1969-05-30
214,Bibby,Whiffen,Bibby.Whiffen@yopmail.com,1991-03-15
215,Zsa Zsa,Lorenz,Zsa Zsa.Lorenz@yopmail.com,1988-05-01
216,Mathilda,Jess,Mathilda.Jess@yopmail.com,2005-08-22
217,Luci,Glenden,Luci.Glenden@yopmail.com,1902-12-02
218,Deedee,Marisa,Deedee.Marisa@yopmail.com,1930-05-03
219,Valeda,Orlene,Valeda.Orlene@yopmail.com,1966-10-08
220,Annice,Fairweather,Annice.Fairweather@yopmail.com,1984-05-12
221,Barbara,Braun,Barbara.Braun@yopmail.com,1957-11-06
222,Lanae,Rosette,Lanae.Rosette@yopmail.com,1946-06-20
223,Valeda,Anselmi,Valeda.Anselmi@yopmail.com,1958-10-18
224,Aimil,Jarib,Aimil.Jarib@yopmail.com,1991-08-13
225,Mahalia,Astra,Mahalia.Astra@yopmail.com,1930-10-30
226,Sadie,Ephrem,Sadie.Ephrem@yopmail.com,2010-06-24
227,Tierney,Laurianne,Tierney.Laurianne@yopmail.com,1912-06-30
228,Yetty,Azeria,Yetty.Azeria@yopmail.com,1976-09-18
229,Ruthe,Abram,Ruthe.Abram@yopmail.com,2003-08-21
230,Joeann,Gerge,Joeann.Gerge@yopmail.com,1962-07-18
231,Blake,Codding,Blake.Codding@yopmail.com,1993-02-24
232,Barbara,Brackely,Barbara.Brackely@yopmail.com,1913-09-03
233,Joeann,Magnolia,Joeann.Magnolia@yopmail.com,1992-02-06
234,Ira,Kunin,Ira.Kunin@yopmail.com,1947-09-20
235,Mildrid,Lamoree,Mildrid.Lamoree@yopmail.com,1928-03-29
236,Katleen,Yoko,Katleen.Yoko@yopmail.com,1964-11-07
237,Mary,Creamer,Mary.Creamer@yopmail.com,1978-08-02
238,Belinda,Manolo,Belinda.Manolo@yopmail.com,1988-04-24
239,Bertine,Aaberg,Bertine.Aaberg@yopmail.com,1995-09-05
240,Arlena,Adamsen,Arlena.Adamsen@yopmail.com,1961-02-27
241,Miquela,Phi,Miquela.Phi@yopmail.com,1990-10-25
242,Stacey,Janene,Stacey.Janene@yopmail.com,1900-05-26
243,Olwen,Karna,Olwen.Karna@yopmail.com,1923-12-29
244,Alisha,Whiffen,Alisha.Whiffen@yopmail.com,2014-03-13
245,Doralynne,Edee,Doralynne.Edee@yopmail.com,1907-03-31
246,Aigneis,Maples,Aigneis.Maples@yopmail.com,2005-11-30
247,Lanna,Cath,Lanna.Cath@yopmail.com,1980-06-26
248,Violet,Dichy,Violet.Dichy@yopmail.com,1944-01-22
249,Brana,Winnick,Brana.Winnick@yopmail.com,2011-10-13
250,Janey,Read,Janey.Read@yopmail.com,1961-02-01
251,Joeann,Jillane,Joeann.Jillane@yopmail.com,1953-03-30
252,Nelle,Francene,Nelle.Francene@yopmail.com,2007-10-05
253,Dorene,Creamer,Dorene.Creamer@yopmail.com,1944-03-13
254,Marita,Freddi,Marita.Freddi@yopmail.com,2002-11-13
255,Halette,Isidore,Halette.Isidore@yopmail.com,1915-03-31
256,Zaria,Rooney,Zaria.Rooney@yopmail.com,1961-03-07
257,Pierette,Reneta,Pierette.Reneta@yopmail.com,1914-01-13
258,Leontine,Joni,Leontine.Joni@yopmail.com,1941-07-18
259,Brandise,Cath,Brandise.Cath@yopmail.com,1915-09-11
260,Brooks,Roscoe,Brooks.Roscoe@yopmail.com,1956-02-07
261,Doro,Smitt,Doro.Smitt@yopmail.com,1980-10-31
262,Jenilee,Bouchard,Jenilee.Bouchard@yopmail.com,1996-09-24
263,Alexine,Genna,Alexine.Genna@yopmail.com,1922-12-01
264,Miquela,Hollingsworth,Miquela.Hollingsworth@yopmail.com,1910-02-17
265,Aili,Telfer,Aili.Telfer@yopmail.com,1956-11-23
266,Stevana,Alwin,Stevana.Alwin@yopmail.com,1975-03-14
267,Arlena,Campball,Arlena.Campball@yopmail.com,1937-08-13
268,Bernie,Brotherson,Bernie.Brotherson@yopmail.com,1925-02-11
269,Ricky,Lia,Ricky.Lia@yopmail.com,1922-06-17
270,Raf,Adalbert,Raf.Adalbert@yopmail.com,1932-08-30
271,Heddie,Dyche,Heddie.Dyche@yopmail.com,1954-08-09
272,Asia,Prober,Asia.Prober@yopmail.com,1984-06-18
273,Caressa,Longfellow,Caressa.Longfellow@yopmail.com,1991-04-30
274,Evita,Cleo,Evita.Cleo@yopmail.com,1954-02-01
275,Gilda,Mitzi,Gilda.Mitzi@yopmail.com,1944-07-18
276,Hallie,Prober,Hallie.Prober@yopmail.com,1913-06-17
277,Betta,Payson,Betta.Payson@yopmail.com,1925-12-18
278,Flo,Strephon,Flo.Strephon@yopmail.com,1934-11-09
279,Dorthy,Marden,Dorthy.Marden@yopmail.com,1924-02-04
280,Jere,Zachary,Jere.Zachary@yopmail.com,1926-04-21
281,Edith,Giff,Edith.Giff@yopmail.com,1971-01-23
282,Florie,Carlson,Florie.Carlson@yopmail.com,1981-04-11
283,Rozele,Ade,Rozele.Ade@yopmail.com,2014-10-05
284,Madalyn,Hoenack,Madalyn.Hoenack@yopmail.com,1939-05-28
285,Lynea,Stav,Lynea.Stav@yopmail.com,1984-03-27
286,Eve,Cecile,Eve.Cecile@yopmail.com,1928-10-17
287,Millie,Anderea,Millie.Anderea@yopmail.com,1945-04-21
288,Fredericka,Buffum,Fredericka.Buffum@yopmail.com,1917-01-28
289,Binny,Pandolfi,Binny.Pandolfi@yopmail.com,1906-03-20
290,Georgina,Markman,Georgina.Markman@yopmail.com,1948-02-22
291,Joeann,Yerkovich,Joeann.Yerkovich@yopmail.com,1909-11-03
292,Kittie,Garlinda,Kittie.Garlinda@yopmail.com,1974-08-20
293,Sallie,Wenda,Sallie.Wenda@yopmail.com,1912-04-05
294,Charissa,Rheingold,Charissa.Rheingold@yopmail.com,1994-05-27
295,Hope,Cynar,Hope.Cynar@yopmail.com,1911-02-05
296,Kayla,Ries,Kayla.Ries@yopmail.com,1908-04-08
297,Luci,Lucienne,Luci.Lucienne@yopmail.com,1988-02-22
298,Dulce,Ader,Dulce.Ader@yopmail.com,1956-10-13
299,Glenda,Kiersten,Glenda.Kiersten@yopmail.com,1955-02-05
300,Melanie,Sundin,Melanie.Sundin@yopmail.com,1974-07-29
301,Carree,Mich,Carree.Mich@yopmail.com,1975-11-21
302,Hyacinthe,Breed,Hyacinthe.Breed@yopmail.com,2019-03-01
303,Britte,Seessel,Britte.Seessel@yopmail.com,1956-05-28
304,Suzette,Lorain,Suzette.Lorain@yopmail.com,1901-10-07
305,Wanda,Obed,Wanda.Obed@yopmail.com,2009-02-09
306,Tomasina,Alarise,Tomasina.Alarise@yopmail.com,1971-02-28
307,Oralee,Francyne,Oralee.Francyne@yopmail.com,1926-11-10
308,Gusty,Berard,Gusty.Berard@yopmail.com,1967-05-15
309,Kerrin,Maiah,Kerrin.Maiah@yopmail.com,1979-08-24
310,Maurene,Rosette,Maurene.Rosette@yopmail.com,1904-04-14
311,Dode,Stilwell,Dode.Stilwell@yopmail.com,1902-01-07
312,Theodora,Nester,Theodora.Nester@yopmail.com,1982-11-10
313,Magdalena,Engdahl,Magdalena.Engdahl@yopmail.com,2009-09-12
314,Tera,Cordi,Tera.Cordi@yopmail.com,1933-03-25
315,Gerianna,Garbe,Gerianna.Garbe@yopmail.com,1902-08-29
316,Emilia,Baudin,Emilia.Baudin@yopmail.com,1992-04-22
317,Correy,Brittani,Correy.Brittani@yopmail.com,2004-11-28
318,Marsiella,Vernier,Marsiella.Vernier@yopmail.com,1982-08-13
319,Jeanna,Euridice,Jeanna.Euridice@yopmail.com,1917-10-30
320,Teriann,Albertine,Teriann.Albertine@yopmail.com,1991-11-27
321,Dale,Hilbert,Dale.Hilbert@yopmail.com,1909-01-10
322,Asia,Reinke,Asia.Reinke@yopmail.com,1923-04-29
323,Stephanie,Gaynor,Stephanie.Gaynor@yopmail.com,1939-05-06
324,Evita,Lutero,Evita.Lutero@yopmail.com,1975-09-23
325,Kelly,Cleo,Kelly.Cleo@yopmail.com,1936-02-08
326,Cristine,Redmond,Cristine.Redmond@yopmail.com,1951-01-27
327,Briney,Tamar,Briney.Tamar@yopmail.com,1986-03-04
328,Alyssa,Dex,Alyssa.Dex@yopmail.com,1907-01-26
329,Danika,Mike,Danika.Mike@yopmail.com,1973-04-08
330,Sharlene,Constancy,Sharlene.Constancy@yopmail.com,1900-06-03
331,Esmeralda,Yerkovich,Esmeralda.Yerkovich@yopmail.com,1926-12-02
332,Adriana,Pascia,Adriana.Pascia@yopmail.com,1981-04-05
333,Kimmy,Radu,Kimmy.Radu@yopmail.com,1948-08-27
334,Ericka,Munn,Ericka.Munn@yopmail.com,1922-02-13
335,Selma,Gusella,Selma.Gusella@yopmail.com,1919-01-29
336,Emylee,Tound,Emylee.Tound@yopmail.com,1941-10-24
337,Beth,Cherianne,Beth.Cherianne@yopmail.com,1963-09-15
338,Vonny,Helve,Vonny.Helve@yopmail.com,1919-06-11
339,Meriel,Greenwald,Meriel.Greenwald@yopmail.com,1974-02-07
340,Carlie,Fitzsimmons,Carlie.Fitzsimmons@yopmail.com,1964-03-04
341,Kassey,Naor,Kassey.Naor@yopmail.com,1926-06-16
342,Kittie,Merat,Kittie.Merat@yopmail.com,1933-08-05
343,Priscilla,Jehu,Priscilla.Jehu@yopmail.com,1925-06-18
344,Drucie,Sparhawk,Drucie.Sparhawk@yopmail.com,1909-11-30
345,Tori,Tristram,Tori.Tristram@yopmail.com,1907-12-19
346,Jean,Zina,Jean.Zina@yopmail.com,1975-11-20
347,Jany,Milson,Jany.Milson@yopmail.com,1981-07-31
348,Ekaterina,Hepsibah,Ekaterina.Hepsibah@yopmail.com,1905-04-29
349,Marguerite,Wallis,Marguerite.Wallis@yopmail.com,1983-03-06
350,Mady,Martsen,Mady.Martsen@yopmail.com,1950-12-18
351,Dianemarie,Lynn,Dianemarie.Lynn@yopmail.com,1923-12-18
352,Elka,Euridice,Elka.Euridice@yopmail.com,1922-02-09
353,Beth,Constancy,Beth.Constancy@yopmail.com,1900-11-28
354,Tera,Orpah,Tera.Orpah@yopmail.com,1903-04-21
355,Arabel,Sophronia,Arabel.Sophronia@yopmail.com,1933-03-08
356,Violet,Byrne,Violet.Byrne@yopmail.com,1940-11-26
357,Aeriela,Lalitta,Aeriela.Lalitta@yopmail.com,1933-06-22
358,Ulrike,Pauly,Ulrike.Pauly@yopmail.com,1909-01-09
359,Jorry,Gahl,Jorry.Gahl@yopmail.com,1929-04-18
360,Millie,Dowski,Millie.Dowski@yopmail.com,2003-01-09
361,Jolyn,Sherrie,Jolyn.Sherrie@yopmail.com,1923-12-15
362,Marita,Vacuva,Marita.Vacuva@yopmail.com,1901-01-30
363,Camile,Medrek,Camile.Medrek@yopmail.com,2019-12-27
364,Jillayne,Virgin,Jillayne.Virgin@yopmail.com,1973-08-21
365,Coral,Suk,Coral.Suk@yopmail.com,1979-04-13
366,Brooks,Stuart,Brooks.Stuart@yopmail.com,1926-10-22
367,Charissa,Maples,Charissa.Maples@yopmail.com,1918-12-14
368,Cissiee,Girardo,Cissiee.Girardo@yopmail.com,1978-01-02
369,Marsiella,Ader,Marsiella.Ader@yopmail.com,1921-07-28
370,Shaine,Dermott,Shaine.Dermott@yopmail.com,1904-09-26
371,Carly,Koehler,Carly.Koehler@yopmail.com,1957-05-08
372,Allyce,Sacken,Allyce.Sacken@yopmail.com,1944-06-22
373,Lacie,Infield,Lacie.Infield@yopmail.com,1992-12-31
374,Cherrita,Constancy,Cherrita.Constancy@yopmail.com,1910-01-21
375,Cristabel,Bearnard,Cristabel.Bearnard@yopmail.com,1965-07-20
376,Sindee,Dunkin,Sindee.Dunkin@yopmail.com,2013-11-27
377,Darci,Grobe,Darci.Grobe@yopmail.com,1932-10-28
378,Nannie,Jagir,Nannie.Jagir@yopmail.com,1976-05-29
379,Elbertina,Belanger,Elbertina.Belanger@yopmail.com,1984-06-01
380,Candy,Rhu,Candy.Rhu@yopmail.com,1916-10-03
381,Genevra,Podvin,Genevra.Podvin@yopmail.com,1913-10-30
382,Janeczka,Orpah,Janeczka.Orpah@yopmail.com,2016-01-28
383,Zsa Zsa,Kimmie,Zsa Zsa.Kimmie@yopmail.com,2008-05-26
384,Carly,Kaete,Carly.Kaete@yopmail.com,1963-03-21
385,Randa,Daniele,Randa.Daniele@yopmail.com,1989-06-01
386,Aaren,Kellby,Aaren.Kellby@yopmail.com,1968-09-04
387,Daune,Salchunas,Daune.Salchunas@yopmail.com,1977-12-24
388,Benita,Zachary,Benita.Zachary@yopmail.com,1936-11-07
389,Joy,Luhe,Joy.Luhe@yopmail.com,1960-10-17
390,Evaleen,Judye,Evaleen.Judye@yopmail.com,2019-02-25
391,Flory,Hylan,Flory.Hylan@yopmail.com,1950-05-13
392,Ardenia,Leopold,Ardenia.Leopold@yopmail.com,1979-04-06
393,Cordi,Fredi,Cordi.Fredi@yopmail.com,2008-06-04
394,Tatiania,Kirstin,Tatiania.Kirstin@yopmail.com,1959-03-25
395,Selia,Madaih,Selia.Madaih@yopmail.com,2009-09-27
396,Imojean,Rese,Imojean.Rese@yopmail.com,2001-01-11
397,Debee,Muriel,Debee.Muriel@yopmail.com,1927-11-16
398,Mamie,Gert,Mamie.Gert@yopmail.com,1950-11-22
399,Vinita,Phaidra,Vinita.Phaidra@yopmail.com,1935-11-26
400,Gale,Sisile,Gale.Sisile@yopmail.com,2010-02-25
401,Konstance,Hoenack,Konstance.Hoenack@yopmail.com,2011-10-04
402,Fred,Margret,Fred.Margret@yopmail.com,1956-10-15
403,Renie,Hilbert,Renie.Hilbert@yopmail.com,1949-07-07
404,Lexine,Vittoria,Lexine.Vittoria@yopmail.com,1999-02-02
405,Trudie,Kristi,Trudie.Kristi@yopmail.com,1902-01-30
406,Max,Ruvolo,Max.Ruvolo@yopmail.com,2017-12-16
407,Rosaline,Adrienne,Rosaline.Adrienne@yopmail.com,1927-07-12
408,Nadine,Callista,Nadine.Callista@yopmail.com,1964-01-02
409,Codie,Raychel,Codie.Raychel@yopmail.com,1932-09-22
410,Consuela,Berl,Consuela.Berl@yopmail.com,1985-10-18
411,Brandise,Sparhawk,Brandise.Sparhawk@yopmail.com,1911-03-16
412,Jackie,Zuzana,Jackie.Zuzana@yopmail.com,2013-12-08
413,Jerry,Leler,Jerry.Leler@yopmail.com,1979-02-06
414,Misha,Shaver,Misha.Shaver@yopmail.com,1900-04-03
415,Jere,Cassius,Jere.Cassius@yopmail.com,1958-12-22
416,Deane,Lumbard,Deane.Lumbard@yopmail.com,2016-03-28
417,Dulcinea,Sharl,Dulcinea.Sharl@yopmail.com,1910-03-26
418,Kathi,Boehike,Kathi.Boehike@yopmail.com,1978-02-10
419,Dagmar,Stoller,Dagmar.Stoller@yopmail.com,1943-05-27
420,Karolina,Holbrook,Karolina.Holbrook@yopmail.com,2012-11-06
421,Laurene,Karna,Laurene.Karna@yopmail.com,1933-07-14
422,Lorenza,Odysseus,Lorenza.Odysseus@yopmail.com,2011-09-25
423,Dode,Clarissa,Dode.Clarissa@yopmail.com,1945-01-04
424,Genovera,Frodi,Genovera.Frodi@yopmail.com,1969-02-08
425,Fred,Weinreb,Fred.Weinreb@yopmail.com,1945-03-30
426,Ayn,Diogenes,Ayn.Diogenes@yopmail.com,1970-03-18
427,Phylis,Schenck,Phylis.Schenck@yopmail.com,2019-02-03
428,Zaria,Salvidor,Zaria.Salvidor@yopmail.com,1903-02-07
429,Marti,Kinnard,Marti.Kinnard@yopmail.com,1955-03-23
430,Asia,Roxanna,Asia.Roxanna@yopmail.com,1986-05-19
431,Carlie,Lesley,Carlie.Lesley@yopmail.com,1937-11-13
432,Minda,Tippets,Minda.Tippets@yopmail.com,1969-07-18
433,Mariann,Hull,Mariann.Hull@yopmail.com,1965-12-07
434,Clarice,Haldas,Clarice.Haldas@yopmail.com,1959-11-21
435,Marti,Gert,Marti.Gert@yopmail.com,2015-10-14
436,Lila,Hillel,Lila.Hillel@yopmail.com,2000-08-26
437,Kate,Emerson,Kate.Emerson@yopmail.com,1948-10-28
438,Karolina,Waldron,Karolina.Waldron@yopmail.com,1946-03-24
439,Nikki,Bashemeth,Nikki.Bashemeth@yopmail.com,1928-03-12
440,Linet,Colyer,Linet.Colyer@yopmail.com,2001-01-30
441,Joleen,Ezar,Joleen.Ezar@yopmail.com,1995-05-05
442,Kate,Primalia,Kate.Primalia@yopmail.com,1996-04-20
443,Audrie,Moina,Audrie.Moina@yopmail.com,1904-09-10
444,Siana,Elo,Siana.Elo@yopmail.com,2011-01-06
445,Gilda,Dom,Gilda.Dom@yopmail.com,1931-05-13
446,Merry,Sheng,Merry.Sheng@yopmail.com,1996-12-04
447,Elie,Loleta,Elie.Loleta@yopmail.com,1910-10-14
448,Krystle,Waldron,Krystle.Waldron@yopmail.com,1960-04-03
449,Linet,Caitlin,Linet.Caitlin@yopmail.com,1929-10-10
450,Britte,Hamil,Britte.Hamil@yopmail.com,1996-01-22
451,Oralee,Love,Oralee.Love@yopmail.com,1971-07-23
452,Helsa,Ovid,Helsa.Ovid@yopmail.com,1912-03-29
453,Lisette,Drisko,Lisette.Drisko@yopmail.com,1904-10-11
454,Elora,Shaver,Elora.Shaver@yopmail.com,1936-02-27
455,Ashlee,Terrence,Ashlee.Terrence@yopmail.com,2002-12-19
456,Helsa,Rozanna,Helsa.Rozanna@yopmail.com,2008-05-28
457,Linet,Malanie,Linet.Malanie@yopmail.com,1918-09-15
458,Fanchon,Israeli,Fanchon.Israeli@yopmail.com,2011-07-22
459,Adore,Earlie,Adore.Earlie@yopmail.com,1955-12-26
460,Sharlene,Morehouse,Sharlene.Morehouse@yopmail.com,1935-04-17
461,Arabel,Gherardo,Arabel.Gherardo@yopmail.com,1901-11-19
462,Ann-Marie,Mike,Ann-Marie.Mike@yopmail.com,1965-12-17
463,Jean,Francene,Jean.Francene@yopmail.com,1945-04-28
464,Candy,Nickola,Candy.Nickola@yopmail.com,1918-03-02
465,Robinia,Daveta,Robinia.Daveta@yopmail.com,1946-03-18
466,Isa,Stilwell,Isa.Stilwell@yopmail.com,1999-03-09
467,Aryn,Cookie,Aryn.Cookie@yopmail.com,1907-08-01
468,Giustina,Decato,Giustina.Decato@yopmail.com,1917-03-07
469,Keelia,Cecile,Keelia.Cecile@yopmail.com,2010-09-14
470,Carly,Hashim,Carly.Hashim@yopmail.com,2005-04-12
471,Babita,Wu,Babita.Wu@yopmail.com,1978-05-09
472,Daryl,Randene,Daryl.Randene@yopmail.com,2016-01-13
473,Kristina,Lutero,Kristina.Lutero@yopmail.com,1933-07-07
474,Beth,Kimmie,Beth.Kimmie@yopmail.com,1979-12-21
475,Starla,Rudolph,Starla.Rudolph@yopmail.com,1979-01-06
476,Lorie,Angelis,Lorie.Angelis@yopmail.com,2000-09-29
477,Diena,Kolnick,Diena.Kolnick@yopmail.com,1969-07-02
478,Alisha,Fabiola,Alisha.Fabiola@yopmail.com,2017-10-12
479,Daphne,Artie,Daphne.Artie@yopmail.com,1903-09-29
480,Rubie,MacIntosh,Rubie.MacIntosh@yopmail.com,1985-08-24
481,Corry,Zuzana,Corry.Zuzana@yopmail.com,1915-04-25
482,Lolita,Delila,Lolita.Delila@yopmail.com,1955-02-02
483,Gusella,Annice,Gusella.Annice@yopmail.com,2009-11-30
484,Lisette,Colp,Lisette.Colp@yopmail.com,1940-06-29
485,Annora,Sasnett,Annora.Sasnett@yopmail.com,1948-01-28
486,Jean,Eben,Jean.Eben@yopmail.com,1953-05-25
487,Sonni,Seagraves,Sonni.Seagraves@yopmail.com,2006-02-06
488,Monika,Susannah,Monika.Susannah@yopmail.com,1916-09-07
489,Margalo,Georgy,Margalo.Georgy@yopmail.com,1916-07-03
490,Vivia,Wallis,Vivia.Wallis@yopmail.com,1985-09-23
491,Trixi,Bord,Trixi.Bord@yopmail.com,1934-06-07
492,Chere,Sundin,Chere.Sundin@yopmail.com,1919-01-07
493,Augustine,Nedrud,Augustine.Nedrud@yopmail.com,1977-03-04
494,Fanchon,Bethany,Fanchon.Bethany@yopmail.com,2001-08-27
495,Minda,Suanne,Minda.Suanne@yopmail.com,1960-06-02
496,Noelle,Francyne,Noelle.Francyne@yopmail.com,1937-10-29
497,Madelle,Even,Madelle.Even@yopmail.com,1985-11-08
498,Micheline,Lymann,Micheline.Lymann@yopmail.com,1912-07-11
499,Beverley,Rheingold,Beverley.Rheingold@yopmail.com,1937-07-17
500,Sheelagh,Faso,Sheelagh.Faso@yopmail.com,1959-09-21
501,Yvonne,Sparhawk,Yvonne.Sparhawk@yopmail.com,2003-05-31
502,Kial,Catie,Kial.Catie@yopmail.com,1923-03-09
503,Lory,Hertzfeld,Lory.Hertzfeld@yopmail.com,2000-05-09
504,Rubie,Sekofski,Rubie.Sekofski@yopmail.com,1910-01-29
505,Cathyleen,Diogenes,Cathyleen.Diogenes@yopmail.com,1934-11-02
506,Antonietta,Codding,Antonietta.Codding@yopmail.com,2013-05-28
507,Michaelina,Mehalek,Michaelina.Mehalek@yopmail.com,1901-05-23
508,Pearline,Pacorro,Pearline.Pacorro@yopmail.com,2013-12-16
509,Mady,Helve,Mady.Helve@yopmail.com,1982-04-05
510,Aimil,Dalli,Aimil.Dalli@yopmail.com,1937-11-24
511,Rani,Natica,Rani.Natica@yopmail.com,1923-09-03
512,Di,Eldrid,Di.Eldrid@yopmail.com,1947-12-21
513,Robinia,Lamoree,Robinia.Lamoree@yopmail.com,1929-02-13
514,Gaylene,Clara,Gaylene.Clara@yopmail.com,1975-08-06
515,Betta,Heidt,Betta.Heidt@yopmail.com,1937-07-18
516,Angela,Bach,Angela.Bach@yopmail.com,1989-07-10
517,Cam,Jacobah,Cam.Jacobah@yopmail.com,1914-01-20
518,Anica,Eckblad,Anica.Eckblad@yopmail.com,1928-08-25
519,Nyssa,Michella,Nyssa.Michella@yopmail.com,2014-08-03
520,Aurelie,Brandice,Aurelie.Brandice@yopmail.com,1958-11-04
521,Brena,Sprage,Brena.Sprage@yopmail.com,1935-12-10
522,Brandise,Saint,Brandise.Saint@yopmail.com,1901-12-05
523,Margalo,Rosette,Margalo.Rosette@yopmail.com,1904-05-31
524,Wilma,Kenney,Wilma.Kenney@yopmail.com,1911-04-11
525,Celene,Carleen,Celene.Carleen@yopmail.com,1932-10-17
526,Sabina,Ochs,Sabina.Ochs@yopmail.com,1927-02-19
527,Deedee,Rugen,Deedee.Rugen@yopmail.com,1922-02-23
528,Clarice,Aurelio,Clarice.Aurelio@yopmail.com,1958-04-24
529,Trixi,Bates,Trixi.Bates@yopmail.com,1940-06-24
530,Kathi,Bennie,Kathi.Bennie@yopmail.com,1988-10-03
531,Evita,Joni,Evita.Joni@yopmail.com,2000-06-14
532,Donetta,Peti,Donetta.Peti@yopmail.com,1972-05-22
533,Britte,Nadia,Britte.Nadia@yopmail.com,1941-02-18
534,Gavrielle,Dash,Gavrielle.Dash@yopmail.com,1913-01-07
535,Phedra,Daveta,Phedra.Daveta@yopmail.com,1932-11-04
536,Karena,Darbie,Karena.Darbie@yopmail.com,2009-02-24
537,Sheelagh,Krystle,Sheelagh.Krystle@yopmail.com,1971-08-23
538,Blondelle,Irmine,Blondelle.Irmine@yopmail.com,2008-07-24
539,Blinni,Ajay,Blinni.Ajay@yopmail.com,1901-07-07
540,Margalo,Fax,Margalo.Fax@yopmail.com,2008-11-13
541,Trixi,Barbey,Trixi.Barbey@yopmail.com,1959-10-23
542,Livvyy,Loleta,Livvyy.Loleta@yopmail.com,1983-05-02
543,Gilligan,Henrie,Gilligan.Henrie@yopmail.com,1929-09-07
544,Codie,Oscar,Codie.Oscar@yopmail.com,1925-04-18
545,Orelia,Dulciana,Orelia.Dulciana@yopmail.com,1970-07-10
546,Augustine,Poll,Augustine.Poll@yopmail.com,1959-04-29
547,Glynnis,Gaspard,Glynnis.Gaspard@yopmail.com,1928-07-17
548,Letizia,Posner,Letizia.Posner@yopmail.com,1943-11-16
549,Alex,Felizio,Alex.Felizio@yopmail.com,1990-03-07
550,Jean,Miru,Jean.Miru@yopmail.com,1948-05-23
551,Layla,Tybald,Layla.Tybald@yopmail.com,1972-02-07
552,Tracey,Odysseus,Tracey.Odysseus@yopmail.com,1912-10-19
553,Kara-Lynn,Bryna,Kara-Lynn.Bryna@yopmail.com,1910-10-27
554,Goldie,Haymes,Goldie.Haymes@yopmail.com,1983-02-27
555,Kirstin,Erich,Kirstin.Erich@yopmail.com,2007-03-03
556,Alejandra,Charmine,Alejandra.Charmine@yopmail.com,1981-11-06
557,Gavrielle,Lenny,Gavrielle.Lenny@yopmail.com,1978-06-11
558,Karolina,Alcott,Karolina.Alcott@yopmail.com,2002-01-15
559,Ann-Marie,Tannie,Ann-Marie.Tannie@yopmail.com,1935-01-23
560,Lita,Mott,Lita.Mott@yopmail.com,2013-06-06
561,Lenna,Kamaria,Lenna.Kamaria@yopmail.com,1960-12-01
562,Hannis,Kannry,Hannis.Kannry@yopmail.com,1952-01-20
563,Kimberley,Lutero,Kimberley.Lutero@yopmail.com,1999-02-08
564,Basia,Jeanne,Basia.Jeanne@yopmail.com,1922-06-22
565,Violet,Oriana,Violet.Oriana@yopmail.com,2000-11-02
566,Ingrid,Capello,Ingrid.Capello@yopmail.com,1903-04-08
567,Edith,Diann,Edith.Diann@yopmail.com,1934-02-14
568,Maud,Peti,Maud.Peti@yopmail.com,1927-11-26
569,Minne,Rugen,Minne.Rugen@yopmail.com,1965-04-11
570,Darlleen,Rustice,Darlleen.Rustice@yopmail.com,1912-06-04
571,Stephanie,Blisse,Stephanie.Blisse@yopmail.com,2010-11-17
572,Viki,Bergman,Viki.Bergman@yopmail.com,2001-10-08
573,Winifred,Merriott,Winifred.Merriott@yopmail.com,1973-12-08
574,Hallie,Euridice,Hallie.Euridice@yopmail.com,2005-03-10
575,Loree,Erskine,Loree.Erskine@yopmail.com,1956-06-01
576,Katuscha,Percy,Katuscha.Percy@yopmail.com,1903-05-21
577,Halette,Berard,Halette.Berard@yopmail.com,1971-04-28
578,Jinny,Raimondo,Jinny.Raimondo@yopmail.com,2003-07-07
579,Annabela,Randene,Annabela.Randene@yopmail.com,2000-10-17
580,Daryl,Ricarda,Daryl.Ricarda@yopmail.com,1971-01-27
581,Mallory,Naashom,Mallory.Naashom@yopmail.com,2011-11-27
582,Marcelline,Bendick,Marcelline.Bendick@yopmail.com,1915-01-14
583,Kayla,Kauppi,Kayla.Kauppi@yopmail.com,2011-02-26
584,Wileen,Keelia,Wileen.Keelia@yopmail.com,2007-10-18
585,Wileen,Lindemann,Wileen.Lindemann@yopmail.com,1901-11-22
586,Gabriellia,Diann,Gabriellia.Diann@yopmail.com,1996-01-16
587,Merry,Neils,Merry.Neils@yopmail.com,1950-08-11
588,Tybie,Zeeba,Tybie.Zeeba@yopmail.com,2003-08-02
589,Etta,Noam,Etta.Noam@yopmail.com,1970-07-09
590,Blake,Jillane,Blake.Jillane@yopmail.com,2004-10-05
591,Stevana,Imelida,Stevana.Imelida@yopmail.com,1960-09-11
592,Bernie,Leonard,Bernie.Leonard@yopmail.com,1997-12-24
593,Sharai,Rona,Sharai.Rona@yopmail.com,1973-03-08
594,Drucie,Chaing,Drucie.Chaing@yopmail.com,2017-09-26
595,Krystle,Colyer,Krystle.Colyer@yopmail.com,2014-06-16
596,Hallie,Natica,Hallie.Natica@yopmail.com,1936-03-05
597,Marnia,Bearnard,Marnia.Bearnard@yopmail.com,1914-06-08
598,Kassey,Quent,Kassey.Quent@yopmail.com,1957-03-14
599,Jillayne,Rudolph,Jillayne.Rudolph@yopmail.com,1950-10-10
600,Kaja,Raffo,Kaja.Raffo@yopmail.com,2006-08-17
601,Benita,Tufts,Benita.Tufts@yopmail.com,2015-07-21
602,Janeczka,Wilona,Janeczka.Wilona@yopmail.com,1927-04-12
603,Quintina,Emmy,Quintina.Emmy@yopmail.com,1919-09-16
604,Kellen,Dunkin,Kellen.Dunkin@yopmail.com,1949-12-11
605,Dianemarie,Voletta,Dianemarie.Voletta@yopmail.com,1933-01-27
606,Alameda,Maples,Alameda.Maples@yopmail.com,1972-08-20
607,Rosanne,Hoban,Rosanne.Hoban@yopmail.com,2000-05-27
608,Bee,Melony,Bee.Melony@yopmail.com,1907-09-22
609,Agnese,Kamaria,Agnese.Kamaria@yopmail.com,2008-01-14
610,Taffy,Ehrman,Taffy.Ehrman@yopmail.com,1927-09-01
611,Marinna,Freddi,Marinna.Freddi@yopmail.com,1928-10-07
612,Gusella,Fennessy,Gusella.Fennessy@yopmail.com,1995-08-16
613,Sybille,Amasa,Sybille.Amasa@yopmail.com,1908-10-03
614,Roz,Gwenore,Roz.Gwenore@yopmail.com,2008-10-06
615,Wynne,Mathilde,Wynne.Mathilde@yopmail.com,2019-11-12
616,Carree,Georgy,Carree.Georgy@yopmail.com,1905-03-12
617,Karolina,Ortrude,Karolina.Ortrude@yopmail.com,1945-04-30
618,Kate,Fosque,Kate.Fosque@yopmail.com,1945-05-12
619,Ida,Wilkinson,Ida.Wilkinson@yopmail.com,1982-08-19
620,Dolli,Grimbly,Dolli.Grimbly@yopmail.com,1986-08-02
621,Jasmina,Ehrman,Jasmina.Ehrman@yopmail.com,1975-11-06
622,Cherrita,Glenden,Cherrita.Glenden@yopmail.com,1939-12-06
623,Alisha,Gemini,Alisha.Gemini@yopmail.com,1979-08-02
624,Jennica,Granoff,Jennica.Granoff@yopmail.com,1971-06-24
625,Jean,Colbert,Jean.Colbert@yopmail.com,1983-07-14
626,Heddie,Kenney,Heddie.Kenney@yopmail.com,1915-04-03
627,Tomasina,Zuzana,Tomasina.Zuzana@yopmail.com,2018-11-26
628,Romona,Zenas,Romona.Zenas@yopmail.com,1992-08-22
629,Tressa,Lauraine,Tressa.Lauraine@yopmail.com,1995-05-19
630,Gisela,Bebe,Gisela.Bebe@yopmail.com,1935-08-12
631,Dale,Ferino,Dale.Ferino@yopmail.com,1944-12-14
632,Dolli,Codding,Dolli.Codding@yopmail.com,1977-12-08
633,Codie,Abbot,Codie.Abbot@yopmail.com,2001-07-25
634,Helena,Standing,Helena.Standing@yopmail.com,1996-04-06
635,Judy,Delacourt,Judy.Delacourt@yopmail.com,1954-05-21
636,Dyann,Poll,Dyann.Poll@yopmail.com,1988-09-22
637,Julieta,Kare,Julieta.Kare@yopmail.com,1939-03-11
638,Suzette,Lia,Suzette.Lia@yopmail.com,1924-09-04
639,Dagmar,Madox,Dagmar.Madox@yopmail.com,1992-07-14
640,Viviene,Alarise,Viviene.Alarise@yopmail.com,1932-03-20
641,Elka,Fry,Elka.Fry@yopmail.com,1957-05-05
642,Laure,Ralfston,Laure.Ralfston@yopmail.com,1967-05-30
643,Bibby,Tjon,Bibby.Tjon@yopmail.com,1965-05-14
644,Orsola,Anyah,Orsola.Anyah@yopmail.com,1930-12-20
645,Angela,Ursulette,Angela.Ursulette@yopmail.com,1953-01-05
646,Melina,Pitt,Melina.Pitt@yopmail.com,2000-09-12
647,Cacilie,Vernier,Cacilie.Vernier@yopmail.com,1909-04-22
648,Meg,Gillan,Meg.Gillan@yopmail.com,1962-06-10
649,Ariela,Etom,Ariela.Etom@yopmail.com,1932-08-20
650,Claresta,Brieta,Claresta.Brieta@yopmail.com,1909-01-07
651,Goldie,Roche,Goldie.Roche@yopmail.com,1976-12-19
652,Daryl,Garbe,Daryl.Garbe@yopmail.com,1992-05-27
653,Ginnie,Read,Ginnie.Read@yopmail.com,2017-11-30
654,Gaylene,Darrell,Gaylene.Darrell@yopmail.com,1948-06-17
655,Jacenta,Hebner,Jacenta.Hebner@yopmail.com,1986-02-19
656,Allyce,Stacy,Allyce.Stacy@yopmail.com,1917-02-10
657,Christal,Edison,Christal.Edison@yopmail.com,1998-03-06
658,Rosene,Westphal,Rosene.Westphal@yopmail.com,1949-07-10
659,Tracey,Papageno,Tracey.Papageno@yopmail.com,1933-05-28
660,Dania,Behre,Dania.Behre@yopmail.com,1973-05-27
661,Roseline,McClimans,Roseline.McClimans@yopmail.com,1989-07-23
662,Gertrud,McGrody,Gertrud.McGrody@yopmail.com,2008-12-17
663,Ulrike,Kosey,Ulrike.Kosey@yopmail.com,1936-03-26
664,Dorene,Rosemary,Dorene.Rosemary@yopmail.com,2001-10-13
665,Lanna,Alarise,Lanna.Alarise@yopmail.com,1912-07-18
666,Liana,Joli,Liana.Joli@yopmail.com,1946-06-04
667,Wileen,Federica,Wileen.Federica@yopmail.com,2011-10-18
668,Steffane,Ulphia,Steffane.Ulphia@yopmail.com,1929-11-25
669,Ida,Buffum,Ida.Buffum@yopmail.com,1917-04-20
670,Verla,Percy,Verla.Percy@yopmail.com,1972-03-10
671,Justinn,Halsey,Justinn.Halsey@yopmail.com,1995-02-22
672,Annice,Jacqui,Annice.Jacqui@yopmail.com,1947-12-26
673,Constance,Haymes,Constance.Haymes@yopmail.com,1945-02-19
674,Mignon,Mozelle,Mignon.Mozelle@yopmail.com,1919-06-05
675,Ariela,Havens,Ariela.Havens@yopmail.com,1972-02-14
676,Teriann,Burkle,Teriann.Burkle@yopmail.com,1958-02-17
677,Cristine,Pyle,Cristine.Pyle@yopmail.com,1972-08-04
678,Vonny,Vittoria,Vonny.Vittoria@yopmail.com,1990-02-07
679,Elfreda,Zachary,Elfreda.Zachary@yopmail.com,2005-05-03
680,Konstance,Gert,Konstance.Gert@yopmail.com,1913-04-03
681,Priscilla,Afton,Priscilla.Afton@yopmail.com,1938-04-07
682,Maurene,Estella,Maurene.Estella@yopmail.com,1964-10-05
683,Roz,Wilkinson,Roz.Wilkinson@yopmail.com,1987-04-28
684,Lizzie,Melleta,Lizzie.Melleta@yopmail.com,1938-10-20
685,Natka,Chick,Natka.Chick@yopmail.com,2011-07-07
686,Michaelina,Rona,Michaelina.Rona@yopmail.com,1902-09-08
687,Doralynne,Erskine,Doralynne.Erskine@yopmail.com,1996-01-25
688,Keelia,Faso,Keelia.Faso@yopmail.com,1905-01-24
689,Marylou,Bartlett,Marylou.Bartlett@yopmail.com,1955-06-27
690,Adriana,Tomasina,Adriana.Tomasina@yopmail.com,1941-11-18
691,Kittie,Raffo,Kittie.Raffo@yopmail.com,1943-04-27
692,Ulrike,Gaspard,Ulrike.Gaspard@yopmail.com,2000-05-16
693,Shaine,Tufts,Shaine.Tufts@yopmail.com,1986-08-16
694,Robinia,Cimbura,Robinia.Cimbura@yopmail.com,1905-10-02
695,Isa,Melony,Isa.Melony@yopmail.com,1953-11-21
696,Dania,Lilybelle,Dania.Lilybelle@yopmail.com,1915-12-10
697,Susan,Sigfrid,Susan.Sigfrid@yopmail.com,1950-06-12
698,Valli,Craggie,Valli.Craggie@yopmail.com,1931-05-09
699,Janis,Bonucci,Janis.Bonucci@yopmail.com,1947-06-03
700,Lucy,Kosey,Lucy.Kosey@yopmail.com,1958-10-03
701,Mary,Quinn,Mary.Quinn@yopmail.com,1961-03-11
702,Oralee,Yusuk,Oralee.Yusuk@yopmail.com,1981-06-06
703,Gabriellia,Ilka,Gabriellia.Ilka@yopmail.com,1971-03-22
704,Tonia,Erich,Tonia.Erich@yopmail.com,1925-05-07
705,Evita,Bashemeth,Evita.Bashemeth@yopmail.com,1970-11-30
706,Frances,Dominy,Frances.Dominy@yopmail.com,1902-08-01
707,Kittie,Adalbert,Kittie.Adalbert@yopmail.com,1917-06-23
708,Bobinette,Saunderson,Bobinette.Saunderson@yopmail.com,1967-04-08
709,Kary,Brittani,Kary.Brittani@yopmail.com,1977-12-13
710,Blondelle,Buffum,Blondelle.Buffum@yopmail.com,1948-03-13
711,Ericka,Weaks,Ericka.Weaks@yopmail.com,1975-12-19
712,Cherrita,Roscoe,Cherrita.Roscoe@yopmail.com,1963-11-19
713,Alameda,Delacourt,Alameda.Delacourt@yopmail.com,2015-12-11
714,Marita,Odysseus,Marita.Odysseus@yopmail.com,1915-10-22
715,Anestassia,Stoller,Anestassia.Stoller@yopmail.com,1958-10-05
716,Valera,Terrence,Valera.Terrence@yopmail.com,1904-03-25
717,Tiffie,Couture,Tiffie.Couture@yopmail.com,1929-07-10
718,Marylou,Skurnik,Marylou.Skurnik@yopmail.com,1914-04-18
719,Rosabelle,LaRue,Rosabelle.LaRue@yopmail.com,2008-11-02
720,Ardys,Cutlerr,Ardys.Cutlerr@yopmail.com,1915-03-18
721,Stevana,Solitta,Stevana.Solitta@yopmail.com,1958-12-15
722,Hettie,Jobi,Hettie.Jobi@yopmail.com,1976-08-13
723,Shauna,Harl,Shauna.Harl@yopmail.com,1979-01-25
724,Kathy,Lanita,Kathy.Lanita@yopmail.com,2018-08-16
725,Carolina,Kevon,Carolina.Kevon@yopmail.com,1939-01-30
726,Gilligan,Alejoa,Gilligan.Alejoa@yopmail.com,1947-10-04
727,Evita,Tound,Evita.Tound@yopmail.com,1972-03-03
728,Edith,Hubert,Edith.Hubert@yopmail.com,2002-09-21
729,Edith,Edison,Edith.Edison@yopmail.com,1949-03-03
730,Alisha,Hartnett,Alisha.Hartnett@yopmail.com,1937-12-22
731,Celene,Barbey,Celene.Barbey@yopmail.com,1987-05-05
732,Dorthy,Lory,Dorthy.Lory@yopmail.com,2014-02-05
733,Petronia,Kaete,Petronia.Kaete@yopmail.com,1918-03-05
734,Ottilie,Lytton,Ottilie.Lytton@yopmail.com,1909-10-18
735,Belva,Sadowski,Belva.Sadowski@yopmail.com,1974-05-19
736,Cam,Wadell,Cam.Wadell@yopmail.com,1941-05-02
737,Rhea,Eno,Rhea.Eno@yopmail.com,1972-12-13
738,Camile,Bebe,Camile.Bebe@yopmail.com,1916-12-17
739,Blake,Tomasina,Blake.Tomasina@yopmail.com,1935-03-06
740,Lanae,Justinn,Lanae.Justinn@yopmail.com,1909-11-05
741,Luci,Lasley,Luci.Lasley@yopmail.com,1993-01-17
742,Gabriellia,Alexandr,Gabriellia.Alexandr@yopmail.com,1979-05-03
743,Dulcinea,Sandye,Dulcinea.Sandye@yopmail.com,1989-06-04
744,Shandie,Jethro,Shandie.Jethro@yopmail.com,1918-11-28
745,Dennie,Maples,Dennie.Maples@yopmail.com,1934-07-10
746,Lexine,Aloise,Lexine.Aloise@yopmail.com,2000-01-16
747,Gusella,Nicoline,Gusella.Nicoline@yopmail.com,2007-03-01
748,Allis,Burnside,Allis.Burnside@yopmail.com,1989-07-21
749,Kellen,Kristi,Kellen.Kristi@yopmail.com,1930-05-02
750,Randa,Rillings,Randa.Rillings@yopmail.com,1906-07-11
751,Vita,Abbot,Vita.Abbot@yopmail.com,1901-04-29
752,Aeriela,Bari,Aeriela.Bari@yopmail.com,2007-09-21
753,Consuela,Cosenza,Consuela.Cosenza@yopmail.com,1981-12-08
754,Gianina,Killigrew,Gianina.Killigrew@yopmail.com,1985-11-19
755,Dione,Ezar,Dione.Ezar@yopmail.com,1929-11-17
756,Ermengarde,Gualtiero,Ermengarde.Gualtiero@yopmail.com,1919-10-16
757,Kaia,Stanwood,Kaia.Stanwood@yopmail.com,1933-08-24
758,Charissa,Deny,Charissa.Deny@yopmail.com,1934-10-30
759,Chickie,Bultman,Chickie.Bultman@yopmail.com,1900-12-09
760,Eadie,Codding,Eadie.Codding@yopmail.com,1939-03-05
761,Fanny,Schlosser,Fanny.Schlosser@yopmail.com,1921-10-27
762,Dorothy,Waite,Dorothy.Waite@yopmail.com,1902-01-07
763,Miquela,Ade,Miquela.Ade@yopmail.com,1965-04-01
764,Susette,Morgun,Susette.Morgun@yopmail.com,1903-12-29
765,Lanae,Faro,Lanae.Faro@yopmail.com,1999-06-04
766,Amii,Pettiford,Amii.Pettiford@yopmail.com,1913-02-23
767,Imojean,Georas,Imojean.Georas@yopmail.com,1957-12-18
768,Florencia,Melleta,Florencia.Melleta@yopmail.com,1909-06-29
769,Madelle,Deegan,Madelle.Deegan@yopmail.com,1996-03-16
770,Lynnea,Dearborn,Lynnea.Dearborn@yopmail.com,1945-02-14
771,Lita,Laverne,Lita.Laverne@yopmail.com,2003-03-09
772,Meg,Henebry,Meg.Henebry@yopmail.com,1983-10-16
773,Kristina,Dex,Kristina.Dex@yopmail.com,2014-03-18
774,Cherilyn,Burkle,Cherilyn.Burkle@yopmail.com,1926-08-14
775,Corina,Xerxes,Corina.Xerxes@yopmail.com,1975-05-08
776,Linzy,Harl,Linzy.Harl@yopmail.com,1911-10-27
777,Kara-Lynn,Thema,Kara-Lynn.Thema@yopmail.com,1978-01-04
778,Amii,Othilia,Amii.Othilia@yopmail.com,1933-02-11
779,Nicoli,Sallyann,Nicoli.Sallyann@yopmail.com,2010-09-29
780,Gianina,Lalitta,Gianina.Lalitta@yopmail.com,1916-04-08
781,Danny,Lea,Danny.Lea@yopmail.com,2010-01-23
782,Belinda,Pandolfi,Belinda.Pandolfi@yopmail.com,1931-05-06
783,Jaime,Lunsford,Jaime.Lunsford@yopmail.com,1958-07-12
784,Phylis,Plato,Phylis.Plato@yopmail.com,1979-04-20
785,Gabi,Gordon,Gabi.Gordon@yopmail.com,1951-03-28
786,Elena,O'Rourke,Elena.O'Rourke@yopmail.com,1995-04-02
787,Maisey,Kaja,Maisey.Kaja@yopmail.com,2002-03-25
788,Dione,Brenn,Dione.Brenn@yopmail.com,1968-06-17
789,Deloria,Jagir,Deloria.Jagir@yopmail.com,1914-02-15
790,Charlena,Read,Charlena.Read@yopmail.com,2004-08-30
791,Minda,Jehu,Minda.Jehu@yopmail.com,1998-11-16
792,Vinita,Alrich,Vinita.Alrich@yopmail.com,1951-11-28
793,Dode,Argus,Dode.Argus@yopmail.com,1967-10-20
794,Annecorinne,Pulsifer,Annecorinne.Pulsifer@yopmail.com,1940-01-06
795,Claresta,Iaverne,Claresta.Iaverne@yopmail.com,1983-03-13
796,Ethel,Hazlett,Ethel.Hazlett@yopmail.com,2018-04-02
797,Silvana,Papageno,Silvana.Papageno@yopmail.com,1988-12-04
798,Cathie,Faria,Cathie.Faria@yopmail.com,1987-09-04
799,Tonia,Burkle,Tonia.Burkle@yopmail.com,2017-05-12
800,Emmey,Sisile,Emmey.Sisile@yopmail.com,1914-08-18
801,Lolita,Tamsky,Lolita.Tamsky@yopmail.com,1972-04-07
802,Sean,Wenoa,Sean.Wenoa@yopmail.com,1903-10-28
803,Clementine,Moina,Clementine.Moina@yopmail.com,1914-10-12
804,Elise,Dudley,Elise.Dudley@yopmail.com,1907-11-22
805,Ottilie,Maisey,Ottilie.Maisey@yopmail.com,1917-06-20
806,Dulcinea,Gaal,Dulcinea.Gaal@yopmail.com,1988-12-26
807,Daryl,Toni,Daryl.Toni@yopmail.com,1943-12-16
808,Ernesta,Giule,Ernesta.Giule@yopmail.com,1961-01-04
809,Heida,Flita,Heida.Flita@yopmail.com,1981-10-16
810,Zsa Zsa,Clarissa,Zsa Zsa.Clarissa@yopmail.com,1981-01-01
811,Devina,Bearnard,Devina.Bearnard@yopmail.com,1950-07-23
812,Lelah,Zola,Lelah.Zola@yopmail.com,1938-12-30
813,Hope,Aida,Hope.Aida@yopmail.com,1994-04-11
814,Helena,Rheingold,Helena.Rheingold@yopmail.com,1969-01-31
815,Jemie,Stover,Jemie.Stover@yopmail.com,1994-05-21
816,Gianina,Jaylene,Gianina.Jaylene@yopmail.com,1964-05-20
817,Carree,Codding,Carree.Codding@yopmail.com,1957-09-20
818,Darlleen,Valerio,Darlleen.Valerio@yopmail.com,1952-02-12
819,Brana,Valoniah,Brana.Valoniah@yopmail.com,1937-08-02
820,Nannie,Olnee,Nannie.Olnee@yopmail.com,2002-03-18
821,Dulcinea,Lutero,Dulcinea.Lutero@yopmail.com,1966-10-18
822,Cordi,Suk,Cordi.Suk@yopmail.com,1947-02-23
823,Vevay,Kristi,Vevay.Kristi@yopmail.com,1987-11-30
824,Almeta,Casimir,Almeta.Casimir@yopmail.com,1938-10-16
825,Arlena,Schlosser,Arlena.Schlosser@yopmail.com,1981-09-15
826,Letizia,Deegan,Letizia.Deegan@yopmail.com,1917-12-25
827,Kittie,Afton,Kittie.Afton@yopmail.com,1922-12-01
828,Tersina,Naor,Tersina.Naor@yopmail.com,1921-03-17
829,Angela,Carvey,Angela.Carvey@yopmail.com,1967-12-24
830,Paule,Pyle,Paule.Pyle@yopmail.com,1954-11-01
831,Gerrie,Wildermuth,Gerrie.Wildermuth@yopmail.com,1926-12-09
832,Teriann,Byrne,Teriann.Byrne@yopmail.com,1921-06-26
833,Lenna,Vary,Lenna.Vary@yopmail.com,2015-11-07
834,Daune,Mike,Daune.Mike@yopmail.com,1977-09-18
835,Averyl,Meli,Averyl.Meli@yopmail.com,1922-05-29
836,Marguerite,Neva,Marguerite.Neva@yopmail.com,1952-07-01
837,Agathe,Macey,Agathe.Macey@yopmail.com,1982-07-26
838,Lanna,Ax,Lanna.Ax@yopmail.com,1996-05-30
839,Karolina,An,Karolina.An@yopmail.com,1946-02-24
840,Feliza,Carey,Feliza.Carey@yopmail.com,1952-07-07
841,Allis,Lilybelle,Allis.Lilybelle@yopmail.com,1949-08-22
842,Kirbee,Selway,Kirbee.Selway@yopmail.com,2014-09-26
843,Dorothy,Aaberg,Dorothy.Aaberg@yopmail.com,1915-10-05
844,Cathie,Cadmar,Cathie.Cadmar@yopmail.com,2004-07-29
845,Brooks,Erich,Brooks.Erich@yopmail.com,1967-07-02
846,Micheline,Marijo,Micheline.Marijo@yopmail.com,1948-11-07
847,Zia,Ricarda,Zia.Ricarda@yopmail.com,2003-11-28
848,Ruthe,Allina,Ruthe.Allina@yopmail.com,1986-07-22
849,Phedra,Trace,Phedra.Trace@yopmail.com,1964-08-11
850,Kirbee,Waite,Kirbee.Waite@yopmail.com,2001-08-19
851,Libbie,Lasley,Libbie.Lasley@yopmail.com,1950-08-22
852,Barbi,Toni,Barbi.Toni@yopmail.com,2003-11-06
853,Darlleen,Larochelle,Darlleen.Larochelle@yopmail.com,1999-10-10
854,Hildegaard,Ricki,Hildegaard.Ricki@yopmail.com,1983-08-09
855,Eadie,Riva,Eadie.Riva@yopmail.com,1928-01-23
856,Giustina,Strephon,Giustina.Strephon@yopmail.com,1953-05-20
857,Randa,Joeann,Randa.Joeann@yopmail.com,1937-07-25
858,Suzette,Kinnard,Suzette.Kinnard@yopmail.com,1919-12-03
859,Basia,Kelula,Basia.Kelula@yopmail.com,1998-07-21
860,Gisela,Cohdwell,Gisela.Cohdwell@yopmail.com,1942-02-17
861,Adelle,Nickola,Adelle.Nickola@yopmail.com,2002-06-24
862,Addia,Cassius,Addia.Cassius@yopmail.com,1951-08-10
863,Berta,Michella,Berta.Michella@yopmail.com,2004-01-04
864,Odessa,Madelene,Odessa.Madelene@yopmail.com,1973-07-20
865,Dulcinea,Bollay,Dulcinea.Bollay@yopmail.com,1936-09-01
866,Emylee,Infield,Emylee.Infield@yopmail.com,1926-09-21
867,Ileana,Buckler,Ileana.Buckler@yopmail.com,1976-12-01
868,Mildrid,Barney,Mildrid.Barney@yopmail.com,1997-07-12
869,Candi,Rolf,Candi.Rolf@yopmail.com,2008-12-29
870,Karly,Zachary,Karly.Zachary@yopmail.com,1961-04-19
871,Jan,Ambrosia,Jan.Ambrosia@yopmail.com,1980-01-23
872,Rubie,Eckblad,Rubie.Eckblad@yopmail.com,1962-04-26
873,Katharina,Ietta,Katharina.Ietta@yopmail.com,1951-12-05
874,Jennica,Fiann,Jennica.Fiann@yopmail.com,1997-11-09
875,Claresta,Kathie,Claresta.Kathie@yopmail.com,1973-03-17
876,Dale,Belanger,Dale.Belanger@yopmail.com,1931-11-25
877,Meghann,Delila,Meghann.Delila@yopmail.com,2000-08-16
878,Anestassia,Mandler,Anestassia.Mandler@yopmail.com,1948-07-12
879,Minda,Colyer,Minda.Colyer@yopmail.com,2001-12-02
880,Joeann,Melony,Joeann.Melony@yopmail.com,1955-04-26
881,Gertrud,Tarrant,Gertrud.Tarrant@yopmail.com,1960-06-29
882,Angela,Maurine,Angela.Maurine@yopmail.com,1931-02-17
883,Judy,Bultman,Judy.Bultman@yopmail.com,2006-06-18
884,Annora,Wattenberg,Annora.Wattenberg@yopmail.com,2005-10-24
885,Hildegaard,Percy,Hildegaard.Percy@yopmail.com,1918-03-08
886,Renie,Tamar,Renie.Tamar@yopmail.com,1928-08-07
887,Wilma,Schonfeld,Wilma.Schonfeld@yopmail.com,1932-08-03
888,Nollie,Joachim,Nollie.Joachim@yopmail.com,1921-07-01
889,Claudina,Gavrila,Claudina.Gavrila@yopmail.com,2004-10-23
890,Sidoney,Lasley,Sidoney.Lasley@yopmail.com,1960-04-09
891,Fanny,Middleton,Fanny.Middleton@yopmail.com,1930-04-14
892,Consuela,Deegan,Consuela.Deegan@yopmail.com,1980-08-26
893,Cristabel,Anyah,Cristabel.Anyah@yopmail.com,1959-08-20
894,Marnia,Iphlgenia,Marnia.Iphlgenia@yopmail.com,2001-05-16
895,Melina,Norvol,Melina.Norvol@yopmail.com,2013-11-26
896,Riannon,Marden,Riannon.Marden@yopmail.com,1977-03-03
897,Aaren,Ioab,Aaren.Ioab@yopmail.com,1983-08-10
898,Lucy,Seagraves,Lucy.Seagraves@yopmail.com,1982-04-20
899,Aurelie,Emerson,Aurelie.Emerson@yopmail.com,1923-02-17
900,Viki,Holbrook,Viki.Holbrook@yopmail.com,1914-11-01
901,Beverley,Herrera,Beverley.Herrera@yopmail.com,1980-09-03
902,Lexine,Kazimir,Lexine.Kazimir@yopmail.com,1914-03-27
903,Celisse,Yerkovich,Celisse.Yerkovich@yopmail.com,1980-04-04
904,Hyacinthe,Huggins,Hyacinthe.Huggins@yopmail.com,1913-03-06
905,Dorothy,Munn,Dorothy.Munn@yopmail.com,1918-03-23
906,Teddie,MacIntosh,Teddie.MacIntosh@yopmail.com,1952-01-12
907,Jany,Ariella,Jany.Ariella@yopmail.com,1917-10-17
908,Kenna,Newell,Kenna.Newell@yopmail.com,2018-10-26
909,Betta,Darian,Betta.Darian@yopmail.com,1958-03-02
910,Aili,Morrill,Aili.Morrill@yopmail.com,1975-10-30
911,Marjie,Sallyann,Marjie.Sallyann@yopmail.com,1922-09-09
912,Tersina,Payson,Tersina.Payson@yopmail.com,2001-01-14
913,Gaylene,Desai,Gaylene.Desai@yopmail.com,1904-10-13
914,Sybille,Bashemeth,Sybille.Bashemeth@yopmail.com,1923-04-25
915,Lacie,Ortrude,Lacie.Ortrude@yopmail.com,1990-10-16
916,Norine,McLaughlin,Norine.McLaughlin@yopmail.com,1912-02-27
917,Tina,Ruvolo,Tina.Ruvolo@yopmail.com,1991-04-08
918,Jasmina,Bevin,Jasmina.Bevin@yopmail.com,1939-08-18
919,Evita,Fosque,Evita.Fosque@yopmail.com,1919-02-26
920,Harmonia,Whittaker,Harmonia.Whittaker@yopmail.com,1907-09-20
921,Flo,Carlson,Flo.Carlson@yopmail.com,1928-01-30
922,Beatriz,Devlen,Beatriz.Devlen@yopmail.com,2006-12-18
923,Tomasina,Melony,Tomasina.Melony@yopmail.com,1956-06-23
924,Claudina,Ruvolo,Claudina.Ruvolo@yopmail.com,1972-11-12
925,Robbi,Haymes,Robbi.Haymes@yopmail.com,1932-04-08
926,Emelina,Evvie,Emelina.Evvie@yopmail.com,1918-03-06
927,Briney,Ader,Briney.Ader@yopmail.com,1946-11-05
928,Joeann,Orlene,Joeann.Orlene@yopmail.com,1993-06-26
929,Christal,Margret,Christal.Margret@yopmail.com,1950-08-04
930,Oralee,Faro,Oralee.Faro@yopmail.com,1938-02-26
931,Leanna,Evangelia,Leanna.Evangelia@yopmail.com,1972-06-03
932,Renie,Wenoa,Renie.Wenoa@yopmail.com,1908-04-16
933,Cissiee,Elisha,Cissiee.Elisha@yopmail.com,2019-12-13
934,Bee,Etom,Bee.Etom@yopmail.com,1951-04-28
935,Celisse,Durware,Celisse.Durware@yopmail.com,2001-04-07
936,Amelia,Israeli,Amelia.Israeli@yopmail.com,1938-10-31
937,Harmonia,Ade,Harmonia.Ade@yopmail.com,1916-03-08
938,Cassondra,Hebner,Cassondra.Hebner@yopmail.com,1944-04-21
939,Zia,Orpah,Zia.Orpah@yopmail.com,1940-10-07
940,Ericka,Cherianne,Ericka.Cherianne@yopmail.com,1950-10-12
941,Donetta,Franza,Donetta.Franza@yopmail.com,1965-04-27
942,Janeczka,Elo,Janeczka.Elo@yopmail.com,1956-04-08
943,Darlleen,Hashim,Darlleen.Hashim@yopmail.com,1979-11-25
944,Ofilia,Verger,Ofilia.Verger@yopmail.com,2010-03-31
945,Esmeralda,Rocray,Esmeralda.Rocray@yopmail.com,1924-08-30
946,Mallory,Pozzy,Mallory.Pozzy@yopmail.com,1903-09-03
947,Carly,Arley,Carly.Arley@yopmail.com,1968-10-20
948,Celisse,Zaslow,Celisse.Zaslow@yopmail.com,1932-06-23
949,Marika,Dosia,Marika.Dosia@yopmail.com,1954-02-10
950,Alyda,Solitta,Alyda.Solitta@yopmail.com,1935-08-17
951,Candy,Telfer,Candy.Telfer@yopmail.com,1928-01-02
952,Alameda,Colbert,Alameda.Colbert@yopmail.com,1913-03-09
953,Alia,Elisha,Alia.Elisha@yopmail.com,1960-11-18
954,Babita,Gladstone,Babita.Gladstone@yopmail.com,1980-01-27
955,Madalyn,Vins,Madalyn.Vins@yopmail.com,1951-01-05
956,Gertrud,Chobot,Gertrud.Chobot@yopmail.com,1986-08-31
957,Cyb,Nance,Cyb.Nance@yopmail.com,1933-11-01
958,Alia,Leler,Alia.Leler@yopmail.com,1970-08-06
959,Susette,Ammann,Susette.Ammann@yopmail.com,2009-04-20
960,Lorie,Stover,Lorie.Stover@yopmail.com,1946-05-22
961,Cissiee,Hathaway,Cissiee.Hathaway@yopmail.com,1935-04-10
962,Kristan,Podvin,Kristan.Podvin@yopmail.com,2014-04-23
963,Mary,Winnick,Mary.Winnick@yopmail.com,1996-10-30
964,Harrietta,Reneta,Harrietta.Reneta@yopmail.com,1971-08-17
965,Dorene,Brian,Dorene.Brian@yopmail.com,2006-12-11
966,Kalina,Keily,Kalina.Keily@yopmail.com,1965-07-13
967,Claudina,Rustice,Claudina.Rustice@yopmail.com,1912-01-07
968,Tilly,Halsey,Tilly.Halsey@yopmail.com,1920-01-24
969,Madalyn,Brenn,Madalyn.Brenn@yopmail.com,2000-06-22
970,Caressa,Philoo,Caressa.Philoo@yopmail.com,1976-01-01
971,Nannie,Ethban,Nannie.Ethban@yopmail.com,1936-09-04
972,Jaime,Myrilla,Jaime.Myrilla@yopmail.com,1984-07-26
973,Sarette,Kellby,Sarette.Kellby@yopmail.com,1927-07-02
974,Lusa,August,Lusa.August@yopmail.com,1952-12-02
975,Alyssa,Fancie,Alyssa.Fancie@yopmail.com,1912-02-13
976,Elbertina,Joni,Elbertina.Joni@yopmail.com,1906-10-16
977,Konstance,Byrne,Konstance.Byrne@yopmail.com,2016-04-03
978,Flo,Dorcy,Flo.Dorcy@yopmail.com,1993-11-07
979,Andree,Gregrory,Andree.Gregrory@yopmail.com,1919-11-15
980,Marita,Ellerey,Marita.Ellerey@yopmail.com,1983-08-25
981,Millie,Felecia,Millie.Felecia@yopmail.com,1909-05-09
982,Florie,Hillel,Florie.Hillel@yopmail.com,1965-06-24
983,Cristabel,Gusella,Cristabel.Gusella@yopmail.com,2015-09-14
984,Caritta,Othilia,Caritta.Othilia@yopmail.com,1907-06-17
985,Zsa Zsa,Wilona,Zsa Zsa.Wilona@yopmail.com,1974-01-31
986,Jasmina,Lasley,Jasmina.Lasley@yopmail.com,1993-01-12
987,Jean,Socha,Jean.Socha@yopmail.com,1998-09-15
988,Gianina,Gavrila,Gianina.Gavrila@yopmail.com,1990-04-25
989,Gretal,Mott,Gretal.Mott@yopmail.com,1920-02-19
990,Ericka,Meter,Ericka.Meter@yopmail.com,1906-02-28
991,Georgina,Morehouse,Georgina.Morehouse@yopmail.com,1911-04-02
992,Elora,Fulmer,Elora.Fulmer@yopmail.com,1915-03-15
993,Annecorinne,Kauppi,Annecorinne.Kauppi@yopmail.com,1909-11-06
994,Winny,Dowski,Winny.Dowski@yopmail.com,1939-01-31
995,Dulcinea,Harl,Dulcinea.Harl@yopmail.com,2015-04-27
996,Misha,Edison,Misha.Edison@yopmail.com,1948-11-27
997,Viki,Gabrielli,Viki.Gabrielli@yopmail.com,2004-12-28
998,Veda,Japeth,Veda.Japeth@yopmail.com,1979-05-01
999,Claudina,Pip,Claudina.Pip@yopmail.com,1950-05-04
1000,Andree,Adamsen,Andree.Adamsen@yopmail.com,1900-03-28
1001,Linzy,Rustice,Linzy.Rustice@yopmail.com,1964-06-01
1002,Florencia,Suzetta,Florencia.Suzetta@yopmail.com,1989-02-23
1003,Verla,Hanshaw,Verla.Hanshaw@yopmail.com,1968-06-29
1004,Harmonia,Magnolia,Harmonia.Magnolia@yopmail.com,1929-07-31
1005,Chere,Voletta,Chere.Voletta@yopmail.com,1914-08-12
1006,Merry,Naashom,Merry.Naashom@yopmail.com,1906-12-11
1007,Asia,Elbertina,Asia.Elbertina@yopmail.com,1914-05-18
1008,Misha,Honoria,Misha.Honoria@yopmail.com,1948-07-02
1009,Jere,Bury,Jere.Bury@yopmail.com,1928-04-26
1010,Oralee,Sheng,Oralee.Sheng@yopmail.com,2006-08-18
1011,Rhoda,Willie,Rhoda.Willie@yopmail.com,1914-05-18
1012,Elie,Toni,Elie.Toni@yopmail.com,1938-03-04
1013,Reeba,Carri,Reeba.Carri@yopmail.com,1920-06-07
1014,Rivalee,Ledah,Rivalee.Ledah@yopmail.com,1960-11-15
1015,Nataline,Tippets,Nataline.Tippets@yopmail.com,1904-12-30
1016,Tersina,Nore,Tersina.Nore@yopmail.com,1932-06-12
1017,Latisha,Faria,Latisha.Faria@yopmail.com,1915-05-26
1018,Lusa,Gaal,Lusa.Gaal@yopmail.com,1967-08-09
1019,Kristan,Tacye,Kristan.Tacye@yopmail.com,1949-07-18
1020,Luci,Capello,Luci.Capello@yopmail.com,1951-07-19
1021,Livvyy,Roscoe,Livvyy.Roscoe@yopmail.com,2008-10-18
1022,Rubie,Dermott,Rubie.Dermott@yopmail.com,1951-05-21
1023,Alie,Haymes,Alie.Haymes@yopmail.com,1994-01-30
1024,Caressa,Joli,Caressa.Joli@yopmail.com,1936-01-12
1025,Thalia,Glenden,Thalia.Glenden@yopmail.com,1912-04-25
1026,Inga,Harl,Inga.Harl@yopmail.com,1930-08-05
1027,Alex,Pozzy,Alex.Pozzy@yopmail.com,1914-05-21
1028,Wanda,Evangelia,Wanda.Evangelia@yopmail.com,1959-07-26
1029,Kamilah,Alarise,Kamilah.Alarise@yopmail.com,1934-07-13
1030,Cyndie,Allina,Cyndie.Allina@yopmail.com,1985-05-30
1031,Myrtice,Lareena,Myrtice.Lareena@yopmail.com,1964-08-11
1032,Alia,Hashim,Alia.Hashim@yopmail.com,1995-01-31
1033,Tami,August,Tami.August@yopmail.com,2015-06-16
1034,Fidelia,Sherrie,Fidelia.Sherrie@yopmail.com,1990-05-30
1035,Wilma,Mata,Wilma.Mata@yopmail.com,1917-06-17
1036,Glenda,Pyle,Glenda.Pyle@yopmail.com,2019-06-04
1037,Joeann,Zeeba,Joeann.Zeeba@yopmail.com,1998-03-12
1038,Rosaline,Jena,Rosaline.Jena@yopmail.com,1978-01-02
1039,Jackie,Selway,Jackie.Selway@yopmail.com,2015-04-03
1040,Selia,Ventre,Selia.Ventre@yopmail.com,1913-09-16
1041,Pollyanna,Muriel,Pollyanna.Muriel@yopmail.com,1947-07-12
1042,Charmaine,Aurelio,Charmaine.Aurelio@yopmail.com,1948-12-08
1043,Sophia,Ranjiv,Sophia.Ranjiv@yopmail.com,2013-09-12
1044,Alleen,Callista,Alleen.Callista@yopmail.com,1925-08-30
1045,Babita,Gale,Babita.Gale@yopmail.com,1969-06-18
1046,Lisette,Holbrook,Lisette.Holbrook@yopmail.com,1985-06-01
1047,Bernardine,Waite,Bernardine.Waite@yopmail.com,1924-01-03
1048,Yolane,Dannye,Yolane.Dannye@yopmail.com,1923-01-14
1049,Maud,Carmena,Maud.Carmena@yopmail.com,1916-06-02
1050,Gavrielle,Kylander,Gavrielle.Kylander@yopmail.com,1997-06-06
1051,Robinia,Naor,Robinia.Naor@yopmail.com,2016-06-24
1052,Annabela,Lubin,Annabela.Lubin@yopmail.com,2016-06-03
1053,Ada,Gower,Ada.Gower@yopmail.com,1959-02-07
1054,Adele,Odell,Adele.Odell@yopmail.com,1971-01-27
1055,Nariko,Kermit,Nariko.Kermit@yopmail.com,1902-08-13
1056,Vonny,Belanger,Vonny.Belanger@yopmail.com,2004-09-06
1057,Devina,Ackerley,Devina.Ackerley@yopmail.com,1954-03-26
1058,Grier,Zamora,Grier.Zamora@yopmail.com,1997-07-20
1059,Vonny,Angelis,Vonny.Angelis@yopmail.com,1921-11-26
1060,Lita,Loleta,Lita.Loleta@yopmail.com,1939-02-11
1061,Petronia,Seagraves,Petronia.Seagraves@yopmail.com,1997-01-01
1062,Raina,Cherianne,Raina.Cherianne@yopmail.com,1920-12-08
1063,Kayla,Rhu,Kayla.Rhu@yopmail.com,1911-08-04
1064,Brietta,Edee,Brietta.Edee@yopmail.com,1992-05-04
1065,Bettine,Brandice,Bettine.Brandice@yopmail.com,1994-03-19
1066,Shaine,Lewes,Shaine.Lewes@yopmail.com,1904-04-13
1067,Jsandye,Means,Jsandye.Means@yopmail.com,1977-08-20
1068,Lorne,Jefferey,Lorne.Jefferey@yopmail.com,1922-06-18
1069,Kayla,Germann,Kayla.Germann@yopmail.com,1977-06-24
1070,Eugine,Klotz,Eugine.Klotz@yopmail.com,1920-12-03
1071,Meriel,Calhoun,Meriel.Calhoun@yopmail.com,1922-11-22
1072,Vinita,Tryck,Vinita.Tryck@yopmail.com,2016-02-13
1073,Anthia,Chabot,Anthia.Chabot@yopmail.com,1986-12-19
1074,Briney,Magdalen,Briney.Magdalen@yopmail.com,1913-10-14
1075,Carmencita,Pond,Carmencita.Pond@yopmail.com,1984-02-29
1076,Melisent,Nerita,Melisent.Nerita@yopmail.com,2017-11-03
1077,Hope,McGrody,Hope.McGrody@yopmail.com,1985-12-10
1078,Sandie,Secrest,Sandie.Secrest@yopmail.com,1948-03-05
1079,Deane,Infield,Deane.Infield@yopmail.com,1954-07-07
1080,Elka,Hunfredo,Elka.Hunfredo@yopmail.com,2003-04-20
1081,Neila,Andrel,Neila.Andrel@yopmail.com,1967-09-17
1082,Konstance,Sperling,Konstance.Sperling@yopmail.com,2018-11-13
1083,Aurore,Amand,Aurore.Amand@yopmail.com,1916-01-19
1084,Dennie,Cherianne,Dennie.Cherianne@yopmail.com,1921-06-08
1085,Ida,Gower,Ida.Gower@yopmail.com,1993-03-09
1086,Hermione,Raimondo,Hermione.Raimondo@yopmail.com,1950-12-17
1087,Chloris,Garbe,Chloris.Garbe@yopmail.com,1981-05-30
1088,Randa,Stover,Randa.Stover@yopmail.com,1911-04-21
1089,Taffy,Sigfrid,Taffy.Sigfrid@yopmail.com,1934-03-07
1090,Dolli,Dunkin,Dolli.Dunkin@yopmail.com,1957-04-17
1091,Netty,Naor,Netty.Naor@yopmail.com,1929-07-29
1092,Bobbi,Nadia,Bobbi.Nadia@yopmail.com,1902-06-03
1093,Bernie,Thad,Bernie.Thad@yopmail.com,1951-04-23
1094,Sonni,Oriana,Sonni.Oriana@yopmail.com,1974-07-21
1095,Lanna,Holbrook,Lanna.Holbrook@yopmail.com,2017-09-20
1096,Clarice,Alfons,Clarice.Alfons@yopmail.com,2014-12-17
1097,Tonia,Jenness,Tonia.Jenness@yopmail.com,1934-12-03
1098,Angelique,Fiann,Angelique.Fiann@yopmail.com,1904-06-30
1099,Theodora,Pillsbury,Theodora.Pillsbury@yopmail.com,1934-01-04