id,firstname,lastname,email,Field Name
100,Eugine,Markman,Eugine.Markman@yopmail.com,1902-10-13
101,Myriam,Seligman,Myriam.Seligman@yopmail.com,1977-08-11
102,Calla,Latini,Calla.Latini@yopmail.com,1998-12-10
103,Etta,Turne,Etta.Turne@yopmail.com,1936-05-14
104,Vita,Cassius,Vita.Cassius@yopmail.com,1900-06-26
105,Carly,Belanger,Carly.Belanger@yopmail.com,1918-10-05
106,Mireielle,Jotham,Mireielle.Jotham@yopmail.com,2019-07-27
107,Lynde,Reinke,Lynde.Reinke@yopmail.com,2008-05-08
108,Neila,Hoenack,Neila.Hoenack@yopmail.com,1981-08-04
109,Loree,Carri,Loree.Carri@yopmail.com,1900-08-05
110,Valli,Selway,Valli.Selway@yopmail.com,2009-08-02
111,Dorene,Lowry,Dorene.Lowry@yopmail.com,1955-12-30
112,Aili,Hanshaw,Aili.Hanshaw@yopmail.com,1933-03-19
113,Rosanne,Thilda,Rosanne.Thilda@yopmail.com,1974-07-14
114,Hannis,Rodmann,Hannis.Rodmann@yopmail.com,2019-08-03
115,Kathy,Connelly,Kathy.Connelly@yopmail.com,1961-12-09
116,Correy,Hathaway,Correy.Hathaway@yopmail.com,1923-01-25
117,Julieta,Lacombe,Julieta.Lacombe@yopmail.com,2017-10-08
118,Lucy,Hessler,Lucy.Hessler@yopmail.com,2005-12-21
119,Clo,Tatianas,Clo.Tatianas@yopmail.com,1929-08-28
120,Katharina,Ball,Katharina.Ball@yopmail.com,1923-07-31
121,Talya,Fiester,Talya.Fiester@yopmail.com,1999-02-04
122,Robinia,Brieta,Robinia.Brieta@yopmail.com,1923-07-12
123,Verla,Olympium,Verla.Olympium@yopmail.com,1924-07-06
124,Katleen,Travax,Katleen.Travax@yopmail.com,1916-12-24
125,Bee,Wu,Bee.Wu@yopmail.com,1999-05-03
126,Edith,Hull,Edith.Hull@yopmail.com,1959-08-20
127,Lorie,Lesley,Lorie.Lesley@yopmail.com,2009-06-13
128,Dorice,Garlinda,Dorice.Garlinda@yopmail.com,1988-04-24
129,Laurene,Noelyn,Laurene.Noelyn@yopmail.com,1982-06-24
130,Alex,Taam,Alex.Taam@yopmail.com,1911-04-19
131,Alyda,Lewes,Alyda.Lewes@yopmail.com,1924-08-03
132,Noelle,Hutchison,Noelle.Hutchison@yopmail.com,1957-05-21
133,Louella,Felizio,Louella.Felizio@yopmail.com,1949-12-29
134,Merle,Juliet,Merle.Juliet@yopmail.com,1935-09-19
135,Lucy,Danby,Lucy.Danby@yopmail.com,1963-08-23
136,Kate,Bord,Kate.Bord@yopmail.com,1910-08-31
137,Minda,Garlinda,Minda.Garlinda@yopmail.com,1993-11-25
138,Ileana,Soneson,Ileana.Soneson@yopmail.com,1928-09-20
139,Danika,Rossner,Danika.Rossner@yopmail.com,1907-11-29
140,Rivalee,Mich,Rivalee.Mich@yopmail.com,2010-10-21
141,Esmeralda,Daveta,Esmeralda.Daveta@yopmail.com,1964-02-02
142,Donnie,Pelagias,Donnie.Pelagias@yopmail.com,1955-08-06
143,Jeanna,Harl,Jeanna.Harl@yopmail.com,1910-07-17
144,Kaia,Campball,Kaia.Campball@yopmail.com,1911-12-24
145,Annaliese,Felizio,Annaliese.Felizio@yopmail.com,2013-10-04
146,Frank,Elvyn,Frank.Elvyn@yopmail.com,1993-10-10
147,Tamqrah,Moseley,Tamqrah.Moseley@yopmail.com,1993-12-19
148,Johna,Rodmann,Johna.Rodmann@yopmail.com,2018-12-31
149,Katharina,Skurnik,Katharina.Skurnik@yopmail.com,1946-06-06
150,Elsie,Ajay,Elsie.Ajay@yopmail.com,1999-11-06
151,Glenda,Elo,Glenda.Elo@yopmail.com,1950-07-18
152,Leeanne,Rillings,Leeanne.Rillings@yopmail.com,1940-07-18
153,Janenna,Maisey,Janenna.Maisey@yopmail.com,1934-10-14
154,Gaylene,Hutchison,Gaylene.Hutchison@yopmail.com,1987-07-05
155,Elise,Krystle,Elise.Krystle@yopmail.com,1977-09-17
156,Alyssa,Tippets,Alyssa.Tippets@yopmail.com,1976-12-31
157,Justinn,Roche,Justinn.Roche@yopmail.com,1914-10-26
158,Cacilie,Borrell,Cacilie.Borrell@yopmail.com,1944-09-10
159,Ursulina,Chrystel,Ursulina.Chrystel@yopmail.com,1946-08-28
160,Nadine,Bow,Nadine.Bow@yopmail.com,1935-07-30
161,Blinni,Bord,Blinni.Bord@yopmail.com,1999-10-26
162,Hollie,Daniele,Hollie.Daniele@yopmail.com,1976-08-14
163,Alexine,Johnsson,Alexine.Johnsson@yopmail.com,1979-12-25
164,Sabina,Grimbly,Sabina.Grimbly@yopmail.com,1964-06-13
165,Aigneis,Frendel,Aigneis.Frendel@yopmail.com,2006-04-16
166,Caritta,Raama,Caritta.Raama@yopmail.com,1909-05-26
167,Willetta,Rheingold,Willetta.Rheingold@yopmail.com,1960-06-02
168,Lory,Odell,Lory.Odell@yopmail.com,1969-11-02
169,Siana,Alcott,Siana.Alcott@yopmail.com,1945-09-10
170,Tarra,Joseph,Tarra.Joseph@yopmail.com,1902-04-19
171,Tybie,Rosemary,Tybie.Rosemary@yopmail.com,2003-11-02
172,Phylis,Truc,Phylis.Truc@yopmail.com,1929-10-23
173,Penelopa,Pettiford,Penelopa.Pettiford@yopmail.com,1918-08-25
174,Chloris,Danby,Chloris.Danby@yopmail.com,1902-09-24
175,Oona,Levey,Oona.Levey@yopmail.com,2003-01-14
176,Jsandye,Kenney,Jsandye.Kenney@yopmail.com,2006-04-09
177,Tilly,Ries,Tilly.Ries@yopmail.com,1958-05-06
178,Cyb,Monk,Cyb.Monk@yopmail.com,1904-02-08
179,Jobi,Fitzsimmons,Jobi.Fitzsimmons@yopmail.com,1948-12-15
180,Jolyn,Ax,Jolyn.Ax@yopmail.com,2016-10-21
181,Kirbee,Allys,Kirbee.Allys@yopmail.com,1942-02-12
182,Carmela,Raychel,Carmela.Raychel@yopmail.com,1983-06-28
183,Johna,Concha,Johna.Concha@yopmail.com,1944-07-01
184,Phylis,Manolo,Phylis.Manolo@yopmail.com,1978-03-12
185,Marita,Madaih,Marita.Madaih@yopmail.com,1909-04-20
186,Kayla,Stacy,Kayla.Stacy@yopmail.com,1910-11-07
187,Corly,Garek,Corly.Garek@yopmail.com,1916-04-11
188,Cathie,Armanda,Cathie.Armanda@yopmail.com,1994-10-27
189,Philis,Charmine,Philis.Charmine@yopmail.com,2003-08-05
190,Eugine,Brotherson,Eugine.Brotherson@yopmail.com,1968-07-03
191,Felice,Durware,Felice.Durware@yopmail.com,1976-12-01
192,Dulcinea,Lory,Dulcinea.Lory@yopmail.com,1920-01-14
193,Adelle,Bonucci,Adelle.Bonucci@yopmail.com,2010-03-22
194,Codie,Bahr,Codie.Bahr@yopmail.com,1956-06-08
195,Augustine,Schroth,Augustine.Schroth@yopmail.com,1905-08-29
196,Aimil,Rossner,Aimil.Rossner@yopmail.com,1923-01-20
197,Lory,Raama,Lory.Raama@yopmail.com,1972-01-16
198,Vere,Means,Vere.Means@yopmail.com,1913-11-28
199,Kellen,Harl,Kellen.Harl@yopmail.com,1914-12-27
200,Barbi,Primalia,Barbi.Primalia@yopmail.com,1947-04-14
201,Anestassia,Pandolfi,Anestassia.Pandolfi@yopmail.com,1934-11-02
202,Florencia,Seagraves,Florencia.Seagraves@yopmail.com,2010-08-14
203,Esmeralda,Wooster,Esmeralda.Wooster@yopmail.com,1977-02-05
204,Shaylyn,Koziara,Shaylyn.Koziara@yopmail.com,1979-01-02
205,Talya,Madaih,Talya.Madaih@yopmail.com,1978-11-12
206,Marylou,Martguerita,Marylou.Martguerita@yopmail.com,1955-03-06
207,Feliza,Faust,Feliza.Faust@yopmail.com,2016-04-23
208,Kittie,Boycey,Kittie.Boycey@yopmail.com,1900-09-15
209,Betta,Rona,Betta.Rona@yopmail.com,2007-12-01
210,Vonny,Moina,Vonny.Moina@yopmail.com,2001-02-15
211,Emma,Flyn,Emma.Flyn@yopmail.com,1925-08-24
212,Mara,Ammann,Mara.Ammann@yopmail.com,2017-02-21
213,Roseline,Colleen,Roseline.Colleen@yopmail.com,1950-12-09
214,Gusty,Hebner,Gusty.Hebner@yopmail.com,1977-06-21
215,Barbi,Bettine,Barbi.Bettine@yopmail.com,2014-10-11
216,Willetta,Albertine,Willetta.Albertine@yopmail.com,1995-11-08
217,Katleen,Gert,Katleen.Gert@yopmail.com,1921-09-03
218,Marylou,Percy,Marylou.Percy@yopmail.com,1975-06-20
219,Kimmy,Zitvaa,Kimmy.Zitvaa@yopmail.com,1947-01-19
220,Emilia,Shelba,Emilia.Shelba@yopmail.com,1999-11-03
221,Gusty,Felecia,Gusty.Felecia@yopmail.com,1988-03-14
222,Clarice,Schlosser,Clarice.Schlosser@yopmail.com,1959-08-15
223,Hollie,Erich,Hollie.Erich@yopmail.com,2009-09-06
224,Blinni,Pitt,Blinni.Pitt@yopmail.com,1977-10-28
225,Brena,Cherianne,Brena.Cherianne@yopmail.com,1929-01-30
226,Correy,Meli,Correy.Meli@yopmail.com,1954-11-13
227,Netty,Evangelia,Netty.Evangelia@yopmail.com,1997-02-19
228,Jessy,Halla,Jessy.Halla@yopmail.com,1944-12-31
229,Shirlee,Horan,Shirlee.Horan@yopmail.com,2016-10-08
230,Katleen,Grosz,Katleen.Grosz@yopmail.com,1984-07-06
231,Aryn,Mich,Aryn.Mich@yopmail.com,1980-11-22
232,Tori,Artie,Tori.Artie@yopmail.com,1979-12-23
233,Brynna,Shanley,Brynna.Shanley@yopmail.com,1945-06-20
234,Shel,Radu,Shel.Radu@yopmail.com,1909-11-30
235,Therine,Tryck,Therine.Tryck@yopmail.com,1928-12-05
236,Andree,Fry,Andree.Fry@yopmail.com,1963-06-19
237,Marylou,Norvol,Marylou.Norvol@yopmail.com,1923-10-30
238,Celestyna,Hilbert,Celestyna.Hilbert@yopmail.com,1946-12-30
239,Ronna,Jerald,Ronna.Jerald@yopmail.com,1988-08-11
240,Tierney,Karna,Tierney.Karna@yopmail.com,1940-03-07
241,Gilligan,Moseley,Gilligan.Moseley@yopmail.com,1985-09-29
242,Emelina,Swigart,Emelina.Swigart@yopmail.com,1974-08-28
243,Lorne,Swanhildas,Lorne.Swanhildas@yopmail.com,1910-12-01
244,Ilse,Nelsen,Ilse.Nelsen@yopmail.com,1965-12-21
245,Loree,Gahl,Loree.Gahl@yopmail.com,2004-10-12
246,Desirae,Joli,Desirae.Joli@yopmail.com,1990-08-21
247,Charlena,Ummersen,Charlena.Ummersen@yopmail.com,1910-06-05
248,Ginnie,Thornburg,Ginnie.Thornburg@yopmail.com,2002-01-13
249,Cissiee,Joseph,Cissiee.Joseph@yopmail.com,1908-12-22
250,Gianina,Gaspard,Gianina.Gaspard@yopmail.com,1999-05-16
251,Dulcinea,Adamsen,Dulcinea.Adamsen@yopmail.com,1927-07-03
252,Raf,Tatianas,Raf.Tatianas@yopmail.com,1928-11-16
253,Emelina,Loring,Emelina.Loring@yopmail.com,1968-05-11
254,Annecorinne,Newell,Annecorinne.Newell@yopmail.com,1933-08-26
255,Imojean,Lipson,Imojean.Lipson@yopmail.com,1934-10-13
256,Elka,McNully,Elka.McNully@yopmail.com,1983-08-25
257,Agathe,Mike,Agathe.Mike@yopmail.com,1977-05-06
258,Emma,Douglass,Emma.Douglass@yopmail.com,1946-04-03
259,Roxane,Fleeta,Roxane.Fleeta@yopmail.com,1994-07-17
260,Kathi,Wareing,Kathi.Wareing@yopmail.com,2004-05-17
261,Damaris,Sinegold,Damaris.Sinegold@yopmail.com,1904-05-04
262,Hallie,Sammons,Hallie.Sammons@yopmail.com,1961-06-07
263,Talya,Kamaria,Talya.Kamaria@yopmail.com,1943-02-27
264,Peri,Brenn,Peri.Brenn@yopmail.com,1936-10-13
265,Yolane,Cosenza,Yolane.Cosenza@yopmail.com,1945-03-04
266,Bobbi,Linehan,Bobbi.Linehan@yopmail.com,1906-08-16
267,Ileana,Emanuel,Ileana.Emanuel@yopmail.com,1900-12-22
268,Madeleine,Wareing,Madeleine.Wareing@yopmail.com,1916-06-20
269,Patricia,Darian,Patricia.Darian@yopmail.com,1939-04-10
270,Roxane,Brian,Roxane.Brian@yopmail.com,1955-11-21
271,Maridel,Ariella,Maridel.Ariella@yopmail.com,1913-10-24
272,Marinna,Colbert,Marinna.Colbert@yopmail.com,1965-01-03
273,Vivia,Ursulette,Vivia.Ursulette@yopmail.com,1945-04-10
274,Verla,Juan,Verla.Juan@yopmail.com,1971-09-23
275,Carmencita,Hashim,Carmencita.Hashim@yopmail.com,1997-03-03
276,Tierney,Bevin,Tierney.Bevin@yopmail.com,2017-04-05
277,Oona,Leffen,Oona.Leffen@yopmail.com,1987-08-10
278,Gerrie,Schroth,Gerrie.Schroth@yopmail.com,1910-04-10
279,Patricia,Malina,Patricia.Malina@yopmail.com,1947-08-14
280,Barbara,Marcellus,Barbara.Marcellus@yopmail.com,1912-07-03
281,Tabbatha,Rheingold,Tabbatha.Rheingold@yopmail.com,1977-03-11
282,Lacie,Bobbee,Lacie.Bobbee@yopmail.com,2000-03-23
283,Clary,Couture,Clary.Couture@yopmail.com,1997-06-14
284,Penelopa,Anestassia,Penelopa.Anestassia@yopmail.com,1955-01-04
285,Ezmeralda,Azeria,Ezmeralda.Azeria@yopmail.com,1914-06-21
286,Mellicent,Poll,Mellicent.Poll@yopmail.com,1988-02-12
287,Alia,Oneida,Alia.Oneida@yopmail.com,1904-09-29
288,Darlleen,Dorothy,Darlleen.Dorothy@yopmail.com,1927-07-21
289,Paola,Ade,Paola.Ade@yopmail.com,1961-07-06
290,Benita,Alexandr,Benita.Alexandr@yopmail.com,1977-03-01
291,Paulita,Bettine,Paulita.Bettine@yopmail.com,1953-08-30
292,Cyb,Sallyann,Cyb.Sallyann@yopmail.com,2008-05-18
293,Demetris,Harday,Demetris.Harday@yopmail.com,1937-06-20
294,Hope,Riva,Hope.Riva@yopmail.com,1919-04-22
295,Konstance,Fiester,Konstance.Fiester@yopmail.com,1929-05-14
296,Celestyna,Tryck,Celestyna.Tryck@yopmail.com,1932-06-13
297,Ileana,Garbe,Ileana.Garbe@yopmail.com,1948-01-01
298,Zia,Bow,Zia.Bow@yopmail.com,1965-07-05
299,Feliza,Girardo,Feliza.Girardo@yopmail.com,1966-08-22
300,Nariko,Koziara,Nariko.Koziara@yopmail.com,1951-09-14
301,Caryl,Lareena,Caryl.Lareena@yopmail.com,1919-05-31
302,Joane,Kunin,Joane.Kunin@yopmail.com,1909-11-13
303,Feliza,Merat,Feliza.Merat@yopmail.com,1952-07-23
304,Cam,Felecia,Cam.Felecia@yopmail.com,1920-06-25
305,Paule,Urias,Paule.Urias@yopmail.com,1970-02-13
306,Ofilia,Tice,Ofilia.Tice@yopmail.com,1942-04-21
307,Rosene,Janene,Rosene.Janene@yopmail.com,2014-03-09
308,Damaris,Tiffa,Damaris.Tiffa@yopmail.com,1922-10-28
309,Leontine,Willie,Leontine.Willie@yopmail.com,1919-04-12
310,Gianina,Colp,Gianina.Colp@yopmail.com,1950-04-14
311,Latisha,Charmine,Latisha.Charmine@yopmail.com,2005-07-31
312,Roberta,Stephie,Roberta.Stephie@yopmail.com,1900-09-29
313,Blinni,Roche,Blinni.Roche@yopmail.com,1975-07-28
314,Lilith,Solitta,Lilith.Solitta@yopmail.com,1923-06-28
315,Aaren,Fadiman,Aaren.Fadiman@yopmail.com,1965-04-22
316,Kirbee,Jagir,Kirbee.Jagir@yopmail.com,1999-03-30
317,Nita,Lory,Nita.Lory@yopmail.com,1941-01-01
318,Pearline,Lowry,Pearline.Lowry@yopmail.com,1917-05-12
319,Giustina,Taam,Giustina.Taam@yopmail.com,2009-05-28
320,Ardeen,Sharl,Ardeen.Sharl@yopmail.com,2013-09-22
321,Carilyn,Lareena,Carilyn.Lareena@yopmail.com,1918-02-23
322,Dione,Erich,Dione.Erich@yopmail.com,1979-03-02
323,Melodie,Florina,Melodie.Florina@yopmail.com,1983-02-21
324,Shirlee,Evvie,Shirlee.Evvie@yopmail.com,1959-07-22
325,Larine,Kussell,Larine.Kussell@yopmail.com,1926-02-17
326,Kirbee,Munn,Kirbee.Munn@yopmail.com,1991-03-25
327,Shandie,Kat,Shandie.Kat@yopmail.com,1979-09-21
328,Marika,Millda,Marika.Millda@yopmail.com,2003-11-21
329,Dotty,Amethist,Dotty.Amethist@yopmail.com,2005-03-10
330,Ottilie,Timon,Ottilie.Timon@yopmail.com,1915-06-12
331,Annecorinne,Lalitta,Annecorinne.Lalitta@yopmail.com,1929-03-22
332,Shandie,Erich,Shandie.Erich@yopmail.com,2000-02-12
333,Ernesta,Codding,Ernesta.Codding@yopmail.com,1984-03-18
334,Kate,Rubie,Kate.Rubie@yopmail.com,1968-05-16
335,Ayn,Joli,Ayn.Joli@yopmail.com,2011-04-11
336,Daphne,Trace,Daphne.Trace@yopmail.com,1979-02-27
337,Melina,Greyson,Melina.Greyson@yopmail.com,2011-07-07
338,Ada,Laverne,Ada.Laverne@yopmail.com,1967-10-27
339,Rhea,Brieta,Rhea.Brieta@yopmail.com,1972-08-18
340,Leona,Aurelio,Leona.Aurelio@yopmail.com,2003-12-11
341,Susan,Rhu,Susan.Rhu@yopmail.com,1967-06-09
342,Mathilda,Constancy,Mathilda.Constancy@yopmail.com,1999-03-23
343,Kirbee,Wadell,Kirbee.Wadell@yopmail.com,1904-07-23
344,Yvonne,Cosenza,Yvonne.Cosenza@yopmail.com,1935-03-16
345,Addia,Munn,Addia.Munn@yopmail.com,1945-12-11
346,Coral,Georgy,Coral.Georgy@yopmail.com,2016-12-16
347,Georgina,Hollingsworth,Georgina.Hollingsworth@yopmail.com,1908-09-22
348,Ofilia,Ardra,Ofilia.Ardra@yopmail.com,1904-05-19
349,Mamie,Zitvaa,Mamie.Zitvaa@yopmail.com,2018-07-23
350,Sallie,Malvino,Sallie.Malvino@yopmail.com,2014-09-08
351,Vonny,Tiffa,Vonny.Tiffa@yopmail.com,1911-05-15
352,Angelique,Nadia,Angelique.Nadia@yopmail.com,1929-08-14
353,Lynea,Madelene,Lynea.Madelene@yopmail.com,1991-03-31
354,Jillayne,Maples,Jillayne.Maples@yopmail.com,1952-02-08
355,Benita,Truc,Benita.Truc@yopmail.com,1952-07-08
356,Dorthy,Aida,Dorthy.Aida@yopmail.com,1967-01-23
357,Annora,Pond,Annora.Pond@yopmail.com,1952-07-02
358,Amalie,Strephon,Amalie.Strephon@yopmail.com,1964-03-16
359,Trixi,Montgomery,Trixi.Montgomery@yopmail.com,2005-09-15
360,Rubie,Morgun,Rubie.Morgun@yopmail.com,2009-10-10
361,Roberta,Vins,Roberta.Vins@yopmail.com,1914-01-28
362,Inga,Stuart,Inga.Stuart@yopmail.com,1911-11-26
363,Tamqrah,Winthorpe,Tamqrah.Winthorpe@yopmail.com,1943-08-25
364,Marti,Sharl,Marti.Sharl@yopmail.com,1995-12-05
365,Ezmeralda,Brandice,Ezmeralda.Brandice@yopmail.com,1999-04-27
366,Asia,Larochelle,Asia.Larochelle@yopmail.com,1927-04-20
367,Viviene,Mata,Viviene.Mata@yopmail.com,1964-07-16
368,Gianina,Berne,Gianina.Berne@yopmail.com,2016-12-31
369,Randa,Alexandr,Randa.Alexandr@yopmail.com,1997-04-17
370,Sean,Ilka,Sean.Ilka@yopmail.com,1937-03-05
371,Valeda,Bettine,Valeda.Bettine@yopmail.com,1980-01-23
372,Alleen,Cordi,Alleen.Cordi@yopmail.com,1983-10-15
373,Tiffie,Zachary,Tiffie.Zachary@yopmail.com,1919-01-29
374,Andree,Avi,Andree.Avi@yopmail.com,2001-01-14
375,Kittie,Allare,Kittie.Allare@yopmail.com,1966-01-29
376,Morganica,Afton,Morganica.Afton@yopmail.com,1907-05-03
377,Mariele,Stacy,Mariele.Stacy@yopmail.com,1990-08-12
378,Allis,Darian,Allis.Darian@yopmail.com,1940-11-18
379,Dorice,Arne,Dorice.Arne@yopmail.com,1906-05-02
380,Marita,Tristram,Marita.Tristram@yopmail.com,1990-01-14
381,Clary,Taima,Clary.Taima@yopmail.com,1957-02-04
382,Gretal,Pauly,Gretal.Pauly@yopmail.com,1952-10-17
383,Alie,Ezar,Alie.Ezar@yopmail.com,1933-01-01
384,Ana,Rogerio,Ana.Rogerio@yopmail.com,1956-09-08
385,Marti,Voletta,Marti.Voletta@yopmail.com,1905-09-06
386,Aimil,Kaja,Aimil.Kaja@yopmail.com,1998-02-12
387,Claresta,Girardo,Claresta.Girardo@yopmail.com,1938-09-26
388,Rosaline,Fleeta,Rosaline.Fleeta@yopmail.com,1930-09-18
389,Angelique,Liva,Angelique.Liva@yopmail.com,1995-08-25
390,Henriette,Beebe,Henriette.Beebe@yopmail.com,1917-05-27
391,Ruthe,Mendez,Ruthe.Mendez@yopmail.com,1998-09-13
392,Basia,Rustice,Basia.Rustice@yopmail.com,1992-11-16
393,Lizzie,Mich,Lizzie.Mich@yopmail.com,1983-02-26
394,Jere,Romelda,Jere.Romelda@yopmail.com,2004-04-21
395,Roberta,Annabella,Roberta.Annabella@yopmail.com,1940-07-18
396,Giustina,Tillford,Giustina.Tillford@yopmail.com,2005-02-16
397,Miquela,Kiersten,Miquela.Kiersten@yopmail.com,1912-06-25
398,Lusa,Berard,Lusa.Berard@yopmail.com,2013-06-06
399,Clarice,Barbey,Clarice.Barbey@yopmail.com,1910-10-04
400,Aili,MacIntosh,Aili.MacIntosh@yopmail.com,1929-09-10
401,Yetty,Donell,Yetty.Donell@yopmail.com,1985-07-16
402,Alleen,Madelene,Alleen.Madelene@yopmail.com,1995-02-08
403,Cristine,Valerio,Cristine.Valerio@yopmail.com,1989-10-27
404,Ann-Marie,Dom,Ann-Marie.Dom@yopmail.com,1908-02-02
405,Dale,Torray,Dale.Torray@yopmail.com,1985-08-29
406,Sallie,Leopold,Sallie.Leopold@yopmail.com,1993-04-12
407,Celisse,Soneson,Celisse.Soneson@yopmail.com,1904-02-10
408,Sara-Ann,Kiyoshi,Sara-Ann.Kiyoshi@yopmail.com,1961-09-09
409,Glynnis,Winthorpe,Glynnis.Winthorpe@yopmail.com,1902-11-18
410,Sadie,Blisse,Sadie.Blisse@yopmail.com,1986-03-20
411,Starla,Philoo,Starla.Philoo@yopmail.com,1958-10-07
412,Basia,Kesley,Basia.Kesley@yopmail.com,1957-06-06
413,Carmencita,Nunci,Carmencita.Nunci@yopmail.com,1931-03-03
414,Odessa,Dichy,Odessa.Dichy@yopmail.com,1934-03-21
415,Tina,Gahl,Tina.Gahl@yopmail.com,1931-11-14
416,Tiffie,Mitzi,Tiffie.Mitzi@yopmail.com,1989-05-02
417,Charissa,Leopold,Charissa.Leopold@yopmail.com,1918-11-02
418,Celisse,Fulmer,Celisse.Fulmer@yopmail.com,1949-05-08
419,Sissy,Romelda,Sissy.Romelda@yopmail.com,1978-04-04
420,Sashenka,Croix,Sashenka.Croix@yopmail.com,1904-09-11
421,Lesly,Cleo,Lesly.Cleo@yopmail.com,1952-11-16
422,Marnia,Hachmin,Marnia.Hachmin@yopmail.com,1928-02-26
423,Karolina,Elvyn,Karolina.Elvyn@yopmail.com,2005-08-19
424,Bertine,Chapland,Bertine.Chapland@yopmail.com,1912-12-30
425,Annice,Kolnick,Annice.Kolnick@yopmail.com,1985-05-07
426,Annecorinne,Matthew,Annecorinne.Matthew@yopmail.com,1974-06-29
427,Dari,Holtz,Dari.Holtz@yopmail.com,1912-09-23
428,Cecile,Adlare,Cecile.Adlare@yopmail.com,1963-01-09
429,Elsie,Carolin,Elsie.Carolin@yopmail.com,1922-08-04
430,Xylina,Dunkin,Xylina.Dunkin@yopmail.com,1982-08-24
431,Marguerite,Zamora,Marguerite.Zamora@yopmail.com,1962-05-21
432,Kate,Allina,Kate.Allina@yopmail.com,1935-07-03
433,Olivette,Dorothy,Olivette.Dorothy@yopmail.com,2008-05-31
434,Elise,Jacobah,Elise.Jacobah@yopmail.com,1971-10-11
435,Anallese,Merat,Anallese.Merat@yopmail.com,1934-04-22
436,Christy,Thema,Christy.Thema@yopmail.com,2000-04-20
437,Chastity,Telfer,Chastity.Telfer@yopmail.com,1989-06-19
438,Marguerite,Darian,Marguerite.Darian@yopmail.com,1961-09-09
439,Heida,Dermott,Heida.Dermott@yopmail.com,1946-04-16
440,Alameda,Raama,Alameda.Raama@yopmail.com,1986-05-11
441,Janis,Berriman,Janis.Berriman@yopmail.com,1980-01-14
442,Molli,Glenden,Molli.Glenden@yopmail.com,1980-08-08
443,Melodie,Horan,Melodie.Horan@yopmail.com,1907-01-19
444,Jere,Buffum,Jere.Buffum@yopmail.com,1956-04-16
445,Therine,Hilbert,Therine.Hilbert@yopmail.com,1954-10-07
446,Jordan,Bashemeth,Jordan.Bashemeth@yopmail.com,1981-03-16
447,Shauna,Ephrem,Shauna.Ephrem@yopmail.com,1966-03-29
448,Susan,Chaing,Susan.Chaing@yopmail.com,2000-08-20
449,Kimberley,Ephrem,Kimberley.Ephrem@yopmail.com,2008-09-02
450,Heddie,Carleen,Heddie.Carleen@yopmail.com,1976-03-02
451,Tonia,Ricki,Tonia.Ricki@yopmail.com,1919-04-04
452,Shannah,Montgomery,Shannah.Montgomery@yopmail.com,1918-06-20
453,Caritta,Blake,Caritta.Blake@yopmail.com,1966-05-25
454,Daune,Edison,Daune.Edison@yopmail.com,1908-08-18
455,Robinia,Bethany,Robinia.Bethany@yopmail.com,1974-08-02
456,Maridel,Lasley,Maridel.Lasley@yopmail.com,1910-11-01
457,Priscilla,Hebner,Priscilla.Hebner@yopmail.com,1962-08-03
458,Sheelagh,Mitzi,Sheelagh.Mitzi@yopmail.com,1949-03-02
459,Kimmy,Toffic,Kimmy.Toffic@yopmail.com,1913-07-15
460,Rebeca,Bendick,Rebeca.Bendick@yopmail.com,1995-04-27
461,Elena,Bultman,Elena.Bultman@yopmail.com,1978-05-19
462,Elka,Dannye,Elka.Dannye@yopmail.com,1928-02-02
463,Beverley,Gherardo,Beverley.Gherardo@yopmail.com,1948-05-13
464,Trixi,Gahl,Trixi.Gahl@yopmail.com,2001-03-24
465,Katuscha,Oster,Katuscha.Oster@yopmail.com,1950-06-11
466,Susan,Daveta,Susan.Daveta@yopmail.com,1978-01-26
467,Concettina,Naor,Concettina.Naor@yopmail.com,1905-03-24
468,Minne,Terrence,Minne.Terrence@yopmail.com,1911-12-19
469,Basia,Bertold,Basia.Bertold@yopmail.com,1921-04-06
470,Sallie,Armanda,Sallie.Armanda@yopmail.com,2005-11-08
471,Theodora,Stelle,Theodora.Stelle@yopmail.com,2007-08-28
472,Ricky,Klotz,Ricky.Klotz@yopmail.com,1921-03-03
473,Ketti,Cadmar,Ketti.Cadmar@yopmail.com,1905-11-11
474,Marleah,Franza,Marleah.Franza@yopmail.com,1915-02-05
475,Ada,Anis,Ada.Anis@yopmail.com,1914-01-06
476,Brietta,Naashom,Brietta.Naashom@yopmail.com,2005-03-26
477,Rebeca,Morehouse,Rebeca.Morehouse@yopmail.com,2003-12-21
478,Ernesta,Estella,Ernesta.Estella@yopmail.com,1900-12-11
479,Carilyn,Graig,Carilyn.Graig@yopmail.com,1919-01-12
480,Britni,Hamil,Britni.Hamil@yopmail.com,1974-03-11
481,Rhoda,Giff,Rhoda.Giff@yopmail.com,1972-04-15
482,Marinna,Stanwood,Marinna.Stanwood@yopmail.com,1939-10-10
483,Tina,Posner,Tina.Posner@yopmail.com,1933-06-05
484,Alyssa,Eben,Alyssa.Eben@yopmail.com,1975-01-15
485,Clo,Sandye,Clo.Sandye@yopmail.com,1948-06-02
486,Jemie,Ursulette,Jemie.Ursulette@yopmail.com,1971-05-05
487,Dari,Erich,Dari.Erich@yopmail.com,1954-11-24
488,Fayre,Maxi,Fayre.Maxi@yopmail.com,1968-07-26
489,Ann-Marie,Campball,Ann-Marie.Campball@yopmail.com,1964-08-11
490,Marcy,Chaing,Marcy.Chaing@yopmail.com,1948-11-15
491,Angela,Cosenza,Angela.Cosenza@yopmail.com,2014-05-05
492,Zaria,Vanni,Zaria.Vanni@yopmail.com,2003-11-10
493,Halette,Orlene,Halette.Orlene@yopmail.com,1921-01-18
494,Jere,Anis,Jere.Anis@yopmail.com,1998-11-30
495,Beverley,Rillings,Beverley.Rillings@yopmail.com,1974-04-09
496,Adriana,Aloise,Adriana.Aloise@yopmail.com,1904-04-18
497,Lacie,Woodberry,Lacie.Woodberry@yopmail.com,1972-05-24
498,Dotty,Sammons,Dotty.Sammons@yopmail.com,1992-09-04
499,Flory,Argus,Flory.Argus@yopmail.com,1949-06-16
500,Marcelline,Roscoe,Marcelline.Roscoe@yopmail.com,1990-05-14
501,Jan,Lutero,Jan.Lutero@yopmail.com,1967-03-05
502,Antonietta,Narton,Antonietta.Narton@yopmail.com,1947-03-30
503,Sara-Ann,Arvo,Sara-Ann.Arvo@yopmail.com,1906-08-13
504,Sara-Ann,O'Rourke,Sara-Ann.O'Rourke@yopmail.com,2019-02-25
505,Kathi,Doig,Kathi.Doig@yopmail.com,1907-08-02
506,Nollie,Trey,Nollie.Trey@yopmail.com,1944-10-01
507,Adelle,Wooster,Adelle.Wooster@yopmail.com,1927-04-13
508,Paule,Euridice,Paule.Euridice@yopmail.com,1927-02-06
509,Norine,Han,Norine.Han@yopmail.com,1951-09-23
510,Dagmar,Halla,Dagmar.Halla@yopmail.com,1932-03-17
511,Janis,Ashely,Janis.Ashely@yopmail.com,1939-09-08
512,Carilyn,Strephon,Carilyn.Strephon@yopmail.com,1946-06-30
513,Cecile,Dyche,Cecile.Dyche@yopmail.com,1986-12-04
514,Berta,Howlyn,Berta.Howlyn@yopmail.com,1926-01-25
515,Annora,Carbo,Annora.Carbo@yopmail.com,1985-10-31
516,Chrystel,Stav,Chrystel.Stav@yopmail.com,1936-02-29
517,Lita,Wenda,Lita.Wenda@yopmail.com,1914-01-24
518,Joy,McClimans,Joy.McClimans@yopmail.com,1938-03-08
519,Leia,Hessler,Leia.Hessler@yopmail.com,1946-02-23
520,Felice,MacIntosh,Felice.MacIntosh@yopmail.com,1953-02-17
521,Jinny,Sidonius,Jinny.Sidonius@yopmail.com,1990-09-18
522,Ulrike,Gaulin,Ulrike.Gaulin@yopmail.com,1910-04-12
523,Mireielle,Lilybelle,Mireielle.Lilybelle@yopmail.com,1998-11-07
524,Emmey,Nunci,Emmey.Nunci@yopmail.com,1928-04-14
525,Anthia,Carbo,Anthia.Carbo@yopmail.com,1960-06-11
526,Georgina,Shama,Georgina.Shama@yopmail.com,1972-05-03
527,Rebeca,Konyn,Rebeca.Konyn@yopmail.com,1941-01-11
528,Roz,Alarise,Roz.Alarise@yopmail.com,2000-09-22
529,Sashenka,Craggie,Sashenka.Craggie@yopmail.com,2003-10-01
530,Jenda,Frodi,Jenda.Frodi@yopmail.com,1942-10-26
531,Dotty,Judye,Dotty.Judye@yopmail.com,1948-02-19
532,Rochette,Tound,Rochette.Tound@yopmail.com,1907-01-24
533,Kirbee,Abbot,Kirbee.Abbot@yopmail.com,1915-07-25
534,Ashlee,Bates,Ashlee.Bates@yopmail.com,1995-09-06
535,Corene,Jotham,Corene.Jotham@yopmail.com,1948-06-27
536,Henriette,Tillford,Henriette.Tillford@yopmail.com,1907-02-11
537,Viviene,Cloris,Viviene.Cloris@yopmail.com,1927-11-26
538,Abbie,Lowry,Abbie.Lowry@yopmail.com,1990-07-25
539,Ida,Madelene,Ida.Madelene@yopmail.com,1934-10-23
540,Leanna,Rocray,Leanna.Rocray@yopmail.com,1968-03-13
541,Ermengarde,Modie,Ermengarde.Modie@yopmail.com,1956-09-29
542,Chastity,Old,Chastity.Old@yopmail.com,1961-09-30
543,Leanna,Teryn,Leanna.Teryn@yopmail.com,1927-03-11
544,Zaria,Marijo,Zaria.Marijo@yopmail.com,2011-02-07
545,Trixi,Michella,Trixi.Michella@yopmail.com,2012-02-23
546,Lynde,Sholley,Lynde.Sholley@yopmail.com,2011-08-01
547,Hannis,Cutlerr,Hannis.Cutlerr@yopmail.com,1919-01-09
548,Emylee,Neva,Emylee.Neva@yopmail.com,1981-09-22
549,Bobinette,Tryck,Bobinette.Tryck@yopmail.com,1937-06-20
550,Cacilie,Urias,Cacilie.Urias@yopmail.com,1999-09-14
551,Minne,Grayce,Minne.Grayce@yopmail.com,1933-09-18
552,Kirbee,Beebe,Kirbee.Beebe@yopmail.com,1997-11-19
553,Roslyn,Sacken,Roslyn.Sacken@yopmail.com,1907-09-10
554,Ronna,Ventre,Ronna.Ventre@yopmail.com,1906-08-07
555,Johna,Rhu,Johna.Rhu@yopmail.com,1999-08-01
556,Misha,Horan,Misha.Horan@yopmail.com,2007-09-15
557,Jordan,Thomasina,Jordan.Thomasina@yopmail.com,1913-06-07
558,Layla,Knowling,Layla.Knowling@yopmail.com,1938-06-10
559,Mariann,Mozelle,Mariann.Mozelle@yopmail.com,1931-04-22
560,Annecorinne,Ciapas,Annecorinne.Ciapas@yopmail.com,1953-01-22
561,Alyssa,Rosette,Alyssa.Rosette@yopmail.com,2011-02-07
562,Justinn,Madaih,Justinn.Madaih@yopmail.com,1951-05-26
563,Merle,Phi,Merle.Phi@yopmail.com,2014-07-26
564,Bibby,Nickola,Bibby.Nickola@yopmail.com,1903-04-27
565,Ethel,Lewes,Ethel.Lewes@yopmail.com,1961-04-01
566,Merci,Ajay,Merci.Ajay@yopmail.com,2012-07-10
567,Cam,Ilka,Cam.Ilka@yopmail.com,1914-10-25
568,Mathilda,Chobot,Mathilda.Chobot@yopmail.com,1952-03-11
569,Christal,Voletta,Christal.Voletta@yopmail.com,1998-12-12
570,Bee,Bennie,Bee.Bennie@yopmail.com,1944-07-05
571,Paola,Estella,Paola.Estella@yopmail.com,1995-04-13
572,Malina,Valoniah,Malina.Valoniah@yopmail.com,1957-06-26
573,Trixi,O'Carroll,Trixi.O'Carroll@yopmail.com,2019-05-23
574,Dale,Gaulin,Dale.Gaulin@yopmail.com,1932-01-26
575,Louella,Lumbard,Louella.Lumbard@yopmail.com,1916-05-13
576,Joy,Ferino,Joy.Ferino@yopmail.com,1908-01-12
577,Wanda,Berl,Wanda.Berl@yopmail.com,1943-02-24
578,Rebeca,Lane,Rebeca.Lane@yopmail.com,1971-05-11
579,Averyl,Fitzsimmons,Averyl.Fitzsimmons@yopmail.com,1943-04-21
580,Hope,Oriana,Hope.Oriana@yopmail.com,2000-06-21
581,Belva,Korey,Belva.Korey@yopmail.com,2003-07-09
582,Mallory,Bluh,Mallory.Bluh@yopmail.com,1981-12-24
583,Agnese,Maiah,Agnese.Maiah@yopmail.com,1967-08-03
584,Hettie,Jotham,Hettie.Jotham@yopmail.com,1911-08-13
585,Beatriz,Tamar,Beatriz.Tamar@yopmail.com,1905-12-14
586,Winny,Infield,Winny.Infield@yopmail.com,1972-12-23
587,Donetta,Fosque,Donetta.Fosque@yopmail.com,1909-01-05
588,Isa,Louanna,Isa.Louanna@yopmail.com,1989-10-31
589,Veda,Keelia,Veda.Keelia@yopmail.com,1962-02-26
590,Trixi,Fleeta,Trixi.Fleeta@yopmail.com,1930-09-03
591,Jessy,Keelia,Jessy.Keelia@yopmail.com,1980-10-16
592,Nerta,Ulphia,Nerta.Ulphia@yopmail.com,1965-10-02
593,Rani,Tybald,Rani.Tybald@yopmail.com,1979-10-25
594,Edyth,Weaks,Edyth.Weaks@yopmail.com,1917-08-05
595,Cristine,Lumbard,Cristine.Lumbard@yopmail.com,1971-10-11
596,Genevra,Ardeha,Genevra.Ardeha@yopmail.com,1917-05-19
597,Frances,Fiester,Frances.Fiester@yopmail.com,2014-09-01
598,Chrystel,Pond,Chrystel.Pond@yopmail.com,1904-01-09
599,Dennie,Toor,Dennie.Toor@yopmail.com,1961-04-16
600,Katleen,Campball,Katleen.Campball@yopmail.com,1918-03-21
601,Shannah,Berl,Shannah.Berl@yopmail.com,1917-12-12
602,Nickie,Rogerio,Nickie.Rogerio@yopmail.com,1923-05-17
603,Pierette,Fleeta,Pierette.Fleeta@yopmail.com,1946-05-07
604,Ketti,Helve,Ketti.Helve@yopmail.com,1953-09-19
605,Layla,Grayce,Layla.Grayce@yopmail.com,1928-04-05
606,Adele,Masao,Adele.Masao@yopmail.com,1903-02-22
607,Ronna,Alisia,Ronna.Alisia@yopmail.com,2004-09-22
608,Roslyn,Hermes,Roslyn.Hermes@yopmail.com,1940-07-18
609,Reeba,Capello,Reeba.Capello@yopmail.com,1904-06-30
610,Yetty,Natica,Yetty.Natica@yopmail.com,1907-06-15
611,Vanessa,Hanshaw,Vanessa.Hanshaw@yopmail.com,1960-03-01
612,Leeanne,Dosia,Leeanne.Dosia@yopmail.com,1923-02-26
613,Bobinette,Mallon,Bobinette.Mallon@yopmail.com,1948-09-08
614,Kirstin,Riva,Kirstin.Riva@yopmail.com,1908-03-13
615,Romona,Wind,Romona.Wind@yopmail.com,1919-06-25
616,Madalyn,Bennie,Madalyn.Bennie@yopmail.com,2014-11-20
617,Emelina,Dorine,Emelina.Dorine@yopmail.com,1967-03-09
618,Esmeralda,Delacourt,Esmeralda.Delacourt@yopmail.com,1978-08-29
619,Julieta,Hedve,Julieta.Hedve@yopmail.com,1926-08-02
620,Shell,Standing,Shell.Standing@yopmail.com,1967-10-04
621,Jsandye,Elsinore,Jsandye.Elsinore@yopmail.com,1955-02-22
622,Blondelle,Bergman,Blondelle.Bergman@yopmail.com,1965-12-01
623,Gwenneth,Whittaker,Gwenneth.Whittaker@yopmail.com,1963-02-08
624,Petronia,Aprile,Petronia.Aprile@yopmail.com,1982-10-21
625,Rochette,Croix,Rochette.Croix@yopmail.com,1988-08-28
626,Marika,Adlare,Marika.Adlare@yopmail.com,2006-03-14
627,Alameda,Mehalek,Alameda.Mehalek@yopmail.com,1927-08-14
628,Cathyleen,Redmond,Cathyleen.Redmond@yopmail.com,1903-03-10
629,Karly,Sherrie,Karly.Sherrie@yopmail.com,1946-08-27
630,Hermione,Bendick,Hermione.Bendick@yopmail.com,1954-07-30
631,Ursulina,Malina,Ursulina.Malina@yopmail.com,1952-02-05
632,Allis,Gaulin,Allis.Gaulin@yopmail.com,1931-04-22
633,Romona,Means,Romona.Means@yopmail.com,1970-09-27
634,Ekaterina,Nunci,Ekaterina.Nunci@yopmail.com,1960-11-15
635,Winny,Jaylene,Winny.Jaylene@yopmail.com,1948-02-12
636,Edith,Camden,Edith.Camden@yopmail.com,1907-01-04
637,Chickie,Bates,Chickie.Bates@yopmail.com,1927-12-28
638,Rubie,Bahr,Rubie.Bahr@yopmail.com,1911-08-22
639,Kirstin,Roscoe,Kirstin.Roscoe@yopmail.com,1930-10-14
640,Xylina,Stefa,Xylina.Stefa@yopmail.com,1968-08-01
641,Veda,Kauppi,Veda.Kauppi@yopmail.com,1903-11-20
642,Corina,Huggins,Corina.Huggins@yopmail.com,1938-10-04
643,Farrah,Abbot,Farrah.Abbot@yopmail.com,2005-01-11
644,Gale,Kauppi,Gale.Kauppi@yopmail.com,1929-07-21
645,Sue,Lilybelle,Sue.Lilybelle@yopmail.com,1904-09-15
646,Harrietta,Valerio,Harrietta.Valerio@yopmail.com,1907-11-09
647,Lila,Obed,Lila.Obed@yopmail.com,2016-09-01
648,Rhea,Jobi,Rhea.Jobi@yopmail.com,1995-08-14
649,Cyb,Bari,Cyb.Bari@yopmail.com,1929-05-02
650,Vere,Genna,Vere.Genna@yopmail.com,1986-01-13
651,Brianna,Ursulette,Brianna.Ursulette@yopmail.com,1909-11-15
652,Letizia,Tufts,Letizia.Tufts@yopmail.com,1944-10-09
653,Amelia,Mendez,Amelia.Mendez@yopmail.com,2002-10-10
654,Elie,Tatianas,Elie.Tatianas@yopmail.com,1984-08-01
655,Bertine,Pandolfi,Bertine.Pandolfi@yopmail.com,1928-06-30
656,Estell,Alcott,Estell.Alcott@yopmail.com,1961-10-28
657,Gabriellia,Noelyn,Gabriellia.Noelyn@yopmail.com,1999-05-18
658,Sonni,Brotherson,Sonni.Brotherson@yopmail.com,1966-12-03
659,Gloria,Eldrid,Gloria.Eldrid@yopmail.com,1902-07-26
660,Fayre,Tremayne,Fayre.Tremayne@yopmail.com,1987-08-05
661,Sadie,Isidore,Sadie.Isidore@yopmail.com,1915-01-03
662,Lauryn,Delp,Lauryn.Delp@yopmail.com,1920-10-24
663,Letizia,Weinreb,Letizia.Weinreb@yopmail.com,1935-05-05
664,Sonni,Vale,Sonni.Vale@yopmail.com,1971-07-17
665,Tabbatha,Garrison,Tabbatha.Garrison@yopmail.com,1940-12-24
666,Theodora,Aldric,Theodora.Aldric@yopmail.com,2014-07-01
667,Glynnis,Even,Glynnis.Even@yopmail.com,1967-02-16
668,Hollie,Mendez,Hollie.Mendez@yopmail.com,1987-10-20
669,Lolita,Grosz,Lolita.Grosz@yopmail.com,1914-05-08
670,Emilia,Magnolia,Emilia.Magnolia@yopmail.com,1950-08-07
671,Claresta,Viddah,Claresta.Viddah@yopmail.com,1994-10-11
672,Jean,Reidar,Jean.Reidar@yopmail.com,1986-10-19
673,Eugine,Pettiford,Eugine.Pettiford@yopmail.com,1960-05-13
674,Latisha,Wilkinson,Latisha.Wilkinson@yopmail.com,2007-09-15
675,Courtnay,Jess,Courtnay.Jess@yopmail.com,1943-08-27
676,Fernande,Tatianas,Fernande.Tatianas@yopmail.com,1938-10-29
677,Berget,Vary,Berget.Vary@yopmail.com,1975-12-28
678,Amelia,Georgy,Amelia.Georgy@yopmail.com,1970-05-25
679,Rosaline,Toffic,Rosaline.Toffic@yopmail.com,2013-02-21
680,Alyssa,Burch,Alyssa.Burch@yopmail.com,2019-07-29
681,Jany,Reinke,Jany.Reinke@yopmail.com,1951-03-14
682,Sandie,Redmond,Sandie.Redmond@yopmail.com,2004-01-19
683,Aeriela,Peonir,Aeriela.Peonir@yopmail.com,1933-11-07
684,Kathy,Yorick,Kathy.Yorick@yopmail.com,2011-12-21
685,Noelle,Land,Noelle.Land@yopmail.com,1992-12-31
686,Karina,LaRue,Karina.LaRue@yopmail.com,1914-01-13
687,Hildegaard,Zetta,Hildegaard.Zetta@yopmail.com,1987-05-30
688,Lorenza,Irmine,Lorenza.Irmine@yopmail.com,1964-08-21
689,Merle,Behre,Merle.Behre@yopmail.com,1919-12-11
690,Cathyleen,Fancie,Cathyleen.Fancie@yopmail.com,1925-12-01
691,Jinny,Anselmi,Jinny.Anselmi@yopmail.com,1963-07-21
692,Kenna,Rosemary,Kenna.Rosemary@yopmail.com,1938-10-21
693,Rayna,Noman,Rayna.Noman@yopmail.com,1910-06-17
694,Maud,Pattin,Maud.Pattin@yopmail.com,1903-06-15
695,Deloria,Cutlerr,Deloria.Cutlerr@yopmail.com,2009-07-16
696,Paola,Izaak,Paola.Izaak@yopmail.com,1911-07-24
697,Adele,Roxanna,Adele.Roxanna@yopmail.com,1935-10-29
698,Mamie,Romelda,Mamie.Romelda@yopmail.com,1914-07-28
699,Nananne,Mata,Nananne.Mata@yopmail.com,2019-07-14
700,Elfreda,Moseley,Elfreda.Moseley@yopmail.com,1968-09-10
701,Viviene,Whiffen,Viviene.Whiffen@yopmail.com,2000-01-09
702,Livvyy,Stover,Livvyy.Stover@yopmail.com,1912-10-07
703,Meriel,Kirstin,Meriel.Kirstin@yopmail.com,1917-11-29
704,Antonietta,Magnolia,Antonietta.Magnolia@yopmail.com,2001-09-21
705,Camile,Isidore,Camile.Isidore@yopmail.com,1933-10-01
706,Lila,Gower,Lila.Gower@yopmail.com,1945-12-27
707,Chrystel,Sigfrid,Chrystel.Sigfrid@yopmail.com,1939-03-12
708,Gerrie,Goode,Gerrie.Goode@yopmail.com,1903-03-17
709,Rosene,Concha,Rosene.Concha@yopmail.com,1980-10-27
710,Nonnah,Tyson,Nonnah.Tyson@yopmail.com,1958-05-29
711,Nonnah,Holtz,Nonnah.Holtz@yopmail.com,1975-03-19
712,Jemie,Nicoline,Jemie.Nicoline@yopmail.com,1919-10-02
713,Glynnis,Lea,Glynnis.Lea@yopmail.com,1937-07-28
714,Gretal,Gino,Gretal.Gino@yopmail.com,2011-12-02
715,Kassey,Glenden,Kassey.Glenden@yopmail.com,2002-05-22
716,Goldie,Salvidor,Goldie.Salvidor@yopmail.com,1982-09-15
717,Kial,Fairweather,Kial.Fairweather@yopmail.com,1994-12-07
718,Mady,Vins,Mady.Vins@yopmail.com,1926-11-11
719,Shel,Gibbeon,Shel.Gibbeon@yopmail.com,1903-02-09
720,Vonny,Hathaway,Vonny.Hathaway@yopmail.com,1911-05-29
721,Jacenta,Strephon,Jacenta.Strephon@yopmail.com,1978-12-11
722,Juliane,Rurik,Juliane.Rurik@yopmail.com,1969-01-29
723,Karolina,Monk,Karolina.Monk@yopmail.com,1944-09-19
724,Delilah,Arathorn,Delilah.Arathorn@yopmail.com,1907-01-20
725,Merry,Tomasina,Merry.Tomasina@yopmail.com,1920-09-06
726,Sara-Ann,Kirbee,Sara-Ann.Kirbee@yopmail.com,1932-12-26
727,Leona,Ardra,Leona.Ardra@yopmail.com,2008-10-21
728,Tressa,Loleta,Tressa.Loleta@yopmail.com,1909-07-28
729,Ketti,Santoro,Ketti.Santoro@yopmail.com,1988-12-18
730,Diena,Alcott,Diena.Alcott@yopmail.com,2009-07-14
731,Mureil,Warthman,Mureil.Warthman@yopmail.com,1931-06-08
732,Marsiella,Braun,Marsiella.Braun@yopmail.com,1911-02-21
733,Georgetta,Tacye,Georgetta.Tacye@yopmail.com,1914-07-09
734,Jacquetta,Albertine,Jacquetta.Albertine@yopmail.com,1977-08-31
735,Margarette,Tillford,Margarette.Tillford@yopmail.com,1964-02-14
736,Lacie,Edison,Lacie.Edison@yopmail.com,1918-03-04
737,Ericka,Katrine,Ericka.Katrine@yopmail.com,1993-05-28
738,Marinna,Gamaliel,Marinna.Gamaliel@yopmail.com,1909-10-04
739,Kimmy,Hillel,Kimmy.Hillel@yopmail.com,1917-06-17
740,Ida,Zenas,Ida.Zenas@yopmail.com,1950-09-19
741,Romona,Hamil,Romona.Hamil@yopmail.com,1911-03-10
742,Trixi,Johanna,Trixi.Johanna@yopmail.com,1992-03-15
743,Ottilie,Slifka,Ottilie.Slifka@yopmail.com,1932-05-10
744,Nikki,Yate,Nikki.Yate@yopmail.com,1922-03-04
745,Carmencita,Joli,Carmencita.Joli@yopmail.com,1908-09-04
746,Dari,Bobbee,Dari.Bobbee@yopmail.com,1953-01-03
747,Tybie,Persse,Tybie.Persse@yopmail.com,1909-10-01
748,Louella,Kaete,Louella.Kaete@yopmail.com,1975-11-10
749,Collen,Schroth,Collen.Schroth@yopmail.com,1946-09-01
750,Kristan,Kaja,Kristan.Kaja@yopmail.com,1944-09-26
751,Gianina,Morgun,Gianina.Morgun@yopmail.com,2005-01-22
752,Shannah,Hachmin,Shannah.Hachmin@yopmail.com,2004-06-07
753,Arlena,Chobot,Arlena.Chobot@yopmail.com,1964-01-11
754,Malina,Buttaro,Malina.Buttaro@yopmail.com,1988-07-06
755,Madeleine,Tice,Madeleine.Tice@yopmail.com,1979-10-23
756,Rebeca,Baudin,Rebeca.Baudin@yopmail.com,1932-09-09
757,Eolanda,Hewitt,Eolanda.Hewitt@yopmail.com,1943-01-07
758,Tami,Faria,Tami.Faria@yopmail.com,1911-10-05
759,Mathilda,Jary,Mathilda.Jary@yopmail.com,2009-09-25
760,Kassey,Fadiman,Kassey.Fadiman@yopmail.com,2001-06-24
761,Ginnie,Joseph,Ginnie.Joseph@yopmail.com,1970-12-22
762,Silvana,Schenck,Silvana.Schenck@yopmail.com,1955-03-11
763,Nanete,Desai,Nanete.Desai@yopmail.com,1997-10-08
764,Deane,Bakerman,Deane.Bakerman@yopmail.com,1924-07-14
765,Shauna,Weaks,Shauna.Weaks@yopmail.com,1976-09-03
766,Roberta,Haerr,Roberta.Haerr@yopmail.com,1957-07-18
767,Marline,Cynar,Marline.Cynar@yopmail.com,2011-03-21
768,Randa,Gahl,Randa.Gahl@yopmail.com,2009-11-20
769,Gertrud,Ackerley,Gertrud.Ackerley@yopmail.com,1962-04-17
770,Ruthe,Posner,Ruthe.Posner@yopmail.com,2009-05-20
771,Lesly,Seligman,Lesly.Seligman@yopmail.com,2009-03-16
772,Amelia,Truc,Amelia.Truc@yopmail.com,1918-06-21
773,Ileana,Ortrude,Ileana.Ortrude@yopmail.com,2015-09-22
774,Ana,Phi,Ana.Phi@yopmail.com,1930-01-11
775,Heddie,Mallon,Heddie.Mallon@yopmail.com,1998-09-25
776,Camile,Francene,Camile.Francene@yopmail.com,1996-08-14
777,Basia,Diogenes,Basia.Diogenes@yopmail.com,1929-11-18
778,Maurene,Bronk,Maurene.Bronk@yopmail.com,1945-04-28
779,Fernande,Ariella,Fernande.Ariella@yopmail.com,1945-03-30
780,Annice,Harl,Annice.Harl@yopmail.com,2005-05-13
781,Lenna,Secrest,Lenna.Secrest@yopmail.com,1907-11-06
782,Elsie,McCutcheon,Elsie.McCutcheon@yopmail.com,1977-05-12
783,Queenie,Pernick,Queenie.Pernick@yopmail.com,1952-04-14
784,Millie,Flita,Millie.Flita@yopmail.com,1904-10-01
785,Leia,Melan,Leia.Melan@yopmail.com,1976-05-08
786,Minda,Meter,Minda.Meter@yopmail.com,1997-04-27
787,Orsola,Docilla,Orsola.Docilla@yopmail.com,1939-05-12
788,Jacenta,Roarke,Jacenta.Roarke@yopmail.com,1942-12-11
789,Tani,Carolin,Tani.Carolin@yopmail.com,1938-10-02
790,Sidoney,Paine,Sidoney.Paine@yopmail.com,1992-07-22
791,Rori,Malanie,Rori.Malanie@yopmail.com,1911-07-19
792,Maryellen,Estella,Maryellen.Estella@yopmail.com,1946-11-15
793,Althea,Odell,Althea.Odell@yopmail.com,1996-01-24
794,Johna,Randene,Johna.Randene@yopmail.com,1957-04-08
795,Vevay,Olnee,Vevay.Olnee@yopmail.com,1985-07-13
796,Beverley,Gilbertson,Beverley.Gilbertson@yopmail.com,2002-11-27
797,Viviene,Ioab,Viviene.Ioab@yopmail.com,1933-02-22
798,Paule,Blake,Paule.Blake@yopmail.com,1925-11-30
799,Diena,Gale,Diena.Gale@yopmail.com,2006-06-28
800,Dawn,Borrell,Dawn.Borrell@yopmail.com,1995-11-24
801,Linet,Daegal,Linet.Daegal@yopmail.com,1978-08-17
802,Kristina,Aprile,Kristina.Aprile@yopmail.com,1919-08-12
803,Rubie,Sasnett,Rubie.Sasnett@yopmail.com,1973-08-13
804,Tracey,McLaughlin,Tracey.McLaughlin@yopmail.com,2003-08-19
805,Neila,Hertzfeld,Neila.Hertzfeld@yopmail.com,1921-03-09
806,Wendi,Kristi,Wendi.Kristi@yopmail.com,1933-09-23
807,Trixi,Joachim,Trixi.Joachim@yopmail.com,1974-11-03
808,Elsie,Mozelle,Elsie.Mozelle@yopmail.com,1935-06-18
809,Eve,Charmine,Eve.Charmine@yopmail.com,2014-01-22
810,Nickie,Bibi,Nickie.Bibi@yopmail.com,1965-09-05
811,Shel,Genna,Shel.Genna@yopmail.com,2014-06-14
812,Amara,Moseley,Amara.Moseley@yopmail.com,2018-04-02
813,Ardeen,Madaih,Ardeen.Madaih@yopmail.com,1966-06-30
814,Loree,Aurelio,Loree.Aurelio@yopmail.com,1918-06-05
815,Peri,Natalia,Peri.Natalia@yopmail.com,1905-01-12
816,Gusella,Olnee,Gusella.Olnee@yopmail.com,2016-02-05
817,Bobinette,Uird,Bobinette.Uird@yopmail.com,1908-01-22
818,Elbertina,Behre,Elbertina.Behre@yopmail.com,1945-01-11
819,Ilse,Henrie,Ilse.Henrie@yopmail.com,1942-11-08
820,Adore,Karl,Adore.Karl@yopmail.com,2007-11-26
821,Jenda,Jenness,Jenda.Jenness@yopmail.com,1935-03-06
822,Heddie,Melony,Heddie.Melony@yopmail.com,1985-01-13
823,Joceline,Ahab,Joceline.Ahab@yopmail.com,2002-08-25
824,Hayley,Konyn,Hayley.Konyn@yopmail.com,1928-12-15
825,Shaylyn,Caitlin,Shaylyn.Caitlin@yopmail.com,2000-04-09
826,Molli,Hull,Molli.Hull@yopmail.com,1918-06-11
827,Katuscha,Judye,Katuscha.Judye@yopmail.com,1950-01-22
828,Emylee,Lilas,Emylee.Lilas@yopmail.com,2019-06-28
829,Barbara,Johnsson,Barbara.Johnsson@yopmail.com,1984-04-27
830,Joane,Chapland,Joane.Chapland@yopmail.com,1915-08-16
831,Sean,Thema,Sean.Thema@yopmail.com,1984-08-05
832,Heida,Seligman,Heida.Seligman@yopmail.com,2018-01-24
833,Lilith,Goddard,Lilith.Goddard@yopmail.com,1957-08-25
834,Hayley,Lail,Hayley.Lail@yopmail.com,1910-10-19
835,Jerry,Odysseus,Jerry.Odysseus@yopmail.com,1978-02-16
836,Livvyy,Johnsson,Livvyy.Johnsson@yopmail.com,1966-05-06
837,Alleen,Hubert,Alleen.Hubert@yopmail.com,1966-04-07
838,Heida,Cassius,Heida.Cassius@yopmail.com,1974-08-03
839,Emelina,Bearnard,Emelina.Bearnard@yopmail.com,1953-04-08
840,Minda,Anton,Minda.Anton@yopmail.com,1938-02-14
841,Doralynne,Rona,Doralynne.Rona@yopmail.com,1970-03-31
842,Kylynn,Herrera,Kylynn.Herrera@yopmail.com,1975-05-16
843,Hayley,Kravits,Hayley.Kravits@yopmail.com,1916-06-10
844,Marnia,Halsey,Marnia.Halsey@yopmail.com,1920-09-16
845,Ginnie,Vittoria,Ginnie.Vittoria@yopmail.com,1977-09-24
846,Patricia,Bonucci,Patricia.Bonucci@yopmail.com,2014-03-10
847,Dania,Goode,Dania.Goode@yopmail.com,1966-12-09
848,Marylou,Juliet,Marylou.Juliet@yopmail.com,1988-07-30
849,Ida,Timon,Ida.Timon@yopmail.com,1946-03-21
850,Sam,O'Rourke,Sam.O'Rourke@yopmail.com,1956-07-10
851,Linet,Trinetta,Linet.Trinetta@yopmail.com,1995-01-01
852,Linzy,Wandie,Linzy.Wandie@yopmail.com,2018-11-12
853,Chickie,Malvino,Chickie.Malvino@yopmail.com,1902-03-04
854,Nanete,Joeann,Nanete.Joeann@yopmail.com,1909-08-16
855,Ashlee,Poll,Ashlee.Poll@yopmail.com,1955-08-21
856,Cindelyn,Azeria,Cindelyn.Azeria@yopmail.com,1979-11-17
857,Lisette,Jaylene,Lisette.Jaylene@yopmail.com,1925-08-24
858,Mariann,Chobot,Mariann.Chobot@yopmail.com,2012-10-19
859,Mahalia,Linehan,Mahalia.Linehan@yopmail.com,1973-08-11
860,Emelina,Fairweather,Emelina.Fairweather@yopmail.com,1990-07-02
861,Louella,Lesley,Louella.Lesley@yopmail.com,2001-05-24
862,Atlanta,Shuler,Atlanta.Shuler@yopmail.com,1994-04-22
863,Penelopa,Serilda,Penelopa.Serilda@yopmail.com,1923-11-20
864,Suzette,Jerold,Suzette.Jerold@yopmail.com,1966-11-07
865,Ermengarde,Dituri,Ermengarde.Dituri@yopmail.com,2012-07-26
866,Britte,Noelyn,Britte.Noelyn@yopmail.com,1965-10-03
867,Louella,Ulphia,Louella.Ulphia@yopmail.com,1956-07-26
868,Susette,Norrie,Susette.Norrie@yopmail.com,1901-12-02
869,Beverley,Clie,Beverley.Clie@yopmail.com,1958-04-20
870,Lenna,Reinke,Lenna.Reinke@yopmail.com,2006-11-30
871,Starla,Wittie,Starla.Wittie@yopmail.com,1996-06-22
872,Philis,Sinegold,Philis.Sinegold@yopmail.com,1994-01-29
873,Sallie,Odysseus,Sallie.Odysseus@yopmail.com,1938-09-05
874,Addia,Margarete,Addia.Margarete@yopmail.com,1969-08-23
875,Zondra,Lay,Zondra.Lay@yopmail.com,1920-02-02
876,Dari,Destinee,Dari.Destinee@yopmail.com,2003-08-30
877,Amii,Ajay,Amii.Ajay@yopmail.com,1959-06-16
878,Laure,Pattin,Laure.Pattin@yopmail.com,1901-10-03
879,Sandie,Arathorn,Sandie.Arathorn@yopmail.com,1901-07-29
880,Pollyanna,Izaak,Pollyanna.Izaak@yopmail.com,1912-04-15
881,Jessy,Schwejda,Jessy.Schwejda@yopmail.com,1979-09-20
882,Jessy,Liebermann,Jessy.Liebermann@yopmail.com,1926-03-19
883,Ruthe,Tryck,Ruthe.Tryck@yopmail.com,1930-03-19
884,Marnia,Pearse,Marnia.Pearse@yopmail.com,1939-06-02
885,Sophia,Wolfgram,Sophia.Wolfgram@yopmail.com,1968-10-26
886,Valli,Sharl,Valli.Sharl@yopmail.com,1968-05-24
887,Jemie,Trinetta,Jemie.Trinetta@yopmail.com,1931-07-07
888,Justinn,Maxi,Justinn.Maxi@yopmail.com,1911-09-17
889,Vivia,Wooster,Vivia.Wooster@yopmail.com,1938-04-18
890,Shannah,Gunn,Shannah.Gunn@yopmail.com,1945-01-09
891,Grier,Bergman,Grier.Bergman@yopmail.com,1946-08-12
892,Corly,Freddi,Corly.Freddi@yopmail.com,2003-10-24
893,Marti,Bethany,Marti.Bethany@yopmail.com,1953-08-17
894,Keelia,Gemini,Keelia.Gemini@yopmail.com,1920-12-25
895,Gale,Pozzy,Gale.Pozzy@yopmail.com,1901-05-29
896,Verla,Laverne,Verla.Laverne@yopmail.com,1954-12-14
897,Eadie,Tiffa,Eadie.Tiffa@yopmail.com,1960-03-07
898,Ulrike,Roarke,Ulrike.Roarke@yopmail.com,1970-05-13
899,Edyth,Fitzsimmons,Edyth.Fitzsimmons@yopmail.com,1971-06-28
900,Melodie,Lindemann,Melodie.Lindemann@yopmail.com,1976-07-06
901,Ardenia,Baylor,Ardenia.Baylor@yopmail.com,2001-08-23
902,Alexine,Leopold,Alexine.Leopold@yopmail.com,1945-09-14
903,Lyssa,Bronk,Lyssa.Bronk@yopmail.com,1907-01-26
904,Olwen,Breed,Olwen.Breed@yopmail.com,1937-07-03
905,Rozele,Holbrook,Rozele.Holbrook@yopmail.com,1980-08-25
906,Emma,Juan,Emma.Juan@yopmail.com,2004-04-03
907,Wileen,Liebermann,Wileen.Liebermann@yopmail.com,1940-03-30
908,Fred,Loring,Fred.Loring@yopmail.com,1920-08-19
909,Anestassia,Jacqui,Anestassia.Jacqui@yopmail.com,2000-05-13
910,Sidoney,McGrody,Sidoney.McGrody@yopmail.com,1945-07-30
911,Myrtice,Iphlgenia,Myrtice.Iphlgenia@yopmail.com,1920-08-30
912,Ashlee,Minetta,Ashlee.Minetta@yopmail.com,1989-04-22
913,Dorene,Agle,Dorene.Agle@yopmail.com,1906-06-26
914,Amii,Mallon,Amii.Mallon@yopmail.com,1938-10-10
915,Hollie,Shaver,Hollie.Shaver@yopmail.com,1973-02-19
916,Chastity,Carleen,Chastity.Carleen@yopmail.com,1960-01-25
917,Phylis,Madox,Phylis.Madox@yopmail.com,1901-08-05
918,Shell,Wilona,Shell.Wilona@yopmail.com,1966-05-11
919,Donetta,Karna,Donetta.Karna@yopmail.com,1959-07-17
920,Romona,Noam,Romona.Noam@yopmail.com,1978-01-07
921,Reeba,Haerr,Reeba.Haerr@yopmail.com,1975-03-02
922,Jolyn,Sammons,Jolyn.Sammons@yopmail.com,1945-07-21
923,Sharlene,Fredi,Sharlene.Fredi@yopmail.com,2017-07-26
924,Selia,Vary,Selia.Vary@yopmail.com,1982-02-13
925,Elsie,Noman,Elsie.Noman@yopmail.com,1920-05-10
926,Sheelagh,Ethban,Sheelagh.Ethban@yopmail.com,1940-08-13
927,Lorenza,Joeann,Lorenza.Joeann@yopmail.com,2017-10-08
928,Annora,Kosey,Annora.Kosey@yopmail.com,1914-05-18
929,Giustina,Socha,Giustina.Socha@yopmail.com,1971-02-26
930,Farrah,Argus,Farrah.Argus@yopmail.com,1984-06-07
931,Maye,Ovid,Maye.Ovid@yopmail.com,1916-02-13
932,Sean,Killigrew,Sean.Killigrew@yopmail.com,1956-09-29
933,Stevana,Sperling,Stevana.Sperling@yopmail.com,1946-12-02
934,Elka,Shelba,Elka.Shelba@yopmail.com,1943-09-25
935,Doralynne,Ade,Doralynne.Ade@yopmail.com,2003-10-07
936,Oralee,Dorine,Oralee.Dorine@yopmail.com,2006-02-17
937,Ermengarde,Turne,Ermengarde.Turne@yopmail.com,1941-06-22
938,Dari,Bouchard,Dari.Bouchard@yopmail.com,2005-03-22
939,Trixi,Roarke,Trixi.Roarke@yopmail.com,1941-08-18
940,Selma,Leopold,Selma.Leopold@yopmail.com,1944-04-03
941,Tina,Bergman,Tina.Bergman@yopmail.com,1936-11-13
942,Kittie,Grayce,Kittie.Grayce@yopmail.com,2018-12-31
943,Mahalia,Olnee,Mahalia.Olnee@yopmail.com,1962-05-24
944,Nickie,Bobbee,Nickie.Bobbee@yopmail.com,1995-01-18
945,Randa,Bluh,Randa.Bluh@yopmail.com,1912-04-11
946,Aurore,Bevin,Aurore.Bevin@yopmail.com,1977-12-26
947,Roberta,Pip,Roberta.Pip@yopmail.com,1904-10-02
948,Albertina,Waldron,Albertina.Waldron@yopmail.com,2011-02-07
949,Rosaline,Lorain,Rosaline.Lorain@yopmail.com,1936-09-18
950,Zia,Salvidor,Zia.Salvidor@yopmail.com,1913-01-20
951,Melodie,Irmine,Melodie.Irmine@yopmail.com,1917-07-08
952,Betta,Ortrude,Betta.Ortrude@yopmail.com,1929-11-07
953,Ana,Paton,Ana.Paton@yopmail.com,1966-03-04
954,Jean,Buffum,Jean.Buffum@yopmail.com,1980-01-10
955,Jobi,Verger,Jobi.Verger@yopmail.com,2016-08-19
956,Tressa,Chauncey,Tressa.Chauncey@yopmail.com,1951-09-06
957,Madeleine,Zitvaa,Madeleine.Zitvaa@yopmail.com,1933-04-25
958,Lanna,Knowling,Lanna.Knowling@yopmail.com,1990-07-24
959,Marita,Ulphia,Marita.Ulphia@yopmail.com,1959-11-13
960,Wynne,Katrine,Wynne.Katrine@yopmail.com,1909-03-18
961,Jacenta,Cleo,Jacenta.Cleo@yopmail.com,1992-12-14
962,Mariele,Pond,Mariele.Pond@yopmail.com,1908-12-12
963,Marguerite,Edison,Marguerite.Edison@yopmail.com,1940-10-05
964,Kathi,Stover,Kathi.Stover@yopmail.com,1901-05-06
965,Veda,Blake,Veda.Blake@yopmail.com,1961-10-06
966,Sharai,Burnside,Sharai.Burnside@yopmail.com,1995-05-11
967,Chrystel,Sholley,Chrystel.Sholley@yopmail.com,1970-08-19
968,Orsola,Dermott,Orsola.Dermott@yopmail.com,1975-09-25
969,Amii,Sikorski,Amii.Sikorski@yopmail.com,2002-02-27
970,Elbertina,Gherardo,Elbertina.Gherardo@yopmail.com,1902-01-13
971,Barbi,Adalbert,Barbi.Adalbert@yopmail.com,1943-09-20
972,Ekaterina,Ledah,Ekaterina.Ledah@yopmail.com,1920-01-30
973,Helsa,Madox,Helsa.Madox@yopmail.com,1929-03-21
974,Karena,Isidore,Karena.Isidore@yopmail.com,1934-08-05
975,Gavrielle,August,Gavrielle.August@yopmail.com,1988-08-20
976,Katleen,Holbrook,Katleen.Holbrook@yopmail.com,1952-07-24
977,Nananne,Nicoline,Nananne.Nicoline@yopmail.com,1925-08-02
978,Sharlene,Sherfield,Sharlene.Sherfield@yopmail.com,1907-09-19
979,Meg,Rolf,Meg.Rolf@yopmail.com,1969-09-10
980,Alisha,Tryck,Alisha.Tryck@yopmail.com,1936-01-10
981,Theodora,Schwejda,Theodora.Schwejda@yopmail.com,1976-08-01
982,Max,Lunsford,Max.Lunsford@yopmail.com,1942-01-06
983,Konstance,Vilma,Konstance.Vilma@yopmail.com,1946-06-07
984,Adore,Marsden,Adore.Marsden@yopmail.com,1901-11-14
985,Marleah,Lamoree,Marleah.Lamoree@yopmail.com,1931-12-30
986,Stacey,Sothena,Stacey.Sothena@yopmail.com,1912-06-26
987,Grier,Virgin,Grier.Virgin@yopmail.com,1990-02-07
988,Claudina,Stelle,Claudina.Stelle@yopmail.com,1919-10-19
989,Jaclyn,Amadas,Jaclyn.Amadas@yopmail.com,1919-03-24
990,Gwyneth,Orpah,Gwyneth.Orpah@yopmail.com,2009-10-25
991,Ethel,Fredi,Ethel.Fredi@yopmail.com,1921-10-09
992,Sabina,Reidar,Sabina.Reidar@yopmail.com,1993-07-10
993,Jennica,Vale,Jennica.Vale@yopmail.com,1999-07-24
994,Sallie,Mehalek,Sallie.Mehalek@yopmail.com,1900-06-20
995,Linet,Codding,Linet.Codding@yopmail.com,2006-07-26
996,Marleah,Fleeta,Marleah.Fleeta@yopmail.com,2016-11-07
997,Lynde,Douglass,Lynde.Douglass@yopmail.com,1986-08-30
998,Keelia,Hieronymus,Keelia.Hieronymus@yopmail.com,1956-03-28
999,Dawn,Ammann,Dawn.Ammann@yopmail.com,1992-06-08
1000,Sissy,Chem,Sissy.Chem@yopmail.com,1974-11-18
1001,Lindie,Vacuva,Lindie.Vacuva@yopmail.com,2002-03-16
1002,Flo,Cyrie,Flo.Cyrie@yopmail.com,2001-06-08
1003,Althea,Audly,Althea.Audly@yopmail.com,1902-05-19
1004,Aigneis,Kress,Aigneis.Kress@yopmail.com,1956-06-28
1005,Lila,Sawtelle,Lila.Sawtelle@yopmail.com,2009-10-09
1006,Ekaterina,Gahl,Ekaterina.Gahl@yopmail.com,1998-08-27
1007,Kassey,Prouty,Kassey.Prouty@yopmail.com,1945-10-08
1008,Henriette,Hirsch,Henriette.Hirsch@yopmail.com,1924-07-07
1009,Gilligan,Hull,Gilligan.Hull@yopmail.com,1981-06-04
1010,Concettina,Cyrie,Concettina.Cyrie@yopmail.com,2018-06-04
1011,Theodora,Whittaker,Theodora.Whittaker@yopmail.com,1946-12-10
1012,Barbara,Stover,Barbara.Stover@yopmail.com,2004-05-10
1013,Lesly,Hull,Lesly.Hull@yopmail.com,1936-04-19
1014,Jackie,Afton,Jackie.Afton@yopmail.com,1909-05-03
1015,Mamie,Tristram,Mamie.Tristram@yopmail.com,1923-12-09
1016,Letizia,Amasa,Letizia.Amasa@yopmail.com,1914-09-08
1017,Jessamyn,Vary,Jessamyn.Vary@yopmail.com,1941-01-04
1018,Vanessa,Schwejda,Vanessa.Schwejda@yopmail.com,1932-02-09
1019,Kimmy,McCutcheon,Kimmy.McCutcheon@yopmail.com,1981-09-27
1020,Stevana,Gherardo,Stevana.Gherardo@yopmail.com,1938-12-15
1021,Linet,Presber,Linet.Presber@yopmail.com,1970-10-05
1022,Frank,Emanuel,Frank.Emanuel@yopmail.com,1994-02-11
1023,Linet,Abram,Linet.Abram@yopmail.com,1938-09-07
1024,Iseabal,Horan,Iseabal.Horan@yopmail.com,2013-08-10
1025,Pollyanna,Redmond,Pollyanna.Redmond@yopmail.com,1946-06-01
1026,Lilith,Corabella,Lilith.Corabella@yopmail.com,2002-08-19
1027,Aigneis,Lunsford,Aigneis.Lunsford@yopmail.com,2006-11-18
1028,Anallese,Narton,Anallese.Narton@yopmail.com,1966-11-04
1029,Roz,Sawtelle,Roz.Sawtelle@yopmail.com,1992-02-22
1030,Harmonia,Pozzy,Harmonia.Pozzy@yopmail.com,1963-01-13
1031,Candy,Sancho,Candy.Sancho@yopmail.com,1998-07-22
1032,Bobinette,Ferrell,Bobinette.Ferrell@yopmail.com,1951-07-04
1033,Trixi,Syd,Trixi.Syd@yopmail.com,1961-08-22
1034,Joceline,Freddi,Joceline.Freddi@yopmail.com,1934-02-23
1035,Wynne,Woodberry,Wynne.Woodberry@yopmail.com,1968-02-10
1036,Bobinette,Roarke,Bobinette.Roarke@yopmail.com,1967-03-22
1037,Roxane,Colleen,Roxane.Colleen@yopmail.com,1991-04-19
1038,Fanchon,Paton,Fanchon.Paton@yopmail.com,1924-06-08
1039,Katharina,Elephus,Katharina.Elephus@yopmail.com,1934-12-04
1040,Margarette,Gino,Margarette.Gino@yopmail.com,1939-05-05
1041,Gratia,Roche,Gratia.Roche@yopmail.com,1908-04-12
1042,Cindelyn,Rheingold,Cindelyn.Rheingold@yopmail.com,1924-05-12
1043,Dorothy,Chrystel,Dorothy.Chrystel@yopmail.com,1989-07-08
1044,Frances,Ethban,Frances.Ethban@yopmail.com,1988-01-23
1045,Ardeen,Lalitta,Ardeen.Lalitta@yopmail.com,1945-09-18
1046,June,Millda,June.Millda@yopmail.com,1983-06-15
1047,Hildegaard,Stilwell,Hildegaard.Stilwell@yopmail.com,1954-03-20
1048,Sue,Remmer,Sue.Remmer@yopmail.com,1976-11-18
1049,Queenie,Japeth,Queenie.Japeth@yopmail.com,1948-11-03
1050,Carmela,Couture,Carmela.Couture@yopmail.com,1992-03-02
1051,Janeczka,Westphal,Janeczka.Westphal@yopmail.com,1993-08-26
1052,Queenie,Leffen,Queenie.Leffen@yopmail.com,1966-04-10
1053,Vinita,Thilda,Vinita.Thilda@yopmail.com,1930-06-01
1054,Sam,Standing,Sam.Standing@yopmail.com,1941-11-18
1055,Ilse,Weide,Ilse.Weide@yopmail.com,1954-10-02
1056,Livvyy,Tarrant,Livvyy.Tarrant@yopmail.com,1995-11-13
1057,Riannon,Pond,Riannon.Pond@yopmail.com,2009-02-26
1058,Althea,Leifeste,Althea.Leifeste@yopmail.com,1951-12-02
1059,Glenda,Lissi,Glenda.Lissi@yopmail.com,1910-07-05
1060,Morganica,Janene,Morganica.Janene@yopmail.com,1909-08-29
1061,Fanchon,Palocz,Fanchon.Palocz@yopmail.com,1947-08-21
1062,Pamella,Kress,Pamella.Kress@yopmail.com,2015-10-01
1063,Gwenneth,Germann,Gwenneth.Germann@yopmail.com,1961-08-27
1064,Willetta,Anyah,Willetta.Anyah@yopmail.com,1967-12-20
1065,Cindelyn,Velick,Cindelyn.Velick@yopmail.com,1963-08-25
1066,Bettine,Azeria,Bettine.Azeria@yopmail.com,1985-03-26
1067,Dorene,Yerkovich,Dorene.Yerkovich@yopmail.com,1952-07-20
1068,Winifred,Casimir,Winifred.Casimir@yopmail.com,1912-04-01
1069,Miquela,Sallyann,Miquela.Sallyann@yopmail.com,1904-04-29
1070,Courtnay,Dimitris,Courtnay.Dimitris@yopmail.com,2010-02-24
1071,Lenna,Boehike,Lenna.Boehike@yopmail.com,1942-07-20
1072,Katuscha,Buttaro,Katuscha.Buttaro@yopmail.com,1987-02-02
1073,Celene,Eliathas,Celene.Eliathas@yopmail.com,1960-12-29
1074,Miquela,Bouchard,Miquela.Bouchard@yopmail.com,2007-02-08
1075,Marnia,Schroth,Marnia.Schroth@yopmail.com,1921-05-05
1076,Jeanna,Lamoree,Jeanna.Lamoree@yopmail.com,2006-09-02
1077,Deane,Dulciana,Deane.Dulciana@yopmail.com,1922-11-18
1078,Rivalee,Zetta,Rivalee.Zetta@yopmail.com,1904-12-14
1079,Oralee,Lumbard,Oralee.Lumbard@yopmail.com,1978-08-23
1080,Frank,Hazlett,Frank.Hazlett@yopmail.com,2009-08-08
1081,Leona,Baptlsta,Leona.Baptlsta@yopmail.com,1994-05-27
1082,Allis,Clywd,Allis.Clywd@yopmail.com,1981-05-28
1083,Gilligan,Laverne,Gilligan.Laverne@yopmail.com,1922-02-10
1084,Cherilyn,Tound,Cherilyn.Tound@yopmail.com,2013-03-18
1085,Kenna,Darian,Kenna.Darian@yopmail.com,1918-01-06
1086,Melodie,Hortensia,Melodie.Hortensia@yopmail.com,1973-06-22
1087,Aaren,Milde,Aaren.Milde@yopmail.com,1919-10-27
1088,Tera,Dalli,Tera.Dalli@yopmail.com,1915-06-11
1089,Mara,Pernick,Mara.Pernick@yopmail.com,1987-02-04
1090,Frances,Othilia,Frances.Othilia@yopmail.com,1982-02-28
1091,Dode,Hanleigh,Dode.Hanleigh@yopmail.com,1924-08-26
1092,Kary,Anselmi,Kary.Anselmi@yopmail.com,1905-05-24
1093,Xylina,Brunell,Xylina.Brunell@yopmail.com,1947-01-19
1094,Farrah,Germann,Farrah.Germann@yopmail.com,1951-06-25
1095,Feliza,Delila,Feliza.Delila@yopmail.com,1910-08-11
1096,Jordan,Seagraves,Jordan.Seagraves@yopmail.com,1985-08-21
1097,Dorthy,O'Rourke,Dorthy.O'Rourke@yopmail.com,1965-01-31
1098,Tobe,Genna,Tobe.Genna@yopmail.com,1975-04-26
1099,Barbara,Septima,Barbara.Septima@yopmail.com,2011-04-24