id,firstname,lastname,email,Field Name
100,Jaime,Laverne,Jaime.Laverne@yopmail.com,1917-12-14
101,Robbi,Warthman,Robbi.Warthman@yopmail.com,1954-08-25
102,Kathi,Kaja,Kathi.Kaja@yopmail.com,1941-06-03
103,Laure,Geffner,Laure.Geffner@yopmail.com,1969-10-29
104,Bettine,Merat,Bettine.Merat@yopmail.com,1955-09-10
105,Kary,Cornelia,Kary.Cornelia@yopmail.com,1939-08-16
106,Steffane,Corilla,Steffane.Corilla@yopmail.com,1983-03-14
107,Cyndie,Maurine,Cyndie.Maurine@yopmail.com,1916-10-26
108,Nonnah,Colleen,Nonnah.Colleen@yopmail.com,1920-09-12
109,Christal,Pascia,Christal.Pascia@yopmail.com,1937-03-28
110,Shaylyn,Marden,Shaylyn.Marden@yopmail.com,2006-09-17
111,Arlina,Fiester,Arlina.Fiester@yopmail.com,1900-10-23
112,Fredericka,Letsou,Fredericka.Letsou@yopmail.com,1966-04-17
113,Netty,Trey,Netty.Trey@yopmail.com,1992-06-30
114,Madeleine,Lissi,Madeleine.Lissi@yopmail.com,1999-08-23
115,Evaleen,Hepsibah,Evaleen.Hepsibah@yopmail.com,1997-03-25
116,Babita,Bord,Babita.Bord@yopmail.com,1968-02-07
117,Gisela,Tengdin,Gisela.Tengdin@yopmail.com,1916-11-11
118,Clarice,Barbey,Clarice.Barbey@yopmail.com,1957-07-12
119,Zsa Zsa,Devlen,Zsa Zsa.Devlen@yopmail.com,1979-09-09
120,Selma,Naashom,Selma.Naashom@yopmail.com,1995-05-09
121,Berta,Strephon,Berta.Strephon@yopmail.com,1969-09-05
122,Winny,Skurnik,Winny.Skurnik@yopmail.com,1991-12-09
123,Raquela,Henrie,Raquela.Henrie@yopmail.com,1978-07-24
124,Daune,Cath,Daune.Cath@yopmail.com,1917-03-17
125,Lulita,Thornburg,Lulita.Thornburg@yopmail.com,2017-11-14
126,Lorie,Kesley,Lorie.Kesley@yopmail.com,2010-07-05
127,Goldie,Atcliffe,Goldie.Atcliffe@yopmail.com,1934-09-05
128,Angelique,Olin,Angelique.Olin@yopmail.com,1915-04-30
129,Jolyn,Rosalba,Jolyn.Rosalba@yopmail.com,1917-12-07
130,Magdalena,Abernon,Magdalena.Abernon@yopmail.com,1941-02-05
131,Allyce,Sholley,Allyce.Sholley@yopmail.com,1923-08-30
132,Lolita,Eugenia,Lolita.Eugenia@yopmail.com,1920-03-13
133,Renie,Emanuel,Renie.Emanuel@yopmail.com,1949-03-16
134,Rosaline,Obed,Rosaline.Obed@yopmail.com,1907-12-19
135,Nessie,Kinnard,Nessie.Kinnard@yopmail.com,2019-01-29
136,Chastity,Blisse,Chastity.Blisse@yopmail.com,1966-11-30
137,Gwenneth,Elsinore,Gwenneth.Elsinore@yopmail.com,1972-11-12
138,Shannah,Scammon,Shannah.Scammon@yopmail.com,1968-03-23
139,Deane,Yorick,Deane.Yorick@yopmail.com,1978-01-05
140,Valeda,August,Valeda.August@yopmail.com,1979-08-13
141,Dania,Dorcy,Dania.Dorcy@yopmail.com,2019-12-18
142,Celisse,Baylor,Celisse.Baylor@yopmail.com,1929-09-24
143,Vonny,Francene,Vonny.Francene@yopmail.com,1958-09-09
144,Adele,Koehler,Adele.Koehler@yopmail.com,1952-01-18
145,Fred,Wenoa,Fred.Wenoa@yopmail.com,1951-01-13
146,Britte,Euridice,Britte.Euridice@yopmail.com,1960-08-23
147,Bibby,Delacourt,Bibby.Delacourt@yopmail.com,1951-06-03
148,Melanie,Jacqui,Melanie.Jacqui@yopmail.com,1987-08-05
149,Imojean,Germann,Imojean.Germann@yopmail.com,1977-04-27
150,Georgetta,Kenney,Georgetta.Kenney@yopmail.com,1920-02-29
151,Ginnie,Fosque,Ginnie.Fosque@yopmail.com,2008-10-27
152,Harmonia,Alva,Harmonia.Alva@yopmail.com,1918-04-27
153,Jemie,Even,Jemie.Even@yopmail.com,1933-11-16
154,Andeee,Adrienne,Andeee.Adrienne@yopmail.com,1955-12-21
155,Ottilie,Maiah,Ottilie.Maiah@yopmail.com,1950-02-11
156,Ileana,Carey,Ileana.Carey@yopmail.com,1910-07-12
157,Esmeralda,Naor,Esmeralda.Naor@yopmail.com,1943-11-20
158,Linet,Haerr,Linet.Haerr@yopmail.com,1915-07-10
159,Britte,Chandler,Britte.Chandler@yopmail.com,1944-03-03
160,Concettina,Abernon,Concettina.Abernon@yopmail.com,1927-11-07
161,Nonnah,Damarra,Nonnah.Damarra@yopmail.com,1922-06-20
162,Beth,Niccolo,Beth.Niccolo@yopmail.com,1962-08-16
163,Fayre,Niles,Fayre.Niles@yopmail.com,1990-08-31
164,Rivalee,Harned,Rivalee.Harned@yopmail.com,1996-01-01
165,Bill,Atcliffe,Bill.Atcliffe@yopmail.com,1933-03-08
166,Audrie,Erskine,Audrie.Erskine@yopmail.com,1909-05-16
167,Joceline,Allare,Joceline.Allare@yopmail.com,2005-06-02
168,Mary,Wilona,Mary.Wilona@yopmail.com,1947-07-08
169,Ilse,Kirbee,Ilse.Kirbee@yopmail.com,1997-03-24
170,Melina,Travax,Melina.Travax@yopmail.com,1932-06-24
171,Celisse,Federica,Celisse.Federica@yopmail.com,1902-05-16
172,Linet,Israeli,Linet.Israeli@yopmail.com,1907-10-06
173,Ellette,Klotz,Ellette.Klotz@yopmail.com,1991-06-25
174,Marleah,Seumas,Marleah.Seumas@yopmail.com,2002-02-08
175,Dania,Kathie,Dania.Kathie@yopmail.com,1979-01-18
176,Feliza,Simmonds,Feliza.Simmonds@yopmail.com,1965-07-03
177,Pamella,Merell,Pamella.Merell@yopmail.com,2006-05-10
178,Tierney,Goddard,Tierney.Goddard@yopmail.com,1951-11-27
179,Dyann,Gusella,Dyann.Gusella@yopmail.com,1945-09-07
180,Kylynn,Zola,Kylynn.Zola@yopmail.com,1936-01-04
181,Vivia,Malanie,Vivia.Malanie@yopmail.com,1908-09-23
182,Trudie,Macey,Trudie.Macey@yopmail.com,1925-05-14
183,Ethel,Ailyn,Ethel.Ailyn@yopmail.com,1982-11-19
184,Mireielle,Mintz,Mireielle.Mintz@yopmail.com,1912-10-03
185,Janis,Daniele,Janis.Daniele@yopmail.com,1946-12-23
186,Anestassia,Rugen,Anestassia.Rugen@yopmail.com,1939-03-05
187,Jorry,Bibi,Jorry.Bibi@yopmail.com,1945-02-13
188,Henriette,Hathaway,Henriette.Hathaway@yopmail.com,1966-11-03
189,Chere,Blisse,Chere.Blisse@yopmail.com,1943-02-07
190,Bobinette,Erskine,Bobinette.Erskine@yopmail.com,1910-02-26
191,Vivia,Even,Vivia.Even@yopmail.com,1981-06-03
192,Dawn,Emmy,Dawn.Emmy@yopmail.com,1943-01-01
193,Babita,Paine,Babita.Paine@yopmail.com,1916-05-23
194,Alisha,Aaberg,Alisha.Aaberg@yopmail.com,1962-05-24
195,Gloria,Gavrila,Gloria.Gavrila@yopmail.com,1948-10-06
196,Shannah,Salchunas,Shannah.Salchunas@yopmail.com,1915-08-19
197,Lory,Ries,Lory.Ries@yopmail.com,1978-07-05
198,Brena,Morehouse,Brena.Morehouse@yopmail.com,1903-04-26
199,Adelle,Koehler,Adelle.Koehler@yopmail.com,2011-10-18
200,Valli,Boycey,Valli.Boycey@yopmail.com,1914-05-13
201,Tilly,Ummersen,Tilly.Ummersen@yopmail.com,1900-02-10
202,Zondra,Allys,Zondra.Allys@yopmail.com,1906-10-17
203,Dania,Durware,Dania.Durware@yopmail.com,1917-06-30
204,Gisela,McNully,Gisela.McNully@yopmail.com,1904-03-24
205,Leia,Kinnard,Leia.Kinnard@yopmail.com,1902-12-14
206,Tabbatha,Lilybelle,Tabbatha.Lilybelle@yopmail.com,2016-10-02
207,Sissy,Whiffen,Sissy.Whiffen@yopmail.com,1983-01-23
208,Rosene,Regan,Rosene.Regan@yopmail.com,2002-03-28
209,Bertine,Bord,Bertine.Bord@yopmail.com,1993-06-24
210,Diena,Brandice,Diena.Brandice@yopmail.com,1972-09-22
211,Shell,Chrystel,Shell.Chrystel@yopmail.com,1973-01-10
212,Maryellen,Ranjiv,Maryellen.Ranjiv@yopmail.com,1997-02-26
213,Sophia,Taima,Sophia.Taima@yopmail.com,1984-05-16
214,Lauryn,Tybald,Lauryn.Tybald@yopmail.com,1943-07-06
215,Paulita,Byrne,Paulita.Byrne@yopmail.com,1917-06-26
216,Tami,Ariella,Tami.Ariella@yopmail.com,1984-07-21
217,Viviene,Minetta,Viviene.Minetta@yopmail.com,1979-01-14
218,Tersina,Neva,Tersina.Neva@yopmail.com,1910-03-23
219,Robbi,Ciro,Robbi.Ciro@yopmail.com,1977-11-23
220,Abbie,Fillbert,Abbie.Fillbert@yopmail.com,1944-05-26
221,Frank,Glenden,Frank.Glenden@yopmail.com,1969-11-20
222,Taffy,Danby,Taffy.Danby@yopmail.com,1999-05-23
223,Fayre,Heisel,Fayre.Heisel@yopmail.com,1972-04-07
224,Vinita,Fontana,Vinita.Fontana@yopmail.com,1997-09-16
225,Antonietta,Lea,Antonietta.Lea@yopmail.com,2005-01-10
226,Ardenia,Belldas,Ardenia.Belldas@yopmail.com,1977-03-11
227,Felice,Smitt,Felice.Smitt@yopmail.com,1940-07-30
228,Lory,Hartnett,Lory.Hartnett@yopmail.com,1928-07-19
229,Jillayne,Iiette,Jillayne.Iiette@yopmail.com,1945-10-10
230,Sherrie,Pierette,Sherrie.Pierette@yopmail.com,1970-05-29
231,Jany,Rustice,Jany.Rustice@yopmail.com,2013-12-17
232,Arlena,Kaete,Arlena.Kaete@yopmail.com,2011-03-30
233,Heida,Wilona,Heida.Wilona@yopmail.com,1965-12-03
234,Jaclyn,Isidore,Jaclyn.Isidore@yopmail.com,1961-06-21
235,Jaclyn,Bow,Jaclyn.Bow@yopmail.com,2014-02-11
236,Harmonia,Olin,Harmonia.Olin@yopmail.com,1924-12-14
237,Jordan,Granoff,Jordan.Granoff@yopmail.com,1985-06-10
238,Kaja,Skurnik,Kaja.Skurnik@yopmail.com,1946-06-09
239,Jeanna,Sacken,Jeanna.Sacken@yopmail.com,1956-05-06
240,Valeda,Tomasina,Valeda.Tomasina@yopmail.com,1962-08-30
241,Nerta,Jillane,Nerta.Jillane@yopmail.com,1984-12-26
242,Mallory,Brandice,Mallory.Brandice@yopmail.com,1927-12-04
243,Ana,Madox,Ana.Madox@yopmail.com,2000-04-01
244,Ninnetta,Stephie,Ninnetta.Stephie@yopmail.com,1992-03-29
245,Britni,Knowling,Britni.Knowling@yopmail.com,1966-12-16
246,Inga,Mitzi,Inga.Mitzi@yopmail.com,1917-06-24
247,Amara,Lanita,Amara.Lanita@yopmail.com,1945-12-03
248,Kristan,Lail,Kristan.Lail@yopmail.com,1900-06-25
249,Joleen,Gaspard,Joleen.Gaspard@yopmail.com,1904-04-26
250,Carmencita,Mendez,Carmencita.Mendez@yopmail.com,1982-05-31
251,Maud,Lia,Maud.Lia@yopmail.com,1930-08-24
252,Jessamyn,Vastah,Jessamyn.Vastah@yopmail.com,1902-01-16
253,Aurore,Mullane,Aurore.Mullane@yopmail.com,1915-04-07
254,Ira,Sprage,Ira.Sprage@yopmail.com,1924-01-26
255,Ericka,Vittoria,Ericka.Vittoria@yopmail.com,1948-09-22
256,Arabel,Salchunas,Arabel.Salchunas@yopmail.com,2010-09-26
257,Danny,Harl,Danny.Harl@yopmail.com,1943-11-11
258,Monika,Karl,Monika.Karl@yopmail.com,1979-08-31
259,Ezmeralda,Stover,Ezmeralda.Stover@yopmail.com,1968-09-26
260,Meriel,Remmer,Meriel.Remmer@yopmail.com,1924-12-23
261,Lorie,Brenn,Lorie.Brenn@yopmail.com,1913-05-15
262,Yetty,Jobi,Yetty.Jobi@yopmail.com,1923-06-01
263,Dorice,Lutero,Dorice.Lutero@yopmail.com,1914-07-12
264,Angela,Allare,Angela.Allare@yopmail.com,1960-02-19
265,Marsiella,Riva,Marsiella.Riva@yopmail.com,2018-10-25
266,Mahalia,Vernier,Mahalia.Vernier@yopmail.com,1998-03-14
267,Cathyleen,Bivins,Cathyleen.Bivins@yopmail.com,2016-05-18
268,Shell,Thornburg,Shell.Thornburg@yopmail.com,1914-11-08
269,Georgina,Byrne,Georgina.Byrne@yopmail.com,1955-02-02
270,Aubrie,Thilda,Aubrie.Thilda@yopmail.com,1985-11-17
271,Magdalena,Sibyls,Magdalena.Sibyls@yopmail.com,1903-03-11
272,Vinita,Waldron,Vinita.Waldron@yopmail.com,1900-04-27
273,Robbi,Orlene,Robbi.Orlene@yopmail.com,1958-02-20
274,Stevana,Ackerley,Stevana.Ackerley@yopmail.com,1976-01-29
275,Gerianna,Teryn,Gerianna.Teryn@yopmail.com,2019-03-17
276,Priscilla,Haymes,Priscilla.Haymes@yopmail.com,1951-08-25
277,Eve,Madaih,Eve.Madaih@yopmail.com,1993-12-08
278,Melodie,Engdahl,Melodie.Engdahl@yopmail.com,1964-11-02
279,Florencia,Anyah,Florencia.Anyah@yopmail.com,1973-06-20
280,Angelique,Krystle,Angelique.Krystle@yopmail.com,1944-09-25
281,Mathilda,Jess,Mathilda.Jess@yopmail.com,2005-11-30
282,Nicoli,Sholley,Nicoli.Sholley@yopmail.com,1947-03-02
283,Dode,Brady,Dode.Brady@yopmail.com,2000-09-14
284,Jinny,Christine,Jinny.Christine@yopmail.com,1919-08-24
285,Christal,Sacken,Christal.Sacken@yopmail.com,1923-08-28
286,Fawne,Allare,Fawne.Allare@yopmail.com,1926-12-31
287,Tierney,Gombach,Tierney.Gombach@yopmail.com,1946-11-13
288,Mathilda,Land,Mathilda.Land@yopmail.com,1964-04-19
289,Mady,Diogenes,Mady.Diogenes@yopmail.com,1947-08-02
290,Tracey,Gilbertson,Tracey.Gilbertson@yopmail.com,1983-04-26
291,Brianna,Baylor,Brianna.Baylor@yopmail.com,1934-11-27
292,Wynne,Miru,Wynne.Miru@yopmail.com,1939-04-25
293,Clary,Faria,Clary.Faria@yopmail.com,1987-04-29
294,Sissy,Yuille,Sissy.Yuille@yopmail.com,2013-05-17
295,Ginnie,Lorain,Ginnie.Lorain@yopmail.com,1903-06-12
296,Sidoney,Irmine,Sidoney.Irmine@yopmail.com,1965-06-24
297,Michaelina,Kosey,Michaelina.Kosey@yopmail.com,1981-02-04
298,Selma,Marcellus,Selma.Marcellus@yopmail.com,1901-10-14
299,Rebeca,Lubin,Rebeca.Lubin@yopmail.com,1973-11-27
300,Valli,Tillford,Valli.Tillford@yopmail.com,1915-01-21
301,Lory,Septima,Lory.Septima@yopmail.com,1956-08-10
302,Nollie,Tatianas,Nollie.Tatianas@yopmail.com,1998-12-07
303,Nyssa,O'Rourke,Nyssa.O'Rourke@yopmail.com,1932-01-24
304,Leanna,Carvey,Leanna.Carvey@yopmail.com,1934-08-30
305,Clarice,Ruvolo,Clarice.Ruvolo@yopmail.com,1991-09-05
306,Gwyneth,Plato,Gwyneth.Plato@yopmail.com,1904-08-08
307,Elise,Dannye,Elise.Dannye@yopmail.com,1991-02-16
308,Oona,Myrilla,Oona.Myrilla@yopmail.com,1950-07-31
309,Nelle,Revkah,Nelle.Revkah@yopmail.com,2006-01-05
310,Selma,Bohlin,Selma.Bohlin@yopmail.com,1902-07-31
311,Dawn,Peonir,Dawn.Peonir@yopmail.com,2013-11-30
312,Wynne,Ricarda,Wynne.Ricarda@yopmail.com,1990-04-19
313,Jean,Dominy,Jean.Dominy@yopmail.com,2006-02-14
314,Chloris,Billye,Chloris.Billye@yopmail.com,1994-03-05
315,Ellette,Maryanne,Ellette.Maryanne@yopmail.com,1950-05-25
316,Dorice,Ezar,Dorice.Ezar@yopmail.com,1972-08-04
317,Raquela,Norrie,Raquela.Norrie@yopmail.com,1956-12-07
318,Dulcinea,Bethany,Dulcinea.Bethany@yopmail.com,1950-12-26
319,Fernande,Arley,Fernande.Arley@yopmail.com,1937-07-05
320,Candi,Truc,Candi.Truc@yopmail.com,1937-11-25
321,Tatiania,Rubie,Tatiania.Rubie@yopmail.com,1960-07-09
322,Jacenta,Bergman,Jacenta.Bergman@yopmail.com,1932-11-19
323,Angela,Othilia,Angela.Othilia@yopmail.com,1938-02-23
324,Orelia,Maiah,Orelia.Maiah@yopmail.com,1931-11-28
325,Hyacinthe,Mauer,Hyacinthe.Mauer@yopmail.com,2006-08-08
326,Devina,Crudden,Devina.Crudden@yopmail.com,2013-12-03
327,Concettina,Yoko,Concettina.Yoko@yopmail.com,1985-10-17
328,Barbi,Gilbertson,Barbi.Gilbertson@yopmail.com,2014-01-31
329,Merle,Bronk,Merle.Bronk@yopmail.com,1961-12-31
330,Pierette,Johanna,Pierette.Johanna@yopmail.com,1960-11-25
331,Ernesta,Giule,Ernesta.Giule@yopmail.com,1983-10-03
332,Jenilee,Camden,Jenilee.Camden@yopmail.com,1968-12-29
333,Demetris,Buckler,Demetris.Buckler@yopmail.com,1930-07-05
334,Minne,Weitman,Minne.Weitman@yopmail.com,1950-08-03
335,Lisette,Westphal,Lisette.Westphal@yopmail.com,1995-07-09
336,Regina,Prouty,Regina.Prouty@yopmail.com,1928-01-11
337,Nananne,Halsey,Nananne.Halsey@yopmail.com,1996-12-16
338,Sean,Schroth,Sean.Schroth@yopmail.com,1926-10-09
339,Taffy,Robertson,Taffy.Robertson@yopmail.com,2003-10-09
340,Dulcinea,Masao,Dulcinea.Masao@yopmail.com,1990-03-27
341,Tatiania,Nunci,Tatiania.Nunci@yopmail.com,1982-05-16
342,Maryellen,Mauer,Maryellen.Mauer@yopmail.com,2015-10-07
343,Glenda,Middleton,Glenda.Middleton@yopmail.com,1908-03-25
344,Emelina,Tamsky,Emelina.Tamsky@yopmail.com,1976-12-12
345,Karina,Alabaster,Karina.Alabaster@yopmail.com,1983-10-22
346,Cecile,Denis,Cecile.Denis@yopmail.com,1934-09-07
347,Vanessa,Hanleigh,Vanessa.Hanleigh@yopmail.com,1983-11-16
348,Ayn,Astra,Ayn.Astra@yopmail.com,1968-01-04
349,Belva,Westphal,Belva.Westphal@yopmail.com,1974-02-04
350,Anallese,Means,Anallese.Means@yopmail.com,2004-01-04
351,Jaclyn,Moina,Jaclyn.Moina@yopmail.com,1974-12-06
352,Kristina,Olin,Kristina.Olin@yopmail.com,1989-11-23
353,Yetty,Kelula,Yetty.Kelula@yopmail.com,1944-12-09
354,Dulcinea,Moina,Dulcinea.Moina@yopmail.com,1957-05-20
355,Dania,Ahab,Dania.Ahab@yopmail.com,1978-07-02
356,Brana,Bobbee,Brana.Bobbee@yopmail.com,2014-04-13
357,Cindelyn,Stacy,Cindelyn.Stacy@yopmail.com,1990-09-14
358,Fawne,Mallon,Fawne.Mallon@yopmail.com,1969-03-15
359,Etta,Gerge,Etta.Gerge@yopmail.com,1908-06-12
360,Cam,Jammal,Cam.Jammal@yopmail.com,1907-05-15
361,Cyndie,Gherardo,Cyndie.Gherardo@yopmail.com,2002-08-09
362,Eolanda,Thema,Eolanda.Thema@yopmail.com,1930-05-26
363,Corene,Cyrie,Corene.Cyrie@yopmail.com,1959-06-12
364,Tilly,Ursulette,Tilly.Ursulette@yopmail.com,1919-10-05
365,Chere,Daveta,Chere.Daveta@yopmail.com,1948-04-02
366,Chloris,Annice,Chloris.Annice@yopmail.com,1905-10-06
367,Meg,Marcellus,Meg.Marcellus@yopmail.com,1992-05-10
368,Gusella,Gherardo,Gusella.Gherardo@yopmail.com,1982-11-29
369,Sonni,Lindemann,Sonni.Lindemann@yopmail.com,1968-09-06
370,Tomasina,Hurley,Tomasina.Hurley@yopmail.com,1978-12-25
371,Lynnea,Bouchard,Lynnea.Bouchard@yopmail.com,1954-03-23
372,Helena,Bertold,Helena.Bertold@yopmail.com,1969-06-10
373,Dagmar,Wareing,Dagmar.Wareing@yopmail.com,1944-01-25
374,Ashlee,Mata,Ashlee.Mata@yopmail.com,1901-03-26
375,Nicoli,Alrich,Nicoli.Alrich@yopmail.com,1963-11-16
376,Chastity,Medrek,Chastity.Medrek@yopmail.com,1939-10-22
377,Gerrie,Fiann,Gerrie.Fiann@yopmail.com,1903-04-07
378,Corry,Weitman,Corry.Weitman@yopmail.com,1985-11-07
379,Feliza,Martguerita,Feliza.Martguerita@yopmail.com,1929-09-17
380,Dode,Bivins,Dode.Bivins@yopmail.com,2017-07-13
381,Dode,Verger,Dode.Verger@yopmail.com,1970-07-14
382,Charlena,Leifeste,Charlena.Leifeste@yopmail.com,2016-06-12
383,Gabriellia,Maples,Gabriellia.Maples@yopmail.com,1927-02-10
384,Ottilie,Kenwood,Ottilie.Kenwood@yopmail.com,2003-01-18
385,Lilith,Tengdin,Lilith.Tengdin@yopmail.com,1928-01-16
386,Barbara,Zetta,Barbara.Zetta@yopmail.com,2006-10-31
387,Fidelia,Pernick,Fidelia.Pernick@yopmail.com,1931-09-18
388,Amii,Marijo,Amii.Marijo@yopmail.com,1922-02-09
389,Sam,Tufts,Sam.Tufts@yopmail.com,1987-09-18
390,Marline,Saree,Marline.Saree@yopmail.com,1902-05-18
391,Cacilie,Wilona,Cacilie.Wilona@yopmail.com,1981-08-15
392,Chrystel,Santoro,Chrystel.Santoro@yopmail.com,2001-04-07
393,Jolyn,Halla,Jolyn.Halla@yopmail.com,1923-05-14
394,Marcy,Gavrila,Marcy.Gavrila@yopmail.com,1980-06-29
395,Brena,Ball,Brena.Ball@yopmail.com,1976-01-12
396,Cristine,Skell,Cristine.Skell@yopmail.com,1965-10-20
397,Maridel,Torray,Maridel.Torray@yopmail.com,1950-08-13
398,Kore,Cyrie,Kore.Cyrie@yopmail.com,1999-05-24
399,Ivett,Newell,Ivett.Newell@yopmail.com,1972-03-12
400,Kaja,Sparhawk,Kaja.Sparhawk@yopmail.com,1933-09-02
401,Dania,Doig,Dania.Doig@yopmail.com,1904-05-20
402,Lonnie,Nahum,Lonnie.Nahum@yopmail.com,1967-01-04
403,Aimil,Cutlerr,Aimil.Cutlerr@yopmail.com,1953-09-30
404,Lanna,Lareena,Lanna.Lareena@yopmail.com,1981-03-07
405,Christal,Tarrant,Christal.Tarrant@yopmail.com,1909-07-11
406,Vere,Nahum,Vere.Nahum@yopmail.com,1969-07-27
407,Cathyleen,Brenn,Cathyleen.Brenn@yopmail.com,2018-08-04
408,Viki,Salvidor,Viki.Salvidor@yopmail.com,1965-06-29
409,Christal,Imelida,Christal.Imelida@yopmail.com,1934-10-02
410,Aimil,Helfand,Aimil.Helfand@yopmail.com,1933-07-02
411,Stacey,Weinreb,Stacey.Weinreb@yopmail.com,1915-11-05
412,Pearline,My,Pearline.My@yopmail.com,1968-06-03
413,Henriette,Pierette,Henriette.Pierette@yopmail.com,1916-07-15
414,Kenna,Primalia,Kenna.Primalia@yopmail.com,1937-11-11
415,Sara-Ann,Ries,Sara-Ann.Ries@yopmail.com,1901-10-21
416,Monika,Dulciana,Monika.Dulciana@yopmail.com,1955-07-23
417,Fred,Codding,Fred.Codding@yopmail.com,1980-05-12
418,Elie,Ortrude,Elie.Ortrude@yopmail.com,2001-11-07
419,Carolina,Morehouse,Carolina.Morehouse@yopmail.com,2010-02-18
420,Jinny,Tristram,Jinny.Tristram@yopmail.com,1918-01-31
421,Lily,Redmond,Lily.Redmond@yopmail.com,2016-09-15
422,Estell,Pauly,Estell.Pauly@yopmail.com,1977-04-08
423,Corly,Edison,Corly.Edison@yopmail.com,1955-11-28
424,Selma,Maxi,Selma.Maxi@yopmail.com,2004-02-12
425,Myriam,Etom,Myriam.Etom@yopmail.com,2009-06-04
426,Nessie,Doig,Nessie.Doig@yopmail.com,1991-12-27
427,Cissiee,Chaing,Cissiee.Chaing@yopmail.com,1969-10-02
428,Fayre,Si,Fayre.Si@yopmail.com,1937-09-04
429,Ronna,Harday,Ronna.Harday@yopmail.com,1931-02-02
430,Tori,Esmaria,Tori.Esmaria@yopmail.com,1912-04-11
431,Ada,Imelida,Ada.Imelida@yopmail.com,1970-04-23
432,Johna,Silvan,Johna.Silvan@yopmail.com,1994-02-03
433,Alleen,Bakerman,Alleen.Bakerman@yopmail.com,2003-05-30
434,Fred,Ralfston,Fred.Ralfston@yopmail.com,1949-08-24
435,Lorne,Firmin,Lorne.Firmin@yopmail.com,1969-07-12
436,Maud,Carleen,Maud.Carleen@yopmail.com,1953-03-04
437,Latisha,Edvard,Latisha.Edvard@yopmail.com,1984-09-18
438,Sarette,Helve,Sarette.Helve@yopmail.com,1926-04-11
439,Libbie,Arquit,Libbie.Arquit@yopmail.com,2013-08-20
440,Joane,Hieronymus,Joane.Hieronymus@yopmail.com,1992-11-15
441,Corene,Mathilde,Corene.Mathilde@yopmail.com,2011-04-10
442,Lusa,Prober,Lusa.Prober@yopmail.com,2007-11-23
443,Hyacinthe,Nisbet,Hyacinthe.Nisbet@yopmail.com,1973-11-30
444,Gilda,Ardeha,Gilda.Ardeha@yopmail.com,1960-09-12
445,Lesly,Publia,Lesly.Publia@yopmail.com,1917-05-29
446,Alyssa,Marsden,Alyssa.Marsden@yopmail.com,1902-04-13
447,Yvonne,Bibi,Yvonne.Bibi@yopmail.com,1984-04-10
448,Anallese,Brady,Anallese.Brady@yopmail.com,1992-09-30
449,Mallory,Helve,Mallory.Helve@yopmail.com,2004-02-12
450,Noelle,Cadmar,Noelle.Cadmar@yopmail.com,1939-01-30
451,Nanete,Hollingsworth,Nanete.Hollingsworth@yopmail.com,1934-08-12
452,Jasmina,Romelda,Jasmina.Romelda@yopmail.com,1944-06-06
453,Helena,Wadell,Helena.Wadell@yopmail.com,2012-08-24
454,Grier,Latini,Grier.Latini@yopmail.com,1983-03-31
455,Candi,Capello,Candi.Capello@yopmail.com,1986-05-11
456,Jany,Dreda,Jany.Dreda@yopmail.com,2018-02-25
457,Kore,Wenda,Kore.Wenda@yopmail.com,1990-09-06
458,Molli,Ammann,Molli.Ammann@yopmail.com,2011-02-13
459,Gabriellia,Estella,Gabriellia.Estella@yopmail.com,1913-07-21
460,Kaja,Lacombe,Kaja.Lacombe@yopmail.com,2012-03-13
461,Sherrie,Carvey,Sherrie.Carvey@yopmail.com,1981-05-16
462,Tiffie,Terrence,Tiffie.Terrence@yopmail.com,1960-07-14
463,Dacia,Torray,Dacia.Torray@yopmail.com,1973-07-04
464,Carly,Morrill,Carly.Morrill@yopmail.com,1951-01-20
465,Rochette,Durware,Rochette.Durware@yopmail.com,1955-03-03
466,Corina,Silvan,Corina.Silvan@yopmail.com,1937-04-04
467,Bernie,Glenden,Bernie.Glenden@yopmail.com,1972-11-29
468,Genevra,Garbe,Genevra.Garbe@yopmail.com,1990-09-10
469,Dede,Etom,Dede.Etom@yopmail.com,1989-02-10
470,Lelah,Paton,Lelah.Paton@yopmail.com,1996-10-04
471,Janenna,Shanley,Janenna.Shanley@yopmail.com,1940-04-21
472,Lorie,Colleen,Lorie.Colleen@yopmail.com,1985-05-23
473,Lexine,Philipp,Lexine.Philipp@yopmail.com,1975-01-06
474,Deane,Tice,Deane.Tice@yopmail.com,1936-11-06
475,Danny,Voletta,Danny.Voletta@yopmail.com,1947-02-02
476,Etta,Voletta,Etta.Voletta@yopmail.com,1965-01-15
477,Jobi,Aurelio,Jobi.Aurelio@yopmail.com,2013-05-27
478,Roz,Lanita,Roz.Lanita@yopmail.com,2011-12-09
479,Rhea,Couture,Rhea.Couture@yopmail.com,1911-11-30
480,Desirae,Trinetta,Desirae.Trinetta@yopmail.com,1938-04-03
481,Perry,Katrine,Perry.Katrine@yopmail.com,1914-03-16
482,Susan,Radu,Susan.Radu@yopmail.com,1906-08-28
483,Brietta,Claudine,Brietta.Claudine@yopmail.com,1951-04-17
484,Merry,Merna,Merry.Merna@yopmail.com,1952-12-07
485,Margalo,Milson,Margalo.Milson@yopmail.com,2001-07-02
486,Giustina,Hurley,Giustina.Hurley@yopmail.com,1904-10-06
487,Yetty,Dulciana,Yetty.Dulciana@yopmail.com,2015-10-02
488,Dale,Atcliffe,Dale.Atcliffe@yopmail.com,1959-12-27
489,Ulrike,Daniele,Ulrike.Daniele@yopmail.com,2006-06-21
490,Delilah,Markman,Delilah.Markman@yopmail.com,1982-08-16
491,Daune,Dyche,Daune.Dyche@yopmail.com,1963-05-31
492,Ericka,Cecile,Ericka.Cecile@yopmail.com,1917-01-21
493,Madalyn,Hollingsworth,Madalyn.Hollingsworth@yopmail.com,1924-03-05
494,Frieda,Bonucci,Frieda.Bonucci@yopmail.com,1998-04-08
495,Beth,Sammons,Beth.Sammons@yopmail.com,1985-12-28
496,Olivette,Chaing,Olivette.Chaing@yopmail.com,1987-03-23
497,Trudie,Bandeen,Trudie.Bandeen@yopmail.com,2005-05-09
498,Melina,Delila,Melina.Delila@yopmail.com,1989-01-29
499,Sadie,Cristi,Sadie.Cristi@yopmail.com,1963-08-05
500,Alie,Pascia,Alie.Pascia@yopmail.com,1964-05-18
501,Harrietta,Cimbura,Harrietta.Cimbura@yopmail.com,1974-08-17
502,Kary,Urania,Kary.Urania@yopmail.com,1955-03-08
503,Feliza,Grosz,Feliza.Grosz@yopmail.com,1902-06-05
504,Audrie,Linskey,Audrie.Linskey@yopmail.com,1971-01-28
505,Leeanne,Sinegold,Leeanne.Sinegold@yopmail.com,1957-01-09
506,Lizzie,Rugen,Lizzie.Rugen@yopmail.com,1996-01-21
507,Julieta,Wareing,Julieta.Wareing@yopmail.com,1978-09-19
508,Nessie,Garek,Nessie.Garek@yopmail.com,1943-11-06
509,Jenilee,Atcliffe,Jenilee.Atcliffe@yopmail.com,1982-06-12
510,Tierney,Odell,Tierney.Odell@yopmail.com,1975-01-22
511,Christal,Adlare,Christal.Adlare@yopmail.com,1952-03-04
512,Caressa,Gillan,Caressa.Gillan@yopmail.com,2006-02-01
513,Bernardine,Santoro,Bernardine.Santoro@yopmail.com,1953-10-21
514,Hallie,Ioab,Hallie.Ioab@yopmail.com,1979-12-21
515,Rozele,Harriman,Rozele.Harriman@yopmail.com,1988-05-28
516,Mary,Fulmer,Mary.Fulmer@yopmail.com,1969-03-17
517,Katleen,Ball,Katleen.Ball@yopmail.com,1932-12-11
518,Randa,Soneson,Randa.Soneson@yopmail.com,1958-07-21
519,Libbie,Scammon,Libbie.Scammon@yopmail.com,1918-08-06
520,Carmencita,Mendez,Carmencita.Mendez@yopmail.com,1997-06-08
521,Debee,Lattie,Debee.Lattie@yopmail.com,1985-11-12
522,Annora,Seessel,Annora.Seessel@yopmail.com,1984-08-22
523,Roslyn,Elisha,Roslyn.Elisha@yopmail.com,1981-05-09
524,Nikki,Bates,Nikki.Bates@yopmail.com,1949-12-09
525,Mureil,Korey,Mureil.Korey@yopmail.com,1951-11-07
526,Josephine,Annabella,Josephine.Annabella@yopmail.com,1990-07-25
527,Jere,Vastah,Jere.Vastah@yopmail.com,1923-08-13
528,Giustina,Lumbard,Giustina.Lumbard@yopmail.com,2012-06-29
529,Gerrie,Hermes,Gerrie.Hermes@yopmail.com,1989-04-12
530,Willetta,Argus,Willetta.Argus@yopmail.com,1995-07-03
531,Kial,Melleta,Kial.Melleta@yopmail.com,1962-11-15
532,Gloria,Kesley,Gloria.Kesley@yopmail.com,1913-12-18
533,Britte,Marcellus,Britte.Marcellus@yopmail.com,2006-05-02
534,Halette,Schwejda,Halette.Schwejda@yopmail.com,1904-07-18
535,Ellette,Zenas,Ellette.Zenas@yopmail.com,1907-01-23
536,Kial,Dituri,Kial.Dituri@yopmail.com,1973-09-10
537,Daune,Wesle,Daune.Wesle@yopmail.com,1941-02-24
538,Mildrid,Boycey,Mildrid.Boycey@yopmail.com,1973-07-23
539,Margarette,Couture,Margarette.Couture@yopmail.com,2007-02-04
540,Eolanda,Birdella,Eolanda.Birdella@yopmail.com,1989-06-26
541,Leontine,Trace,Leontine.Trace@yopmail.com,1922-04-19
542,Yetty,Bearnard,Yetty.Bearnard@yopmail.com,1942-04-04
543,Layla,Carri,Layla.Carri@yopmail.com,1972-06-18
544,Britte,Edison,Britte.Edison@yopmail.com,1974-06-27
545,Celisse,Sinegold,Celisse.Sinegold@yopmail.com,1986-07-21
546,Lucy,Jorgan,Lucy.Jorgan@yopmail.com,1965-08-06
547,Arabel,Telfer,Arabel.Telfer@yopmail.com,1912-04-09
548,Dotty,Brittani,Dotty.Brittani@yopmail.com,1950-06-17
549,Romona,Peti,Romona.Peti@yopmail.com,1978-04-28
550,Modestia,Seumas,Modestia.Seumas@yopmail.com,1925-03-29
551,Marsiella,Bobbee,Marsiella.Bobbee@yopmail.com,1994-10-07
552,Jere,Hylan,Jere.Hylan@yopmail.com,1936-06-05
553,Ada,Raimondo,Ada.Raimondo@yopmail.com,1993-08-28
554,Elfreda,Garbe,Elfreda.Garbe@yopmail.com,1922-02-19
555,Britni,Talia,Britni.Talia@yopmail.com,1966-05-24
556,Blondelle,Joachim,Blondelle.Joachim@yopmail.com,2007-12-19
557,Carly,Deny,Carly.Deny@yopmail.com,1935-06-11
558,Margarette,Wildermuth,Margarette.Wildermuth@yopmail.com,1911-01-24
559,Gabi,O'Rourke,Gabi.O'Rourke@yopmail.com,1939-01-14
560,Gilligan,McCutcheon,Gilligan.McCutcheon@yopmail.com,1948-09-04
561,Rochette,Carvey,Rochette.Carvey@yopmail.com,1939-12-09
562,Mariele,Bakerman,Mariele.Bakerman@yopmail.com,1933-03-23
563,Judy,Laurianne,Judy.Laurianne@yopmail.com,2001-03-13
564,Shaylyn,Gert,Shaylyn.Gert@yopmail.com,1974-03-19
565,Pierette,Jarib,Pierette.Jarib@yopmail.com,2007-05-11
566,Stevana,Devlen,Stevana.Devlen@yopmail.com,1910-06-28
567,Dale,Neils,Dale.Neils@yopmail.com,1972-03-25
568,Hannis,Ingra,Hannis.Ingra@yopmail.com,1961-04-24
569,Constance,Velick,Constance.Velick@yopmail.com,1937-08-27
570,Kristina,Pandolfi,Kristina.Pandolfi@yopmail.com,1988-10-05
571,Kaia,Niccolo,Kaia.Niccolo@yopmail.com,1956-04-22
572,Perry,Roche,Perry.Roche@yopmail.com,1925-01-19
573,Cathyleen,Erminia,Cathyleen.Erminia@yopmail.com,1925-08-23
574,Janey,Hertzfeld,Janey.Hertzfeld@yopmail.com,1975-06-03
575,Donnie,Hortensia,Donnie.Hortensia@yopmail.com,1919-06-22
576,Letizia,Chobot,Letizia.Chobot@yopmail.com,1982-03-16
577,Maryellen,Mata,Maryellen.Mata@yopmail.com,1927-04-25
578,Vinita,Trey,Vinita.Trey@yopmail.com,1989-12-06
579,Lilith,Lewes,Lilith.Lewes@yopmail.com,1990-11-19
580,Lolita,Durware,Lolita.Durware@yopmail.com,1970-05-01
581,Mariele,Scammon,Mariele.Scammon@yopmail.com,1925-05-19
582,Jobi,Mehalek,Jobi.Mehalek@yopmail.com,2019-02-07
583,Shell,Phyllis,Shell.Phyllis@yopmail.com,1962-02-27
584,Theodora,Francyne,Theodora.Francyne@yopmail.com,1925-04-11
585,Alie,Schalles,Alie.Schalles@yopmail.com,1929-06-15
586,Sarette,Nerita,Sarette.Nerita@yopmail.com,1976-07-25
587,Aurelie,Zenas,Aurelie.Zenas@yopmail.com,1907-10-20
588,Veda,Lalitta,Veda.Lalitta@yopmail.com,2012-01-07
589,Kathi,Bluh,Kathi.Bluh@yopmail.com,1975-01-15
590,Louella,Reneta,Louella.Reneta@yopmail.com,1904-04-27
591,Lorne,Goddard,Lorne.Goddard@yopmail.com,1918-12-05
592,Harrietta,Janith,Harrietta.Janith@yopmail.com,2008-07-28
593,Kara-Lynn,Ariella,Kara-Lynn.Ariella@yopmail.com,1901-08-13
594,Loree,Artie,Loree.Artie@yopmail.com,2003-12-12
595,Stevana,Clarissa,Stevana.Clarissa@yopmail.com,1975-10-30
596,Fina,Alrich,Fina.Alrich@yopmail.com,1918-05-24
597,Marsiella,Koehler,Marsiella.Koehler@yopmail.com,1937-06-05
598,Gabi,Agle,Gabi.Agle@yopmail.com,1985-06-19
599,Fredericka,Nahum,Fredericka.Nahum@yopmail.com,2010-08-15
600,Christian,Juan,Christian.Juan@yopmail.com,1921-10-30
601,Mahalia,Pond,Mahalia.Pond@yopmail.com,1904-09-22
602,Corina,Blake,Corina.Blake@yopmail.com,1901-09-20
603,Keelia,Connelly,Keelia.Connelly@yopmail.com,1920-01-13
604,Gloria,Ader,Gloria.Ader@yopmail.com,1988-02-29
605,Adelle,Beniamino,Adelle.Beniamino@yopmail.com,2007-01-24
606,Inga,Gaynor,Inga.Gaynor@yopmail.com,1943-08-29
607,Jenilee,Dorine,Jenilee.Dorine@yopmail.com,1969-05-11
608,Kalina,Rudolph,Kalina.Rudolph@yopmail.com,1963-10-10
609,Maryellen,Afton,Maryellen.Afton@yopmail.com,1923-05-02
610,Penelopa,Ortrude,Penelopa.Ortrude@yopmail.com,1902-06-17
611,Madelle,Krystle,Madelle.Krystle@yopmail.com,1960-03-25
612,Averyl,Rurik,Averyl.Rurik@yopmail.com,1911-03-08
613,Florie,Morgun,Florie.Morgun@yopmail.com,1965-07-24
614,Sybille,Allys,Sybille.Allys@yopmail.com,2005-11-15
615,Maryellen,Carlson,Maryellen.Carlson@yopmail.com,1989-05-15
616,Ermengarde,Obed,Ermengarde.Obed@yopmail.com,1937-05-06
617,Consuela,Burch,Consuela.Burch@yopmail.com,1935-03-17
618,Nannie,Bearnard,Nannie.Bearnard@yopmail.com,1937-12-08
619,Ivett,Poppy,Ivett.Poppy@yopmail.com,1940-05-19
620,Beatriz,Kenney,Beatriz.Kenney@yopmail.com,1928-08-04
621,Josephine,Darbie,Josephine.Darbie@yopmail.com,1993-12-14
622,Doro,Seligman,Doro.Seligman@yopmail.com,1930-03-16
623,Theodora,Elbertina,Theodora.Elbertina@yopmail.com,1997-04-09
624,Adore,Atonsah,Adore.Atonsah@yopmail.com,1978-07-23
625,Thalia,Monk,Thalia.Monk@yopmail.com,1912-12-04
626,Elvira,Tiffa,Elvira.Tiffa@yopmail.com,2006-05-31
627,Ellette,Croix,Ellette.Croix@yopmail.com,1948-11-24
628,Josephine,Ashok,Josephine.Ashok@yopmail.com,2014-04-20
629,Jasmina,Ellord,Jasmina.Ellord@yopmail.com,2012-04-16
630,Kore,Francyne,Kore.Francyne@yopmail.com,1937-11-19
631,Beverley,Ball,Beverley.Ball@yopmail.com,1973-12-18
632,Aeriela,Charity,Aeriela.Charity@yopmail.com,2005-09-14
633,Winny,Suk,Winny.Suk@yopmail.com,1970-06-21
634,Jackie,Corrine,Jackie.Corrine@yopmail.com,1940-03-09
635,Anestassia,Cohdwell,Anestassia.Cohdwell@yopmail.com,1927-10-21
636,Tina,Zetta,Tina.Zetta@yopmail.com,1989-03-24
637,Gerrie,Iaverne,Gerrie.Iaverne@yopmail.com,1987-12-31
638,Mady,McGrody,Mady.McGrody@yopmail.com,1928-11-02
639,Jacquetta,Bord,Jacquetta.Bord@yopmail.com,1977-07-01
640,Penelopa,Pierette,Penelopa.Pierette@yopmail.com,1999-07-05
641,Teriann,Secrest,Teriann.Secrest@yopmail.com,1951-05-29
642,Glenda,Cullin,Glenda.Cullin@yopmail.com,1974-01-16
643,Yetty,Douglass,Yetty.Douglass@yopmail.com,1974-11-25
644,Mamie,Tice,Mamie.Tice@yopmail.com,1959-08-13
645,Candi,Maples,Candi.Maples@yopmail.com,2004-12-05
646,Meriel,Bultman,Meriel.Bultman@yopmail.com,1940-08-18
647,Tera,Latini,Tera.Latini@yopmail.com,1916-02-04
648,Ira,Eno,Ira.Eno@yopmail.com,2002-11-19
649,Ulrike,Annice,Ulrike.Annice@yopmail.com,1994-08-09
650,Ottilie,Gunn,Ottilie.Gunn@yopmail.com,1997-10-23
651,Shannah,Cristi,Shannah.Cristi@yopmail.com,1970-11-16
652,Antonietta,Malina,Antonietta.Malina@yopmail.com,2010-11-17
653,Dotty,Gombach,Dotty.Gombach@yopmail.com,1991-08-27
654,Merrie,Lumbard,Merrie.Lumbard@yopmail.com,1930-11-19
655,Maye,Schwejda,Maye.Schwejda@yopmail.com,1957-08-14
656,Stacey,Lattie,Stacey.Lattie@yopmail.com,1945-04-20
657,Jillayne,Smitt,Jillayne.Smitt@yopmail.com,1971-09-29
658,Amelia,Ashely,Amelia.Ashely@yopmail.com,1970-03-27
659,Gusella,Howlyn,Gusella.Howlyn@yopmail.com,1962-06-19
660,Lusa,Roarke,Lusa.Roarke@yopmail.com,1903-10-15
661,Annora,Olnee,Annora.Olnee@yopmail.com,1990-11-14
662,Rani,Darrell,Rani.Darrell@yopmail.com,2008-04-27
663,Margarette,Killigrew,Margarette.Killigrew@yopmail.com,1955-05-01
664,Joleen,Wildermuth,Joleen.Wildermuth@yopmail.com,1919-12-29
665,Kial,Tarrant,Kial.Tarrant@yopmail.com,2011-02-02
666,Silvana,Avi,Silvana.Avi@yopmail.com,2005-09-18
667,Oona,Crudden,Oona.Crudden@yopmail.com,1921-06-07
668,Jemie,Tryck,Jemie.Tryck@yopmail.com,1900-11-01
669,Starla,Kylander,Starla.Kylander@yopmail.com,1927-09-06
670,Hermione,Wiener,Hermione.Wiener@yopmail.com,1937-07-20
671,Delilah,Malina,Delilah.Malina@yopmail.com,1962-07-29
672,Melanie,Louanna,Melanie.Louanna@yopmail.com,1988-03-16
673,Carol-Jean,Chandler,Carol-Jean.Chandler@yopmail.com,1986-12-26
674,Misha,Joni,Misha.Joni@yopmail.com,1975-07-27
675,Tiffie,Morgun,Tiffie.Morgun@yopmail.com,1954-09-29
676,Lisette,Fulmer,Lisette.Fulmer@yopmail.com,1920-09-17
677,Deloria,Deny,Deloria.Deny@yopmail.com,1967-06-01
678,Alisha,Amand,Alisha.Amand@yopmail.com,1950-08-09
679,Rozele,Carey,Rozele.Carey@yopmail.com,1970-04-01
680,Darlleen,Jess,Darlleen.Jess@yopmail.com,1988-09-28
681,Alia,Ellerey,Alia.Ellerey@yopmail.com,1979-12-01
682,Melodie,Maples,Melodie.Maples@yopmail.com,2008-03-13
683,Charmaine,Agle,Charmaine.Agle@yopmail.com,1947-10-02
684,Teddie,Klemperer,Teddie.Klemperer@yopmail.com,1939-03-29
685,Imojean,Gherardo,Imojean.Gherardo@yopmail.com,1990-09-25
686,Viki,Claudine,Viki.Claudine@yopmail.com,1901-06-07
687,Myrtice,Byrne,Myrtice.Byrne@yopmail.com,2017-04-25
688,Lusa,Felizio,Lusa.Felizio@yopmail.com,1905-05-05
689,Dawn,An,Dawn.An@yopmail.com,2006-03-22
690,Merle,Narton,Merle.Narton@yopmail.com,1952-06-15
691,Queenie,Lucienne,Queenie.Lucienne@yopmail.com,1953-01-12
692,Alleen,Goode,Alleen.Goode@yopmail.com,2011-10-15
693,Nessie,Mathilde,Nessie.Mathilde@yopmail.com,1937-09-09
694,Tiffie,Minetta,Tiffie.Minetta@yopmail.com,1987-11-13
695,Wilma,Cavan,Wilma.Cavan@yopmail.com,1931-07-14
696,Suzette,Albertine,Suzette.Albertine@yopmail.com,1946-04-04
697,Gilda,Zenas,Gilda.Zenas@yopmail.com,1936-06-01
698,Celene,Gualtiero,Celene.Gualtiero@yopmail.com,2007-06-13
699,Cherrita,Cyrie,Cherrita.Cyrie@yopmail.com,2000-02-19
700,Joleen,Hedve,Joleen.Hedve@yopmail.com,1969-05-19
701,Kamilah,Skurnik,Kamilah.Skurnik@yopmail.com,1967-01-26
702,Helena,Love,Helena.Love@yopmail.com,1939-06-05
703,Ottilie,Ciapas,Ottilie.Ciapas@yopmail.com,1967-05-06
704,Eadie,Sawtelle,Eadie.Sawtelle@yopmail.com,1995-09-19
705,Marinna,Alwin,Marinna.Alwin@yopmail.com,2013-07-17
706,Gale,Bahr,Gale.Bahr@yopmail.com,1925-02-22
707,Kimmy,Gunn,Kimmy.Gunn@yopmail.com,1990-01-03
708,Lonnie,Berne,Lonnie.Berne@yopmail.com,1939-04-16
709,Chloris,Leffen,Chloris.Leffen@yopmail.com,2008-06-13
710,Ardys,Bollay,Ardys.Bollay@yopmail.com,1997-03-23
711,Shaylyn,Jacobah,Shaylyn.Jacobah@yopmail.com,1907-09-29
712,Farrah,Borrell,Farrah.Borrell@yopmail.com,1950-06-10
713,Kara-Lynn,Keily,Kara-Lynn.Keily@yopmail.com,1952-10-25
714,Mary,Grobe,Mary.Grobe@yopmail.com,1993-03-08
715,Pearline,Lorain,Pearline.Lorain@yopmail.com,2014-04-28
716,Kathy,Doig,Kathy.Doig@yopmail.com,1987-12-01
717,Gusty,Hailee,Gusty.Hailee@yopmail.com,2008-09-15
718,Reeba,Sibyls,Reeba.Sibyls@yopmail.com,1914-07-08
719,Jennica,Koehler,Jennica.Koehler@yopmail.com,1919-03-29
720,Mallory,Jobi,Mallory.Jobi@yopmail.com,1968-02-12
721,Louella,Dielu,Louella.Dielu@yopmail.com,1969-11-22
722,Marguerite,Braun,Marguerite.Braun@yopmail.com,1956-10-12
723,Melanie,Septima,Melanie.Septima@yopmail.com,1929-09-24
724,Dominga,Shaver,Dominga.Shaver@yopmail.com,1905-06-20
725,Sabina,Ashok,Sabina.Ashok@yopmail.com,2011-07-21
726,Nikki,Stelle,Nikki.Stelle@yopmail.com,2013-08-02
727,Reeba,Manolo,Reeba.Manolo@yopmail.com,1964-05-06
728,Clementine,Ellerey,Clementine.Ellerey@yopmail.com,1905-03-19
729,Meghann,Wilona,Meghann.Wilona@yopmail.com,1930-07-30
730,Aimil,Jacqui,Aimil.Jacqui@yopmail.com,1902-04-08
731,Sharlene,Schwejda,Sharlene.Schwejda@yopmail.com,1953-09-02
732,Dede,Karylin,Dede.Karylin@yopmail.com,2005-11-13
733,Mady,Lane,Mady.Lane@yopmail.com,1984-01-23
734,Adele,Soneson,Adele.Soneson@yopmail.com,2010-11-13
735,Kylynn,Nea,Kylynn.Nea@yopmail.com,1996-07-09
736,Sarette,Ulphia,Sarette.Ulphia@yopmail.com,1937-09-13
737,Morganica,Guildroy,Morganica.Guildroy@yopmail.com,1938-03-15
738,Cassandra,Bobbee,Cassandra.Bobbee@yopmail.com,2014-05-04
739,Hallie,Keily,Hallie.Keily@yopmail.com,1902-11-22
740,Mathilda,Dyche,Mathilda.Dyche@yopmail.com,1991-08-12
741,Nicoli,Swigart,Nicoli.Swigart@yopmail.com,1995-12-14
742,Kirbee,Vins,Kirbee.Vins@yopmail.com,1980-09-19
743,Liana,Ethban,Liana.Ethban@yopmail.com,1981-06-05
744,Pierette,Darian,Pierette.Darian@yopmail.com,2014-02-15
745,Aaren,Ramona,Aaren.Ramona@yopmail.com,1937-08-02
746,Darlleen,Morehouse,Darlleen.Morehouse@yopmail.com,1988-06-05
747,Deane,Iiette,Deane.Iiette@yopmail.com,1920-08-13
748,Aryn,Amand,Aryn.Amand@yopmail.com,1977-08-25
749,Bobbi,Fabiola,Bobbi.Fabiola@yopmail.com,1964-09-14
750,Tina,Argus,Tina.Argus@yopmail.com,2000-08-03
751,Selma,Karl,Selma.Karl@yopmail.com,1996-02-18
752,Margette,Nisbet,Margette.Nisbet@yopmail.com,1974-08-07
753,Jenilee,Land,Jenilee.Land@yopmail.com,1928-08-03
754,Corly,Kalinda,Corly.Kalinda@yopmail.com,1957-05-06
755,Sashenka,Whittaker,Sashenka.Whittaker@yopmail.com,1945-06-13
756,Kathy,Sherrie,Kathy.Sherrie@yopmail.com,1929-10-02
757,Cristabel,Damarra,Cristabel.Damarra@yopmail.com,1964-08-15
758,Janis,Faso,Janis.Faso@yopmail.com,1940-03-19
759,Fayre,Blisse,Fayre.Blisse@yopmail.com,1907-06-19
760,Asia,Dielu,Asia.Dielu@yopmail.com,1972-04-02
761,Cyndie,Carbo,Cyndie.Carbo@yopmail.com,1918-09-25
762,Estell,Percy,Estell.Percy@yopmail.com,1975-10-29
763,Fayre,McLaughlin,Fayre.McLaughlin@yopmail.com,1962-08-04
764,Tobe,Dituri,Tobe.Dituri@yopmail.com,1967-11-15
765,Vonny,Pelagias,Vonny.Pelagias@yopmail.com,1910-08-30
766,Bobinette,Regan,Bobinette.Regan@yopmail.com,1937-05-13
767,Leontine,Chrystel,Leontine.Chrystel@yopmail.com,1966-11-14
768,Kimberley,Viddah,Kimberley.Viddah@yopmail.com,1958-01-02
769,Judy,Timon,Judy.Timon@yopmail.com,2011-06-30
770,Gertrud,Rozanna,Gertrud.Rozanna@yopmail.com,1964-11-20
771,Myriam,Odell,Myriam.Odell@yopmail.com,1967-06-13
772,Shandie,Vastah,Shandie.Vastah@yopmail.com,2018-04-12
773,Lorne,Fairweather,Lorne.Fairweather@yopmail.com,1942-08-26
774,Karlee,Cleo,Karlee.Cleo@yopmail.com,1991-01-23
775,Bee,Yusuk,Bee.Yusuk@yopmail.com,2007-02-12
776,Katuscha,Malvino,Katuscha.Malvino@yopmail.com,1963-06-01
777,Fayre,Evvie,Fayre.Evvie@yopmail.com,2019-10-06
778,Cordi,Dorine,Cordi.Dorine@yopmail.com,1998-06-20
779,Jenilee,Thornburg,Jenilee.Thornburg@yopmail.com,1914-03-26
780,Lindie,Mata,Lindie.Mata@yopmail.com,1997-03-31
781,Karolina,Cherianne,Karolina.Cherianne@yopmail.com,1988-12-20
782,Natka,Hewitt,Natka.Hewitt@yopmail.com,1967-12-06
783,Frances,Olnee,Frances.Olnee@yopmail.com,1990-09-14
784,Morganica,Toffic,Morganica.Toffic@yopmail.com,1926-04-14
785,Ariela,Talia,Ariela.Talia@yopmail.com,1988-02-20
786,Frieda,Lareena,Frieda.Lareena@yopmail.com,1952-03-07
787,Sindee,Vivle,Sindee.Vivle@yopmail.com,1928-08-23
788,Collen,LaRue,Collen.LaRue@yopmail.com,2014-02-05
789,Ninnetta,Holtz,Ninnetta.Holtz@yopmail.com,1968-03-24
790,Alameda,Rudolph,Alameda.Rudolph@yopmail.com,1978-07-19
791,Danny,Jaylene,Danny.Jaylene@yopmail.com,1928-01-07
792,Jillayne,Moseley,Jillayne.Moseley@yopmail.com,1973-06-10
793,Vivia,Ambrosia,Vivia.Ambrosia@yopmail.com,1974-11-22
794,Gui,Faso,Gui.Faso@yopmail.com,1918-07-14
795,Jinny,Remmer,Jinny.Remmer@yopmail.com,1986-06-01
796,Monika,Loring,Monika.Loring@yopmail.com,1917-06-02
797,Rivalee,Kamaria,Rivalee.Kamaria@yopmail.com,1919-06-17
798,Reeba,Colleen,Reeba.Colleen@yopmail.com,1967-05-05
799,Jemie,Shirberg,Jemie.Shirberg@yopmail.com,1917-04-27
800,Norine,Pyle,Norine.Pyle@yopmail.com,1996-08-24
801,Genevra,McCutcheon,Genevra.McCutcheon@yopmail.com,1916-07-16
802,Gilligan,Iphlgenia,Gilligan.Iphlgenia@yopmail.com,1972-01-01
803,Angela,Socha,Angela.Socha@yopmail.com,2003-12-26
804,Miquela,Hortensia,Miquela.Hortensia@yopmail.com,1990-01-07
805,Misha,Maroney,Misha.Maroney@yopmail.com,2017-07-18
806,Ayn,Sawtelle,Ayn.Sawtelle@yopmail.com,1945-08-06
807,Tera,Geffner,Tera.Geffner@yopmail.com,1961-04-18
808,Sheree,Barrus,Sheree.Barrus@yopmail.com,1903-05-11
809,Lynnea,Diogenes,Lynnea.Diogenes@yopmail.com,2012-09-27
810,Florie,Weinreb,Florie.Weinreb@yopmail.com,1954-07-04
811,Antonietta,Louanna,Antonietta.Louanna@yopmail.com,1957-04-17
812,Netty,Aaberg,Netty.Aaberg@yopmail.com,1974-02-16
813,Camile,Chaing,Camile.Chaing@yopmail.com,1914-09-29
814,Louella,Lesley,Louella.Lesley@yopmail.com,2018-12-29
815,Sidoney,Eachern,Sidoney.Eachern@yopmail.com,1999-05-29
816,Nikki,Haerr,Nikki.Haerr@yopmail.com,1915-08-13
817,Blake,Cynar,Blake.Cynar@yopmail.com,1949-05-01
818,Elfreda,Goddard,Elfreda.Goddard@yopmail.com,1932-07-13
819,Carolina,Anis,Carolina.Anis@yopmail.com,2015-03-03
820,Netty,Trey,Netty.Trey@yopmail.com,1982-06-28
821,Wynne,Truc,Wynne.Truc@yopmail.com,1965-11-15
822,Ira,Ciapas,Ira.Ciapas@yopmail.com,1967-12-13
823,Chloris,Schonfeld,Chloris.Schonfeld@yopmail.com,1989-01-30
824,Sandie,Dyche,Sandie.Dyche@yopmail.com,2016-03-31
825,Vere,Marisa,Vere.Marisa@yopmail.com,1938-02-14
826,Madelle,Moseley,Madelle.Moseley@yopmail.com,1990-05-26
827,Babita,Brady,Babita.Brady@yopmail.com,1929-07-15
828,Malina,McAdams,Malina.McAdams@yopmail.com,2010-10-10
829,Phedra,Hailee,Phedra.Hailee@yopmail.com,2002-09-02
830,Chloris,Harriman,Chloris.Harriman@yopmail.com,1987-06-19
831,Kial,Cyrie,Kial.Cyrie@yopmail.com,1980-11-22
832,Angela,Bartlett,Angela.Bartlett@yopmail.com,1935-09-07
833,Deane,Annice,Deane.Annice@yopmail.com,1930-01-12
834,Marline,Magdalen,Marline.Magdalen@yopmail.com,1989-11-19
835,Marita,Dash,Marita.Dash@yopmail.com,2001-03-21
836,Bernie,Ader,Bernie.Ader@yopmail.com,1953-12-22
837,Nikki,Thunell,Nikki.Thunell@yopmail.com,1998-09-04
838,Yolane,Saunderson,Yolane.Saunderson@yopmail.com,2018-04-14
839,Amelia,Tufts,Amelia.Tufts@yopmail.com,1959-04-05
840,Roslyn,Seagraves,Roslyn.Seagraves@yopmail.com,1954-09-12
841,Jaclyn,Winthorpe,Jaclyn.Winthorpe@yopmail.com,1935-01-27
842,Angela,Karylin,Angela.Karylin@yopmail.com,1948-01-17
843,Ruthe,Noam,Ruthe.Noam@yopmail.com,2014-08-17
844,Joleen,Sabella,Joleen.Sabella@yopmail.com,1966-09-13
845,Belinda,Curren,Belinda.Curren@yopmail.com,1966-04-11
846,Penelopa,Swigart,Penelopa.Swigart@yopmail.com,1908-05-23
847,Merci,Anis,Merci.Anis@yopmail.com,1972-01-26
848,Mady,Sheedy,Mady.Sheedy@yopmail.com,1999-06-11
849,Dale,Melleta,Dale.Melleta@yopmail.com,1984-02-01
850,Tina,Thad,Tina.Thad@yopmail.com,1958-03-22
851,Coral,Daegal,Coral.Daegal@yopmail.com,1901-11-29
852,Misha,Katrine,Misha.Katrine@yopmail.com,2016-02-03
853,Courtnay,Peonir,Courtnay.Peonir@yopmail.com,1919-09-08
854,Leia,Chesna,Leia.Chesna@yopmail.com,1911-11-14
855,Collen,Linehan,Collen.Linehan@yopmail.com,2007-08-04
856,Lily,Elvyn,Lily.Elvyn@yopmail.com,1978-01-13
857,Vita,Zola,Vita.Zola@yopmail.com,1945-11-14
858,Pamella,Westphal,Pamella.Westphal@yopmail.com,1937-08-22
859,Joeann,Gavrila,Joeann.Gavrila@yopmail.com,2015-01-02
860,Gertrud,Belanger,Gertrud.Belanger@yopmail.com,1928-02-25
861,Fayre,Ummersen,Fayre.Ummersen@yopmail.com,1964-09-01
862,Calla,Francene,Calla.Francene@yopmail.com,1952-08-02
863,Adele,Pacorro,Adele.Pacorro@yopmail.com,1937-04-17
864,Jerry,Infield,Jerry.Infield@yopmail.com,1918-12-15
865,Konstance,Alisia,Konstance.Alisia@yopmail.com,1974-09-13
866,Feliza,Gaspard,Feliza.Gaspard@yopmail.com,2008-09-14
867,Orsola,Bord,Orsola.Bord@yopmail.com,1944-02-24
868,Dari,Maurine,Dari.Maurine@yopmail.com,1913-04-13
869,Georgetta,Jerald,Georgetta.Jerald@yopmail.com,1971-07-16
870,Veda,Cavan,Veda.Cavan@yopmail.com,1949-05-29
871,Cacilie,Katrine,Cacilie.Katrine@yopmail.com,1978-05-10
872,Edee,Ietta,Edee.Ietta@yopmail.com,1947-02-28
873,Lilith,Jethro,Lilith.Jethro@yopmail.com,1931-05-11
874,Camile,Sammons,Camile.Sammons@yopmail.com,1992-04-05
875,Robinia,Elo,Robinia.Elo@yopmail.com,1905-12-27
876,Hayley,Diogenes,Hayley.Diogenes@yopmail.com,2010-07-06
877,Priscilla,Ummersen,Priscilla.Ummersen@yopmail.com,2002-11-16
878,Ardys,Garek,Ardys.Garek@yopmail.com,1986-07-08
879,Merci,Cosenza,Merci.Cosenza@yopmail.com,2015-03-12
880,Livvyy,Clarissa,Livvyy.Clarissa@yopmail.com,2016-09-17
881,Devina,Macey,Devina.Macey@yopmail.com,1937-08-01
882,Layla,Lindemann,Layla.Lindemann@yopmail.com,1976-10-16
883,Misha,Soneson,Misha.Soneson@yopmail.com,1987-06-14
884,Ethel,Zrike,Ethel.Zrike@yopmail.com,1938-10-21
885,Adore,Hortensia,Adore.Hortensia@yopmail.com,1995-12-14
886,Sandie,Terencio,Sandie.Terencio@yopmail.com,2012-12-05
887,Ursulina,Thema,Ursulina.Thema@yopmail.com,1922-09-16
888,Danika,Tengdin,Danika.Tengdin@yopmail.com,1929-11-13
889,Corene,Hanshaw,Corene.Hanshaw@yopmail.com,1926-11-10
890,Sabina,Maribeth,Sabina.Maribeth@yopmail.com,1950-01-30
891,Jasmina,Salchunas,Jasmina.Salchunas@yopmail.com,1930-04-19
892,Olwen,Screens,Olwen.Screens@yopmail.com,1929-03-10
893,Sallie,Trinetta,Sallie.Trinetta@yopmail.com,2001-03-28
894,Wilma,Ellord,Wilma.Ellord@yopmail.com,1916-08-19
895,Melanie,Casimir,Melanie.Casimir@yopmail.com,1947-04-25
896,Jany,Meli,Jany.Meli@yopmail.com,1961-01-02
897,Elmira,Jehu,Elmira.Jehu@yopmail.com,1924-06-21
898,Vanessa,Marlie,Vanessa.Marlie@yopmail.com,2005-04-18
899,Barbara,Burnside,Barbara.Burnside@yopmail.com,1956-03-02
900,Cassondra,Alexandr,Cassondra.Alexandr@yopmail.com,1990-02-03
901,Susette,Sperling,Susette.Sperling@yopmail.com,1981-12-02
902,Elmira,Lucienne,Elmira.Lucienne@yopmail.com,2009-11-02
903,Celestyna,Stilwell,Celestyna.Stilwell@yopmail.com,1921-04-07
904,Minda,Prober,Minda.Prober@yopmail.com,1969-03-02
905,Tamqrah,Verger,Tamqrah.Verger@yopmail.com,1986-06-21
906,Shandie,Montgomery,Shandie.Montgomery@yopmail.com,1972-11-03
907,Barbi,Ruvolo,Barbi.Ruvolo@yopmail.com,2002-09-20
908,Caressa,Craggie,Caressa.Craggie@yopmail.com,1944-11-02
909,Paule,Bethany,Paule.Bethany@yopmail.com,1900-02-24
910,Livvyy,Katrine,Livvyy.Katrine@yopmail.com,1947-01-08
911,Selia,Quinn,Selia.Quinn@yopmail.com,1959-11-02
912,Suzette,Hathaway,Suzette.Hathaway@yopmail.com,2016-10-07
913,Karina,Kravits,Karina.Kravits@yopmail.com,1924-06-23
914,Leontine,Dichy,Leontine.Dichy@yopmail.com,1938-03-24
915,Lanna,Argus,Lanna.Argus@yopmail.com,1972-03-17
916,Madalyn,Quinn,Madalyn.Quinn@yopmail.com,1957-03-02
917,Rhea,Dowski,Rhea.Dowski@yopmail.com,1943-07-15
918,Renie,Wu,Renie.Wu@yopmail.com,1924-05-25
919,Carmencita,Xerxes,Carmencita.Xerxes@yopmail.com,1931-05-10
920,Jenda,Stephie,Jenda.Stephie@yopmail.com,1932-10-13
921,Trixi,Jaylene,Trixi.Jaylene@yopmail.com,1918-08-05
922,Therine,Stav,Therine.Stav@yopmail.com,1901-02-11
923,Frank,Laurianne,Frank.Laurianne@yopmail.com,1951-09-26
924,Renie,Clarissa,Renie.Clarissa@yopmail.com,2004-02-25
925,Sibella,Gaynor,Sibella.Gaynor@yopmail.com,1905-08-13
926,Gianina,Destinee,Gianina.Destinee@yopmail.com,2009-06-15
927,Philis,Posner,Philis.Posner@yopmail.com,2010-04-10
928,Genevra,Dom,Genevra.Dom@yopmail.com,1946-04-04
929,Bee,Emerson,Bee.Emerson@yopmail.com,1976-11-16
930,Theodora,Stover,Theodora.Stover@yopmail.com,1908-02-26
931,Eve,Mayeda,Eve.Mayeda@yopmail.com,2016-10-21
932,Lusa,Tristram,Lusa.Tristram@yopmail.com,2007-03-31
933,Tracey,Fulmer,Tracey.Fulmer@yopmail.com,2003-11-24
934,Nickie,Aldric,Nickie.Aldric@yopmail.com,1969-11-28
935,Mady,Kendrick,Mady.Kendrick@yopmail.com,1918-07-23
936,Hildegaard,Margret,Hildegaard.Margret@yopmail.com,1992-01-09
937,Agathe,Wattenberg,Agathe.Wattenberg@yopmail.com,2013-06-04
938,Valli,Karylin,Valli.Karylin@yopmail.com,1956-11-08
939,Valli,Harl,Valli.Harl@yopmail.com,1964-06-21
940,Christal,Swigart,Christal.Swigart@yopmail.com,1940-06-15
941,Carmela,Adore,Carmela.Adore@yopmail.com,1966-08-25
942,Tomasina,Rogerio,Tomasina.Rogerio@yopmail.com,1919-01-06
943,Talya,Rhu,Talya.Rhu@yopmail.com,1942-01-29
944,Brynna,Rooney,Brynna.Rooney@yopmail.com,1929-07-28
945,Sashenka,Faso,Sashenka.Faso@yopmail.com,2004-06-18
946,Phedra,Rese,Phedra.Rese@yopmail.com,1913-03-26
947,Cyb,Pattin,Cyb.Pattin@yopmail.com,1948-12-21
948,Ardys,Scammon,Ardys.Scammon@yopmail.com,1946-11-01
949,Wynne,Marisa,Wynne.Marisa@yopmail.com,1915-05-12
950,Melanie,Annice,Melanie.Annice@yopmail.com,1931-02-07
951,Marguerite,Lane,Marguerite.Lane@yopmail.com,1912-06-16
952,Maud,Mayeda,Maud.Mayeda@yopmail.com,1981-09-09
953,Lilith,Chaing,Lilith.Chaing@yopmail.com,1903-10-22
954,Merrie,Wiener,Merrie.Wiener@yopmail.com,1944-11-08
955,Aimil,Linehan,Aimil.Linehan@yopmail.com,1922-10-08
956,Vonny,Cornelia,Vonny.Cornelia@yopmail.com,1967-10-24
957,Rosanne,Juan,Rosanne.Juan@yopmail.com,2017-08-08
958,Christian,Shanley,Christian.Shanley@yopmail.com,1935-12-15
959,Renie,Clarissa,Renie.Clarissa@yopmail.com,1962-12-05
960,Darci,Marijo,Darci.Marijo@yopmail.com,1949-01-27
961,Maisey,Alice,Maisey.Alice@yopmail.com,1991-06-20
962,Aeriela,Boycey,Aeriela.Boycey@yopmail.com,1970-09-18
963,Gretal,Milson,Gretal.Milson@yopmail.com,1998-09-10
964,Danika,Vacuva,Danika.Vacuva@yopmail.com,1968-04-15
965,Ileana,Allys,Ileana.Allys@yopmail.com,1967-03-16
966,Roz,Lamoree,Roz.Lamoree@yopmail.com,1969-11-01
967,Jany,McNully,Jany.McNully@yopmail.com,1969-06-15
968,Melodie,Haldas,Melodie.Haldas@yopmail.com,1956-07-30
969,Charmaine,Rolf,Charmaine.Rolf@yopmail.com,1975-05-28
970,Gloria,Graig,Gloria.Graig@yopmail.com,1993-02-20
971,Maryellen,Kazimir,Maryellen.Kazimir@yopmail.com,1990-06-11
972,Violet,Maples,Violet.Maples@yopmail.com,1906-07-16
973,Amalie,Lory,Amalie.Lory@yopmail.com,1978-09-23
974,Di,Pandolfi,Di.Pandolfi@yopmail.com,1952-10-20
975,Grier,Jess,Grier.Jess@yopmail.com,2010-12-04
976,Charmaine,Korey,Charmaine.Korey@yopmail.com,2019-03-07
977,Courtnay,Weaks,Courtnay.Weaks@yopmail.com,1934-05-21
978,Renae,Allina,Renae.Allina@yopmail.com,1960-01-17
979,Chandra,Gilbertson,Chandra.Gilbertson@yopmail.com,2011-01-25
980,Joceline,An,Joceline.An@yopmail.com,1957-05-25
981,Damaris,Fadiman,Damaris.Fadiman@yopmail.com,1916-09-26
982,Lacie,Iiette,Lacie.Iiette@yopmail.com,1936-06-07
983,Diena,Wooster,Diena.Wooster@yopmail.com,1940-12-20
984,Andeee,Freddi,Andeee.Freddi@yopmail.com,1977-07-15
985,Elvira,Gino,Elvira.Gino@yopmail.com,1913-06-05
986,Meghann,Goldina,Meghann.Goldina@yopmail.com,1977-02-17
987,Tani,Bach,Tani.Bach@yopmail.com,1937-10-20
988,Christian,Bryna,Christian.Bryna@yopmail.com,1933-08-13
989,Myriam,Leler,Myriam.Leler@yopmail.com,1910-04-07
990,Janenna,Baptlsta,Janenna.Baptlsta@yopmail.com,1958-09-18
991,Lily,Audly,Lily.Audly@yopmail.com,1940-11-27
992,Merrie,Wattenberg,Merrie.Wattenberg@yopmail.com,1955-11-13
993,Emmey,Faria,Emmey.Faria@yopmail.com,1907-06-10
994,Ronna,Hathaway,Ronna.Hathaway@yopmail.com,1927-04-23
995,Roxane,Teryn,Roxane.Teryn@yopmail.com,2016-10-29
996,Raf,Syd,Raf.Syd@yopmail.com,1936-02-22
997,Kylynn,Havens,Kylynn.Havens@yopmail.com,1983-10-01
998,Madeleine,Cadmar,Madeleine.Cadmar@yopmail.com,2013-05-28
999,Lanae,Afton,Lanae.Afton@yopmail.com,1916-01-21
1000,Gusella,Nahum,Gusella.Nahum@yopmail.com,1923-08-30
1001,Valli,Delacourt,Valli.Delacourt@yopmail.com,1977-04-07
1002,Hollie,Land,Hollie.Land@yopmail.com,1974-10-07
1003,Bertine,Danby,Bertine.Danby@yopmail.com,2011-08-13
1004,Alyssa,Reneta,Alyssa.Reneta@yopmail.com,1920-04-09
1005,Keelia,Kat,Keelia.Kat@yopmail.com,1945-11-04
1006,Morganica,Arne,Morganica.Arne@yopmail.com,1918-03-20
1007,Melisent,Delacourt,Melisent.Delacourt@yopmail.com,1905-08-07
1008,Shauna,Fax,Shauna.Fax@yopmail.com,1988-07-09
1009,Penelopa,Dominy,Penelopa.Dominy@yopmail.com,1967-06-04
1010,Fred,Loleta,Fred.Loleta@yopmail.com,1938-11-19
1011,Frances,Tarrant,Frances.Tarrant@yopmail.com,1918-04-25
1012,Rivalee,Bandeen,Rivalee.Bandeen@yopmail.com,1934-07-28
1013,Tatiania,Borrell,Tatiania.Borrell@yopmail.com,1958-03-01
1014,Heida,Ingra,Heida.Ingra@yopmail.com,1971-05-20
1015,Maye,Stilwell,Maye.Stilwell@yopmail.com,1970-10-17
1016,Audrie,Martguerita,Audrie.Martguerita@yopmail.com,1947-10-05
1017,Latisha,Corilla,Latisha.Corilla@yopmail.com,1961-01-21
1018,Sheelagh,Harday,Sheelagh.Harday@yopmail.com,1994-05-26
1019,Cathie,Burnside,Cathie.Burnside@yopmail.com,1920-02-28
1020,Elora,Adrienne,Elora.Adrienne@yopmail.com,1959-12-31
1021,Petronia,Kronfeld,Petronia.Kronfeld@yopmail.com,1948-01-19
1022,Nananne,Buttaro,Nananne.Buttaro@yopmail.com,1976-08-14
1023,Jinny,Mehalek,Jinny.Mehalek@yopmail.com,1931-03-15
1024,Lindie,Chick,Lindie.Chick@yopmail.com,1975-06-06
1025,Tersina,Orelee,Tersina.Orelee@yopmail.com,1903-09-19
1026,Alex,Hirsch,Alex.Hirsch@yopmail.com,1950-12-31
1027,Dorothy,Ventre,Dorothy.Ventre@yopmail.com,1972-11-05
1028,Margette,Vacuva,Margette.Vacuva@yopmail.com,1981-05-22
1029,Patricia,Kunin,Patricia.Kunin@yopmail.com,1975-09-14
1030,Winny,Alrich,Winny.Alrich@yopmail.com,1934-02-04
1031,Sharai,Muriel,Sharai.Muriel@yopmail.com,1902-01-01
1032,Nollie,Ummersen,Nollie.Ummersen@yopmail.com,1924-10-15
1033,Trixi,Chick,Trixi.Chick@yopmail.com,1921-01-12
1034,Elbertina,Cyrie,Elbertina.Cyrie@yopmail.com,1903-04-20
1035,Lyssa,Allys,Lyssa.Allys@yopmail.com,1913-07-27
1036,Harrietta,Iphlgenia,Harrietta.Iphlgenia@yopmail.com,1988-08-14
1037,Lorenza,Kaete,Lorenza.Kaete@yopmail.com,2015-05-01
1038,Steffane,Dielu,Steffane.Dielu@yopmail.com,1960-12-06
1039,Anthia,Vittoria,Anthia.Vittoria@yopmail.com,1925-03-25
1040,Jessy,Lareena,Jessy.Lareena@yopmail.com,1912-02-11
1041,Magdalena,Daveta,Magdalena.Daveta@yopmail.com,2017-10-27
1042,Rochette,Francyne,Rochette.Francyne@yopmail.com,1950-04-06
1043,Zondra,Durware,Zondra.Durware@yopmail.com,1919-05-12
1044,Raina,Ephrem,Raina.Ephrem@yopmail.com,1902-08-12
1045,Elie,Ashok,Elie.Ashok@yopmail.com,1961-10-26
1046,Rochette,Belldas,Rochette.Belldas@yopmail.com,1974-07-04
1047,Kerrin,Clara,Kerrin.Clara@yopmail.com,1993-10-27
1048,Nollie,Letsou,Nollie.Letsou@yopmail.com,1947-05-02
1049,Almeta,Jess,Almeta.Jess@yopmail.com,2007-11-13
1050,Evaleen,Anderea,Evaleen.Anderea@yopmail.com,1908-10-20
1051,Jackie,Buttaro,Jackie.Buttaro@yopmail.com,1970-05-19
1052,Lusa,Olympium,Lusa.Olympium@yopmail.com,2003-08-10
1053,Cathie,Kelula,Cathie.Kelula@yopmail.com,1992-09-10
1054,Chickie,Bivins,Chickie.Bivins@yopmail.com,1931-08-25
1055,Asia,Tjon,Asia.Tjon@yopmail.com,1902-09-02
1056,Fina,Vins,Fina.Vins@yopmail.com,1951-06-18
1057,Gabi,Kazimir,Gabi.Kazimir@yopmail.com,2001-01-21
1058,Sharai,Nadia,Sharai.Nadia@yopmail.com,2005-10-24
1059,Donnie,Stefa,Donnie.Stefa@yopmail.com,1902-06-27
1060,Cathie,Levey,Cathie.Levey@yopmail.com,1942-10-28
1061,Randa,Gaynor,Randa.Gaynor@yopmail.com,1945-03-17
1062,Verla,Fontana,Verla.Fontana@yopmail.com,1907-10-22
1063,Mellicent,Fillbert,Mellicent.Fillbert@yopmail.com,2010-08-22
1064,Caritta,Maroney,Caritta.Maroney@yopmail.com,2005-01-28
1065,Jacquetta,Standing,Jacquetta.Standing@yopmail.com,1957-07-01
1066,Merry,Liva,Merry.Liva@yopmail.com,2007-02-22
1067,Rosanne,Brodench,Rosanne.Brodench@yopmail.com,1984-07-18
1068,Tabbatha,Dichy,Tabbatha.Dichy@yopmail.com,1903-04-18
1069,Shell,Docilla,Shell.Docilla@yopmail.com,1958-08-17
1070,Oralee,Decato,Oralee.Decato@yopmail.com,1931-06-22
1071,Brianna,Zetta,Brianna.Zetta@yopmail.com,1912-04-26
1072,Joelly,Garbe,Joelly.Garbe@yopmail.com,1922-09-21
1073,Livvyy,Niccolo,Livvyy.Niccolo@yopmail.com,1926-10-29
1074,Winny,Ogren,Winny.Ogren@yopmail.com,1999-12-15
1075,Elora,Alarise,Elora.Alarise@yopmail.com,1914-01-10
1076,Janey,Geffner,Janey.Geffner@yopmail.com,2017-03-01
1077,Myrtice,Magnolia,Myrtice.Magnolia@yopmail.com,1930-10-19
1078,Agnese,Sprage,Agnese.Sprage@yopmail.com,2006-05-05
1079,Demetris,Sigfrid,Demetris.Sigfrid@yopmail.com,1919-12-17
1080,Jaclyn,Dichy,Jaclyn.Dichy@yopmail.com,2010-09-18
1081,Ruthe,Girardo,Ruthe.Girardo@yopmail.com,2003-07-17
1082,Verla,Muriel,Verla.Muriel@yopmail.com,1957-01-19
1083,Orelia,Waite,Orelia.Waite@yopmail.com,1919-03-31
1084,Catrina,Saree,Catrina.Saree@yopmail.com,1954-05-29
1085,Benita,Adore,Benita.Adore@yopmail.com,1952-04-07
1086,Stephanie,Tyson,Stephanie.Tyson@yopmail.com,2017-03-02
1087,Korrie,Corilla,Korrie.Corilla@yopmail.com,1941-04-19
1088,Celestyna,Albertine,Celestyna.Albertine@yopmail.com,1955-10-07
1089,Mariann,Annice,Mariann.Annice@yopmail.com,1903-10-30
1090,Rori,Rona,Rori.Rona@yopmail.com,2001-10-25
1091,Brandise,Ax,Brandise.Ax@yopmail.com,1941-01-14
1092,Laurene,Fitzsimmons,Laurene.Fitzsimmons@yopmail.com,1964-08-27
1093,Annabela,Kamaria,Annabela.Kamaria@yopmail.com,2006-02-24
1094,Merry,Iaverne,Merry.Iaverne@yopmail.com,1954-01-07
1095,Ardenia,Sikorski,Ardenia.Sikorski@yopmail.com,1942-11-27
1096,Dorene,Amadas,Dorene.Amadas@yopmail.com,1966-03-07
1097,Myriam,Prober,Myriam.Prober@yopmail.com,1970-10-06
1098,Starla,Albertine,Starla.Albertine@yopmail.com,1985-02-17
1099,Lorenza,Hertzfeld,Lorenza.Hertzfeld@yopmail.com,1984-08-22