id,firstname,lastname,email,Field Name
100,Candi,Erskine,Candi.Erskine@yopmail.com,1938-07-06
101,Magdalena,Forrer,Magdalena.Forrer@yopmail.com,1942-08-17
102,Gratia,Bobbee,Gratia.Bobbee@yopmail.com,1909-10-26
103,Myriam,Gower,Myriam.Gower@yopmail.com,1942-01-14
104,Leanna,Oscar,Leanna.Oscar@yopmail.com,1938-08-28
105,Kellen,Beniamino,Kellen.Beniamino@yopmail.com,1900-12-29
106,Wileen,Maurine,Wileen.Maurine@yopmail.com,1985-06-04
107,Antonietta,Harl,Antonietta.Harl@yopmail.com,1982-06-16
108,Ada,Rubie,Ada.Rubie@yopmail.com,1924-04-09
109,Bernie,Peti,Bernie.Peti@yopmail.com,1934-11-06
110,Marcelline,Douglass,Marcelline.Douglass@yopmail.com,1930-05-22
111,Rhea,Azeria,Rhea.Azeria@yopmail.com,2019-05-27
112,Tobe,Tippets,Tobe.Tippets@yopmail.com,1927-04-30
113,Blake,Poppy,Blake.Poppy@yopmail.com,2007-08-04
114,Paola,Sacken,Paola.Sacken@yopmail.com,2011-10-15
115,Aigneis,Carlson,Aigneis.Carlson@yopmail.com,1969-03-01
116,Pierette,Verger,Pierette.Verger@yopmail.com,1930-06-16
117,Elka,Orelee,Elka.Orelee@yopmail.com,1908-07-07
118,Damaris,Noman,Damaris.Noman@yopmail.com,1907-09-23
119,Regina,Madelene,Regina.Madelene@yopmail.com,1984-02-02
120,Caryl,Charity,Caryl.Charity@yopmail.com,2016-11-19
121,Netty,Riordan,Netty.Riordan@yopmail.com,1920-07-20
122,Marika,Vittoria,Marika.Vittoria@yopmail.com,1937-05-30
123,Max,Arne,Max.Arne@yopmail.com,1921-08-05
124,Sherrie,Loring,Sherrie.Loring@yopmail.com,1920-01-19
125,Thalia,Arathorn,Thalia.Arathorn@yopmail.com,1996-08-17
126,Esmeralda,Ramona,Esmeralda.Ramona@yopmail.com,2013-07-29
127,Nadine,Buffum,Nadine.Buffum@yopmail.com,1905-08-02
128,Delilah,Delacourt,Delilah.Delacourt@yopmail.com,1925-10-12
129,Lilith,Claudine,Lilith.Claudine@yopmail.com,2000-10-13
130,Mahalia,Carbo,Mahalia.Carbo@yopmail.com,1940-11-21
131,Nariko,Kauppi,Nariko.Kauppi@yopmail.com,1931-03-25
132,Myriam,Peti,Myriam.Peti@yopmail.com,2019-11-08
133,Caryl,Wiener,Caryl.Wiener@yopmail.com,2016-01-06
134,Aeriela,Japeth,Aeriela.Japeth@yopmail.com,1906-06-16
135,Evaleen,Junie,Evaleen.Junie@yopmail.com,1939-05-24
136,Rosaline,Rona,Rosaline.Rona@yopmail.com,1939-10-14
137,Alisha,Peg,Alisha.Peg@yopmail.com,1979-06-08
138,Ofilia,Carbo,Ofilia.Carbo@yopmail.com,1914-08-01
139,Aaren,Raseda,Aaren.Raseda@yopmail.com,1916-10-14
140,Nita,Jess,Nita.Jess@yopmail.com,1949-01-10
141,Stephanie,Mullane,Stephanie.Mullane@yopmail.com,1909-07-27
142,Albertina,Brackely,Albertina.Brackely@yopmail.com,1915-08-07
143,Ardeen,Jeanne,Ardeen.Jeanne@yopmail.com,1967-01-06
144,Amalie,Arne,Amalie.Arne@yopmail.com,1960-12-11
145,Allyce,Suzetta,Allyce.Suzetta@yopmail.com,2011-03-17
146,Paule,Yoko,Paule.Yoko@yopmail.com,1931-12-09
147,Concettina,Sundin,Concettina.Sundin@yopmail.com,1959-11-11
148,Ada,Bibi,Ada.Bibi@yopmail.com,1909-08-13
149,Adelle,Vittoria,Adelle.Vittoria@yopmail.com,1970-10-31
150,Letizia,Goerke,Letizia.Goerke@yopmail.com,1979-08-31
151,Sabina,Christine,Sabina.Christine@yopmail.com,1902-03-11
152,Sabina,Pettiford,Sabina.Pettiford@yopmail.com,2000-11-08
153,Selma,Douglass,Selma.Douglass@yopmail.com,1958-05-24
154,Etta,Joni,Etta.Joni@yopmail.com,1959-05-13
155,Cordi,Wallis,Cordi.Wallis@yopmail.com,1977-03-31
156,Verla,Poll,Verla.Poll@yopmail.com,1968-08-06
157,Kimmy,Ortrude,Kimmy.Ortrude@yopmail.com,1922-06-11
158,Alisha,Maurine,Alisha.Maurine@yopmail.com,1981-10-02
159,Lynea,Lemuela,Lynea.Lemuela@yopmail.com,1920-07-03
160,Caritta,Cecile,Caritta.Cecile@yopmail.com,1937-09-30
161,Andeee,Cloris,Andeee.Cloris@yopmail.com,1983-12-01
162,Tani,Lalitta,Tani.Lalitta@yopmail.com,1996-03-25
163,Roseline,Konyn,Roseline.Konyn@yopmail.com,1990-12-31
164,Lusa,Hoenack,Lusa.Hoenack@yopmail.com,2014-10-25
165,Lesly,Concha,Lesly.Concha@yopmail.com,1965-06-23
166,Iseabal,Septima,Iseabal.Septima@yopmail.com,1996-07-02
167,Morganica,Audly,Morganica.Audly@yopmail.com,1920-07-20
168,Janeczka,Delp,Janeczka.Delp@yopmail.com,1974-02-13
169,Blinni,Yuille,Blinni.Yuille@yopmail.com,1927-07-08
170,Margarette,Concha,Margarette.Concha@yopmail.com,1909-10-15
171,Demetris,Phaidra,Demetris.Phaidra@yopmail.com,2016-06-28
172,Gale,Pulsifer,Gale.Pulsifer@yopmail.com,2013-06-02
173,Babita,Orelee,Babita.Orelee@yopmail.com,1974-06-20
174,Katharina,Hailee,Katharina.Hailee@yopmail.com,2018-10-10
175,Florie,Grobe,Florie.Grobe@yopmail.com,1951-11-27
176,Winny,Baptlsta,Winny.Baptlsta@yopmail.com,1915-12-29
177,Ottilie,Alejoa,Ottilie.Alejoa@yopmail.com,2000-04-11
178,Lanna,Anselmi,Lanna.Anselmi@yopmail.com,1911-04-20
179,Constance,Nerita,Constance.Nerita@yopmail.com,2018-11-12
180,Tressa,Calhoun,Tressa.Calhoun@yopmail.com,1990-01-17
181,Kore,Weitman,Kore.Weitman@yopmail.com,1960-06-23
182,Albertina,Pelagias,Albertina.Pelagias@yopmail.com,1917-10-28
183,Renie,Gale,Renie.Gale@yopmail.com,1906-02-04
184,Quintina,Stilwell,Quintina.Stilwell@yopmail.com,1997-04-21
185,Layla,Kosey,Layla.Kosey@yopmail.com,1945-06-14
186,Jerry,Kamaria,Jerry.Kamaria@yopmail.com,2011-04-06
187,Averyl,Philipp,Averyl.Philipp@yopmail.com,1988-06-18
188,Ethel,Phi,Ethel.Phi@yopmail.com,1961-02-24
189,Lonnie,Middleton,Lonnie.Middleton@yopmail.com,1953-11-30
190,Linet,Bow,Linet.Bow@yopmail.com,2017-12-22
191,Dennie,Couture,Dennie.Couture@yopmail.com,1961-07-23
192,Minne,Berard,Minne.Berard@yopmail.com,1994-06-24
193,Rosabelle,Douglass,Rosabelle.Douglass@yopmail.com,1904-08-12
194,Jaclyn,Nunci,Jaclyn.Nunci@yopmail.com,1977-01-11
195,Eugine,Kirbee,Eugine.Kirbee@yopmail.com,1940-04-22
196,Louella,Agle,Louella.Agle@yopmail.com,1938-02-08
197,Ekaterina,Engdahl,Ekaterina.Engdahl@yopmail.com,1951-02-14
198,Rubie,Phyllis,Rubie.Phyllis@yopmail.com,1981-04-11
199,Gisela,Glenden,Gisela.Glenden@yopmail.com,1987-09-10
200,Netty,Malanie,Netty.Malanie@yopmail.com,1971-04-02
201,Maridel,Sibyls,Maridel.Sibyls@yopmail.com,1907-05-02
202,Bill,Monk,Bill.Monk@yopmail.com,1951-09-17
203,Tybie,Belanger,Tybie.Belanger@yopmail.com,1955-11-05
204,Mahalia,Hurley,Mahalia.Hurley@yopmail.com,1994-11-30
205,Ardeen,Hunfredo,Ardeen.Hunfredo@yopmail.com,1985-11-25
206,Benita,Carey,Benita.Carey@yopmail.com,2007-07-01
207,Diena,Albertine,Diena.Albertine@yopmail.com,1959-10-22
208,Sashenka,Hourigan,Sashenka.Hourigan@yopmail.com,1924-05-23
209,Alleen,Bebe,Alleen.Bebe@yopmail.com,1942-05-31
210,Karolina,Ciro,Karolina.Ciro@yopmail.com,2000-10-12
211,Cherilyn,Janene,Cherilyn.Janene@yopmail.com,1977-05-16
212,Layla,Bobbee,Layla.Bobbee@yopmail.com,1990-05-31
213,Pearline,Ailyn,Pearline.Ailyn@yopmail.com,2006-11-26
214,Sidoney,Horan,Sidoney.Horan@yopmail.com,2015-09-16
215,Karlee,Riordan,Karlee.Riordan@yopmail.com,1927-06-15
216,Lonnie,Kannry,Lonnie.Kannry@yopmail.com,1951-04-14
217,Elvira,Christine,Elvira.Christine@yopmail.com,1905-01-26
218,Marleah,Westphal,Marleah.Westphal@yopmail.com,1912-08-02
219,Tina,Danby,Tina.Danby@yopmail.com,1926-06-07
220,Feliza,Bivins,Feliza.Bivins@yopmail.com,1974-04-19
221,Raf,Ehrman,Raf.Ehrman@yopmail.com,2014-05-14
222,Leia,Mozelle,Leia.Mozelle@yopmail.com,1920-01-05
223,Dulce,Ammann,Dulce.Ammann@yopmail.com,1923-05-12
224,Amelia,Bivins,Amelia.Bivins@yopmail.com,2011-08-15
225,Consuela,Dituri,Consuela.Dituri@yopmail.com,2001-07-22
226,Florie,Noman,Florie.Noman@yopmail.com,1962-02-07
227,Petronia,Remmer,Petronia.Remmer@yopmail.com,1927-10-14
228,Ilse,Wu,Ilse.Wu@yopmail.com,2017-03-19
229,Emilia,Wyn,Emilia.Wyn@yopmail.com,1950-04-11
230,Shannah,Zenas,Shannah.Zenas@yopmail.com,1982-05-24
231,Brandise,Brenn,Brandise.Brenn@yopmail.com,2009-08-20
232,Edee,Trey,Edee.Trey@yopmail.com,2017-11-26
233,Gabriellia,Glovsky,Gabriellia.Glovsky@yopmail.com,2016-11-24
234,Joeann,Bach,Joeann.Bach@yopmail.com,1970-02-05
235,Georgetta,Madelene,Georgetta.Madelene@yopmail.com,2014-10-12
236,Elie,Donell,Elie.Donell@yopmail.com,1929-07-05
237,Penelopa,Ludewig,Penelopa.Ludewig@yopmail.com,2017-07-11
238,Celene,Deny,Celene.Deny@yopmail.com,1973-07-11
239,Audrie,Xerxes,Audrie.Xerxes@yopmail.com,1994-03-29
240,Roxane,Eben,Roxane.Eben@yopmail.com,1992-05-08
241,Ericka,Bevin,Ericka.Bevin@yopmail.com,1908-04-26
242,Sadie,Lipson,Sadie.Lipson@yopmail.com,1919-11-22
243,Frances,Anton,Frances.Anton@yopmail.com,2009-05-13
244,Suzette,Poppy,Suzette.Poppy@yopmail.com,1984-02-19
245,Beverley,Carleen,Beverley.Carleen@yopmail.com,1941-06-12
246,Kittie,Dreda,Kittie.Dreda@yopmail.com,1950-09-23
247,Binny,Zina,Binny.Zina@yopmail.com,1956-12-31
248,Marcy,Pozzy,Marcy.Pozzy@yopmail.com,1928-10-07
249,Lexine,August,Lexine.August@yopmail.com,1978-02-26
250,Sara-Ann,Hashim,Sara-Ann.Hashim@yopmail.com,1935-12-11
251,Julieta,Kimmie,Julieta.Kimmie@yopmail.com,1962-07-11
252,Tarra,Emerson,Tarra.Emerson@yopmail.com,1922-10-05
253,Donnie,Bashemeth,Donnie.Bashemeth@yopmail.com,1971-09-17
254,Libbie,Rudolph,Libbie.Rudolph@yopmail.com,2003-11-21
255,Rebeca,Noam,Rebeca.Noam@yopmail.com,2011-09-25
256,Courtnay,Carmena,Courtnay.Carmena@yopmail.com,1920-12-08
257,Wilma,Sisile,Wilma.Sisile@yopmail.com,1976-08-30
258,Sophia,Thad,Sophia.Thad@yopmail.com,1925-03-10
259,Allis,Sancho,Allis.Sancho@yopmail.com,1938-04-19
260,Cyndie,Bohlin,Cyndie.Bohlin@yopmail.com,1965-08-14
261,Wilma,MacIntosh,Wilma.MacIntosh@yopmail.com,2004-09-18
262,Nita,Pelagias,Nita.Pelagias@yopmail.com,1912-07-30
263,Aurelie,Byrne,Aurelie.Byrne@yopmail.com,1914-11-21
264,Ardeen,Kimmie,Ardeen.Kimmie@yopmail.com,1937-10-02
265,Siana,Hirsch,Siana.Hirsch@yopmail.com,1904-04-04
266,Vere,Sheedy,Vere.Sheedy@yopmail.com,2016-10-21
267,Althea,Wittie,Althea.Wittie@yopmail.com,1921-10-01
268,Reeba,Robertson,Reeba.Robertson@yopmail.com,1940-10-02
269,Sindee,Kaja,Sindee.Kaja@yopmail.com,1960-10-31
270,Donetta,Jorgan,Donetta.Jorgan@yopmail.com,1981-07-09
271,Sara-Ann,Cleavland,Sara-Ann.Cleavland@yopmail.com,2016-12-09
272,Maud,Amethist,Maud.Amethist@yopmail.com,1952-02-11
273,Emylee,Tamsky,Emylee.Tamsky@yopmail.com,2012-12-04
274,Randa,Sekofski,Randa.Sekofski@yopmail.com,1974-09-16
275,Nerta,Franza,Nerta.Franza@yopmail.com,1938-06-08
276,Kaia,Keelia,Kaia.Keelia@yopmail.com,1939-04-22
277,Damaris,Israeli,Damaris.Israeli@yopmail.com,1928-09-19
278,Emilia,Etom,Emilia.Etom@yopmail.com,1998-06-26
279,Dawn,Sadowski,Dawn.Sadowski@yopmail.com,2011-01-04
280,Dorene,Stefa,Dorene.Stefa@yopmail.com,1901-02-24
281,Zondra,Maribeth,Zondra.Maribeth@yopmail.com,1943-01-07
282,Addia,Wenda,Addia.Wenda@yopmail.com,2010-07-12
283,Augustine,Bettine,Augustine.Bettine@yopmail.com,1970-09-01
284,Dale,Atcliffe,Dale.Atcliffe@yopmail.com,1969-09-30
285,Elise,Kelula,Elise.Kelula@yopmail.com,1905-02-14
286,Lynea,Dannye,Lynea.Dannye@yopmail.com,1929-08-02
287,Daune,Celestine,Daune.Celestine@yopmail.com,1988-05-12
288,Marita,Bergman,Marita.Bergman@yopmail.com,1955-10-09
289,Meriel,Freddi,Meriel.Freddi@yopmail.com,1944-10-29
290,Maryellen,Sigfrid,Maryellen.Sigfrid@yopmail.com,1950-05-06
291,Bill,Mehalek,Bill.Mehalek@yopmail.com,1970-02-24
292,Janenna,Geffner,Janenna.Geffner@yopmail.com,2011-02-28
293,Jessamyn,Bashemeth,Jessamyn.Bashemeth@yopmail.com,1971-07-25
294,Rani,Raseda,Rani.Raseda@yopmail.com,1917-05-25
295,Jany,Caitlin,Jany.Caitlin@yopmail.com,1934-10-22
296,Tybie,Love,Tybie.Love@yopmail.com,1903-06-24
297,Mildrid,Izaak,Mildrid.Izaak@yopmail.com,1963-11-07
298,Latisha,Celestine,Latisha.Celestine@yopmail.com,1977-05-31
299,Valeda,Israeli,Valeda.Israeli@yopmail.com,1951-02-22
300,Joeann,Sundin,Joeann.Sundin@yopmail.com,2011-07-03
301,Lorie,Evangelia,Lorie.Evangelia@yopmail.com,1989-12-29
302,Ruthe,Denis,Ruthe.Denis@yopmail.com,1975-09-18
303,Marsiella,Mike,Marsiella.Mike@yopmail.com,1936-10-01
304,Brynna,Granoff,Brynna.Granoff@yopmail.com,1933-10-21
305,Dorothy,Noelyn,Dorothy.Noelyn@yopmail.com,1963-11-22
306,Kathi,Karna,Kathi.Karna@yopmail.com,1951-03-06
307,Cyndie,Amethist,Cyndie.Amethist@yopmail.com,1970-05-22
308,Karina,Alfons,Karina.Alfons@yopmail.com,1983-04-16
309,Katharina,Naashom,Katharina.Naashom@yopmail.com,1969-10-31
310,Fredericka,Zuzana,Fredericka.Zuzana@yopmail.com,1971-05-24
311,Donetta,Irmine,Donetta.Irmine@yopmail.com,1934-11-20
312,Gabriellia,Charity,Gabriellia.Charity@yopmail.com,1953-11-08
313,Misha,Jagir,Misha.Jagir@yopmail.com,1954-11-11
314,Maye,Viddah,Maye.Viddah@yopmail.com,1902-11-26
315,Belinda,Evvie,Belinda.Evvie@yopmail.com,1995-05-09
316,Janenna,Ogren,Janenna.Ogren@yopmail.com,1977-04-06
317,Gilligan,Graig,Gilligan.Graig@yopmail.com,1924-11-24
318,Zaria,Oriana,Zaria.Oriana@yopmail.com,1979-03-06
319,Mady,Winnick,Mady.Winnick@yopmail.com,1979-10-11
320,Ashlee,Joli,Ashlee.Joli@yopmail.com,1975-05-09
321,Clementine,Japeth,Clementine.Japeth@yopmail.com,1963-11-01
322,Rebeca,Granoff,Rebeca.Granoff@yopmail.com,1990-10-05
323,Doro,Dawkins,Doro.Dawkins@yopmail.com,1907-11-07
324,Caryl,Tacye,Caryl.Tacye@yopmail.com,1975-04-23
325,Merci,Margret,Merci.Margret@yopmail.com,1996-05-12
326,Joelly,Cavan,Joelly.Cavan@yopmail.com,1997-06-01
327,Codie,Philipp,Codie.Philipp@yopmail.com,1926-07-15
328,Pamella,Pyle,Pamella.Pyle@yopmail.com,1989-07-15
329,Darlleen,Durante,Darlleen.Durante@yopmail.com,1981-03-22
330,Lorne,Dannye,Lorne.Dannye@yopmail.com,1996-04-28
331,Hayley,Wilkinson,Hayley.Wilkinson@yopmail.com,1991-11-25
332,Selma,Olnee,Selma.Olnee@yopmail.com,2000-12-11
333,Starla,Tatianas,Starla.Tatianas@yopmail.com,1920-06-01
334,Nataline,Vins,Nataline.Vins@yopmail.com,1906-06-01
335,Korrie,Alcott,Korrie.Alcott@yopmail.com,1973-11-19
336,Pamella,Nadia,Pamella.Nadia@yopmail.com,1942-01-28
337,Sabina,Tyson,Sabina.Tyson@yopmail.com,1941-07-09
338,Ira,Croix,Ira.Croix@yopmail.com,1959-06-26
339,Gianina,Joseph,Gianina.Joseph@yopmail.com,1921-06-27
340,Britni,Ventre,Britni.Ventre@yopmail.com,1905-01-13
341,Rebeca,Eno,Rebeca.Eno@yopmail.com,1911-07-24
342,Lonnie,Read,Lonnie.Read@yopmail.com,1936-07-14
343,Shauna,Maurine,Shauna.Maurine@yopmail.com,1955-10-17
344,Lita,Standing,Lita.Standing@yopmail.com,1921-10-11
345,Starla,Guildroy,Starla.Guildroy@yopmail.com,1932-09-12
346,Phedra,Cohdwell,Phedra.Cohdwell@yopmail.com,1966-02-08
347,Nita,Neils,Nita.Neils@yopmail.com,1936-08-08
348,Esmeralda,Smitt,Esmeralda.Smitt@yopmail.com,2010-01-28
349,Pierette,Annice,Pierette.Annice@yopmail.com,2010-07-11
350,Bee,Estella,Bee.Estella@yopmail.com,1936-02-27
351,Zsa Zsa,Ardeha,Zsa Zsa.Ardeha@yopmail.com,1999-10-01
352,Joane,Eckblad,Joane.Eckblad@yopmail.com,1905-08-31
353,Genevra,Colp,Genevra.Colp@yopmail.com,1973-06-19
354,Annecorinne,Phaidra,Annecorinne.Phaidra@yopmail.com,1983-02-16
355,Nollie,Cristi,Nollie.Cristi@yopmail.com,1971-07-04
356,Kimberley,Tamsky,Kimberley.Tamsky@yopmail.com,1920-08-17
357,Merci,Dichy,Merci.Dichy@yopmail.com,1951-03-13
358,Noelle,Lasley,Noelle.Lasley@yopmail.com,1983-08-26
359,Rayna,Minetta,Rayna.Minetta@yopmail.com,2016-08-28
360,Jinny,Carleen,Jinny.Carleen@yopmail.com,1914-09-14
361,Eadie,Ehrman,Eadie.Ehrman@yopmail.com,1992-11-05
362,Britni,Seessel,Britni.Seessel@yopmail.com,1951-09-19
363,Nanete,Blase,Nanete.Blase@yopmail.com,1938-07-14
364,Juliane,Olnee,Juliane.Olnee@yopmail.com,1994-11-08
365,Lolita,Horan,Lolita.Horan@yopmail.com,1970-10-18
366,Aaren,Edvard,Aaren.Edvard@yopmail.com,1907-10-15
367,Katuscha,Uund,Katuscha.Uund@yopmail.com,1950-07-07
368,Calla,Alisia,Calla.Alisia@yopmail.com,1989-10-27
369,Keelia,Katrine,Keelia.Katrine@yopmail.com,2011-08-22
370,Shel,Justinn,Shel.Justinn@yopmail.com,1997-02-09
371,Caritta,Elisha,Caritta.Elisha@yopmail.com,1959-07-28
372,Alex,Deegan,Alex.Deegan@yopmail.com,1929-09-29
373,Zsa Zsa,Pacorro,Zsa Zsa.Pacorro@yopmail.com,1961-07-23
374,Linzy,Tippets,Linzy.Tippets@yopmail.com,1959-04-18
375,Gui,Dahlia,Gui.Dahlia@yopmail.com,1909-09-25
376,Kaja,Cornelia,Kaja.Cornelia@yopmail.com,1963-12-10
377,Jasmina,Swigart,Jasmina.Swigart@yopmail.com,1933-05-24
378,Frieda,Ries,Frieda.Ries@yopmail.com,1981-09-27
379,Bibby,Riordan,Bibby.Riordan@yopmail.com,1916-12-08
380,Jan,Agle,Jan.Agle@yopmail.com,2001-10-09
381,Tamqrah,Wolfgram,Tamqrah.Wolfgram@yopmail.com,1919-10-14
382,Ursulina,Shelba,Ursulina.Shelba@yopmail.com,1984-06-11
383,Hyacinthe,Mehalek,Hyacinthe.Mehalek@yopmail.com,1907-03-21
384,Heida,Susannah,Heida.Susannah@yopmail.com,1983-03-27
385,Leia,Peg,Leia.Peg@yopmail.com,1936-10-22
386,Layla,Corabella,Layla.Corabella@yopmail.com,1978-10-03
387,Shaylyn,Belanger,Shaylyn.Belanger@yopmail.com,1919-01-30
388,Claudina,Rodmann,Claudina.Rodmann@yopmail.com,1962-09-21
389,Lindie,Silvan,Lindie.Silvan@yopmail.com,1998-05-09
390,Brena,Aaberg,Brena.Aaberg@yopmail.com,2013-10-20
391,Glenda,Fosque,Glenda.Fosque@yopmail.com,1922-02-14
392,Carlie,Lunsford,Carlie.Lunsford@yopmail.com,1917-06-08
393,Merrie,Hylan,Merrie.Hylan@yopmail.com,1920-02-03
394,Alyda,Thad,Alyda.Thad@yopmail.com,1999-09-04
395,Glynnis,Cath,Glynnis.Cath@yopmail.com,1939-01-14
396,Jemie,Jenness,Jemie.Jenness@yopmail.com,1995-10-05
397,Janey,Hazlett,Janey.Hazlett@yopmail.com,1920-03-30
398,Priscilla,Garbe,Priscilla.Garbe@yopmail.com,1952-02-17
399,Lila,Ioab,Lila.Ioab@yopmail.com,1986-12-12
400,Caressa,Ax,Caressa.Ax@yopmail.com,1941-02-22
401,Meg,Cottle,Meg.Cottle@yopmail.com,1933-02-24
402,Gratia,Salvidor,Gratia.Salvidor@yopmail.com,2017-10-20
403,Norine,Lowry,Norine.Lowry@yopmail.com,1904-07-28
404,Atlanta,Mullane,Atlanta.Mullane@yopmail.com,1901-01-03
405,Ida,Euridice,Ida.Euridice@yopmail.com,1939-02-16
406,Anica,Stilwell,Anica.Stilwell@yopmail.com,1979-06-09
407,Nikki,Capello,Nikki.Capello@yopmail.com,1910-10-11
408,Cathyleen,Maurine,Cathyleen.Maurine@yopmail.com,1939-11-30
409,Shandie,Corabella,Shandie.Corabella@yopmail.com,1905-06-12
410,Bill,Screens,Bill.Screens@yopmail.com,1940-04-19
411,Dorice,Lissi,Dorice.Lissi@yopmail.com,2008-11-17
412,Carilyn,Curren,Carilyn.Curren@yopmail.com,1938-08-05
413,Deane,Simmonds,Deane.Simmonds@yopmail.com,2015-10-06
414,Berta,Judye,Berta.Judye@yopmail.com,1968-12-05
415,Dale,Lory,Dale.Lory@yopmail.com,1929-07-29
416,Siana,Niccolo,Siana.Niccolo@yopmail.com,2011-09-21
417,Gisela,Malina,Gisela.Malina@yopmail.com,1982-06-26
418,Lory,Mintz,Lory.Mintz@yopmail.com,1933-07-30
419,Deedee,Juliet,Deedee.Juliet@yopmail.com,1987-03-03
420,Melina,Gunn,Melina.Gunn@yopmail.com,1930-04-22
421,Danny,Chauncey,Danny.Chauncey@yopmail.com,1931-09-01
422,Monika,Auberbach,Monika.Auberbach@yopmail.com,1969-07-03
423,Claudina,Bonilla,Claudina.Bonilla@yopmail.com,1938-07-06
424,Alisha,Colyer,Alisha.Colyer@yopmail.com,1901-01-17
425,Catharine,Daegal,Catharine.Daegal@yopmail.com,1947-10-16
426,Alyssa,Maribeth,Alyssa.Maribeth@yopmail.com,1952-11-10
427,Hermione,Autrey,Hermione.Autrey@yopmail.com,1945-05-13
428,Johna,Goth,Johna.Goth@yopmail.com,2016-03-24
429,Albertina,Infield,Albertina.Infield@yopmail.com,2002-08-10
430,Diena,Anselmi,Diena.Anselmi@yopmail.com,1901-06-03
431,Daryl,Japeth,Daryl.Japeth@yopmail.com,2011-12-18
432,Fidelia,Grimbly,Fidelia.Grimbly@yopmail.com,2003-03-01
433,Helena,Janith,Helena.Janith@yopmail.com,2008-10-10
434,Ottilie,Jacobah,Ottilie.Jacobah@yopmail.com,1986-03-07
435,Arlena,Rese,Arlena.Rese@yopmail.com,2008-08-12
436,Trixi,Roche,Trixi.Roche@yopmail.com,1959-06-04
437,Gilda,Idelia,Gilda.Idelia@yopmail.com,1987-05-21
438,Alejandra,Faro,Alejandra.Faro@yopmail.com,1937-09-15
439,Candi,Duwalt,Candi.Duwalt@yopmail.com,1986-04-26
440,Kamilah,Keelia,Kamilah.Keelia@yopmail.com,1963-05-26
441,Selia,Cosenza,Selia.Cosenza@yopmail.com,1917-04-04
442,Ayn,Paton,Ayn.Paton@yopmail.com,2015-06-07
443,Shauna,Gavrila,Shauna.Gavrila@yopmail.com,1979-03-05
444,Minne,Thema,Minne.Thema@yopmail.com,1921-11-05
445,Trudie,Gamaliel,Trudie.Gamaliel@yopmail.com,1997-11-30
446,Corina,Ezar,Corina.Ezar@yopmail.com,1914-05-22
447,Shirlee,Eugenia,Shirlee.Eugenia@yopmail.com,1963-11-17
448,Livvyy,Christine,Livvyy.Christine@yopmail.com,2008-09-02
449,Nollie,Robertson,Nollie.Robertson@yopmail.com,1918-10-24
450,Neila,Henrie,Neila.Henrie@yopmail.com,1972-08-20
451,Clementine,Fax,Clementine.Fax@yopmail.com,1962-11-26
452,Cathyleen,Khorma,Cathyleen.Khorma@yopmail.com,1943-10-25
453,Maryellen,Martsen,Maryellen.Martsen@yopmail.com,2017-08-26
454,Cristine,Janene,Cristine.Janene@yopmail.com,2012-11-08
455,Emmey,Fredi,Emmey.Fredi@yopmail.com,1953-01-21
456,Joceline,Saunderson,Joceline.Saunderson@yopmail.com,1954-10-03
457,Marleah,Socha,Marleah.Socha@yopmail.com,1962-12-16
458,Gerrie,Adore,Gerrie.Adore@yopmail.com,1919-08-14
459,Lily,Colp,Lily.Colp@yopmail.com,2011-06-17
460,Averyl,Stuart,Averyl.Stuart@yopmail.com,1910-02-03
461,Tierney,Kristi,Tierney.Kristi@yopmail.com,1996-06-19
462,Aubrie,Pond,Aubrie.Pond@yopmail.com,2019-08-28
463,Ekaterina,Levey,Ekaterina.Levey@yopmail.com,1962-02-09
464,Marnia,Granoff,Marnia.Granoff@yopmail.com,2015-10-04
465,Ashlee,Malvino,Ashlee.Malvino@yopmail.com,1914-08-15
466,Ottilie,Vanni,Ottilie.Vanni@yopmail.com,1964-12-31
467,Cordi,Federica,Cordi.Federica@yopmail.com,1978-01-24
468,Camile,Sigfrid,Camile.Sigfrid@yopmail.com,1971-03-09
469,Anthia,Xerxes,Anthia.Xerxes@yopmail.com,1966-02-08
470,Fidelia,Tjon,Fidelia.Tjon@yopmail.com,2016-04-13
471,Violet,Amasa,Violet.Amasa@yopmail.com,1950-08-21
472,Cassandra,Carri,Cassandra.Carri@yopmail.com,2018-04-13
473,Millie,Thema,Millie.Thema@yopmail.com,1962-11-25
474,Lucille,Norvol,Lucille.Norvol@yopmail.com,1948-03-14
475,Esmeralda,Shirberg,Esmeralda.Shirberg@yopmail.com,1994-09-17
476,Xylina,Raama,Xylina.Raama@yopmail.com,1976-06-20
477,Emilia,Ball,Emilia.Ball@yopmail.com,1926-12-25
478,Josephine,Cassius,Josephine.Cassius@yopmail.com,1986-12-14
479,Dede,Atcliffe,Dede.Atcliffe@yopmail.com,1904-06-03
480,Latisha,Wilkinson,Latisha.Wilkinson@yopmail.com,2000-04-04
481,Elena,Caitlin,Elena.Caitlin@yopmail.com,1948-05-10
482,Kassey,Norvol,Kassey.Norvol@yopmail.com,1989-12-27
483,Ricky,Schwejda,Ricky.Schwejda@yopmail.com,1991-04-02
484,Willetta,Adrienne,Willetta.Adrienne@yopmail.com,1942-04-06
485,Lila,Hillel,Lila.Hillel@yopmail.com,1951-07-17
486,Merci,Melan,Merci.Melan@yopmail.com,2011-03-03
487,Debee,Jarib,Debee.Jarib@yopmail.com,1980-08-08
488,Dorice,Caitlin,Dorice.Caitlin@yopmail.com,1999-07-12
489,Luci,Hazlett,Luci.Hazlett@yopmail.com,1940-02-16
490,Marjie,Roscoe,Marjie.Roscoe@yopmail.com,2012-08-17
491,Calla,Corabella,Calla.Corabella@yopmail.com,1908-06-28
492,Babita,Lane,Babita.Lane@yopmail.com,1983-08-06
493,Corly,Strephon,Corly.Strephon@yopmail.com,1977-02-25
494,Cindelyn,Dorothy,Cindelyn.Dorothy@yopmail.com,1972-05-05
495,Georgina,Madaih,Georgina.Madaih@yopmail.com,2002-02-05
496,Yolane,Andrel,Yolane.Andrel@yopmail.com,2007-10-21
497,Ann-Marie,Arathorn,Ann-Marie.Arathorn@yopmail.com,1905-09-07
498,Ilse,Delila,Ilse.Delila@yopmail.com,1928-09-15
499,Daune,Braun,Daune.Braun@yopmail.com,1910-09-18
500,Nyssa,Nunci,Nyssa.Nunci@yopmail.com,1956-03-30
501,Trixi,Leonard,Trixi.Leonard@yopmail.com,2006-06-10
502,Andeee,Seagraves,Andeee.Seagraves@yopmail.com,1958-02-09
503,Ekaterina,Tice,Ekaterina.Tice@yopmail.com,1948-03-05
504,Oralee,Belanger,Oralee.Belanger@yopmail.com,2019-09-01
505,Edith,Dichy,Edith.Dichy@yopmail.com,1995-10-23
506,Rhea,Erich,Rhea.Erich@yopmail.com,1911-11-11
507,Fawne,Donoghue,Fawne.Donoghue@yopmail.com,1996-10-03
508,Augustine,Janene,Augustine.Janene@yopmail.com,2011-12-06
509,Dorthy,Screens,Dorthy.Screens@yopmail.com,1992-08-10
510,Florie,Dorcy,Florie.Dorcy@yopmail.com,1902-07-17
511,Juliane,Lane,Juliane.Lane@yopmail.com,2002-11-23
512,Melodie,Pip,Melodie.Pip@yopmail.com,1956-04-04
513,Rori,Magnolia,Rori.Magnolia@yopmail.com,1942-01-16
514,Tamqrah,Salchunas,Tamqrah.Salchunas@yopmail.com,1918-11-08
515,Lonnie,Adlare,Lonnie.Adlare@yopmail.com,1938-04-30
516,Leanna,Forrer,Leanna.Forrer@yopmail.com,1930-05-04
517,Fayre,Abernon,Fayre.Abernon@yopmail.com,1911-08-16
518,Doralynne,Ralfston,Doralynne.Ralfston@yopmail.com,1981-10-13
519,Emma,Lay,Emma.Lay@yopmail.com,1945-12-18
520,Cecile,Ashely,Cecile.Ashely@yopmail.com,1906-07-13
521,Demetris,Stevy,Demetris.Stevy@yopmail.com,1964-10-26
522,Benita,Jacobah,Benita.Jacobah@yopmail.com,1963-03-24
523,Ekaterina,Bigner,Ekaterina.Bigner@yopmail.com,2005-01-23
524,Marsiella,Arquit,Marsiella.Arquit@yopmail.com,1917-05-06
525,Ardys,Ophelia,Ardys.Ophelia@yopmail.com,2006-11-19
526,Bibby,Karna,Bibby.Karna@yopmail.com,1935-08-04
527,Aurore,Pierette,Aurore.Pierette@yopmail.com,1910-10-30
528,Sophia,Rillings,Sophia.Rillings@yopmail.com,1945-10-13
529,Janey,Olympium,Janey.Olympium@yopmail.com,1933-03-12
530,Corry,Jarib,Corry.Jarib@yopmail.com,2012-07-02
531,Bee,Suzetta,Bee.Suzetta@yopmail.com,1963-10-28
532,Jemie,Teryn,Jemie.Teryn@yopmail.com,1930-01-13
533,Lizzie,Stav,Lizzie.Stav@yopmail.com,2012-01-19
534,Belva,Zola,Belva.Zola@yopmail.com,2005-11-27
535,Claresta,Blake,Claresta.Blake@yopmail.com,1942-01-16
536,Janeczka,Grimbly,Janeczka.Grimbly@yopmail.com,1970-09-16
537,Carol-Jean,Bertold,Carol-Jean.Bertold@yopmail.com,1956-07-16
538,Linet,Dahlia,Linet.Dahlia@yopmail.com,1933-04-29
539,Lily,Even,Lily.Even@yopmail.com,1986-10-01
540,Regina,Heisel,Regina.Heisel@yopmail.com,1963-07-26
541,Bettine,Fleeta,Bettine.Fleeta@yopmail.com,1975-02-23
542,Alie,Vittoria,Alie.Vittoria@yopmail.com,1990-08-20
543,Micheline,Bandeen,Micheline.Bandeen@yopmail.com,2007-11-03
544,Pollyanna,Paton,Pollyanna.Paton@yopmail.com,1975-04-25
545,Agathe,Taam,Agathe.Taam@yopmail.com,2000-03-07
546,Dania,Allina,Dania.Allina@yopmail.com,1975-09-17
547,Almeta,Jorgan,Almeta.Jorgan@yopmail.com,1919-02-03
548,Bobbi,Wadell,Bobbi.Wadell@yopmail.com,1908-07-24
549,Wanda,Narton,Wanda.Narton@yopmail.com,1962-12-03
550,Lanae,Suk,Lanae.Suk@yopmail.com,1947-06-10
551,Rhea,Brian,Rhea.Brian@yopmail.com,1988-06-15
552,Pierette,Odell,Pierette.Odell@yopmail.com,1999-10-29
553,Fidelia,Luhe,Fidelia.Luhe@yopmail.com,1960-03-21
554,Candi,Kenwood,Candi.Kenwood@yopmail.com,2007-05-02
555,Leeanne,Prober,Leeanne.Prober@yopmail.com,1917-06-09
556,Asia,Linehan,Asia.Linehan@yopmail.com,1979-08-23
557,Shirlee,Croix,Shirlee.Croix@yopmail.com,2003-03-24
558,Myriam,Yerkovich,Myriam.Yerkovich@yopmail.com,1933-07-23
559,Lynde,Brunell,Lynde.Brunell@yopmail.com,1912-11-07
560,Margalo,Douglass,Margalo.Douglass@yopmail.com,1909-01-15
561,Annice,Cohdwell,Annice.Cohdwell@yopmail.com,2019-08-12
562,Helena,Jaylene,Helena.Jaylene@yopmail.com,2010-11-27
563,Mignon,Matthew,Mignon.Matthew@yopmail.com,1972-04-02
564,Lila,Sasnett,Lila.Sasnett@yopmail.com,2012-12-27
565,Ketti,Brotherson,Ketti.Brotherson@yopmail.com,2008-09-23
566,Nataline,Bearnard,Nataline.Bearnard@yopmail.com,1924-11-22
567,Catrina,Federica,Catrina.Federica@yopmail.com,1980-07-25
568,Gilligan,Nisbet,Gilligan.Nisbet@yopmail.com,1919-02-19
569,Perry,Tacye,Perry.Tacye@yopmail.com,1993-04-26
570,Jeanna,Kare,Jeanna.Kare@yopmail.com,1996-01-21
571,Emylee,Eno,Emylee.Eno@yopmail.com,1993-05-17
572,Angela,Old,Angela.Old@yopmail.com,1919-12-15
573,Adriana,Bergman,Adriana.Bergman@yopmail.com,1958-03-14
574,Kelly,Wooster,Kelly.Wooster@yopmail.com,1910-05-29
575,Hallie,Markman,Hallie.Markman@yopmail.com,2009-05-21
576,Nonnah,Bollay,Nonnah.Bollay@yopmail.com,1915-12-19
577,Devina,Smitt,Devina.Smitt@yopmail.com,1977-12-18
578,Kate,Fancie,Kate.Fancie@yopmail.com,1993-11-25
579,Carly,Dyche,Carly.Dyche@yopmail.com,1965-12-28
580,Bernardine,Hoenack,Bernardine.Hoenack@yopmail.com,1968-02-03
581,Kimmy,Junie,Kimmy.Junie@yopmail.com,1972-03-18
582,Steffane,Tarrant,Steffane.Tarrant@yopmail.com,1955-10-11
583,Meg,Behre,Meg.Behre@yopmail.com,1976-03-09
584,Allyce,Gaulin,Allyce.Gaulin@yopmail.com,1912-12-24
585,Renie,Virgin,Renie.Virgin@yopmail.com,1935-08-26
586,Maurene,Natalia,Maurene.Natalia@yopmail.com,1999-10-04
587,Lulita,Ranjiv,Lulita.Ranjiv@yopmail.com,1919-12-23
588,Pierette,Wallis,Pierette.Wallis@yopmail.com,1904-10-31
589,Anica,Sallyann,Anica.Sallyann@yopmail.com,1903-04-17
590,Merrie,Joachim,Merrie.Joachim@yopmail.com,1948-01-09
591,Gusella,Vale,Gusella.Vale@yopmail.com,2012-02-15
592,Jacenta,Erb,Jacenta.Erb@yopmail.com,2008-08-19
593,Demetris,Oscar,Demetris.Oscar@yopmail.com,1953-08-14
594,Violet,Blake,Violet.Blake@yopmail.com,2001-05-04
595,Nickie,Jotham,Nickie.Jotham@yopmail.com,2010-02-18
596,Farrah,Kenwood,Farrah.Kenwood@yopmail.com,1984-08-28
597,Danny,Lewes,Danny.Lewes@yopmail.com,2014-01-09
598,Nicoli,Brian,Nicoli.Brian@yopmail.com,1902-02-01
599,Alejandra,Dawkins,Alejandra.Dawkins@yopmail.com,1907-07-30
600,Frieda,Sandye,Frieda.Sandye@yopmail.com,1954-07-23
601,Rubie,Paton,Rubie.Paton@yopmail.com,1963-11-26
602,Lenna,Eachern,Lenna.Eachern@yopmail.com,1936-12-12
603,Amii,Jorgan,Amii.Jorgan@yopmail.com,1980-10-18
604,Coral,Stevy,Coral.Stevy@yopmail.com,1996-04-27
605,Delilah,Keelia,Delilah.Keelia@yopmail.com,1976-11-27
606,Annecorinne,Anderea,Annecorinne.Anderea@yopmail.com,1921-07-09
607,Chrystel,Jorgan,Chrystel.Jorgan@yopmail.com,2017-11-23
608,Paule,Ephrem,Paule.Ephrem@yopmail.com,1986-03-28
609,Wynne,Kaete,Wynne.Kaete@yopmail.com,1993-05-17
610,Delilah,Izaak,Delilah.Izaak@yopmail.com,2010-03-03
611,Vivia,Giff,Vivia.Giff@yopmail.com,2018-10-26
612,Zia,Gino,Zia.Gino@yopmail.com,1984-03-14
613,Yolane,Marisa,Yolane.Marisa@yopmail.com,1932-06-23
614,Darci,Bertold,Darci.Bertold@yopmail.com,1978-01-13
615,Sharlene,Teryn,Sharlene.Teryn@yopmail.com,1926-10-12
616,Bibby,Urania,Bibby.Urania@yopmail.com,1900-12-21
617,Clarice,Honoria,Clarice.Honoria@yopmail.com,1934-02-14
618,Marline,Bollay,Marline.Bollay@yopmail.com,1927-04-17
619,Rori,Tufts,Rori.Tufts@yopmail.com,1900-08-26
620,Dianemarie,Dudley,Dianemarie.Dudley@yopmail.com,1957-10-31
621,Dolli,Screens,Dolli.Screens@yopmail.com,1916-12-19
622,Magdalena,Dom,Magdalena.Dom@yopmail.com,1971-06-18
623,Allis,Karna,Allis.Karna@yopmail.com,1977-03-09
624,Dorthy,Hertzfeld,Dorthy.Hertzfeld@yopmail.com,1922-03-27
625,Corry,Johanna,Corry.Johanna@yopmail.com,1954-09-15
626,Karolina,Gilmour,Karolina.Gilmour@yopmail.com,1923-05-04
627,Dorice,Ilka,Dorice.Ilka@yopmail.com,2010-07-21
628,Leontine,Peonir,Leontine.Peonir@yopmail.com,1993-04-22
629,Althea,Yerkovich,Althea.Yerkovich@yopmail.com,1940-03-19
630,Anthia,Dannye,Anthia.Dannye@yopmail.com,2008-03-03
631,Theodora,Montgomery,Theodora.Montgomery@yopmail.com,1910-03-10
632,Joleen,Florina,Joleen.Florina@yopmail.com,1967-06-23
633,Luci,Chaing,Luci.Chaing@yopmail.com,2014-12-29
634,Dania,Tremayne,Dania.Tremayne@yopmail.com,2009-07-31
635,Madelle,Joeann,Madelle.Joeann@yopmail.com,2014-01-14
636,Sonni,Sigfrid,Sonni.Sigfrid@yopmail.com,1992-08-20
637,Agathe,Kussell,Agathe.Kussell@yopmail.com,1932-03-19
638,Joceline,Blase,Joceline.Blase@yopmail.com,2011-12-25
639,Yvonne,Dahlia,Yvonne.Dahlia@yopmail.com,1949-11-13
640,Cissiee,Yam,Cissiee.Yam@yopmail.com,1935-12-26
641,Vonny,Modie,Vonny.Modie@yopmail.com,1965-06-09
642,Gabi,Wandie,Gabi.Wandie@yopmail.com,1908-06-23
643,Sindee,Velick,Sindee.Velick@yopmail.com,2014-01-12
644,Violet,Gamaliel,Violet.Gamaliel@yopmail.com,1959-04-05
645,Katleen,Dudley,Katleen.Dudley@yopmail.com,1993-10-13
646,Shauna,Engdahl,Shauna.Engdahl@yopmail.com,2000-03-10
647,Jorry,Calhoun,Jorry.Calhoun@yopmail.com,1972-12-18
648,Beverley,Maurine,Beverley.Maurine@yopmail.com,1947-01-05
649,Dominga,Martsen,Dominga.Martsen@yopmail.com,1913-12-07
650,Kaia,Roche,Kaia.Roche@yopmail.com,1962-12-22
651,Jere,Ade,Jere.Ade@yopmail.com,1996-11-28
652,Peri,Nahum,Peri.Nahum@yopmail.com,1912-12-03
653,Elise,Verger,Elise.Verger@yopmail.com,1924-05-14
654,Drucie,Elbertina,Drucie.Elbertina@yopmail.com,1928-01-19
655,Stevana,Rona,Stevana.Rona@yopmail.com,1954-02-19
656,Chastity,Jehu,Chastity.Jehu@yopmail.com,1995-03-11
657,Jsandye,Harriman,Jsandye.Harriman@yopmail.com,1979-10-10
658,Leona,Constancy,Leona.Constancy@yopmail.com,2011-12-20
659,Danika,Charity,Danika.Charity@yopmail.com,1965-02-25
660,Halette,Persse,Halette.Persse@yopmail.com,1939-12-27
661,Sandie,Sabella,Sandie.Sabella@yopmail.com,1901-02-12
662,Lorne,Gemini,Lorne.Gemini@yopmail.com,1924-04-14
663,Nadine,Romelda,Nadine.Romelda@yopmail.com,1997-05-27
664,Felice,Pyle,Felice.Pyle@yopmail.com,1983-02-06
665,Sashenka,Ailyn,Sashenka.Ailyn@yopmail.com,1992-01-17
666,Johna,Hebner,Johna.Hebner@yopmail.com,1947-07-20
667,Allis,Thunell,Allis.Thunell@yopmail.com,1937-06-30
668,Doro,Wareing,Doro.Wareing@yopmail.com,1928-07-24
669,Ida,Darian,Ida.Darian@yopmail.com,2012-03-19
670,Jillayne,Swigart,Jillayne.Swigart@yopmail.com,2011-05-25
671,Catrina,Schenck,Catrina.Schenck@yopmail.com,2002-01-10
672,Felice,Gavrila,Felice.Gavrila@yopmail.com,1978-12-31
673,Jany,Nadia,Jany.Nadia@yopmail.com,1968-10-02
674,Jennica,Abernon,Jennica.Abernon@yopmail.com,1954-12-08
675,Olivette,Bashemeth,Olivette.Bashemeth@yopmail.com,1906-02-19
676,Regina,Sidonius,Regina.Sidonius@yopmail.com,2012-05-16
677,Mary,Lynn,Mary.Lynn@yopmail.com,1990-05-08
678,Giustina,Nance,Giustina.Nance@yopmail.com,1904-06-25
679,Cacilie,Schwejda,Cacilie.Schwejda@yopmail.com,1964-08-13
680,Lory,Henrie,Lory.Henrie@yopmail.com,1995-10-08
681,Charissa,Fadiman,Charissa.Fadiman@yopmail.com,1936-08-21
682,Deirdre,Konyn,Deirdre.Konyn@yopmail.com,1985-02-26
683,Lucille,Garbe,Lucille.Garbe@yopmail.com,1953-10-25
684,Allyce,Vorster,Allyce.Vorster@yopmail.com,1954-07-08
685,Lory,Jerald,Lory.Jerald@yopmail.com,1972-07-27
686,Karly,Kosey,Karly.Kosey@yopmail.com,1959-09-12
687,Ira,Masao,Ira.Masao@yopmail.com,1904-06-02
688,Perry,Delp,Perry.Delp@yopmail.com,1929-11-30
689,Maud,Dielu,Maud.Dielu@yopmail.com,1979-11-23
690,Elka,Millda,Elka.Millda@yopmail.com,2019-04-09
691,Shaylyn,Adamsen,Shaylyn.Adamsen@yopmail.com,2007-01-09
692,Berta,Margarete,Berta.Margarete@yopmail.com,1971-08-19
693,Trudie,Bevin,Trudie.Bevin@yopmail.com,1999-11-19
694,Fanchon,Pascia,Fanchon.Pascia@yopmail.com,1974-06-15
695,Jackie,Brittani,Jackie.Brittani@yopmail.com,1972-02-13
696,Ardys,Tremayne,Ardys.Tremayne@yopmail.com,1964-08-06
697,Kathi,Percy,Kathi.Percy@yopmail.com,1915-02-19
698,Correy,Reinke,Correy.Reinke@yopmail.com,2012-04-06
699,Elyssa,Schenck,Elyssa.Schenck@yopmail.com,1993-03-27
700,Livvyy,Fennessy,Livvyy.Fennessy@yopmail.com,2006-02-05
701,Dorthy,Persse,Dorthy.Persse@yopmail.com,1928-01-29
702,Viviene,Sigfrid,Viviene.Sigfrid@yopmail.com,1969-02-27
703,Aeriela,Tamsky,Aeriela.Tamsky@yopmail.com,1925-04-19
704,Kayla,Anis,Kayla.Anis@yopmail.com,1950-08-28
705,Lanae,Honoria,Lanae.Honoria@yopmail.com,1974-07-27
706,Dolli,Hollingsworth,Dolli.Hollingsworth@yopmail.com,2004-08-17
707,Penelopa,Shaddock,Penelopa.Shaddock@yopmail.com,2017-02-02
708,Zsa Zsa,Chick,Zsa Zsa.Chick@yopmail.com,1928-10-20
709,Zaria,Gregrory,Zaria.Gregrory@yopmail.com,1994-06-30
710,Bettine,Herrera,Bettine.Herrera@yopmail.com,1955-03-21
711,Charlena,Pelagias,Charlena.Pelagias@yopmail.com,1993-07-30
712,Tabbatha,Korey,Tabbatha.Korey@yopmail.com,2009-04-28
713,Mariann,Lattie,Mariann.Lattie@yopmail.com,1905-03-01
714,Amalie,Modie,Amalie.Modie@yopmail.com,2010-10-14
715,Ilse,Hubert,Ilse.Hubert@yopmail.com,1977-03-01
716,Priscilla,Yorick,Priscilla.Yorick@yopmail.com,1953-09-16
717,Viviene,Barbey,Viviene.Barbey@yopmail.com,1986-03-24
718,Iseabal,Pitt,Iseabal.Pitt@yopmail.com,1997-08-24
719,Jan,Erlandson,Jan.Erlandson@yopmail.com,1918-07-03
720,Jaclyn,Roche,Jaclyn.Roche@yopmail.com,1930-03-17
721,Cordi,Ajay,Cordi.Ajay@yopmail.com,1941-06-12
722,Queenie,Michella,Queenie.Michella@yopmail.com,1932-02-10
723,Mariann,Lubin,Mariann.Lubin@yopmail.com,1969-02-09
724,Lonnie,Schroth,Lonnie.Schroth@yopmail.com,2019-12-25
725,Helena,Trace,Helena.Trace@yopmail.com,1999-05-12
726,Grier,Thomasina,Grier.Thomasina@yopmail.com,1945-05-14
727,Dominga,Lemuela,Dominga.Lemuela@yopmail.com,1978-08-12
728,Orsola,Arvo,Orsola.Arvo@yopmail.com,1965-09-18
729,Jolyn,Evangelia,Jolyn.Evangelia@yopmail.com,2012-09-08
730,Kalina,Lauraine,Kalina.Lauraine@yopmail.com,1924-01-28
731,Allis,Teryn,Allis.Teryn@yopmail.com,1969-04-21
732,Lorenza,Estella,Lorenza.Estella@yopmail.com,1977-06-26
733,Clary,Tryck,Clary.Tryck@yopmail.com,1930-06-18
734,Bobinette,Fontana,Bobinette.Fontana@yopmail.com,1997-04-12
735,Brianna,Nerita,Brianna.Nerita@yopmail.com,1954-04-27
736,Winny,Buffum,Winny.Buffum@yopmail.com,1970-08-14
737,Heida,Jarib,Heida.Jarib@yopmail.com,1967-05-13
738,Elsie,Bouchard,Elsie.Bouchard@yopmail.com,1908-12-06
739,Ernesta,Wu,Ernesta.Wu@yopmail.com,1924-02-17
740,Aimil,Kamaria,Aimil.Kamaria@yopmail.com,1993-09-23
741,Cam,Lattie,Cam.Lattie@yopmail.com,1985-02-06
742,Adore,Cottle,Adore.Cottle@yopmail.com,2016-04-28
743,Korrie,Judye,Korrie.Judye@yopmail.com,1939-01-19
744,Fidelia,Kunin,Fidelia.Kunin@yopmail.com,1990-01-18
745,Ottilie,Wyn,Ottilie.Wyn@yopmail.com,1947-02-11
746,Gavrielle,Joli,Gavrielle.Joli@yopmail.com,1961-11-01
747,Tabbatha,Sparhawk,Tabbatha.Sparhawk@yopmail.com,1938-12-22
748,Albertina,Teryn,Albertina.Teryn@yopmail.com,1900-04-08
749,Kittie,Johanna,Kittie.Johanna@yopmail.com,1970-11-06
750,Robinia,Idelia,Robinia.Idelia@yopmail.com,1932-05-04
751,Adore,Ambrosia,Adore.Ambrosia@yopmail.com,1911-04-16
752,Lizzie,Means,Lizzie.Means@yopmail.com,1916-09-10
753,Henriette,Schlosser,Henriette.Schlosser@yopmail.com,2001-12-10
754,Keelia,Podvin,Keelia.Podvin@yopmail.com,1977-02-24
755,Jsandye,Tiffa,Jsandye.Tiffa@yopmail.com,1942-09-16
756,Marika,Kirstin,Marika.Kirstin@yopmail.com,1958-07-07
757,Elvira,Berl,Elvira.Berl@yopmail.com,1951-12-02
758,Molli,Pulsifer,Molli.Pulsifer@yopmail.com,1930-08-01
759,Lyssa,Brunell,Lyssa.Brunell@yopmail.com,1982-12-27
760,Roslyn,Brady,Roslyn.Brady@yopmail.com,1914-11-10
761,Tobe,Penelopa,Tobe.Penelopa@yopmail.com,1994-04-03
762,Clarice,Colleen,Clarice.Colleen@yopmail.com,1946-04-06
763,Deirdre,Ferino,Deirdre.Ferino@yopmail.com,1950-01-14
764,Deirdre,Corilla,Deirdre.Corilla@yopmail.com,1921-09-02
765,Esmeralda,Konyn,Esmeralda.Konyn@yopmail.com,1947-10-24
766,Dede,Vastah,Dede.Vastah@yopmail.com,1901-10-26
767,Bill,Riordan,Bill.Riordan@yopmail.com,2019-10-18
768,Magdalena,Alisia,Magdalena.Alisia@yopmail.com,1913-06-15
769,Roxane,Agle,Roxane.Agle@yopmail.com,1991-01-19
770,Misha,Gaspard,Misha.Gaspard@yopmail.com,1997-05-03
771,Mireielle,Prober,Mireielle.Prober@yopmail.com,1921-11-23
772,Loree,Ardeha,Loree.Ardeha@yopmail.com,2015-01-05
773,Sashenka,Wyn,Sashenka.Wyn@yopmail.com,1993-03-12
774,Valeda,Septima,Valeda.Septima@yopmail.com,1935-07-24
775,Vivia,Zetta,Vivia.Zetta@yopmail.com,2014-11-10
776,Kaja,Slifka,Kaja.Slifka@yopmail.com,1949-02-07
777,Katuscha,Tice,Katuscha.Tice@yopmail.com,1934-11-08
778,Stacey,Noman,Stacey.Noman@yopmail.com,1995-06-21
779,Therine,Noman,Therine.Noman@yopmail.com,1927-03-02
780,Cyb,Hashim,Cyb.Hashim@yopmail.com,1970-10-29
781,Gilda,Magnolia,Gilda.Magnolia@yopmail.com,2006-08-27
782,Talya,Ader,Talya.Ader@yopmail.com,1930-12-27
783,Cindelyn,Neils,Cindelyn.Neils@yopmail.com,1912-03-08
784,Alisha,Oneida,Alisha.Oneida@yopmail.com,1998-01-05
785,Goldie,Pearse,Goldie.Pearse@yopmail.com,1917-12-19
786,Nananne,Howlyn,Nananne.Howlyn@yopmail.com,1915-02-22
787,Cyndie,Berriman,Cyndie.Berriman@yopmail.com,1944-03-15
788,Karina,Malanie,Karina.Malanie@yopmail.com,2009-03-27
789,Selma,Raama,Selma.Raama@yopmail.com,1960-01-03
790,Blake,Sperling,Blake.Sperling@yopmail.com,1936-11-01
791,Jere,Granoff,Jere.Granoff@yopmail.com,1921-06-20
792,Andeee,Norvol,Andeee.Norvol@yopmail.com,1987-07-30
793,Flo,Aaberg,Flo.Aaberg@yopmail.com,1926-12-11
794,Kayla,Odell,Kayla.Odell@yopmail.com,1938-05-25
795,Annecorinne,Viddah,Annecorinne.Viddah@yopmail.com,1904-07-25
796,Maye,Cadmar,Maye.Cadmar@yopmail.com,1969-06-18
797,Edyth,Imelida,Edyth.Imelida@yopmail.com,1935-10-19
798,Karlee,Margarete,Karlee.Margarete@yopmail.com,1978-09-22
799,Annaliese,Bahr,Annaliese.Bahr@yopmail.com,1901-10-24
800,Frances,Mauer,Frances.Mauer@yopmail.com,1929-11-02
801,Britte,Lissi,Britte.Lissi@yopmail.com,1939-01-31
802,Magdalena,Ivens,Magdalena.Ivens@yopmail.com,1953-10-13
803,Kassey,Linskey,Kassey.Linskey@yopmail.com,1930-10-02
804,Suzette,Dielu,Suzette.Dielu@yopmail.com,2014-10-02
805,Cathyleen,Lauraine,Cathyleen.Lauraine@yopmail.com,1923-05-14
806,Bill,Nerita,Bill.Nerita@yopmail.com,2016-03-13
807,June,Kellby,June.Kellby@yopmail.com,1915-05-06
808,Janis,Carlson,Janis.Carlson@yopmail.com,1991-12-14
809,Nessie,Tayib,Nessie.Tayib@yopmail.com,1952-04-03
810,Giustina,Teryn,Giustina.Teryn@yopmail.com,1932-01-26
811,Cherrita,Lindemann,Cherrita.Lindemann@yopmail.com,2019-10-01
812,Marika,Taima,Marika.Taima@yopmail.com,2003-11-04
813,Bertine,Katrine,Bertine.Katrine@yopmail.com,1911-06-29
814,Anestassia,Lutero,Anestassia.Lutero@yopmail.com,1944-03-27
815,Nessie,Skell,Nessie.Skell@yopmail.com,1933-09-13
816,Lesly,Eckblad,Lesly.Eckblad@yopmail.com,1976-06-24
817,Gwenneth,Bartlett,Gwenneth.Bartlett@yopmail.com,1937-10-06
818,Fawne,Geffner,Fawne.Geffner@yopmail.com,2001-07-27
819,Etta,McGrody,Etta.McGrody@yopmail.com,1924-07-21
820,Tori,Richers,Tori.Richers@yopmail.com,1953-12-29
821,Nelle,Bevin,Nelle.Bevin@yopmail.com,1935-12-28
822,Nanete,Denis,Nanete.Denis@yopmail.com,1949-04-19
823,Sabina,Prober,Sabina.Prober@yopmail.com,1928-04-09
824,Gratia,Hewitt,Gratia.Hewitt@yopmail.com,1980-04-02
825,Elbertina,Redmond,Elbertina.Redmond@yopmail.com,1903-04-30
826,Wynne,Faso,Wynne.Faso@yopmail.com,1982-10-16
827,Kimmy,Idelia,Kimmy.Idelia@yopmail.com,1930-04-27
828,Dawn,Iphlgenia,Dawn.Iphlgenia@yopmail.com,1916-03-19
829,Yetty,Sisile,Yetty.Sisile@yopmail.com,1943-09-06
830,Amara,Jefferey,Amara.Jefferey@yopmail.com,1933-10-19
831,Randa,Ader,Randa.Ader@yopmail.com,2007-11-08
832,Fernande,Phi,Fernande.Phi@yopmail.com,1959-12-04
833,Lizzie,Greenwald,Lizzie.Greenwald@yopmail.com,1976-07-11
834,Ursulina,Noelyn,Ursulina.Noelyn@yopmail.com,1904-12-06
835,Nananne,Minetta,Nananne.Minetta@yopmail.com,1961-06-16
836,Frieda,Gaynor,Frieda.Gaynor@yopmail.com,1921-10-06
837,Rosabelle,Pernick,Rosabelle.Pernick@yopmail.com,1988-12-14
838,Calla,Liva,Calla.Liva@yopmail.com,1941-12-03
839,Gilda,Clie,Gilda.Clie@yopmail.com,1935-08-27
840,Karlee,Ruvolo,Karlee.Ruvolo@yopmail.com,1901-06-30
841,Flory,Sprage,Flory.Sprage@yopmail.com,1952-05-18
842,Lucille,Fennessy,Lucille.Fennessy@yopmail.com,1978-09-02
843,Kenna,Jacinda,Kenna.Jacinda@yopmail.com,1962-05-16
844,Danny,Brian,Danny.Brian@yopmail.com,1908-09-04
845,Nonnah,Heisel,Nonnah.Heisel@yopmail.com,1975-08-16
846,Clary,Kazimir,Clary.Kazimir@yopmail.com,1979-01-02
847,Genevra,Valerio,Genevra.Valerio@yopmail.com,1909-01-24
848,Raf,Ader,Raf.Ader@yopmail.com,1963-02-10
849,Neila,Eben,Neila.Eben@yopmail.com,2004-02-10
850,Genovera,Fillbert,Genovera.Fillbert@yopmail.com,1902-09-07
851,Courtnay,Kronfeld,Courtnay.Kronfeld@yopmail.com,1943-03-17
852,Jenda,Maisey,Jenda.Maisey@yopmail.com,1988-01-20
853,Elka,Rozanna,Elka.Rozanna@yopmail.com,1947-11-07
854,Di,Bobbee,Di.Bobbee@yopmail.com,1952-12-06
855,Beatriz,Fiann,Beatriz.Fiann@yopmail.com,1932-07-26
856,Merci,Maisey,Merci.Maisey@yopmail.com,1906-03-31
857,Delilah,Helfand,Delilah.Helfand@yopmail.com,1986-02-27
858,Henriette,Raama,Henriette.Raama@yopmail.com,1962-06-30
859,Annecorinne,Saint,Annecorinne.Saint@yopmail.com,1990-09-28
860,Kore,Gusella,Kore.Gusella@yopmail.com,1949-09-29
861,Gerrie,Naor,Gerrie.Naor@yopmail.com,1903-06-05
862,Heida,Prouty,Heida.Prouty@yopmail.com,1955-10-19
863,Aurore,Palocz,Aurore.Palocz@yopmail.com,2012-03-26
864,Amii,Allare,Amii.Allare@yopmail.com,1952-12-04
865,Jordan,Kevon,Jordan.Kevon@yopmail.com,1967-09-27
866,Alie,Xerxes,Alie.Xerxes@yopmail.com,1925-03-01
867,Jany,Sholley,Jany.Sholley@yopmail.com,1960-04-23
868,Annice,Boycey,Annice.Boycey@yopmail.com,1947-04-11
869,Nita,Sheedy,Nita.Sheedy@yopmail.com,1900-10-31
870,Leeanne,Clara,Leeanne.Clara@yopmail.com,1981-12-29
871,Anestassia,Etom,Anestassia.Etom@yopmail.com,1961-09-02
872,Di,Ehrman,Di.Ehrman@yopmail.com,1902-03-12
873,Melisent,Maisey,Melisent.Maisey@yopmail.com,2007-08-03
874,Aaren,Paine,Aaren.Paine@yopmail.com,1946-10-12
875,Paulita,Kat,Paulita.Kat@yopmail.com,1974-03-31
876,Gabriellia,Garlinda,Gabriellia.Garlinda@yopmail.com,1947-07-20
877,Lyssa,Tybald,Lyssa.Tybald@yopmail.com,1933-07-11
878,Adriana,Afton,Adriana.Afton@yopmail.com,2015-08-10
879,Audrie,Thad,Audrie.Thad@yopmail.com,1931-02-07
880,Roberta,Garlinda,Roberta.Garlinda@yopmail.com,1990-03-30
881,Mathilda,Aurelio,Mathilda.Aurelio@yopmail.com,2018-04-16
882,Jessamyn,Girardo,Jessamyn.Girardo@yopmail.com,1977-09-05
883,Daphne,Justinn,Daphne.Justinn@yopmail.com,2019-06-05
884,Arabel,Jarib,Arabel.Jarib@yopmail.com,2000-03-26
885,Tonia,Franza,Tonia.Franza@yopmail.com,1981-11-05
886,Nannie,Sammons,Nannie.Sammons@yopmail.com,2002-07-30
887,Ivett,Karl,Ivett.Karl@yopmail.com,2005-04-15
888,Raina,Gregrory,Raina.Gregrory@yopmail.com,1913-06-13
889,Rivalee,Halsey,Rivalee.Halsey@yopmail.com,2001-05-05
890,Linet,Sikorski,Linet.Sikorski@yopmail.com,1900-02-16
891,Patricia,Marcellus,Patricia.Marcellus@yopmail.com,1986-12-18
892,Lacie,Paton,Lacie.Paton@yopmail.com,1985-06-19
893,Addia,Lauraine,Addia.Lauraine@yopmail.com,2003-05-28
894,Nyssa,Killigrew,Nyssa.Killigrew@yopmail.com,1932-12-09
895,Raf,Thad,Raf.Thad@yopmail.com,1936-10-14
896,Lilith,Roscoe,Lilith.Roscoe@yopmail.com,2016-12-30
897,Kathy,Bollay,Kathy.Bollay@yopmail.com,1915-10-26
898,Minda,Allare,Minda.Allare@yopmail.com,1934-11-09
899,Gerrie,Morrill,Gerrie.Morrill@yopmail.com,2017-04-04
900,Elyssa,Ivens,Elyssa.Ivens@yopmail.com,1966-08-27
901,Minda,Doig,Minda.Doig@yopmail.com,1979-09-03
902,Fanny,Thar,Fanny.Thar@yopmail.com,2015-01-02
903,Annaliese,Drisko,Annaliese.Drisko@yopmail.com,1957-11-23
904,Albertina,Kat,Albertina.Kat@yopmail.com,1946-09-12
905,Maurene,Lia,Maurene.Lia@yopmail.com,1919-06-26
906,Kimmy,Atonsah,Kimmy.Atonsah@yopmail.com,1932-12-20
907,Chickie,Lacombe,Chickie.Lacombe@yopmail.com,1963-11-04
908,Katuscha,Kristi,Katuscha.Kristi@yopmail.com,1909-02-01
909,Marti,Erich,Marti.Erich@yopmail.com,2018-10-28
910,Karly,Hull,Karly.Hull@yopmail.com,1970-08-31
911,Halette,Ephrem,Halette.Ephrem@yopmail.com,1921-08-04
912,Hettie,Gaspard,Hettie.Gaspard@yopmail.com,1968-06-30
913,Violet,Leonard,Violet.Leonard@yopmail.com,1949-03-20
914,Alyda,Wyn,Alyda.Wyn@yopmail.com,1917-05-23
915,Bertine,Winnick,Bertine.Winnick@yopmail.com,1938-02-06
916,Lucille,Goldina,Lucille.Goldina@yopmail.com,1917-03-07
917,Fanchon,Eckblad,Fanchon.Eckblad@yopmail.com,1978-03-29
918,Louella,Alarise,Louella.Alarise@yopmail.com,1949-06-30
919,Sara-Ann,Shanley,Sara-Ann.Shanley@yopmail.com,1957-04-13
920,Harmonia,Havens,Harmonia.Havens@yopmail.com,1938-03-11
921,Johna,Pascia,Johna.Pascia@yopmail.com,1927-01-14
922,Johna,Hartnett,Johna.Hartnett@yopmail.com,2008-09-15
923,Caritta,Henebry,Caritta.Henebry@yopmail.com,1909-08-01
924,Alyssa,Stacy,Alyssa.Stacy@yopmail.com,1937-06-22
925,Alyssa,Mathilde,Alyssa.Mathilde@yopmail.com,1934-05-25
926,Elmira,Jeanne,Elmira.Jeanne@yopmail.com,1904-03-17
927,Doro,Jalbert,Doro.Jalbert@yopmail.com,2006-03-23
928,Chastity,Bow,Chastity.Bow@yopmail.com,1980-08-27
929,Bernie,Thornburg,Bernie.Thornburg@yopmail.com,1973-08-25
930,Lanna,Liebermann,Lanna.Liebermann@yopmail.com,1902-09-19
931,Jaclyn,Quent,Jaclyn.Quent@yopmail.com,2009-07-10
932,Elka,Alabaster,Elka.Alabaster@yopmail.com,1988-04-22
933,Hildegaard,Palocz,Hildegaard.Palocz@yopmail.com,2008-11-25
934,Lily,Old,Lily.Old@yopmail.com,1983-02-13
935,Anallese,Nunci,Anallese.Nunci@yopmail.com,1998-11-03
936,Deloria,Franza,Deloria.Franza@yopmail.com,1931-11-10
937,Mathilda,Sholley,Mathilda.Sholley@yopmail.com,1965-12-24
938,Donnie,Caitlin,Donnie.Caitlin@yopmail.com,1977-10-30
939,Almeta,Codding,Almeta.Codding@yopmail.com,1903-11-28
940,Genovera,Amand,Genovera.Amand@yopmail.com,1962-03-20
941,Glynnis,Olnee,Glynnis.Olnee@yopmail.com,1970-10-06
942,Sheelagh,Hull,Sheelagh.Hull@yopmail.com,1933-05-14
943,Katleen,Danby,Katleen.Danby@yopmail.com,1965-10-12
944,Rhoda,Soneson,Rhoda.Soneson@yopmail.com,1922-07-18
945,Marti,Rona,Marti.Rona@yopmail.com,1929-04-23
946,Nariko,Woodberry,Nariko.Woodberry@yopmail.com,1939-12-07
947,Alameda,Iphlgenia,Alameda.Iphlgenia@yopmail.com,1961-07-29
948,Bobinette,Natalia,Bobinette.Natalia@yopmail.com,1959-11-03
949,Kylynn,Cavan,Kylynn.Cavan@yopmail.com,1901-02-10
950,Siana,Medrek,Siana.Medrek@yopmail.com,1975-07-22
951,Shaylyn,Bearnard,Shaylyn.Bearnard@yopmail.com,2015-03-16
952,Sibella,Kevon,Sibella.Kevon@yopmail.com,1958-06-03
953,Allyce,Schenck,Allyce.Schenck@yopmail.com,1980-10-12
954,Elmira,Vacuva,Elmira.Vacuva@yopmail.com,1968-05-06
955,Katuscha,Phi,Katuscha.Phi@yopmail.com,2012-12-05
956,Camile,Xerxes,Camile.Xerxes@yopmail.com,2019-10-05
957,Corry,Candy,Corry.Candy@yopmail.com,2012-09-13
958,Judy,Candy,Judy.Candy@yopmail.com,2006-05-02
959,Alyssa,Baptlsta,Alyssa.Baptlsta@yopmail.com,1915-02-20
960,Demetris,Harl,Demetris.Harl@yopmail.com,1977-11-03
961,Elvira,Gamaliel,Elvira.Gamaliel@yopmail.com,1965-04-25
962,Edee,Wittie,Edee.Wittie@yopmail.com,1949-03-25
963,Joleen,McGrody,Joleen.McGrody@yopmail.com,1961-04-25
964,Janenna,Kendrick,Janenna.Kendrick@yopmail.com,1976-04-10
965,Dominga,Sabella,Dominga.Sabella@yopmail.com,1909-03-10
966,Clementine,Vilma,Clementine.Vilma@yopmail.com,1913-06-14
967,Mady,Couture,Mady.Couture@yopmail.com,1986-09-18
968,Renie,Zuzana,Renie.Zuzana@yopmail.com,1912-06-13
969,Verla,Ade,Verla.Ade@yopmail.com,1954-06-03
970,Sharlene,Ehrman,Sharlene.Ehrman@yopmail.com,1920-10-19
971,Bobbi,Donell,Bobbi.Donell@yopmail.com,1958-12-05
972,Sheelagh,Hamil,Sheelagh.Hamil@yopmail.com,1900-06-01
973,Rosabelle,Israeli,Rosabelle.Israeli@yopmail.com,1931-02-16
974,Agathe,Swigart,Agathe.Swigart@yopmail.com,1911-09-29
975,Stevana,Glenden,Stevana.Glenden@yopmail.com,1995-10-04
976,Ellette,Velick,Ellette.Velick@yopmail.com,1991-03-28
977,Correy,Weide,Correy.Weide@yopmail.com,1909-03-14
978,Kalina,Goddard,Kalina.Goddard@yopmail.com,1986-12-05
979,Pamella,Fiann,Pamella.Fiann@yopmail.com,1967-10-03
980,Charlena,Pierette,Charlena.Pierette@yopmail.com,1937-09-20
981,Katleen,Berl,Katleen.Berl@yopmail.com,1990-03-23
982,Chickie,Berne,Chickie.Berne@yopmail.com,1984-08-15
983,Krystle,Caitlin,Krystle.Caitlin@yopmail.com,1963-01-22
984,Mara,Fax,Mara.Fax@yopmail.com,1915-11-04
985,Lory,Saunderson,Lory.Saunderson@yopmail.com,2007-07-14
986,Kaia,Linehan,Kaia.Linehan@yopmail.com,1914-09-12
987,Alleen,Afton,Alleen.Afton@yopmail.com,1970-09-06
988,Sheelagh,Forrer,Sheelagh.Forrer@yopmail.com,1937-10-14
989,Bee,Wenda,Bee.Wenda@yopmail.com,1902-11-05
990,Rosanne,Ietta,Rosanne.Ietta@yopmail.com,1913-08-30
991,Correy,Belldas,Correy.Belldas@yopmail.com,1953-05-13
992,Lucy,Chick,Lucy.Chick@yopmail.com,1977-10-01
993,Adriana,Rurik,Adriana.Rurik@yopmail.com,1961-06-15
994,Georgetta,Urias,Georgetta.Urias@yopmail.com,1934-12-03
995,Codie,Goode,Codie.Goode@yopmail.com,1932-07-01
996,Tierney,Lemuela,Tierney.Lemuela@yopmail.com,1906-08-30
997,Barbara,Sallyann,Barbara.Sallyann@yopmail.com,1992-02-04
998,Frank,Lacombe,Frank.Lacombe@yopmail.com,1941-10-24
999,Talya,Wallis,Talya.Wallis@yopmail.com,1904-10-23
1000,Jerry,Kenwood,Jerry.Kenwood@yopmail.com,2019-06-24
1001,Carlie,Freddi,Carlie.Freddi@yopmail.com,1966-02-27
1002,Latisha,Kellby,Latisha.Kellby@yopmail.com,1901-08-03
1003,Frances,Iphlgenia,Frances.Iphlgenia@yopmail.com,1955-06-19
1004,Nannie,Destinee,Nannie.Destinee@yopmail.com,1980-05-03
1005,Janis,Jagir,Janis.Jagir@yopmail.com,2004-10-13
1006,Roberta,Klotz,Roberta.Klotz@yopmail.com,1903-12-30
1007,Estell,Nedrud,Estell.Nedrud@yopmail.com,1975-10-10
1008,Allyce,Rogerio,Allyce.Rogerio@yopmail.com,1967-09-12
1009,Gertrud,Meli,Gertrud.Meli@yopmail.com,1962-08-02
1010,Petronia,Erlandson,Petronia.Erlandson@yopmail.com,1974-08-31
1011,Dominga,Sibyls,Dominga.Sibyls@yopmail.com,1949-03-17
1012,Doralynne,Means,Doralynne.Means@yopmail.com,1997-09-02
1013,Rhea,Vanni,Rhea.Vanni@yopmail.com,1992-08-25
1014,Fredericka,Hailee,Fredericka.Hailee@yopmail.com,1996-09-17
1015,Yolane,Viddah,Yolane.Viddah@yopmail.com,1968-04-29
1016,Annecorinne,Regan,Annecorinne.Regan@yopmail.com,2003-02-21
1017,Flory,Azeria,Flory.Azeria@yopmail.com,2002-07-23
1018,Hayley,Levey,Hayley.Levey@yopmail.com,1975-01-15
1019,Darlleen,Isidore,Darlleen.Isidore@yopmail.com,1936-10-30
1020,Daryl,Yate,Daryl.Yate@yopmail.com,1972-02-02
1021,Leona,Richers,Leona.Richers@yopmail.com,1947-03-28
1022,Rani,Jacqui,Rani.Jacqui@yopmail.com,1953-05-12
1023,Laure,Milde,Laure.Milde@yopmail.com,2010-04-25
1024,Carlie,Macey,Carlie.Macey@yopmail.com,1976-01-06
1025,Betta,Presber,Betta.Presber@yopmail.com,1901-02-24
1026,Frances,Keily,Frances.Keily@yopmail.com,1945-10-11
1027,Iseabal,Aurelio,Iseabal.Aurelio@yopmail.com,1914-10-30
1028,Jenilee,Nicoline,Jenilee.Nicoline@yopmail.com,1936-07-11
1029,Sherrie,Ilka,Sherrie.Ilka@yopmail.com,1961-03-21
1030,Regina,Olin,Regina.Olin@yopmail.com,1980-03-08
1031,Norine,Bandeen,Norine.Bandeen@yopmail.com,1920-01-25
1032,Lolita,Aaberg,Lolita.Aaberg@yopmail.com,1913-10-07
1033,Marguerite,Arathorn,Marguerite.Arathorn@yopmail.com,1961-06-05
1034,Maurene,Dudley,Maurene.Dudley@yopmail.com,1965-03-21
1035,Lauryn,Winthorpe,Lauryn.Winthorpe@yopmail.com,1933-02-08
1036,Blondelle,Nikaniki,Blondelle.Nikaniki@yopmail.com,1974-07-05
1037,Annora,Bennie,Annora.Bennie@yopmail.com,1952-10-30
1038,Theodora,Emanuel,Theodora.Emanuel@yopmail.com,1996-07-21
1039,Kenna,Cornelia,Kenna.Cornelia@yopmail.com,2010-10-30
1040,Kristan,Roarke,Kristan.Roarke@yopmail.com,1978-05-11
1041,Gerrie,Faria,Gerrie.Faria@yopmail.com,1903-06-13
1042,Atlanta,Ackerley,Atlanta.Ackerley@yopmail.com,1980-03-19
1043,Betta,Durante,Betta.Durante@yopmail.com,1984-12-17
1044,Shell,Dorine,Shell.Dorine@yopmail.com,1995-03-27
1045,Minne,Lauraine,Minne.Lauraine@yopmail.com,1925-11-18
1046,Mellicent,Sophronia,Mellicent.Sophronia@yopmail.com,1974-04-28
1047,Dominga,Pelagias,Dominga.Pelagias@yopmail.com,1905-08-26
1048,Sidoney,McLaughlin,Sidoney.McLaughlin@yopmail.com,1973-10-23
1049,Wilma,Rocray,Wilma.Rocray@yopmail.com,1937-02-18
1050,Lita,Pacorro,Lita.Pacorro@yopmail.com,1952-01-03
1051,Asia,Harday,Asia.Harday@yopmail.com,1922-05-04
1052,Gloria,Keelia,Gloria.Keelia@yopmail.com,1920-03-14
1053,Jillayne,Emmy,Jillayne.Emmy@yopmail.com,1975-06-03
1054,Joane,Daniele,Joane.Daniele@yopmail.com,1962-03-03
1055,Ada,Ellerey,Ada.Ellerey@yopmail.com,1969-09-13
1056,Taffy,Ophelia,Taffy.Ophelia@yopmail.com,2011-01-01
1057,Blondelle,Hepsibah,Blondelle.Hepsibah@yopmail.com,1921-08-30
1058,Renae,Roarke,Renae.Roarke@yopmail.com,1981-01-07
1059,Monika,Merat,Monika.Merat@yopmail.com,1950-08-05
1060,Kalina,McClimans,Kalina.McClimans@yopmail.com,2003-09-19
1061,Adelle,Colp,Adelle.Colp@yopmail.com,1972-09-17
1062,Konstance,Cloris,Konstance.Cloris@yopmail.com,1949-05-18
1063,Wynne,Durware,Wynne.Durware@yopmail.com,1966-08-25
1064,Ursulina,Paton,Ursulina.Paton@yopmail.com,1962-08-21
1065,Kate,Cimbura,Kate.Cimbura@yopmail.com,1998-03-21
1066,Caryl,Carlson,Caryl.Carlson@yopmail.com,1944-04-12
1067,Beth,Publia,Beth.Publia@yopmail.com,1910-06-22
1068,Gerianna,Roarke,Gerianna.Roarke@yopmail.com,2013-07-06
1069,Gui,Jobi,Gui.Jobi@yopmail.com,1906-04-11
1070,Evaleen,Montgomery,Evaleen.Montgomery@yopmail.com,1927-06-14
1071,Jacquetta,Shuler,Jacquetta.Shuler@yopmail.com,1938-05-13
1072,Donetta,Pillsbury,Donetta.Pillsbury@yopmail.com,1942-06-12
1073,Sara-Ann,Fillbert,Sara-Ann.Fillbert@yopmail.com,1996-10-05
1074,Elie,Belanger,Elie.Belanger@yopmail.com,1972-03-01
1075,Codie,McNully,Codie.McNully@yopmail.com,1959-01-25
1076,Romona,Septima,Romona.Septima@yopmail.com,1955-06-10
1077,Frances,Kirbee,Frances.Kirbee@yopmail.com,1985-11-21
1078,Pearline,Paton,Pearline.Paton@yopmail.com,1990-08-06
1079,Jolyn,Blase,Jolyn.Blase@yopmail.com,1963-03-03
1080,Bernardine,Horan,Bernardine.Horan@yopmail.com,1967-06-17
1081,Stephanie,Ellerey,Stephanie.Ellerey@yopmail.com,2009-07-30
1082,Katuscha,Corilla,Katuscha.Corilla@yopmail.com,1964-05-20
1083,Lorie,Gunn,Lorie.Gunn@yopmail.com,1977-06-03
1084,Trudie,Melleta,Trudie.Melleta@yopmail.com,1977-04-14
1085,Ruthe,Sikorski,Ruthe.Sikorski@yopmail.com,1907-06-06
1086,Wynne,Ranjiv,Wynne.Ranjiv@yopmail.com,1906-09-18
1087,Caryl,Stevy,Caryl.Stevy@yopmail.com,1944-07-23
1088,Joleen,Merriott,Joleen.Merriott@yopmail.com,1936-03-30
1089,Bibby,Christal,Bibby.Christal@yopmail.com,1900-01-23
1090,Karena,Phaidra,Karena.Phaidra@yopmail.com,1908-05-11
1091,Sissy,Bebe,Sissy.Bebe@yopmail.com,1995-08-14
1092,Marcelline,Merell,Marcelline.Merell@yopmail.com,1985-02-27
1093,Leona,Codding,Leona.Codding@yopmail.com,1915-02-07
1094,Rosanne,Croix,Rosanne.Croix@yopmail.com,1943-09-30
1095,Emilia,An,Emilia.An@yopmail.com,1973-12-19
1096,Elka,Evvie,Elka.Evvie@yopmail.com,1960-02-11
1097,Jinny,Haymes,Jinny.Haymes@yopmail.com,1900-07-31
1098,Ayn,Othilia,Ayn.Othilia@yopmail.com,1954-09-19
1099,Agathe,Elo,Agathe.Elo@yopmail.com,1961-04-10