id,firstname,lastname,email,Field Name
100,Trixi,Peti,Trixi.Peti@yopmail.com,1920-04-07
101,Max,Haymes,Max.Haymes@yopmail.com,1935-12-18
102,Consuela,Hieronymus,Consuela.Hieronymus@yopmail.com,1944-02-11
103,Marcelline,Fennessy,Marcelline.Fennessy@yopmail.com,1984-08-27
104,Sara-Ann,Vins,Sara-Ann.Vins@yopmail.com,1977-09-27
105,Chickie,Cutlerr,Chickie.Cutlerr@yopmail.com,2005-04-10
106,Ivett,Hazlett,Ivett.Hazlett@yopmail.com,2017-08-18
107,Loree,Fiester,Loree.Fiester@yopmail.com,1958-10-22
108,Kerrin,Ulphia,Kerrin.Ulphia@yopmail.com,2007-04-02
109,Elmira,Cath,Elmira.Cath@yopmail.com,1964-07-31
110,Stephanie,Jacinda,Stephanie.Jacinda@yopmail.com,1933-06-14
111,Rozele,Pelagias,Rozele.Pelagias@yopmail.com,1995-02-20
112,Lesly,Bethany,Lesly.Bethany@yopmail.com,1909-07-06
113,Angelique,Nisbet,Angelique.Nisbet@yopmail.com,2014-11-15
114,Gabi,Tillford,Gabi.Tillford@yopmail.com,1919-09-03
115,Kassey,Glovsky,Kassey.Glovsky@yopmail.com,1917-10-31
116,Oralee,Bohlin,Oralee.Bohlin@yopmail.com,1974-12-21
117,Gilda,Iphlgenia,Gilda.Iphlgenia@yopmail.com,1995-08-01
118,Flory,Robertson,Flory.Robertson@yopmail.com,1982-06-14
119,Jessamyn,Girardo,Jessamyn.Girardo@yopmail.com,1958-04-10
120,Kellen,Anis,Kellen.Anis@yopmail.com,2008-03-08
121,Constance,Alwin,Constance.Alwin@yopmail.com,1937-11-18
122,Berget,Standing,Berget.Standing@yopmail.com,1995-05-25
123,Tobe,Justinn,Tobe.Justinn@yopmail.com,1968-11-06
124,Emma,Hermes,Emma.Hermes@yopmail.com,1913-04-26
125,Juliane,Syd,Juliane.Syd@yopmail.com,2013-08-14
126,Dale,Ball,Dale.Ball@yopmail.com,1986-08-16
127,Mathilda,Shirberg,Mathilda.Shirberg@yopmail.com,1941-04-29
128,Ayn,Garrison,Ayn.Garrison@yopmail.com,1910-10-21
129,Carree,Annice,Carree.Annice@yopmail.com,2017-12-25
130,Blinni,Narton,Blinni.Narton@yopmail.com,1948-09-13
131,Tonia,Herrera,Tonia.Herrera@yopmail.com,1964-03-12
132,Gabi,Kazimir,Gabi.Kazimir@yopmail.com,1950-02-16
133,Tabbatha,Deny,Tabbatha.Deny@yopmail.com,2002-04-23
134,Morganica,Denis,Morganica.Denis@yopmail.com,1919-09-13
135,Quintina,Baudin,Quintina.Baudin@yopmail.com,1910-10-13
136,Katharina,Drus,Katharina.Drus@yopmail.com,1976-10-31
137,Glenda,Nerita,Glenda.Nerita@yopmail.com,1960-12-13
138,Marcy,Plato,Marcy.Plato@yopmail.com,1911-11-08
139,Ileana,Miru,Ileana.Miru@yopmail.com,2013-10-15
140,Kate,Kalinda,Kate.Kalinda@yopmail.com,1938-05-20
141,Justinn,Terencio,Justinn.Terencio@yopmail.com,2017-02-19
142,Roxane,Sparhawk,Roxane.Sparhawk@yopmail.com,1946-01-04
143,Yetty,Gordon,Yetty.Gordon@yopmail.com,1976-02-16
144,June,Shields,June.Shields@yopmail.com,1976-08-11
145,Jere,Sikorski,Jere.Sikorski@yopmail.com,1992-11-10
146,Emilia,Lane,Emilia.Lane@yopmail.com,1970-02-20
147,Inga,Lipson,Inga.Lipson@yopmail.com,1950-11-25
148,Ashlee,Ade,Ashlee.Ade@yopmail.com,1969-07-31
149,Gwenneth,Beebe,Gwenneth.Beebe@yopmail.com,1907-06-04
150,Nataline,Penelopa,Nataline.Penelopa@yopmail.com,1999-07-26
151,Kristan,Atcliffe,Kristan.Atcliffe@yopmail.com,1941-10-19
152,Nariko,Koziara,Nariko.Koziara@yopmail.com,2010-07-23
153,Danny,Zola,Danny.Zola@yopmail.com,2003-02-25
154,Louella,Rodmann,Louella.Rodmann@yopmail.com,1901-09-18
155,Sean,Anis,Sean.Anis@yopmail.com,1945-10-02
156,Sharlene,Salchunas,Sharlene.Salchunas@yopmail.com,1981-02-05
157,Dawn,Marcellus,Dawn.Marcellus@yopmail.com,2003-06-18
158,Rhoda,Nicoline,Rhoda.Nicoline@yopmail.com,2001-10-21
159,Starla,Eckblad,Starla.Eckblad@yopmail.com,1987-08-12
160,Etta,Phi,Etta.Phi@yopmail.com,1906-04-23
161,Livvyy,Malanie,Livvyy.Malanie@yopmail.com,1975-03-19
162,Tonia,Goddard,Tonia.Goddard@yopmail.com,1963-03-20
163,Lila,Corabella,Lila.Corabella@yopmail.com,1913-06-02
164,Miquela,Wind,Miquela.Wind@yopmail.com,1950-04-26
165,Cassondra,Donell,Cassondra.Donell@yopmail.com,1936-12-04
166,Zsa Zsa,Sinegold,Zsa Zsa.Sinegold@yopmail.com,1951-12-13
167,Micheline,Fennessy,Micheline.Fennessy@yopmail.com,1985-03-27
168,Lauryn,Land,Lauryn.Land@yopmail.com,1969-05-07
169,Feliza,Nickola,Feliza.Nickola@yopmail.com,1962-01-12
170,Jan,Vacuva,Jan.Vacuva@yopmail.com,1942-09-30
171,Cyndie,Andrel,Cyndie.Andrel@yopmail.com,2011-01-22
172,Kristina,Doig,Kristina.Doig@yopmail.com,1938-11-14
173,Carol-Jean,Magnolia,Carol-Jean.Magnolia@yopmail.com,1998-09-27
174,Robinia,Denis,Robinia.Denis@yopmail.com,2006-01-07
175,Tracey,Gaal,Tracey.Gaal@yopmail.com,1917-05-21
176,Heddie,Loeb,Heddie.Loeb@yopmail.com,1985-03-16
177,Robbi,Cohdwell,Robbi.Cohdwell@yopmail.com,1952-12-25
178,Catrina,Bow,Catrina.Bow@yopmail.com,2015-03-24
179,Cherilyn,Amethist,Cherilyn.Amethist@yopmail.com,1903-06-21
180,Patricia,Pernick,Patricia.Pernick@yopmail.com,1921-06-27
181,Stevana,Gale,Stevana.Gale@yopmail.com,1972-11-03
182,Thalia,Mintz,Thalia.Mintz@yopmail.com,1973-07-09
183,Marguerite,Ophelia,Marguerite.Ophelia@yopmail.com,1909-09-11
184,Bee,Liebermann,Bee.Liebermann@yopmail.com,2015-02-09
185,Britni,Quinn,Britni.Quinn@yopmail.com,2019-12-26
186,Sam,Regan,Sam.Regan@yopmail.com,1945-06-13
187,Briney,Fleeta,Briney.Fleeta@yopmail.com,1915-07-27
188,Oona,Pearse,Oona.Pearse@yopmail.com,1977-05-13
189,Helena,Socha,Helena.Socha@yopmail.com,1985-09-11
190,Sophia,Tarrant,Sophia.Tarrant@yopmail.com,1936-08-11
191,Lyssa,Raimondo,Lyssa.Raimondo@yopmail.com,1961-11-20
192,Nadine,Phyllis,Nadine.Phyllis@yopmail.com,1952-07-27
193,Jordan,Melan,Jordan.Melan@yopmail.com,1969-12-01
194,Gerrie,Hazlett,Gerrie.Hazlett@yopmail.com,1991-10-24
195,Laurene,Quinn,Laurene.Quinn@yopmail.com,1934-05-05
196,Claudina,Jorgan,Claudina.Jorgan@yopmail.com,1943-09-11
197,Alameda,Han,Alameda.Han@yopmail.com,2000-05-02
198,Mamie,Bettine,Mamie.Bettine@yopmail.com,2012-07-14
199,Miquela,Gregrory,Miquela.Gregrory@yopmail.com,1922-06-07
200,Sidoney,Septima,Sidoney.Septima@yopmail.com,1912-03-29
201,Ericka,Raimondo,Ericka.Raimondo@yopmail.com,1939-07-31
202,Benita,Berne,Benita.Berne@yopmail.com,2011-09-23
203,Adriana,Remmer,Adriana.Remmer@yopmail.com,1967-07-16
204,Etta,An,Etta.An@yopmail.com,1944-03-03
205,Rosanne,Jacinda,Rosanne.Jacinda@yopmail.com,1910-12-19
206,Paulita,Nicoline,Paulita.Nicoline@yopmail.com,1914-02-10
207,Romona,Christal,Romona.Christal@yopmail.com,1919-04-24
208,Chandra,Dash,Chandra.Dash@yopmail.com,1901-02-09
209,Moyna,Edvard,Moyna.Edvard@yopmail.com,1992-09-27
210,Bertine,Harned,Bertine.Harned@yopmail.com,1970-08-21
211,Romona,Billye,Romona.Billye@yopmail.com,1935-04-29
212,Maridel,Virgin,Maridel.Virgin@yopmail.com,1913-04-02
213,Aeriela,Diogenes,Aeriela.Diogenes@yopmail.com,1916-02-11
214,Chickie,Arley,Chickie.Arley@yopmail.com,1952-01-20
215,Antonietta,Hubert,Antonietta.Hubert@yopmail.com,1920-10-18
216,Camile,Naashom,Camile.Naashom@yopmail.com,1959-12-03
217,Elfreda,Erb,Elfreda.Erb@yopmail.com,1910-09-13
218,Margarette,Riordan,Margarette.Riordan@yopmail.com,1950-03-24
219,Kristina,Selway,Kristina.Selway@yopmail.com,1916-09-26
220,Pearline,Wilona,Pearline.Wilona@yopmail.com,1956-04-27
221,Danny,Berard,Danny.Berard@yopmail.com,1979-06-18
222,Angelique,Ledah,Angelique.Ledah@yopmail.com,1909-11-19
223,Riannon,Kirstin,Riannon.Kirstin@yopmail.com,1969-04-15
224,Roberta,Honoria,Roberta.Honoria@yopmail.com,2011-03-16
225,Fawne,Dex,Fawne.Dex@yopmail.com,1916-01-21
226,Lorenza,Anyah,Lorenza.Anyah@yopmail.com,2008-04-28
227,Joane,Greenwald,Joane.Greenwald@yopmail.com,1964-05-29
228,Kimmy,Durante,Kimmy.Durante@yopmail.com,1934-01-02
229,Kathi,Hanleigh,Kathi.Hanleigh@yopmail.com,1974-06-07
230,Ginnie,Cyrie,Ginnie.Cyrie@yopmail.com,1992-12-06
231,Kirbee,Birdella,Kirbee.Birdella@yopmail.com,1922-08-02
232,Marylou,Dunkin,Marylou.Dunkin@yopmail.com,2016-12-02
233,Regina,Wallis,Regina.Wallis@yopmail.com,2018-08-16
234,Kenna,Katrine,Kenna.Katrine@yopmail.com,1907-02-14
235,Danny,Hubert,Danny.Hubert@yopmail.com,1902-09-15
236,Magdalena,Dunkin,Magdalena.Dunkin@yopmail.com,1958-10-05
237,Melanie,Sophronia,Melanie.Sophronia@yopmail.com,2013-01-09
238,Rebeca,Maurine,Rebeca.Maurine@yopmail.com,2001-03-10
239,Nikki,Holbrook,Nikki.Holbrook@yopmail.com,2011-06-20
240,Ruthe,Justinn,Ruthe.Justinn@yopmail.com,2019-06-26
241,Fanchon,Warthman,Fanchon.Warthman@yopmail.com,1933-04-30
242,Annora,Corilla,Annora.Corilla@yopmail.com,1975-04-24
243,Daphne,Maisey,Daphne.Maisey@yopmail.com,1945-04-21
244,Madalyn,Rosette,Madalyn.Rosette@yopmail.com,1921-09-07
245,Grier,Sidonius,Grier.Sidonius@yopmail.com,1953-12-29
246,Deloria,Lamoree,Deloria.Lamoree@yopmail.com,1907-11-07
247,Mureil,Letsou,Mureil.Letsou@yopmail.com,1960-07-14
248,Donetta,Jorgan,Donetta.Jorgan@yopmail.com,1904-11-06
249,Inga,Ehrman,Inga.Ehrman@yopmail.com,1980-07-29
250,Hyacinthe,Schroth,Hyacinthe.Schroth@yopmail.com,1937-01-10
251,Maisey,Boycey,Maisey.Boycey@yopmail.com,2005-06-08
252,Elfreda,Carey,Elfreda.Carey@yopmail.com,1901-05-31
253,Quintina,Hillel,Quintina.Hillel@yopmail.com,1959-04-27
254,Adelle,Ader,Adelle.Ader@yopmail.com,1945-04-09
255,Selma,Ralfston,Selma.Ralfston@yopmail.com,1913-03-05
256,Ricky,Hull,Ricky.Hull@yopmail.com,1947-12-12
257,Gwenneth,Federica,Gwenneth.Federica@yopmail.com,1981-10-25
258,Celene,Boycey,Celene.Boycey@yopmail.com,2008-12-19
259,Beth,Shaddock,Beth.Shaddock@yopmail.com,1970-11-17
260,Sybille,Adalbert,Sybille.Adalbert@yopmail.com,1931-05-06
261,Fidelia,Vernier,Fidelia.Vernier@yopmail.com,1921-08-20
262,Dulce,Howlyn,Dulce.Howlyn@yopmail.com,2015-01-20
263,Ofilia,Bevin,Ofilia.Bevin@yopmail.com,1927-03-25
264,Pierette,Carri,Pierette.Carri@yopmail.com,1900-06-26
265,Jan,Diann,Jan.Diann@yopmail.com,1950-12-09
266,Carlie,Wyn,Carlie.Wyn@yopmail.com,1957-01-27
267,Carree,Kunin,Carree.Kunin@yopmail.com,1910-08-04
268,Paule,Charity,Paule.Charity@yopmail.com,1912-08-17
269,Dorothy,Rolf,Dorothy.Rolf@yopmail.com,1979-02-07
270,Mellicent,Colp,Mellicent.Colp@yopmail.com,1942-04-24
271,Asia,Fiester,Asia.Fiester@yopmail.com,1907-10-27
272,Vonny,Hortensia,Vonny.Hortensia@yopmail.com,1960-08-30
273,Gale,Edison,Gale.Edison@yopmail.com,1931-01-29
274,Farrah,Seligman,Farrah.Seligman@yopmail.com,1998-01-27
275,Leeanne,Ferino,Leeanne.Ferino@yopmail.com,1988-08-28
276,Trixi,Ambrosia,Trixi.Ambrosia@yopmail.com,1983-06-03
277,Jacenta,Junie,Jacenta.Junie@yopmail.com,2015-09-04
278,Orelia,Ilka,Orelia.Ilka@yopmail.com,1986-05-05
279,Damaris,Kenney,Damaris.Kenney@yopmail.com,1960-07-05
280,Camile,Brunell,Camile.Brunell@yopmail.com,1927-03-10
281,Tybie,Marlie,Tybie.Marlie@yopmail.com,1961-05-04
282,Jolyn,McGrody,Jolyn.McGrody@yopmail.com,1994-10-18
283,Leona,Engdahl,Leona.Engdahl@yopmail.com,1949-03-05
284,Chastity,Flyn,Chastity.Flyn@yopmail.com,1900-10-02
285,Riannon,Stanwood,Riannon.Stanwood@yopmail.com,1984-06-28
286,Therine,Alrich,Therine.Alrich@yopmail.com,1926-05-17
287,Cathie,Sacken,Cathie.Sacken@yopmail.com,1991-01-01
288,Kellen,Fleeta,Kellen.Fleeta@yopmail.com,1906-02-08
289,Nanete,Lumbard,Nanete.Lumbard@yopmail.com,1936-06-29
290,Annabela,Sothena,Annabela.Sothena@yopmail.com,2013-03-28
291,Chastity,Delacourt,Chastity.Delacourt@yopmail.com,1992-11-11
292,Claudina,Weitman,Claudina.Weitman@yopmail.com,1920-03-04
293,Karina,Lutero,Karina.Lutero@yopmail.com,2003-08-22
294,Sharlene,Tillford,Sharlene.Tillford@yopmail.com,1913-02-09
295,Jordan,Monk,Jordan.Monk@yopmail.com,1972-05-02
296,Ethel,Henebry,Ethel.Henebry@yopmail.com,1927-07-31
297,Jan,Tybald,Jan.Tybald@yopmail.com,1957-11-19
298,Beth,Kaete,Beth.Kaete@yopmail.com,2007-03-25
299,Mariann,Zuzana,Mariann.Zuzana@yopmail.com,2016-09-07
300,Lorne,Maisey,Lorne.Maisey@yopmail.com,1986-03-30
301,Heddie,Selway,Heddie.Selway@yopmail.com,1914-09-21
302,Sibella,Peonir,Sibella.Peonir@yopmail.com,1991-01-25
303,Carol-Jean,Jerold,Carol-Jean.Jerold@yopmail.com,2002-09-05
304,Clementine,Jaylene,Clementine.Jaylene@yopmail.com,1948-07-12
305,Dione,Orpah,Dione.Orpah@yopmail.com,1972-07-24
306,Kaja,Cleo,Kaja.Cleo@yopmail.com,1943-09-20
307,Leona,Hertzfeld,Leona.Hertzfeld@yopmail.com,1954-12-12
308,Jasmina,Edee,Jasmina.Edee@yopmail.com,1979-11-24
309,Frieda,Pelagias,Frieda.Pelagias@yopmail.com,2000-11-30
310,Fredericka,Cassius,Fredericka.Cassius@yopmail.com,1999-10-07
311,Jackie,Lytton,Jackie.Lytton@yopmail.com,1966-02-14
312,Brooks,Buckler,Brooks.Buckler@yopmail.com,1970-05-06
313,Gilligan,Seumas,Gilligan.Seumas@yopmail.com,1904-01-14
314,Camile,Gualtiero,Camile.Gualtiero@yopmail.com,1917-09-01
315,Amelia,Flyn,Amelia.Flyn@yopmail.com,1921-06-25
316,Jean,Nerita,Jean.Nerita@yopmail.com,1981-02-08
317,Fred,Lorain,Fred.Lorain@yopmail.com,1972-10-16
318,Modestia,Roarke,Modestia.Roarke@yopmail.com,1996-02-29
319,Veda,Eben,Veda.Eben@yopmail.com,1968-07-13
320,Ronna,Viddah,Ronna.Viddah@yopmail.com,2010-07-15
321,Therine,Jacinda,Therine.Jacinda@yopmail.com,1925-02-27
322,Marylou,Schlosser,Marylou.Schlosser@yopmail.com,1984-11-15
323,Alyda,Paton,Alyda.Paton@yopmail.com,1964-11-06
324,Shannah,Ophelia,Shannah.Ophelia@yopmail.com,2016-09-27
325,Konstance,Sancho,Konstance.Sancho@yopmail.com,1928-04-13
326,Fanny,Lumbard,Fanny.Lumbard@yopmail.com,1963-04-13
327,Kaia,Hillel,Kaia.Hillel@yopmail.com,2014-07-21
328,Elbertina,Justinn,Elbertina.Justinn@yopmail.com,1975-05-20
329,Christal,Lay,Christal.Lay@yopmail.com,1953-03-01
330,Nanete,Ortrude,Nanete.Ortrude@yopmail.com,1935-10-25
331,Jenda,Mich,Jenda.Mich@yopmail.com,1934-03-10
332,Jany,Dom,Jany.Dom@yopmail.com,1913-05-05
333,Ariela,Aloise,Ariela.Aloise@yopmail.com,1931-04-01
334,Feliza,Allina,Feliza.Allina@yopmail.com,1946-08-08
335,Genevra,Charmine,Genevra.Charmine@yopmail.com,1944-11-15
336,Keelia,Ade,Keelia.Ade@yopmail.com,1959-11-02
337,Nita,Loleta,Nita.Loleta@yopmail.com,2005-06-29
338,Mireielle,Glenden,Mireielle.Glenden@yopmail.com,1961-10-30
339,Brana,Haymes,Brana.Haymes@yopmail.com,1914-04-24
340,Netty,Belanger,Netty.Belanger@yopmail.com,1955-02-23
341,Elka,Tannie,Elka.Tannie@yopmail.com,1957-05-07
342,Louella,Erich,Louella.Erich@yopmail.com,1902-11-01
343,Carol-Jean,Dorothy,Carol-Jean.Dorothy@yopmail.com,1902-04-24
344,Kylynn,Kamaria,Kylynn.Kamaria@yopmail.com,1995-12-05
345,Margarette,Jacobah,Margarette.Jacobah@yopmail.com,2018-06-26
346,Caryl,Goode,Caryl.Goode@yopmail.com,1988-06-24
347,Petronia,Ralfston,Petronia.Ralfston@yopmail.com,1925-06-16
348,Nessie,Meli,Nessie.Meli@yopmail.com,1979-01-31
349,Anica,Malina,Anica.Malina@yopmail.com,1973-09-22
350,Lory,Dimitris,Lory.Dimitris@yopmail.com,1907-11-07
351,Tamqrah,Oster,Tamqrah.Oster@yopmail.com,1995-10-27
352,Sue,Callista,Sue.Callista@yopmail.com,2005-03-21
353,Cecile,Marisa,Cecile.Marisa@yopmail.com,1930-10-30
354,Lila,Jethro,Lila.Jethro@yopmail.com,1905-07-29
355,Amalie,Lia,Amalie.Lia@yopmail.com,1942-12-28
356,Joelly,Sharl,Joelly.Sharl@yopmail.com,1987-08-31
357,Roberta,Clara,Roberta.Clara@yopmail.com,2000-01-14
358,Lisette,Chesna,Lisette.Chesna@yopmail.com,1938-05-06
359,Tracey,Fontana,Tracey.Fontana@yopmail.com,1934-11-08
360,Shannah,Nester,Shannah.Nester@yopmail.com,1940-04-25
361,Christian,Kunin,Christian.Kunin@yopmail.com,1980-11-24
362,Viviene,Callista,Viviene.Callista@yopmail.com,1909-10-17
363,Hannis,Ranjiv,Hannis.Ranjiv@yopmail.com,2009-07-25
364,Emilia,Gaynor,Emilia.Gaynor@yopmail.com,1974-02-07
365,Mary,Haymes,Mary.Haymes@yopmail.com,2014-09-29
366,Luci,Travax,Luci.Travax@yopmail.com,1999-09-10
367,Kamilah,Nester,Kamilah.Nester@yopmail.com,2007-08-02
368,Ebonee,Bigner,Ebonee.Bigner@yopmail.com,2014-06-01
369,Sabina,Giule,Sabina.Giule@yopmail.com,1989-07-09
370,Letizia,Hubert,Letizia.Hubert@yopmail.com,1970-06-20
371,Carolina,Stevy,Carolina.Stevy@yopmail.com,1998-12-04
372,Raina,Stover,Raina.Stover@yopmail.com,2001-12-12
373,Carolina,Raseda,Carolina.Raseda@yopmail.com,2004-05-04
374,Inga,Lalitta,Inga.Lalitta@yopmail.com,1932-05-24
375,Jacenta,Gower,Jacenta.Gower@yopmail.com,1984-07-23
376,Cyb,Egbert,Cyb.Egbert@yopmail.com,1926-03-05
377,Augustine,Kermit,Augustine.Kermit@yopmail.com,1909-06-29
378,Ann-Marie,Jorgan,Ann-Marie.Jorgan@yopmail.com,1998-10-30
379,Paulita,Bakerman,Paulita.Bakerman@yopmail.com,1940-03-29
380,Lindie,Andrel,Lindie.Andrel@yopmail.com,1989-06-01
381,Livvyy,Evangelia,Livvyy.Evangelia@yopmail.com,1975-07-02
382,Jillayne,Paine,Jillayne.Paine@yopmail.com,1970-03-07
383,Merrie,Chesna,Merrie.Chesna@yopmail.com,1972-03-11
384,Cherilyn,Gilmour,Cherilyn.Gilmour@yopmail.com,1981-05-10
385,Linet,Campball,Linet.Campball@yopmail.com,1983-11-03
386,Gavrielle,Hylan,Gavrielle.Hylan@yopmail.com,1958-06-01
387,Valeda,Gamaliel,Valeda.Gamaliel@yopmail.com,2007-06-16
388,Annora,Voletta,Annora.Voletta@yopmail.com,1910-05-11
389,Goldie,Bronk,Goldie.Bronk@yopmail.com,1978-04-19
390,Berta,Jobi,Berta.Jobi@yopmail.com,1999-02-25
391,Chloris,Kamaria,Chloris.Kamaria@yopmail.com,1946-04-27
392,Tonia,Tiffa,Tonia.Tiffa@yopmail.com,1953-07-28
393,Netty,Gwenore,Netty.Gwenore@yopmail.com,1961-01-29
394,Chere,Baptlsta,Chere.Baptlsta@yopmail.com,1927-08-19
395,Britte,Kesley,Britte.Kesley@yopmail.com,1946-08-03
396,Nadine,Fiann,Nadine.Fiann@yopmail.com,1932-08-18
397,Paola,Cassius,Paola.Cassius@yopmail.com,1971-09-06
398,Dennie,Katrine,Dennie.Katrine@yopmail.com,1938-08-09
399,Melodie,Goldina,Melodie.Goldina@yopmail.com,2019-04-16
400,Gabriellia,Lucienne,Gabriellia.Lucienne@yopmail.com,1964-12-19
401,Moyna,Pascia,Moyna.Pascia@yopmail.com,1914-04-13
402,Ruthe,Klotz,Ruthe.Klotz@yopmail.com,1957-05-24
403,Justinn,Kiyoshi,Justinn.Kiyoshi@yopmail.com,1969-09-10
404,Mignon,Jagir,Mignon.Jagir@yopmail.com,2014-02-07
405,Genovera,Joachim,Genovera.Joachim@yopmail.com,1973-01-03
406,Florencia,Angelis,Florencia.Angelis@yopmail.com,1953-05-19
407,Cyndie,Kimmie,Cyndie.Kimmie@yopmail.com,1907-05-07
408,Gerianna,An,Gerianna.An@yopmail.com,1932-10-24
409,Starla,Nester,Starla.Nester@yopmail.com,1975-10-04
410,Riannon,Pulsifer,Riannon.Pulsifer@yopmail.com,1946-07-06
411,Brooks,Tremayne,Brooks.Tremayne@yopmail.com,1958-02-08
412,Lorie,Bearnard,Lorie.Bearnard@yopmail.com,1947-01-17
413,Ellette,Hilbert,Ellette.Hilbert@yopmail.com,1939-06-22
414,Zia,Rese,Zia.Rese@yopmail.com,1956-07-22
415,Carilyn,Teddman,Carilyn.Teddman@yopmail.com,1936-04-11
416,Fanchon,Tybald,Fanchon.Tybald@yopmail.com,1926-07-03
417,Charissa,Linskey,Charissa.Linskey@yopmail.com,1927-07-18
418,Lynnea,Armanda,Lynnea.Armanda@yopmail.com,1990-11-26
419,Halette,Cassius,Halette.Cassius@yopmail.com,1936-04-05
420,Fredericka,Christine,Fredericka.Christine@yopmail.com,1924-10-11
421,Annaliese,Holtz,Annaliese.Holtz@yopmail.com,1916-06-15
422,Daune,Diogenes,Daune.Diogenes@yopmail.com,1918-07-06
423,Vinita,Adalbert,Vinita.Adalbert@yopmail.com,1943-02-07
424,Berta,Agle,Berta.Agle@yopmail.com,1963-02-23
425,Dede,Soneson,Dede.Soneson@yopmail.com,1981-12-18
426,Noelle,Hortensia,Noelle.Hortensia@yopmail.com,1962-01-20
427,Kittie,Lauraine,Kittie.Lauraine@yopmail.com,2000-03-23
428,Pamella,Damarra,Pamella.Damarra@yopmail.com,1982-06-05
429,Rosaline,Hazlett,Rosaline.Hazlett@yopmail.com,2009-08-01
430,Arlina,Pillsbury,Arlina.Pillsbury@yopmail.com,1968-11-29
431,Rebeca,Eckblad,Rebeca.Eckblad@yopmail.com,1900-08-15
432,Elora,Pierette,Elora.Pierette@yopmail.com,1908-02-28
433,Andree,Idelia,Andree.Idelia@yopmail.com,1942-05-07
434,Margarette,Boycey,Margarette.Boycey@yopmail.com,1994-11-30
435,Carolina,Ardeha,Carolina.Ardeha@yopmail.com,1905-02-20
436,Phedra,Borrell,Phedra.Borrell@yopmail.com,1901-02-08
437,Ethel,Kauppi,Ethel.Kauppi@yopmail.com,1937-07-27
438,Lilith,Riva,Lilith.Riva@yopmail.com,1966-02-09
439,Joceline,Gregrory,Joceline.Gregrory@yopmail.com,1917-07-23
440,Maurene,Clara,Maurene.Clara@yopmail.com,1916-03-24
441,Leona,Emmy,Leona.Emmy@yopmail.com,1964-09-30
442,Orsola,Chem,Orsola.Chem@yopmail.com,1907-01-03
443,Gui,Callista,Gui.Callista@yopmail.com,1965-07-07
444,Roberta,Chandler,Roberta.Chandler@yopmail.com,1911-07-15
445,Quintina,Hoenack,Quintina.Hoenack@yopmail.com,1973-12-18
446,Laurene,Percy,Laurene.Percy@yopmail.com,1948-09-10
447,Amii,Yuille,Amii.Yuille@yopmail.com,1947-09-26
448,Meriel,Prouty,Meriel.Prouty@yopmail.com,1969-12-15
449,Vinita,Lenny,Vinita.Lenny@yopmail.com,1935-10-14
450,Cissiee,Wattenberg,Cissiee.Wattenberg@yopmail.com,1991-04-19
451,Taffy,Vastah,Taffy.Vastah@yopmail.com,1934-05-11
452,Kylynn,Kirbee,Kylynn.Kirbee@yopmail.com,2012-09-09
453,Rosanne,Goode,Rosanne.Goode@yopmail.com,1979-08-13
454,Krystle,Maroney,Krystle.Maroney@yopmail.com,1980-07-01
455,Rhea,LaRue,Rhea.LaRue@yopmail.com,1997-07-01
456,Thalia,Gale,Thalia.Gale@yopmail.com,1905-12-25
457,Netty,Ball,Netty.Ball@yopmail.com,1975-08-20
458,Anallese,Eckblad,Anallese.Eckblad@yopmail.com,1949-04-01
459,Nyssa,Schwejda,Nyssa.Schwejda@yopmail.com,1969-01-31
460,Briney,Audly,Briney.Audly@yopmail.com,1903-02-25
461,Paule,Eugenia,Paule.Eugenia@yopmail.com,1924-08-24
462,Farrah,Robertson,Farrah.Robertson@yopmail.com,1905-09-24
463,Hildegaard,Pozzy,Hildegaard.Pozzy@yopmail.com,1914-11-16
464,Marcy,Hollingsworth,Marcy.Hollingsworth@yopmail.com,1961-06-18
465,Ricky,Thornburg,Ricky.Thornburg@yopmail.com,1948-11-11
466,Sashenka,Stefa,Sashenka.Stefa@yopmail.com,1935-08-21
467,Valli,Adrienne,Valli.Adrienne@yopmail.com,1990-01-14
468,Rani,Kauppi,Rani.Kauppi@yopmail.com,1968-12-12
469,Oralee,Tound,Oralee.Tound@yopmail.com,1979-12-20
470,Chloris,Jary,Chloris.Jary@yopmail.com,1972-11-28
471,Mahalia,Gavrila,Mahalia.Gavrila@yopmail.com,1926-04-14
472,Annabela,Primalia,Annabela.Primalia@yopmail.com,1984-09-12
473,Lilith,Gaulin,Lilith.Gaulin@yopmail.com,1946-06-29
474,Donetta,Saree,Donetta.Saree@yopmail.com,1977-09-16
475,Krystle,Gemini,Krystle.Gemini@yopmail.com,1959-07-04
476,Jaclyn,Durante,Jaclyn.Durante@yopmail.com,1928-03-08
477,Viki,Cyrie,Viki.Cyrie@yopmail.com,2006-02-03
478,Coral,Vernier,Coral.Vernier@yopmail.com,2000-06-23
479,Daphne,Thad,Daphne.Thad@yopmail.com,1916-02-23
480,Charlena,Carmena,Charlena.Carmena@yopmail.com,2017-06-05
481,Alameda,Thilda,Alameda.Thilda@yopmail.com,1925-09-22
482,Marnia,Brian,Marnia.Brian@yopmail.com,1900-03-21
483,Tarra,Dowski,Tarra.Dowski@yopmail.com,1913-03-12
484,Blinni,Gale,Blinni.Gale@yopmail.com,1981-01-06
485,Lonnie,Haldas,Lonnie.Haldas@yopmail.com,1970-12-29
486,Correy,Chem,Correy.Chem@yopmail.com,1926-02-03
487,Marleah,Matthew,Marleah.Matthew@yopmail.com,1977-05-23
488,Michaelina,Breed,Michaelina.Breed@yopmail.com,1900-03-03
489,Arabel,Chick,Arabel.Chick@yopmail.com,2003-01-08
490,Doralynne,Lorain,Doralynne.Lorain@yopmail.com,1905-08-02
491,Dale,Olin,Dale.Olin@yopmail.com,1948-12-28
492,Rebeca,Anderea,Rebeca.Anderea@yopmail.com,1938-10-05
493,Mignon,Laurianne,Mignon.Laurianne@yopmail.com,1971-01-05
494,Elfreda,Edee,Elfreda.Edee@yopmail.com,2014-01-07
495,Lusa,Hartnett,Lusa.Hartnett@yopmail.com,1995-12-16
496,Ellette,Ilka,Ellette.Ilka@yopmail.com,2003-03-13
497,Elena,Kevon,Elena.Kevon@yopmail.com,1972-11-21
498,Marylou,Earlie,Marylou.Earlie@yopmail.com,1954-12-16
499,Bobbi,Harday,Bobbi.Harday@yopmail.com,1963-12-14
500,Benita,Kellby,Benita.Kellby@yopmail.com,2012-03-07
501,Heddie,Fontana,Heddie.Fontana@yopmail.com,1917-08-25
502,Marguerite,Caitlin,Marguerite.Caitlin@yopmail.com,1947-01-26
503,Kathy,Wyn,Kathy.Wyn@yopmail.com,1976-07-09
504,Felice,Bury,Felice.Bury@yopmail.com,2002-04-17
505,Celestyna,Gordon,Celestyna.Gordon@yopmail.com,1960-07-17
506,Cathie,Daniele,Cathie.Daniele@yopmail.com,1945-01-02
507,Ermengarde,Poppy,Ermengarde.Poppy@yopmail.com,1965-09-20
508,Hyacinthe,Jeanne,Hyacinthe.Jeanne@yopmail.com,1967-09-14
509,Eugine,Travax,Eugine.Travax@yopmail.com,1995-07-02
510,Sharai,Bohlin,Sharai.Bohlin@yopmail.com,1992-06-03
511,Hannis,Grobe,Hannis.Grobe@yopmail.com,2019-06-21
512,Jobi,Erb,Jobi.Erb@yopmail.com,1901-06-21
513,Frank,Iphlgenia,Frank.Iphlgenia@yopmail.com,1951-12-06
514,Charissa,Lytton,Charissa.Lytton@yopmail.com,1908-02-25
515,Jacenta,Podvin,Jacenta.Podvin@yopmail.com,1957-07-14
516,Gertrud,Khorma,Gertrud.Khorma@yopmail.com,2015-11-27
517,Heida,Olnee,Heida.Olnee@yopmail.com,1958-10-05
518,Leona,Charity,Leona.Charity@yopmail.com,1967-06-18
519,Felice,Grimbly,Felice.Grimbly@yopmail.com,1950-07-04
520,Edee,Odell,Edee.Odell@yopmail.com,1933-06-18
521,Sandie,Greyson,Sandie.Greyson@yopmail.com,1900-10-07
522,Phedra,Lia,Phedra.Lia@yopmail.com,1904-10-01
523,Karena,Etom,Karena.Etom@yopmail.com,1972-09-05
524,Calla,Danby,Calla.Danby@yopmail.com,1941-09-18
525,Claudina,Lipson,Claudina.Lipson@yopmail.com,1913-09-30
526,Bobbi,Jarib,Bobbi.Jarib@yopmail.com,1905-09-07
527,Annaliese,Rolf,Annaliese.Rolf@yopmail.com,1907-04-05
528,Claudina,Vastah,Claudina.Vastah@yopmail.com,1967-12-30
529,Farrah,Carmena,Farrah.Carmena@yopmail.com,1971-06-25
530,Dorice,Colp,Dorice.Colp@yopmail.com,1928-05-28
531,Addia,Karna,Addia.Karna@yopmail.com,1908-01-02
532,Flo,Honoria,Flo.Honoria@yopmail.com,1901-03-17
533,Leona,Idelia,Leona.Idelia@yopmail.com,1948-12-02
534,Elie,Hessler,Elie.Hessler@yopmail.com,1989-01-08
535,Katuscha,Shama,Katuscha.Shama@yopmail.com,1942-11-29
536,Rayna,Alva,Rayna.Alva@yopmail.com,1928-12-25
537,Desirae,Edmund,Desirae.Edmund@yopmail.com,1935-11-01
538,Darlleen,Allys,Darlleen.Allys@yopmail.com,2017-09-27
539,Ellette,Bord,Ellette.Bord@yopmail.com,1900-02-17
540,Gilligan,Nea,Gilligan.Nea@yopmail.com,1911-05-19
541,Paule,Anis,Paule.Anis@yopmail.com,2000-12-19
542,Maisey,Adore,Maisey.Adore@yopmail.com,1965-03-06
543,Caryl,Stuart,Caryl.Stuart@yopmail.com,1979-07-22
544,Lynnea,Jena,Lynnea.Jena@yopmail.com,1929-08-17
545,Maridel,Solitta,Maridel.Solitta@yopmail.com,1950-05-21
546,Arlina,Cassius,Arlina.Cassius@yopmail.com,1948-08-10
547,Carly,Hailee,Carly.Hailee@yopmail.com,1911-10-05
548,Emylee,Pillsbury,Emylee.Pillsbury@yopmail.com,1924-11-09
549,Genovera,Jobi,Genovera.Jobi@yopmail.com,1939-03-01
550,Katharina,Belldas,Katharina.Belldas@yopmail.com,1927-11-02
551,Evita,Whiffen,Evita.Whiffen@yopmail.com,2010-11-09
552,Eugine,Kinnard,Eugine.Kinnard@yopmail.com,1953-12-23
553,Esmeralda,Stover,Esmeralda.Stover@yopmail.com,1940-05-21
554,Ellette,Atcliffe,Ellette.Atcliffe@yopmail.com,2005-12-19
555,Sallie,Nerita,Sallie.Nerita@yopmail.com,1912-03-22
556,Hayley,Adrienne,Hayley.Adrienne@yopmail.com,2009-11-11
557,Camile,Tremayne,Camile.Tremayne@yopmail.com,1955-07-06
558,Dorthy,Holtz,Dorthy.Holtz@yopmail.com,2001-05-19
559,Jobi,Penelopa,Jobi.Penelopa@yopmail.com,2011-09-05
560,Cristabel,Sandye,Cristabel.Sandye@yopmail.com,1958-11-15
561,Lila,Fry,Lila.Fry@yopmail.com,1995-09-19
562,Babita,Aloise,Babita.Aloise@yopmail.com,1950-05-07
563,Harmonia,Toffic,Harmonia.Toffic@yopmail.com,2011-03-12
564,Janenna,Kevon,Janenna.Kevon@yopmail.com,1984-10-07
565,Gloria,Morgun,Gloria.Morgun@yopmail.com,1964-09-25
566,Lonnie,Hessler,Lonnie.Hessler@yopmail.com,1988-10-27
567,Doralynne,Carri,Doralynne.Carri@yopmail.com,1968-10-30
568,Susan,Shaver,Susan.Shaver@yopmail.com,1966-01-03
569,Patricia,Dermott,Patricia.Dermott@yopmail.com,1996-08-26
570,Gisela,Reneta,Gisela.Reneta@yopmail.com,1996-04-21
571,Flo,Telfer,Flo.Telfer@yopmail.com,1949-11-18
572,Tori,Strephon,Tori.Strephon@yopmail.com,2006-02-07
573,Angela,Brieta,Angela.Brieta@yopmail.com,1942-03-18
574,Moyna,Darian,Moyna.Darian@yopmail.com,1910-02-05
575,Lusa,Alrich,Lusa.Alrich@yopmail.com,1932-06-28
576,Gabi,Cath,Gabi.Cath@yopmail.com,1948-12-22
577,Felice,Gabrielli,Felice.Gabrielli@yopmail.com,1990-06-20
578,Amii,Mallon,Amii.Mallon@yopmail.com,1935-11-25
579,Lolita,Evangelia,Lolita.Evangelia@yopmail.com,1997-08-06
580,Lorenza,Earlie,Lorenza.Earlie@yopmail.com,1978-12-25
581,Roslyn,Lasley,Roslyn.Lasley@yopmail.com,2001-12-15
582,Cherilyn,Sancho,Cherilyn.Sancho@yopmail.com,1996-02-21
583,Ulrike,My,Ulrike.My@yopmail.com,1951-03-11
584,Glynnis,Chem,Glynnis.Chem@yopmail.com,2003-07-28
585,Andree,Juliet,Andree.Juliet@yopmail.com,1987-02-18
586,Diena,Friede,Diena.Friede@yopmail.com,2004-10-15
587,Hannis,Valoniah,Hannis.Valoniah@yopmail.com,1930-12-20
588,Claudina,Holbrook,Claudina.Holbrook@yopmail.com,2018-04-09
589,Eadie,Kannry,Eadie.Kannry@yopmail.com,1911-12-13
590,Rivalee,Hylan,Rivalee.Hylan@yopmail.com,1965-03-30
591,Nonnah,Mallon,Nonnah.Mallon@yopmail.com,1918-10-25
592,Dode,Adlare,Dode.Adlare@yopmail.com,1945-04-18
593,Rochette,Goldina,Rochette.Goldina@yopmail.com,1914-09-26
594,Gilligan,Clarissa,Gilligan.Clarissa@yopmail.com,1980-10-24
595,Cam,Pernick,Cam.Pernick@yopmail.com,1982-03-03
596,Kore,Baylor,Kore.Baylor@yopmail.com,2003-09-26
597,Nita,Alva,Nita.Alva@yopmail.com,1963-07-23
598,Leanna,Anis,Leanna.Anis@yopmail.com,1903-05-21
599,Karolina,Rudolph,Karolina.Rudolph@yopmail.com,1956-05-18
600,Alisha,Lewes,Alisha.Lewes@yopmail.com,1969-08-18
601,Gaylene,Avi,Gaylene.Avi@yopmail.com,1940-10-09
602,Joceline,Stover,Joceline.Stover@yopmail.com,1960-05-31
603,Blondelle,Justinn,Blondelle.Justinn@yopmail.com,1986-08-04
604,Jacquetta,Gregrory,Jacquetta.Gregrory@yopmail.com,1998-03-14
605,Cristabel,Raimondo,Cristabel.Raimondo@yopmail.com,1940-12-09
606,Cathyleen,Nicoline,Cathyleen.Nicoline@yopmail.com,1981-12-02
607,Tami,Dorine,Tami.Dorine@yopmail.com,1953-09-21
608,Joleen,Norvol,Joleen.Norvol@yopmail.com,1986-12-07
609,Jean,Pip,Jean.Pip@yopmail.com,1992-07-17
610,Corry,Radu,Corry.Radu@yopmail.com,1933-06-06
611,Brietta,Shaddock,Brietta.Shaddock@yopmail.com,1954-08-06
612,Valli,Engdahl,Valli.Engdahl@yopmail.com,1965-10-06
613,Mady,Terrence,Mady.Terrence@yopmail.com,2001-09-01
614,Caressa,Adlare,Caressa.Adlare@yopmail.com,2001-02-21
615,Pierette,Berard,Pierette.Berard@yopmail.com,1922-10-10
616,Kalina,Buffum,Kalina.Buffum@yopmail.com,2008-02-06
617,Jenda,Stanwood,Jenda.Stanwood@yopmail.com,1977-06-06
618,Zondra,Hachmin,Zondra.Hachmin@yopmail.com,1931-12-20
619,Madeleine,Clie,Madeleine.Clie@yopmail.com,1919-04-22
620,Olwen,Zola,Olwen.Zola@yopmail.com,1926-03-08
621,Deedee,Rheingold,Deedee.Rheingold@yopmail.com,1990-03-30
622,Ardys,Eugenia,Ardys.Eugenia@yopmail.com,1976-07-02
623,Ashlee,Medrek,Ashlee.Medrek@yopmail.com,1929-02-13
624,Gwyneth,Rona,Gwyneth.Rona@yopmail.com,1928-05-21
625,Benita,Jerald,Benita.Jerald@yopmail.com,1948-07-18
626,Sophia,Kenney,Sophia.Kenney@yopmail.com,1903-03-17
627,Starla,Kiyoshi,Starla.Kiyoshi@yopmail.com,1930-10-06
628,Rhoda,Kiersten,Rhoda.Kiersten@yopmail.com,1993-01-15
629,Jacenta,Fabiola,Jacenta.Fabiola@yopmail.com,1971-06-08
630,Alisha,Aaberg,Alisha.Aaberg@yopmail.com,1914-12-01
631,Ardenia,Whittaker,Ardenia.Whittaker@yopmail.com,1987-03-20
632,Sibella,Buttaro,Sibella.Buttaro@yopmail.com,1934-05-26
633,Celene,Hoenack,Celene.Hoenack@yopmail.com,1998-08-07
634,Natka,Edison,Natka.Edison@yopmail.com,1901-01-20
635,Tabbatha,Edison,Tabbatha.Edison@yopmail.com,2011-08-06
636,Jinny,Buffum,Jinny.Buffum@yopmail.com,1970-12-22
637,Glynnis,Christal,Glynnis.Christal@yopmail.com,2016-04-11
638,Mariele,Rozanna,Mariele.Rozanna@yopmail.com,1975-07-12
639,Lexine,Neils,Lexine.Neils@yopmail.com,1924-12-29
640,Hollie,Cohdwell,Hollie.Cohdwell@yopmail.com,1997-07-06
641,Noelle,Harriman,Noelle.Harriman@yopmail.com,1918-03-02
642,Dania,Bebe,Dania.Bebe@yopmail.com,2005-09-15
643,Hettie,Richers,Hettie.Richers@yopmail.com,2016-04-13
644,Fred,Ramona,Fred.Ramona@yopmail.com,1960-10-24
645,Nelle,Wildermuth,Nelle.Wildermuth@yopmail.com,1991-02-06
646,Louella,Colleen,Louella.Colleen@yopmail.com,1929-12-13
647,Cassandra,Bevin,Cassandra.Bevin@yopmail.com,1901-01-14
648,Jaclyn,Wiener,Jaclyn.Wiener@yopmail.com,1951-11-12
649,Tatiania,Lia,Tatiania.Lia@yopmail.com,2002-04-04
650,Daryl,Elvyn,Daryl.Elvyn@yopmail.com,1922-02-20
651,Ezmeralda,Borrell,Ezmeralda.Borrell@yopmail.com,1973-11-10
652,Elmira,Edee,Elmira.Edee@yopmail.com,1959-08-24
653,Chloris,Clara,Chloris.Clara@yopmail.com,1971-09-04
654,Delilah,Mandler,Delilah.Mandler@yopmail.com,1976-07-14
655,Wynne,Robertson,Wynne.Robertson@yopmail.com,2000-05-10
656,Cathyleen,Vilma,Cathyleen.Vilma@yopmail.com,1900-03-08
657,Paola,Percy,Paola.Percy@yopmail.com,1958-11-30
658,Edee,Narton,Edee.Narton@yopmail.com,1995-04-23
659,Elise,Pitt,Elise.Pitt@yopmail.com,1940-10-09
660,Caressa,Earlie,Caressa.Earlie@yopmail.com,1971-03-28
661,Madeleine,Ardra,Madeleine.Ardra@yopmail.com,1940-03-06
662,Kaja,Regan,Kaja.Regan@yopmail.com,2004-01-29
663,Hallie,Schonfeld,Hallie.Schonfeld@yopmail.com,1948-06-16
664,Janenna,Presber,Janenna.Presber@yopmail.com,1938-07-06
665,Zondra,Ardeha,Zondra.Ardeha@yopmail.com,1939-01-04
666,Laure,Sothena,Laure.Sothena@yopmail.com,1950-01-06
667,Tybie,Eckblad,Tybie.Eckblad@yopmail.com,1973-02-22
668,Yetty,Firmin,Yetty.Firmin@yopmail.com,2017-02-28
669,Kore,Heidt,Kore.Heidt@yopmail.com,2015-07-04
670,Alyda,Marlie,Alyda.Marlie@yopmail.com,2000-01-26
671,Halette,Behre,Halette.Behre@yopmail.com,1902-09-05
672,Jessy,Arne,Jessy.Arne@yopmail.com,2016-11-19
673,Caryl,Shanley,Caryl.Shanley@yopmail.com,1949-10-17
674,Mara,Horan,Mara.Horan@yopmail.com,1940-01-01
675,Mahalia,Shanley,Mahalia.Shanley@yopmail.com,1937-09-10
676,Caressa,Gunn,Caressa.Gunn@yopmail.com,1962-06-02
677,Lisette,Palocz,Lisette.Palocz@yopmail.com,1949-07-02
678,Celene,Chabot,Celene.Chabot@yopmail.com,1981-11-20
679,Luci,Nance,Luci.Nance@yopmail.com,1942-06-03
680,Clarice,Talia,Clarice.Talia@yopmail.com,1957-09-04
681,Perry,Amand,Perry.Amand@yopmail.com,2015-07-28
682,Jessy,Amadas,Jessy.Amadas@yopmail.com,1990-12-01
683,Florencia,Pond,Florencia.Pond@yopmail.com,1938-08-09
684,Georgetta,Stevy,Georgetta.Stevy@yopmail.com,1928-12-09
685,Jillayne,Suzetta,Jillayne.Suzetta@yopmail.com,1976-12-03
686,Luci,Septima,Luci.Septima@yopmail.com,1924-12-14
687,Jacquetta,Corabella,Jacquetta.Corabella@yopmail.com,2012-09-10
688,Marcy,Olnee,Marcy.Olnee@yopmail.com,1984-04-22
689,Josephine,Arquit,Josephine.Arquit@yopmail.com,1984-01-28
690,Dorthy,Cadmar,Dorthy.Cadmar@yopmail.com,1937-10-23
691,Allyce,O'Neill,Allyce.O'Neill@yopmail.com,1996-08-08
692,Daryl,Cath,Daryl.Cath@yopmail.com,2018-01-26
693,Elka,Uird,Elka.Uird@yopmail.com,1924-01-11
694,Ofilia,Honoria,Ofilia.Honoria@yopmail.com,1986-02-05
695,Yetty,Salchunas,Yetty.Salchunas@yopmail.com,2016-07-15
696,Leeanne,Vharat,Leeanne.Vharat@yopmail.com,1923-11-01
697,Adriana,Eldrid,Adriana.Eldrid@yopmail.com,2014-06-06
698,Katuscha,Skell,Katuscha.Skell@yopmail.com,1910-01-16
699,Donnie,Elisha,Donnie.Elisha@yopmail.com,2004-09-26
700,Stacey,Hillel,Stacey.Hillel@yopmail.com,1953-10-07
701,Steffane,Ummersen,Steffane.Ummersen@yopmail.com,2006-12-21
702,Viki,Camden,Viki.Camden@yopmail.com,1995-12-04
703,Kristan,Tice,Kristan.Tice@yopmail.com,1939-04-28
704,Lucille,Kazimir,Lucille.Kazimir@yopmail.com,1916-01-25
705,Lynea,Casimir,Lynea.Casimir@yopmail.com,1928-02-02
706,Ana,Lutero,Ana.Lutero@yopmail.com,1939-04-17
707,Hope,Muriel,Hope.Muriel@yopmail.com,1945-11-12
708,Andeee,Sharl,Andeee.Sharl@yopmail.com,2010-05-09
709,Melisent,Forrer,Melisent.Forrer@yopmail.com,1980-10-30
710,Elka,Alarise,Elka.Alarise@yopmail.com,1954-11-25
711,Janenna,Eachern,Janenna.Eachern@yopmail.com,1936-03-08
712,Brietta,Goth,Brietta.Goth@yopmail.com,1938-09-17
713,Alameda,Yusuk,Alameda.Yusuk@yopmail.com,1937-11-30
714,Letizia,Hachmin,Letizia.Hachmin@yopmail.com,1944-06-16
715,Olivette,Joli,Olivette.Joli@yopmail.com,1989-07-31
716,Loree,Juliet,Loree.Juliet@yopmail.com,1981-02-01
717,Paule,Penelopa,Paule.Penelopa@yopmail.com,1958-11-10
718,Larine,Concha,Larine.Concha@yopmail.com,1954-09-14
719,Ilse,Merell,Ilse.Merell@yopmail.com,1923-06-25
720,Daphne,Barrus,Daphne.Barrus@yopmail.com,1993-08-31
721,Ermengarde,Stav,Ermengarde.Stav@yopmail.com,1962-12-09
722,Janey,Bivins,Janey.Bivins@yopmail.com,1933-04-13
723,Susan,Odell,Susan.Odell@yopmail.com,2004-12-24
724,Sissy,Ciapas,Sissy.Ciapas@yopmail.com,1902-03-19
725,Angela,Joli,Angela.Joli@yopmail.com,1977-08-19
726,Tressa,Kunin,Tressa.Kunin@yopmail.com,2011-04-30
727,Ardeen,Wiener,Ardeen.Wiener@yopmail.com,1900-05-30
728,Kamilah,Andrel,Kamilah.Andrel@yopmail.com,1965-05-27
729,Zia,Maisey,Zia.Maisey@yopmail.com,1940-05-10
730,Jsandye,Kirstin,Jsandye.Kirstin@yopmail.com,1918-09-14
731,Suzette,Wattenberg,Suzette.Wattenberg@yopmail.com,2019-06-16
732,Thalia,Scammon,Thalia.Scammon@yopmail.com,2015-11-29
733,Winifred,Lasley,Winifred.Lasley@yopmail.com,1995-12-01
734,Doralynne,Stacy,Doralynne.Stacy@yopmail.com,1916-12-16
735,Clementine,Pacorro,Clementine.Pacorro@yopmail.com,1948-07-20
736,Danika,Katrine,Danika.Katrine@yopmail.com,1911-02-06
737,Shandie,Sholley,Shandie.Sholley@yopmail.com,1929-09-01
738,Paola,Lunsford,Paola.Lunsford@yopmail.com,2016-03-13
739,Paulita,Cyrie,Paulita.Cyrie@yopmail.com,1900-10-02
740,Viviene,Behre,Viviene.Behre@yopmail.com,1933-01-29
741,Wanda,Brady,Wanda.Brady@yopmail.com,2017-02-21
742,Lynnea,Zeeba,Lynnea.Zeeba@yopmail.com,1911-10-15
743,Vanessa,Devlen,Vanessa.Devlen@yopmail.com,2007-12-31
744,Talya,Halsey,Talya.Halsey@yopmail.com,1929-12-21
745,Joleen,Hedve,Joleen.Hedve@yopmail.com,1982-04-16
746,Averyl,Lesley,Averyl.Lesley@yopmail.com,1975-11-22
747,Regina,Jenness,Regina.Jenness@yopmail.com,1943-06-08
748,Kary,Prouty,Kary.Prouty@yopmail.com,1980-12-16
749,Fidelia,Rad,Fidelia.Rad@yopmail.com,1982-06-26
750,Aigneis,Iiette,Aigneis.Iiette@yopmail.com,1946-12-05
751,Aigneis,Eben,Aigneis.Eben@yopmail.com,1902-06-19
752,Britte,Lissi,Britte.Lissi@yopmail.com,1973-02-10
753,Philis,Quinn,Philis.Quinn@yopmail.com,1903-01-13
754,Ruthe,Chandler,Ruthe.Chandler@yopmail.com,1992-04-12
755,Lila,Lacombe,Lila.Lacombe@yopmail.com,1984-08-24
756,Corene,Arley,Corene.Arley@yopmail.com,2009-02-15
757,Robinia,Mozelle,Robinia.Mozelle@yopmail.com,1926-12-15
758,Zondra,Ader,Zondra.Ader@yopmail.com,2005-07-03
759,Catharine,Vittoria,Catharine.Vittoria@yopmail.com,1988-07-03
760,Ruthe,Wesle,Ruthe.Wesle@yopmail.com,1997-05-20
761,Angelique,Brotherson,Angelique.Brotherson@yopmail.com,1932-10-10
762,Dode,Hertzfeld,Dode.Hertzfeld@yopmail.com,1984-06-22
763,Pollyanna,Tiffa,Pollyanna.Tiffa@yopmail.com,1918-11-19
764,Wileen,Haymes,Wileen.Haymes@yopmail.com,1994-06-08
765,Blondelle,Desai,Blondelle.Desai@yopmail.com,1929-03-13
766,Shel,Donell,Shel.Donell@yopmail.com,1994-02-15
767,Nelle,Edee,Nelle.Edee@yopmail.com,2013-12-31
768,Glynnis,Douglass,Glynnis.Douglass@yopmail.com,1904-02-02
769,Henriette,Shields,Henriette.Shields@yopmail.com,1964-05-14
770,Stephanie,Thilda,Stephanie.Thilda@yopmail.com,1918-12-10
771,Viki,Carleen,Viki.Carleen@yopmail.com,1983-12-10
772,Katharina,McLaughlin,Katharina.McLaughlin@yopmail.com,1959-08-27
773,Ginnie,Winthorpe,Ginnie.Winthorpe@yopmail.com,1990-07-01
774,Katleen,Hourigan,Katleen.Hourigan@yopmail.com,1997-10-21
775,Damaris,Haymes,Damaris.Haymes@yopmail.com,1943-07-25
776,Calla,Heidt,Calla.Heidt@yopmail.com,1913-05-05
777,Brandise,Cath,Brandise.Cath@yopmail.com,1948-10-03
778,Monika,McClimans,Monika.McClimans@yopmail.com,1986-09-14
779,Christian,Ader,Christian.Ader@yopmail.com,1952-07-26
780,Arlena,Kirstin,Arlena.Kirstin@yopmail.com,2011-03-15
781,Sandie,Boycey,Sandie.Boycey@yopmail.com,1914-05-10
782,Andree,Grayce,Andree.Grayce@yopmail.com,1917-09-21
783,Fawne,Edison,Fawne.Edison@yopmail.com,1979-05-09
784,Oralee,Faust,Oralee.Faust@yopmail.com,1943-10-28
785,Ginnie,Helve,Ginnie.Helve@yopmail.com,1920-04-04
786,Tersina,Darrell,Tersina.Darrell@yopmail.com,2005-12-07
787,Dawn,Quinn,Dawn.Quinn@yopmail.com,2013-06-27
788,Konstance,Alejoa,Konstance.Alejoa@yopmail.com,2018-01-14
789,Lilith,Mauer,Lilith.Mauer@yopmail.com,1920-07-20
790,Regina,Kare,Regina.Kare@yopmail.com,1900-06-12
791,Quintina,Harriman,Quintina.Harriman@yopmail.com,1992-11-01
792,Silvana,Anestassia,Silvana.Anestassia@yopmail.com,2004-02-21
793,Joleen,Warthman,Joleen.Warthman@yopmail.com,1997-12-27
794,Ofilia,Kenney,Ofilia.Kenney@yopmail.com,1904-07-24
795,Tracey,Ezar,Tracey.Ezar@yopmail.com,1907-02-27
796,Shel,Sprage,Shel.Sprage@yopmail.com,1945-11-22
797,Selia,Posner,Selia.Posner@yopmail.com,1959-07-29
798,Daune,Madelene,Daune.Madelene@yopmail.com,1951-07-31
799,Sara-Ann,Slifka,Sara-Ann.Slifka@yopmail.com,1923-07-05
800,Jan,Hashim,Jan.Hashim@yopmail.com,1989-01-30
801,Tybie,Kalinda,Tybie.Kalinda@yopmail.com,2019-04-24
802,Lauryn,Hanleigh,Lauryn.Hanleigh@yopmail.com,1937-08-19
803,Ileana,Loeb,Ileana.Loeb@yopmail.com,1945-10-06
804,Isa,Ethban,Isa.Ethban@yopmail.com,1910-03-04
805,Emilia,Mullane,Emilia.Mullane@yopmail.com,2011-04-05
806,Kaia,Truc,Kaia.Truc@yopmail.com,1969-12-08
807,Genovera,Ilka,Genovera.Ilka@yopmail.com,2006-09-01
808,Riannon,Fancie,Riannon.Fancie@yopmail.com,1924-03-24
809,Janenna,Wareing,Janenna.Wareing@yopmail.com,1980-08-24
810,Valeda,Payson,Valeda.Payson@yopmail.com,1915-01-16
811,Dale,Marcellus,Dale.Marcellus@yopmail.com,1926-05-05
812,Clementine,Angelis,Clementine.Angelis@yopmail.com,1985-05-16
813,Sarette,Aida,Sarette.Aida@yopmail.com,1902-04-19
814,Sharai,Poll,Sharai.Poll@yopmail.com,1900-03-31
815,Myrtice,Pelagias,Myrtice.Pelagias@yopmail.com,1967-08-11
816,Nelle,Regan,Nelle.Regan@yopmail.com,1973-08-15
817,Mariele,Cohdwell,Mariele.Cohdwell@yopmail.com,1933-11-15
818,Dari,Harday,Dari.Harday@yopmail.com,1999-05-16
819,Sadie,Aurelio,Sadie.Aurelio@yopmail.com,1968-12-05
820,Gusella,Cherianne,Gusella.Cherianne@yopmail.com,1943-02-25
821,Annaliese,Infield,Annaliese.Infield@yopmail.com,1909-07-07
822,Elsie,Lareena,Elsie.Lareena@yopmail.com,1965-10-05
823,Giustina,Old,Giustina.Old@yopmail.com,1917-12-23
824,Camile,Jerold,Camile.Jerold@yopmail.com,1949-02-27
825,Roz,Joli,Roz.Joli@yopmail.com,1997-10-31
826,Asia,Mauer,Asia.Mauer@yopmail.com,1951-01-19
827,Cathyleen,Arathorn,Cathyleen.Arathorn@yopmail.com,1989-06-18
828,Genevra,Charmine,Genevra.Charmine@yopmail.com,1988-10-03
829,Jaime,Olnee,Jaime.Olnee@yopmail.com,1971-06-21
830,Katuscha,Trinetta,Katuscha.Trinetta@yopmail.com,2009-07-11
831,Jordan,Bartlett,Jordan.Bartlett@yopmail.com,1935-01-23
832,Harmonia,Raseda,Harmonia.Raseda@yopmail.com,1923-08-25
833,Lynde,Fancie,Lynde.Fancie@yopmail.com,2009-04-23
834,Konstance,Erb,Konstance.Erb@yopmail.com,2012-04-04
835,Fernande,Kevon,Fernande.Kevon@yopmail.com,1937-08-24
836,Kial,Toffic,Kial.Toffic@yopmail.com,1974-03-17
837,Marti,Louanna,Marti.Louanna@yopmail.com,2019-10-05
838,Rosene,Rese,Rosene.Rese@yopmail.com,1982-04-21
839,Christian,Delp,Christian.Delp@yopmail.com,1905-07-12
840,Angelique,Wilona,Angelique.Wilona@yopmail.com,1991-01-25
841,Ruthe,Amethist,Ruthe.Amethist@yopmail.com,1930-11-01
842,Myrtice,Hessler,Myrtice.Hessler@yopmail.com,1997-06-16
843,Eve,Klotz,Eve.Klotz@yopmail.com,1905-08-14
844,Gabi,Gabrielli,Gabi.Gabrielli@yopmail.com,1942-03-28
845,Ayn,Uund,Ayn.Uund@yopmail.com,1943-12-11
846,Berget,Neva,Berget.Neva@yopmail.com,1925-04-01
847,Alisha,Chesna,Alisha.Chesna@yopmail.com,1945-11-30
848,Melina,Danby,Melina.Danby@yopmail.com,1995-07-30
849,Sherrie,Sinegold,Sherrie.Sinegold@yopmail.com,1936-08-13
850,Janeczka,Gower,Janeczka.Gower@yopmail.com,2016-12-06
851,Regina,Zamora,Regina.Zamora@yopmail.com,1966-06-22
852,Brandise,Wallis,Brandise.Wallis@yopmail.com,1951-07-02
853,Madelle,Schlosser,Madelle.Schlosser@yopmail.com,1940-07-04
854,Karly,Blisse,Karly.Blisse@yopmail.com,1952-06-11
855,Vinita,Atcliffe,Vinita.Atcliffe@yopmail.com,1969-10-11
856,Maurene,Earlie,Maurene.Earlie@yopmail.com,1997-05-05
857,Yolane,Aloise,Yolane.Aloise@yopmail.com,1944-08-31
858,Raquela,Philipp,Raquela.Philipp@yopmail.com,2016-09-22
859,Emelina,Dowski,Emelina.Dowski@yopmail.com,1969-02-19
860,Frank,Pascia,Frank.Pascia@yopmail.com,1965-06-23
861,Hildegaard,Iaverne,Hildegaard.Iaverne@yopmail.com,1920-06-01
862,Gale,Zrike,Gale.Zrike@yopmail.com,1943-06-13
863,Raquela,Telfer,Raquela.Telfer@yopmail.com,1955-01-17
864,Corry,Khorma,Corry.Khorma@yopmail.com,1917-01-09
865,Adriana,Seumas,Adriana.Seumas@yopmail.com,1972-02-10
866,Jorry,Melony,Jorry.Melony@yopmail.com,1997-07-16
867,Fawne,Arley,Fawne.Arley@yopmail.com,2007-12-05
868,Melanie,Chesna,Melanie.Chesna@yopmail.com,1905-06-01
869,Micheline,Clywd,Micheline.Clywd@yopmail.com,1951-05-04
870,Therine,Flita,Therine.Flita@yopmail.com,1978-04-19
871,Emma,Morrill,Emma.Morrill@yopmail.com,1963-07-11
872,Aryn,Briney,Aryn.Briney@yopmail.com,1938-03-10
873,Florie,Tannie,Florie.Tannie@yopmail.com,1946-03-02
874,Netty,Sprage,Netty.Sprage@yopmail.com,1974-11-05
875,Viki,Orelee,Viki.Orelee@yopmail.com,1988-02-07
876,Gilda,Lamoree,Gilda.Lamoree@yopmail.com,1906-02-24
877,Latisha,Duwalt,Latisha.Duwalt@yopmail.com,1908-07-29
878,Kamilah,Wiener,Kamilah.Wiener@yopmail.com,1916-02-02
879,Kaia,Eno,Kaia.Eno@yopmail.com,1974-07-15
880,Norine,Gower,Norine.Gower@yopmail.com,1987-01-20
881,Alleen,Moina,Alleen.Moina@yopmail.com,2004-12-09
882,Adele,Daniele,Adele.Daniele@yopmail.com,1994-02-05
883,Claudina,Breed,Claudina.Breed@yopmail.com,1996-10-08
884,Janey,Tamsky,Janey.Tamsky@yopmail.com,2001-01-02
885,Lynnea,Kussell,Lynnea.Kussell@yopmail.com,1951-03-06
886,Caressa,Anastatius,Caressa.Anastatius@yopmail.com,1957-08-11
887,Jessamyn,Chinua,Jessamyn.Chinua@yopmail.com,1994-02-08
888,Dagmar,Juan,Dagmar.Juan@yopmail.com,1994-02-15
889,Kathy,Riordan,Kathy.Riordan@yopmail.com,1997-11-22
890,Vevay,Zuzana,Vevay.Zuzana@yopmail.com,1989-10-18
891,Sadie,Waite,Sadie.Waite@yopmail.com,1945-04-12
892,Cathyleen,Francene,Cathyleen.Francene@yopmail.com,2006-01-20
893,Ginnie,Jammal,Ginnie.Jammal@yopmail.com,1945-05-27
894,Stacey,Elsinore,Stacey.Elsinore@yopmail.com,1928-07-01
895,Vanessa,Cohdwell,Vanessa.Cohdwell@yopmail.com,1947-09-05
896,Gaylene,Trace,Gaylene.Trace@yopmail.com,1951-07-05
897,Molli,Narton,Molli.Narton@yopmail.com,1954-07-01
898,Britte,Marlie,Britte.Marlie@yopmail.com,2006-04-30
899,Tomasina,Concha,Tomasina.Concha@yopmail.com,1978-08-04
900,Susan,Chobot,Susan.Chobot@yopmail.com,2005-12-12
901,Berta,Ramona,Berta.Ramona@yopmail.com,2008-06-23
902,Harrietta,Robertson,Harrietta.Robertson@yopmail.com,1917-02-04
903,Tamqrah,Hylan,Tamqrah.Hylan@yopmail.com,1993-03-30
904,Dorthy,Laverne,Dorthy.Laverne@yopmail.com,1910-11-11
905,Dode,Swanhildas,Dode.Swanhildas@yopmail.com,1903-02-27
906,Harmonia,Crudden,Harmonia.Crudden@yopmail.com,1986-01-21
907,Jillayne,Ralfston,Jillayne.Ralfston@yopmail.com,1927-07-25
908,Almeta,Dimitris,Almeta.Dimitris@yopmail.com,1957-07-28
909,Jackie,Jary,Jackie.Jary@yopmail.com,1941-07-07
910,Genovera,Gaynor,Genovera.Gaynor@yopmail.com,1980-02-08
911,Teddie,Constancy,Teddie.Constancy@yopmail.com,1998-02-18
912,Sheree,Jehu,Sheree.Jehu@yopmail.com,1973-06-16
913,Gabriellia,Pitt,Gabriellia.Pitt@yopmail.com,1964-08-04
914,Clementine,Bendick,Clementine.Bendick@yopmail.com,1986-01-26
915,Sonni,Colleen,Sonni.Colleen@yopmail.com,1961-06-12
916,Sibella,Faso,Sibella.Faso@yopmail.com,1940-01-05
917,Chandra,Pyle,Chandra.Pyle@yopmail.com,1970-06-17
918,Desirae,Kannry,Desirae.Kannry@yopmail.com,1984-08-07
919,Ardeen,Hedve,Ardeen.Hedve@yopmail.com,1944-06-03
920,Emilia,Tamar,Emilia.Tamar@yopmail.com,1926-04-06
921,Loree,Elephus,Loree.Elephus@yopmail.com,1904-07-16
922,Paulita,Himelman,Paulita.Himelman@yopmail.com,1967-10-23
923,Paule,Palocz,Paule.Palocz@yopmail.com,1955-02-19
924,Dominga,Goode,Dominga.Goode@yopmail.com,1983-06-04
925,Lila,Friede,Lila.Friede@yopmail.com,1924-12-14
926,Shell,Anselmi,Shell.Anselmi@yopmail.com,1936-04-02
927,Jemie,Dannye,Jemie.Dannye@yopmail.com,2013-10-16
928,Gabriellia,Primalia,Gabriellia.Primalia@yopmail.com,2006-03-11
929,Alyssa,Greyson,Alyssa.Greyson@yopmail.com,1931-02-20
930,Jerry,Adamsen,Jerry.Adamsen@yopmail.com,1995-11-21
931,Ethel,Isacco,Ethel.Isacco@yopmail.com,1962-07-08
932,Brynna,Sikorski,Brynna.Sikorski@yopmail.com,1951-04-07
933,Michaelina,Astra,Michaelina.Astra@yopmail.com,1996-12-05
934,Lynnea,Wolfgram,Lynnea.Wolfgram@yopmail.com,2014-11-01
935,Emylee,Gunn,Emylee.Gunn@yopmail.com,1911-09-29
936,Nikki,Greenwald,Nikki.Greenwald@yopmail.com,1989-03-29
937,Dominga,Thad,Dominga.Thad@yopmail.com,1954-10-15
938,Dominga,Nerita,Dominga.Nerita@yopmail.com,1966-07-16
939,Delilah,Santoro,Delilah.Santoro@yopmail.com,1916-07-07
940,Damaris,Nunci,Damaris.Nunci@yopmail.com,1922-08-25
941,Doralynne,Lanita,Doralynne.Lanita@yopmail.com,1916-05-01
942,Brooks,Longfellow,Brooks.Longfellow@yopmail.com,1997-01-18
943,Edith,Pip,Edith.Pip@yopmail.com,1965-01-25
944,Angela,Reneta,Angela.Reneta@yopmail.com,2017-02-09
945,Averyl,Schroth,Averyl.Schroth@yopmail.com,1906-05-24
946,Correy,Linehan,Correy.Linehan@yopmail.com,1997-12-09
947,Mireielle,Zamora,Mireielle.Zamora@yopmail.com,2010-12-10
948,Ardenia,Swigart,Ardenia.Swigart@yopmail.com,1957-07-29
949,Fanchon,Ogren,Fanchon.Ogren@yopmail.com,1988-11-12
950,Maye,Pelagias,Maye.Pelagias@yopmail.com,1929-07-31
951,Tiffie,Sothena,Tiffie.Sothena@yopmail.com,1944-04-06
952,Binny,Oriana,Binny.Oriana@yopmail.com,1959-03-15
953,Bettine,Faro,Bettine.Faro@yopmail.com,1913-04-17
954,Michaelina,Moina,Michaelina.Moina@yopmail.com,2009-01-21
955,Maryellen,Annice,Maryellen.Annice@yopmail.com,2016-01-01
956,Allyce,Allina,Allyce.Allina@yopmail.com,1951-06-03
957,Anthia,Janith,Anthia.Janith@yopmail.com,2008-03-10
958,Kirstin,Gino,Kirstin.Gino@yopmail.com,1914-10-04
959,Mellicent,Craggie,Mellicent.Craggie@yopmail.com,1988-05-31
960,Ottilie,Suzetta,Ottilie.Suzetta@yopmail.com,1936-10-14
961,Concettina,Wooster,Concettina.Wooster@yopmail.com,2012-07-02
962,Theodora,Bigner,Theodora.Bigner@yopmail.com,1944-08-17
963,Cindelyn,Kinnard,Cindelyn.Kinnard@yopmail.com,1918-03-30
964,Roxane,Jerold,Roxane.Jerold@yopmail.com,2016-08-06
965,Dulce,Prouty,Dulce.Prouty@yopmail.com,2006-09-06
966,Sue,Fiester,Sue.Fiester@yopmail.com,2016-10-18
967,Minne,Stilwell,Minne.Stilwell@yopmail.com,1993-11-11
968,Latisha,Land,Latisha.Land@yopmail.com,1937-01-12
969,Danika,Ardra,Danika.Ardra@yopmail.com,1963-03-20
970,Viviene,Goode,Viviene.Goode@yopmail.com,1911-05-26
971,Winny,Myrilla,Winny.Myrilla@yopmail.com,1947-05-09
972,Aurelie,Germann,Aurelie.Germann@yopmail.com,1952-02-27
973,Tierney,My,Tierney.My@yopmail.com,1997-12-14
974,Lorne,Ammann,Lorne.Ammann@yopmail.com,1946-04-02
975,Odessa,Shanley,Odessa.Shanley@yopmail.com,1939-04-13
976,Valera,Ralfston,Valera.Ralfston@yopmail.com,1977-09-15
977,Agnese,Glenden,Agnese.Glenden@yopmail.com,2019-02-28
978,Deane,Haldas,Deane.Haldas@yopmail.com,1923-05-14
979,Cindelyn,Remmer,Cindelyn.Remmer@yopmail.com,2006-08-27
980,Gabriellia,Remmer,Gabriellia.Remmer@yopmail.com,1992-01-09
981,Blake,Faro,Blake.Faro@yopmail.com,1929-11-26
982,Philis,Herrera,Philis.Herrera@yopmail.com,1974-12-18
983,Genevra,Khorma,Genevra.Khorma@yopmail.com,1908-09-30
984,Candy,Ophelia,Candy.Ophelia@yopmail.com,1918-07-08
985,Carly,Allare,Carly.Allare@yopmail.com,1925-10-09
986,Halette,Medrek,Halette.Medrek@yopmail.com,1948-08-05
987,Lorenza,Gherardo,Lorenza.Gherardo@yopmail.com,1937-06-16
988,Tiffie,Schalles,Tiffie.Schalles@yopmail.com,1924-10-24
989,Wanda,Quinn,Wanda.Quinn@yopmail.com,1994-12-11
990,Robbi,Wittie,Robbi.Wittie@yopmail.com,1962-10-26
991,Shaylyn,Heidt,Shaylyn.Heidt@yopmail.com,1923-09-16
992,Annora,Beebe,Annora.Beebe@yopmail.com,1978-03-21
993,Tarra,Tristram,Tarra.Tristram@yopmail.com,1969-05-10
994,Allyce,Seligman,Allyce.Seligman@yopmail.com,1934-03-08
995,Oralee,Cleo,Oralee.Cleo@yopmail.com,1961-11-06
996,Donnie,Yusuk,Donnie.Yusuk@yopmail.com,1908-01-01
997,Kary,Lasley,Kary.Lasley@yopmail.com,1906-02-18
998,Wilma,Zina,Wilma.Zina@yopmail.com,1909-04-22
999,Lauryn,Bashemeth,Lauryn.Bashemeth@yopmail.com,1912-08-27
1000,Rivalee,Karylin,Rivalee.Karylin@yopmail.com,1937-11-13
1001,Ezmeralda,Syd,Ezmeralda.Syd@yopmail.com,1929-10-27
1002,Evita,Payson,Evita.Payson@yopmail.com,1963-09-09
1003,Amara,Johnsson,Amara.Johnsson@yopmail.com,1925-05-22
1004,Madelle,Stephie,Madelle.Stephie@yopmail.com,1975-03-02
1005,Ronna,Lalitta,Ronna.Lalitta@yopmail.com,1960-02-13
1006,Oona,Felecia,Oona.Felecia@yopmail.com,1929-10-18
1007,Althea,Bury,Althea.Bury@yopmail.com,1931-10-16
1008,Hannis,Hubert,Hannis.Hubert@yopmail.com,1983-02-10
1009,Jackie,Weinreb,Jackie.Weinreb@yopmail.com,1965-12-15
1010,Shaylyn,Manolo,Shaylyn.Manolo@yopmail.com,1913-05-24
1011,Doro,Borrell,Doro.Borrell@yopmail.com,1942-12-14
1012,Jenilee,Thad,Jenilee.Thad@yopmail.com,1987-02-18
1013,Madelle,Rogerio,Madelle.Rogerio@yopmail.com,2002-11-17
1014,Loree,Braun,Loree.Braun@yopmail.com,2004-10-10
1015,Shandie,Israeli,Shandie.Israeli@yopmail.com,1998-02-11
1016,Alejandra,Erminia,Alejandra.Erminia@yopmail.com,1945-01-28
1017,Adore,Skell,Adore.Skell@yopmail.com,2007-11-15
1018,Romona,Faro,Romona.Faro@yopmail.com,2015-07-11
1019,Wanda,Fulmer,Wanda.Fulmer@yopmail.com,1949-02-17
1020,Cathie,Imelida,Cathie.Imelida@yopmail.com,1951-08-20
1021,Nyssa,Docilla,Nyssa.Docilla@yopmail.com,1900-06-13
1022,Di,Lasley,Di.Lasley@yopmail.com,1904-03-14
1023,Konstance,Rugen,Konstance.Rugen@yopmail.com,2018-01-28
1024,Nannie,Lory,Nannie.Lory@yopmail.com,1933-08-10
1025,Cissiee,Hertzfeld,Cissiee.Hertzfeld@yopmail.com,1932-04-21
1026,Maud,Gombach,Maud.Gombach@yopmail.com,1979-01-11
1027,Marsiella,Anestassia,Marsiella.Anestassia@yopmail.com,1975-10-02
1028,Roslyn,Armanda,Roslyn.Armanda@yopmail.com,1941-03-28
1029,Oona,Haldas,Oona.Haldas@yopmail.com,1985-01-29
1030,Carly,Wesle,Carly.Wesle@yopmail.com,1937-05-16
1031,Annice,Shields,Annice.Shields@yopmail.com,1969-10-14
1032,Beth,Wu,Beth.Wu@yopmail.com,1988-06-20
1033,Phylis,Wyn,Phylis.Wyn@yopmail.com,1903-05-11
1034,Ricky,Charmine,Ricky.Charmine@yopmail.com,1968-04-07
1035,Trudie,Yoko,Trudie.Yoko@yopmail.com,1904-11-27
1036,Georgetta,Friede,Georgetta.Friede@yopmail.com,1998-05-06
1037,Aryn,Marcellus,Aryn.Marcellus@yopmail.com,1961-03-27
1038,Rayna,Swanhildas,Rayna.Swanhildas@yopmail.com,2007-03-13
1039,Roslyn,Israeli,Roslyn.Israeli@yopmail.com,1961-10-20
1040,Vere,Lesley,Vere.Lesley@yopmail.com,1932-02-01
1041,Ardenia,Earlie,Ardenia.Earlie@yopmail.com,1915-02-28
1042,Riannon,Diann,Riannon.Diann@yopmail.com,1909-08-10
1043,Nerta,Aida,Nerta.Aida@yopmail.com,1943-04-21
1044,Eugine,Alva,Eugine.Alva@yopmail.com,1935-08-24
1045,Norine,Vale,Norine.Vale@yopmail.com,1940-04-10
1046,Marsiella,Lipson,Marsiella.Lipson@yopmail.com,1913-10-12
1047,Joy,Izaak,Joy.Izaak@yopmail.com,1924-05-02
1048,Bernardine,Karna,Bernardine.Karna@yopmail.com,2007-11-15
1049,Shauna,Smitt,Shauna.Smitt@yopmail.com,1939-11-21
1050,Roberta,Elvyn,Roberta.Elvyn@yopmail.com,1926-05-24
1051,Fawne,My,Fawne.My@yopmail.com,1950-11-29
1052,Danny,Yate,Danny.Yate@yopmail.com,1963-05-18
1053,Gisela,Tengdin,Gisela.Tengdin@yopmail.com,1908-07-05
1054,Meg,Roumell,Meg.Roumell@yopmail.com,1933-02-08
1055,Shirlee,Corabella,Shirlee.Corabella@yopmail.com,1928-09-29
1056,Marjie,Thilda,Marjie.Thilda@yopmail.com,1957-05-26
1057,Etta,Westphal,Etta.Westphal@yopmail.com,1965-06-03
1058,Laure,Carleen,Laure.Carleen@yopmail.com,1959-03-02
1059,Sharlene,Morehouse,Sharlene.Morehouse@yopmail.com,1990-08-08
1060,Corly,Nisbet,Corly.Nisbet@yopmail.com,1922-06-10
1061,Cassondra,Zetta,Cassondra.Zetta@yopmail.com,1976-10-31
1062,Isa,Aida,Isa.Aida@yopmail.com,1939-03-18
1063,Nonnah,Naor,Nonnah.Naor@yopmail.com,1917-08-26
1064,Blinni,Haldas,Blinni.Haldas@yopmail.com,1992-11-10
1065,Romona,Orlene,Romona.Orlene@yopmail.com,2007-11-19
1066,Dorothy,Afton,Dorothy.Afton@yopmail.com,1913-04-17
1067,Berget,Wallis,Berget.Wallis@yopmail.com,2019-05-08
1068,Helena,Chobot,Helena.Chobot@yopmail.com,1920-07-03
1069,Rubie,Strephon,Rubie.Strephon@yopmail.com,1947-02-21
1070,Mahalia,Kress,Mahalia.Kress@yopmail.com,2001-10-20
1071,Melanie,Libna,Melanie.Libna@yopmail.com,1934-05-24
1072,Janeczka,Rolf,Janeczka.Rolf@yopmail.com,1956-12-14
1073,Eolanda,Oscar,Eolanda.Oscar@yopmail.com,1939-08-27
1074,Adore,Liva,Adore.Liva@yopmail.com,1955-03-04
1075,Deedee,Yam,Deedee.Yam@yopmail.com,1901-07-02
1076,Shell,Bahr,Shell.Bahr@yopmail.com,1988-12-29
1077,Bee,Merell,Bee.Merell@yopmail.com,1948-06-17
1078,Alisha,Libna,Alisha.Libna@yopmail.com,1935-07-02
1079,Hayley,Wenda,Hayley.Wenda@yopmail.com,1985-06-07
1080,Marita,Melan,Marita.Melan@yopmail.com,1933-08-02
1081,Misha,Muriel,Misha.Muriel@yopmail.com,2019-12-29
1082,Quintina,Anastatius,Quintina.Anastatius@yopmail.com,1940-06-29
1083,Teriann,Charity,Teriann.Charity@yopmail.com,1920-12-16
1084,Ronna,Argus,Ronna.Argus@yopmail.com,1913-07-17
1085,Gloria,Hilbert,Gloria.Hilbert@yopmail.com,1968-03-09
1086,Emma,Darbie,Emma.Darbie@yopmail.com,1926-03-14
1087,Karina,Cottle,Karina.Cottle@yopmail.com,1925-06-05
1088,Ezmeralda,Jena,Ezmeralda.Jena@yopmail.com,1972-04-26
1089,Clary,Cleavland,Clary.Cleavland@yopmail.com,1929-04-16
1090,Dale,Roscoe,Dale.Roscoe@yopmail.com,2003-11-22
1091,Micheline,Autrey,Micheline.Autrey@yopmail.com,2009-12-12
1092,Meghann,Tengdin,Meghann.Tengdin@yopmail.com,1973-10-25
1093,Heida,Ruvolo,Heida.Ruvolo@yopmail.com,1948-06-26
1094,Nyssa,Sothena,Nyssa.Sothena@yopmail.com,1932-04-09
1095,Aimil,McAdams,Aimil.McAdams@yopmail.com,1967-04-07
1096,Isa,Nea,Isa.Nea@yopmail.com,2013-09-04
1097,Amelia,Lissi,Amelia.Lissi@yopmail.com,1957-01-29
1098,Debee,Rooney,Debee.Rooney@yopmail.com,1972-06-09
1099,Chickie,Terrence,Chickie.Terrence@yopmail.com,2010-02-25