id,firstname,lastname,email,Field Name
100,Chere,Destinee,Chere.Destinee@yopmail.com,1959-03-16
101,Babita,Laurianne,Babita.Laurianne@yopmail.com,1912-11-25
102,Gusella,Kermit,Gusella.Kermit@yopmail.com,1977-01-30
103,Therine,Roxanna,Therine.Roxanna@yopmail.com,1907-03-25
104,Tera,Trey,Tera.Trey@yopmail.com,2000-06-25
105,Frieda,Medrek,Frieda.Medrek@yopmail.com,1988-01-28
106,Violet,Killigrew,Violet.Killigrew@yopmail.com,1922-05-09
107,Doro,Jess,Doro.Jess@yopmail.com,1900-03-19
108,Ivett,Milde,Ivett.Milde@yopmail.com,1941-12-08
109,Krystle,Duwalt,Krystle.Duwalt@yopmail.com,1995-11-26
110,Beth,Malanie,Beth.Malanie@yopmail.com,1919-05-25
111,Karolina,Marcellus,Karolina.Marcellus@yopmail.com,1943-05-14
112,Jemie,Brian,Jemie.Brian@yopmail.com,1937-12-08
113,Ericka,Trace,Ericka.Trace@yopmail.com,1940-07-22
114,Violet,Trey,Violet.Trey@yopmail.com,1908-03-04
115,Dulcinea,Colp,Dulcinea.Colp@yopmail.com,1944-05-31
116,Madalyn,Leonard,Madalyn.Leonard@yopmail.com,1984-07-07
117,Emylee,Ranjiv,Emylee.Ranjiv@yopmail.com,2002-05-09
118,Calla,Margret,Calla.Margret@yopmail.com,1956-11-01
119,Jordan,Corrine,Jordan.Corrine@yopmail.com,1980-06-16
120,Gilda,Fax,Gilda.Fax@yopmail.com,1934-10-05
121,Mariele,Soneson,Mariele.Soneson@yopmail.com,1967-02-08
122,Ninnetta,Raul,Ninnetta.Raul@yopmail.com,1922-09-25
123,Christal,Dom,Christal.Dom@yopmail.com,2008-08-07
124,Shirlee,Allare,Shirlee.Allare@yopmail.com,1984-07-18
125,Sean,Hermes,Sean.Hermes@yopmail.com,1936-04-10
126,Eolanda,Nicoline,Eolanda.Nicoline@yopmail.com,1910-09-24
127,Gui,Shaddock,Gui.Shaddock@yopmail.com,1917-10-31
128,Sheelagh,Annabella,Sheelagh.Annabella@yopmail.com,1963-10-10
129,Corene,Shirberg,Corene.Shirberg@yopmail.com,1940-02-22
130,Hyacinthe,Goddard,Hyacinthe.Goddard@yopmail.com,1929-06-29
131,Lory,Haymes,Lory.Haymes@yopmail.com,1946-01-24
132,Roz,Rese,Roz.Rese@yopmail.com,1916-03-07
133,Zsa Zsa,Bibi,Zsa Zsa.Bibi@yopmail.com,1939-08-25
134,Ida,Kendrick,Ida.Kendrick@yopmail.com,1965-03-09
135,Ilse,Pettiford,Ilse.Pettiford@yopmail.com,1933-08-16
136,Teriann,Ajay,Teriann.Ajay@yopmail.com,1974-05-01
137,Ginnie,Callista,Ginnie.Callista@yopmail.com,2007-01-09
138,Averyl,Kunin,Averyl.Kunin@yopmail.com,1930-09-22
139,Miquela,Harriman,Miquela.Harriman@yopmail.com,2011-06-24
140,Korrie,Solitta,Korrie.Solitta@yopmail.com,1961-10-06
141,Janenna,Gilmour,Janenna.Gilmour@yopmail.com,1983-12-21
142,Danny,Cressida,Danny.Cressida@yopmail.com,1998-02-20
143,Brena,Lucienne,Brena.Lucienne@yopmail.com,1917-12-19
144,Ashlee,Atcliffe,Ashlee.Atcliffe@yopmail.com,1972-07-20
145,Agnese,Juan,Agnese.Juan@yopmail.com,1958-10-16
146,Codie,Kenney,Codie.Kenney@yopmail.com,1999-01-31
147,Gianina,Regan,Gianina.Regan@yopmail.com,1943-06-02
148,Kalina,Cressida,Kalina.Cressida@yopmail.com,1964-10-07
149,Carmela,Telfer,Carmela.Telfer@yopmail.com,1907-11-23
150,Genevra,Oscar,Genevra.Oscar@yopmail.com,2017-04-22
151,Frieda,Baylor,Frieda.Baylor@yopmail.com,1929-02-17
152,Bobinette,Bari,Bobinette.Bari@yopmail.com,1915-03-20
153,Marinna,Love,Marinna.Love@yopmail.com,1951-03-30
154,Ekaterina,Wareing,Ekaterina.Wareing@yopmail.com,2005-09-11
155,Emylee,Nerita,Emylee.Nerita@yopmail.com,1997-02-16
156,Tracey,Jeanne,Tracey.Jeanne@yopmail.com,2003-12-01
157,Lindie,Euridice,Lindie.Euridice@yopmail.com,1910-06-25
158,Gavrielle,Nikaniki,Gavrielle.Nikaniki@yopmail.com,1969-06-08
159,Lynea,Gunn,Lynea.Gunn@yopmail.com,1915-09-17
160,Teddie,Marden,Teddie.Marden@yopmail.com,1974-01-08
161,Ebonee,Jess,Ebonee.Jess@yopmail.com,2018-11-05
162,Anestassia,Codding,Anestassia.Codding@yopmail.com,1980-01-10
163,Susette,Lissi,Susette.Lissi@yopmail.com,1914-12-06
164,Iseabal,Phi,Iseabal.Phi@yopmail.com,1934-04-18
165,Lesly,Allina,Lesly.Allina@yopmail.com,1911-04-03
166,Claresta,Vernier,Claresta.Vernier@yopmail.com,1916-05-22
167,Sashenka,Keelia,Sashenka.Keelia@yopmail.com,1960-02-25
168,Lory,Jalbert,Lory.Jalbert@yopmail.com,1978-06-03
169,Elora,Amasa,Elora.Amasa@yopmail.com,1932-11-16
170,Heida,Haerr,Heida.Haerr@yopmail.com,2007-01-28
171,Annaliese,Ellerey,Annaliese.Ellerey@yopmail.com,1983-05-21
172,Konstance,Eckblad,Konstance.Eckblad@yopmail.com,1909-01-13
173,Cissiee,Marcellus,Cissiee.Marcellus@yopmail.com,1957-07-31
174,Cecile,Bethany,Cecile.Bethany@yopmail.com,1914-10-21
175,Betta,Henebry,Betta.Henebry@yopmail.com,1936-03-02
176,Amara,Pozzy,Amara.Pozzy@yopmail.com,2003-01-23
177,Nicoli,Terencio,Nicoli.Terencio@yopmail.com,1925-01-27
178,Charmaine,Prober,Charmaine.Prober@yopmail.com,1975-01-05
179,Nananne,Pettiford,Nananne.Pettiford@yopmail.com,1993-06-20
180,Christal,Linehan,Christal.Linehan@yopmail.com,1974-04-14
181,Deirdre,Chesna,Deirdre.Chesna@yopmail.com,1950-01-14
182,Lanae,Germann,Lanae.Germann@yopmail.com,1986-11-03
183,Lacie,Rozanna,Lacie.Rozanna@yopmail.com,1932-11-21
184,Giustina,Rad,Giustina.Rad@yopmail.com,2003-10-09
185,Pollyanna,Kimmie,Pollyanna.Kimmie@yopmail.com,1912-09-20
186,Fidelia,Velick,Fidelia.Velick@yopmail.com,1988-03-28
187,Maurene,Rugen,Maurene.Rugen@yopmail.com,1940-02-21
188,Arlena,Marden,Arlena.Marden@yopmail.com,1954-04-09
189,Jorry,Hepsibah,Jorry.Hepsibah@yopmail.com,1949-12-20
190,Dari,Wilona,Dari.Wilona@yopmail.com,1989-12-31
191,Moyna,Lamoree,Moyna.Lamoree@yopmail.com,1986-09-16
192,Gratia,Hepsibah,Gratia.Hepsibah@yopmail.com,1949-09-10
193,Calla,Pip,Calla.Pip@yopmail.com,1967-08-27
194,Aeriela,Terencio,Aeriela.Terencio@yopmail.com,1927-09-24
195,Margalo,Cottle,Margalo.Cottle@yopmail.com,1997-03-11
196,Zaria,Roarke,Zaria.Roarke@yopmail.com,1900-09-11
197,Ericka,Bronk,Ericka.Bronk@yopmail.com,1964-03-15
198,Veda,Roscoe,Veda.Roscoe@yopmail.com,1949-11-19
199,Anica,Hazlett,Anica.Hazlett@yopmail.com,1904-09-29
200,Taffy,Leary,Taffy.Leary@yopmail.com,1930-03-04
201,Nicoli,Audly,Nicoli.Audly@yopmail.com,1967-06-18
202,Ashlee,Ariella,Ashlee.Ariella@yopmail.com,1933-07-21
203,Anica,Jefferey,Anica.Jefferey@yopmail.com,1911-10-11
204,Selma,Deny,Selma.Deny@yopmail.com,1907-08-17
205,Courtnay,Camden,Courtnay.Camden@yopmail.com,2018-03-28
206,Maud,Middleton,Maud.Middleton@yopmail.com,1920-08-01
207,Jemie,Kosey,Jemie.Kosey@yopmail.com,1924-03-22
208,Nadine,Brieta,Nadine.Brieta@yopmail.com,1959-05-21
209,Winifred,Wareing,Winifred.Wareing@yopmail.com,1945-05-31
210,Frances,Zetta,Frances.Zetta@yopmail.com,2009-10-13
211,Julieta,Sasnett,Julieta.Sasnett@yopmail.com,1972-09-22
212,Yolane,Sibyls,Yolane.Sibyls@yopmail.com,2010-09-26
213,Sibella,Olin,Sibella.Olin@yopmail.com,1936-02-29
214,Morganica,Kermit,Morganica.Kermit@yopmail.com,1999-06-24
215,Kassey,Millda,Kassey.Millda@yopmail.com,1957-10-04
216,Latisha,Egbert,Latisha.Egbert@yopmail.com,1919-04-17
217,Ruthe,Konyn,Ruthe.Konyn@yopmail.com,1977-01-05
218,Dulcinea,Montgomery,Dulcinea.Montgomery@yopmail.com,1947-11-09
219,Harrietta,Pattin,Harrietta.Pattin@yopmail.com,2019-04-29
220,Shaine,Riordan,Shaine.Riordan@yopmail.com,1985-03-01
221,Edith,Urias,Edith.Urias@yopmail.com,1956-12-07
222,Amii,Lane,Amii.Lane@yopmail.com,1993-09-09
223,Raquela,Mata,Raquela.Mata@yopmail.com,1967-10-06
224,Renae,Shuler,Renae.Shuler@yopmail.com,1905-01-26
225,Gloria,Sherfield,Gloria.Sherfield@yopmail.com,1998-10-27
226,Nikki,Kalinda,Nikki.Kalinda@yopmail.com,2019-12-04
227,Alyssa,Melleta,Alyssa.Melleta@yopmail.com,1983-03-12
228,Sara-Ann,Sammons,Sara-Ann.Sammons@yopmail.com,1904-12-07
229,Roberta,Khorma,Roberta.Khorma@yopmail.com,2001-12-21
230,Ofilia,Henrie,Ofilia.Henrie@yopmail.com,1962-05-29
231,Karena,Wolfgram,Karena.Wolfgram@yopmail.com,1909-07-15
232,Bernie,Gaulin,Bernie.Gaulin@yopmail.com,1965-07-26
233,Kerrin,Rudolph,Kerrin.Rudolph@yopmail.com,1908-12-01
234,Bill,Gino,Bill.Gino@yopmail.com,1990-05-23
235,Mignon,Maroney,Mignon.Maroney@yopmail.com,1916-07-08
236,Cathyleen,Kevon,Cathyleen.Kevon@yopmail.com,1935-10-13
237,Ariela,Romelda,Ariela.Romelda@yopmail.com,1918-05-26
238,Vivia,Constancy,Vivia.Constancy@yopmail.com,1907-01-12
239,Edith,Breed,Edith.Breed@yopmail.com,1985-08-20
240,Dode,Katrine,Dode.Katrine@yopmail.com,2006-09-25
241,Lelah,Dominy,Lelah.Dominy@yopmail.com,1921-11-30
242,Florie,Durante,Florie.Durante@yopmail.com,1967-12-30
243,Zia,Johnsson,Zia.Johnsson@yopmail.com,1904-09-09
244,Leanna,Vorster,Leanna.Vorster@yopmail.com,2002-08-04
245,Justinn,Garrison,Justinn.Garrison@yopmail.com,1986-01-23
246,Anestassia,Thunell,Anestassia.Thunell@yopmail.com,1998-10-20
247,Katuscha,Halsey,Katuscha.Halsey@yopmail.com,1918-02-23
248,Anthia,Cutlerr,Anthia.Cutlerr@yopmail.com,1928-07-05
249,Darci,Graig,Darci.Graig@yopmail.com,2017-07-12
250,Juliane,Ellord,Juliane.Ellord@yopmail.com,1966-07-26
251,Florie,Roarke,Florie.Roarke@yopmail.com,1988-02-04
252,Cissiee,Hutchison,Cissiee.Hutchison@yopmail.com,1988-07-15
253,Lisette,Tryck,Lisette.Tryck@yopmail.com,1999-12-30
254,Morganica,Lemuela,Morganica.Lemuela@yopmail.com,1969-02-09
255,Rhea,Dorothy,Rhea.Dorothy@yopmail.com,1972-05-18
256,Inga,Hessler,Inga.Hessler@yopmail.com,1993-11-16
257,Orsola,Barrus,Orsola.Barrus@yopmail.com,1969-12-30
258,Coral,Teryn,Coral.Teryn@yopmail.com,1991-08-02
259,Paola,Wolfgram,Paola.Wolfgram@yopmail.com,1924-08-15
260,Amara,Lubin,Amara.Lubin@yopmail.com,1968-06-25
261,Jaclyn,Jerald,Jaclyn.Jerald@yopmail.com,2001-11-25
262,Kimmy,Seligman,Kimmy.Seligman@yopmail.com,1991-09-30
263,Lucille,Ranjiv,Lucille.Ranjiv@yopmail.com,2018-10-07
264,Gerianna,Goddard,Gerianna.Goddard@yopmail.com,1962-03-18
265,Candi,Thema,Candi.Thema@yopmail.com,1986-10-29
266,Bobinette,Janene,Bobinette.Janene@yopmail.com,1965-11-19
267,Tobe,Obed,Tobe.Obed@yopmail.com,1967-09-27
268,Ketti,Sheng,Ketti.Sheng@yopmail.com,1943-11-04
269,Correy,Afton,Correy.Afton@yopmail.com,1997-05-16
270,Tressa,Karylin,Tressa.Karylin@yopmail.com,2018-10-23
271,Gusty,Ferino,Gusty.Ferino@yopmail.com,1947-08-12
272,Leeanne,Vastah,Leeanne.Vastah@yopmail.com,1972-03-30
273,Marcy,Hilbert,Marcy.Hilbert@yopmail.com,1928-09-20
274,Jerry,Septima,Jerry.Septima@yopmail.com,2003-03-13
275,Kassey,Elephus,Kassey.Elephus@yopmail.com,1996-11-04
276,Darci,Lacombe,Darci.Lacombe@yopmail.com,1978-03-22
277,Pearline,Vorster,Pearline.Vorster@yopmail.com,1947-03-15
278,Ruthe,Quinn,Ruthe.Quinn@yopmail.com,1981-02-22
279,Molli,Anselmi,Molli.Anselmi@yopmail.com,1989-11-16
280,Arabel,Muriel,Arabel.Muriel@yopmail.com,1971-03-16
281,Brianna,Michella,Brianna.Michella@yopmail.com,1939-09-15
282,Raina,Michella,Raina.Michella@yopmail.com,1934-08-02
283,Gale,Lia,Gale.Lia@yopmail.com,1939-07-29
284,Brana,Mitzi,Brana.Mitzi@yopmail.com,1924-03-02
285,Rosene,Morgun,Rosene.Morgun@yopmail.com,1996-11-01
286,Belinda,Rolf,Belinda.Rolf@yopmail.com,1999-09-16
287,Lelah,Ellord,Lelah.Ellord@yopmail.com,1906-02-23
288,Angela,Silvan,Angela.Silvan@yopmail.com,1989-05-31
289,Viviene,Tiffa,Viviene.Tiffa@yopmail.com,1966-06-26
290,Candy,Charmine,Candy.Charmine@yopmail.com,1938-05-11
291,Marleah,Drisko,Marleah.Drisko@yopmail.com,2001-01-26
292,Ilse,Erlandson,Ilse.Erlandson@yopmail.com,1942-01-10
293,Almeta,Erskine,Almeta.Erskine@yopmail.com,1943-03-17
294,Ginnie,Byrne,Ginnie.Byrne@yopmail.com,1936-05-18
295,Heddie,Skell,Heddie.Skell@yopmail.com,1912-08-03
296,Maud,Claudine,Maud.Claudine@yopmail.com,1949-03-18
297,Aaren,Dermott,Aaren.Dermott@yopmail.com,1984-11-16
298,Janis,Myrilla,Janis.Myrilla@yopmail.com,1903-06-08
299,Charlena,Carbo,Charlena.Carbo@yopmail.com,1958-11-17
300,Tiffie,Syd,Tiffie.Syd@yopmail.com,1968-03-04
301,Ninnetta,Leary,Ninnetta.Leary@yopmail.com,1941-01-14
302,Regina,Olnee,Regina.Olnee@yopmail.com,1949-10-23
303,Cyb,Lattie,Cyb.Lattie@yopmail.com,1906-08-20
304,Marti,Friede,Marti.Friede@yopmail.com,1906-05-17
305,Mireielle,Colyer,Mireielle.Colyer@yopmail.com,1905-07-23
306,Nicoli,Tannie,Nicoli.Tannie@yopmail.com,1908-12-09
307,Rosanne,Artie,Rosanne.Artie@yopmail.com,1978-10-23
308,Jenilee,Yate,Jenilee.Yate@yopmail.com,1977-04-29
309,Genevra,Rhu,Genevra.Rhu@yopmail.com,1909-01-27
310,Ayn,McCutcheon,Ayn.McCutcheon@yopmail.com,2003-04-20
311,Claudina,Neva,Claudina.Neva@yopmail.com,1914-07-18
312,Jere,Abram,Jere.Abram@yopmail.com,1984-12-05
313,Diena,Bach,Diena.Bach@yopmail.com,1905-08-25
314,Claudina,Decato,Claudina.Decato@yopmail.com,2014-09-20
315,Edyth,Cutlerr,Edyth.Cutlerr@yopmail.com,2002-01-15
316,Barbara,Sibyls,Barbara.Sibyls@yopmail.com,1964-12-27
317,Lusa,Pulsifer,Lusa.Pulsifer@yopmail.com,2000-07-16
318,Steffane,Stefa,Steffane.Stefa@yopmail.com,1986-04-13
319,Aili,Othilia,Aili.Othilia@yopmail.com,1941-04-09
320,Laure,Geffner,Laure.Geffner@yopmail.com,1914-08-04
321,Siana,Quinn,Siana.Quinn@yopmail.com,2018-06-08
322,Lindie,Anton,Lindie.Anton@yopmail.com,1986-05-09
323,Mariann,Papageno,Mariann.Papageno@yopmail.com,1973-04-26
324,Fanchon,Allys,Fanchon.Allys@yopmail.com,1912-09-30
325,Norine,Masao,Norine.Masao@yopmail.com,1903-05-07
326,Edee,Kunin,Edee.Kunin@yopmail.com,1922-09-01
327,Kirbee,Publia,Kirbee.Publia@yopmail.com,1902-04-08
328,Bettine,Cressida,Bettine.Cressida@yopmail.com,1993-10-21
329,Malina,Croix,Malina.Croix@yopmail.com,1981-11-20
330,Morganica,Drus,Morganica.Drus@yopmail.com,1940-05-13
331,Jolyn,Morgun,Jolyn.Morgun@yopmail.com,1964-04-13
332,Ana,Brodench,Ana.Brodench@yopmail.com,1907-04-12
333,Fanny,Thunell,Fanny.Thunell@yopmail.com,1921-03-30
334,Dennie,Mandler,Dennie.Mandler@yopmail.com,1949-03-29
335,Tarra,Abernon,Tarra.Abernon@yopmail.com,1946-11-18
336,Olwen,Miru,Olwen.Miru@yopmail.com,1904-01-18
337,Elka,Jobi,Elka.Jobi@yopmail.com,1940-05-09
338,Eugine,Euridice,Eugine.Euridice@yopmail.com,1952-06-19
339,Ileana,Merell,Ileana.Merell@yopmail.com,1961-03-28
340,Gwenneth,Girardo,Gwenneth.Girardo@yopmail.com,1961-05-15
341,Cathie,Garek,Cathie.Garek@yopmail.com,1930-03-24
342,Blake,Sothena,Blake.Sothena@yopmail.com,2005-06-04
343,Jacquetta,Leffen,Jacquetta.Leffen@yopmail.com,1946-10-04
344,Clementine,Ciapas,Clementine.Ciapas@yopmail.com,1923-07-06
345,Carmencita,Winthorpe,Carmencita.Winthorpe@yopmail.com,1908-04-06
346,Deedee,Buttaro,Deedee.Buttaro@yopmail.com,1928-09-08
347,Judy,Suanne,Judy.Suanne@yopmail.com,1960-12-26
348,Carree,Bakerman,Carree.Bakerman@yopmail.com,2002-01-29
349,Amii,Travax,Amii.Travax@yopmail.com,1981-06-15
350,Lexine,Syd,Lexine.Syd@yopmail.com,1920-01-02
351,Sheelagh,McLaughlin,Sheelagh.McLaughlin@yopmail.com,1962-10-03
352,Therine,Roarke,Therine.Roarke@yopmail.com,1915-01-15
353,Aimil,Lucienne,Aimil.Lucienne@yopmail.com,1950-04-02
354,Harrietta,Roche,Harrietta.Roche@yopmail.com,1901-09-04
355,Gerianna,Jerold,Gerianna.Jerold@yopmail.com,1931-11-28
356,Aurelie,Frendel,Aurelie.Frendel@yopmail.com,1999-08-13
357,Sallie,Anyah,Sallie.Anyah@yopmail.com,1950-11-09
358,Eugine,Raychel,Eugine.Raychel@yopmail.com,1905-12-16
359,Belinda,Ajay,Belinda.Ajay@yopmail.com,1906-12-08
360,Maurene,Honoria,Maurene.Honoria@yopmail.com,1999-10-07
361,Glynnis,Screens,Glynnis.Screens@yopmail.com,1982-04-19
362,Joelly,Read,Joelly.Read@yopmail.com,1970-07-28
363,Etta,Merna,Etta.Merna@yopmail.com,1912-12-08
364,Belva,Hutchison,Belva.Hutchison@yopmail.com,1971-05-08
365,Corly,Lewes,Corly.Lewes@yopmail.com,1940-06-28
366,Riannon,Wesle,Riannon.Wesle@yopmail.com,1904-10-25
367,Yetty,Cyrie,Yetty.Cyrie@yopmail.com,1987-10-12
368,Nickie,Shaver,Nickie.Shaver@yopmail.com,1970-03-10
369,Monika,Heisel,Monika.Heisel@yopmail.com,2007-03-06
370,Lorenza,Joseph,Lorenza.Joseph@yopmail.com,1917-05-03
371,Roseline,Birdella,Roseline.Birdella@yopmail.com,2004-03-02
372,Paola,Robertson,Paola.Robertson@yopmail.com,1920-04-16
373,Dennie,Beniamino,Dennie.Beniamino@yopmail.com,1901-01-26
374,Joleen,Stilwell,Joleen.Stilwell@yopmail.com,1990-04-19
375,Carol-Jean,Strephon,Carol-Jean.Strephon@yopmail.com,1919-06-28
376,Concettina,Donoghue,Concettina.Donoghue@yopmail.com,1983-03-17
377,Selia,Liva,Selia.Liva@yopmail.com,2007-05-18
378,Zaria,Gombach,Zaria.Gombach@yopmail.com,1955-01-30
379,Rani,Vins,Rani.Vins@yopmail.com,1985-12-31
380,Berget,Danby,Berget.Danby@yopmail.com,1987-11-27
381,Allyce,Garek,Allyce.Garek@yopmail.com,1952-07-21
382,Hollie,Quent,Hollie.Quent@yopmail.com,1964-11-24
383,Sheelagh,Halsey,Sheelagh.Halsey@yopmail.com,2018-04-28
384,Marinna,Christine,Marinna.Christine@yopmail.com,1902-12-29
385,Sybille,Silvan,Sybille.Silvan@yopmail.com,2000-07-15
386,Ira,Agle,Ira.Agle@yopmail.com,2012-12-09
387,Ginnie,Faso,Ginnie.Faso@yopmail.com,1909-12-22
388,Edyth,Minetta,Edyth.Minetta@yopmail.com,1920-06-13
389,Adele,Paton,Adele.Paton@yopmail.com,1917-12-29
390,Sheelagh,Kat,Sheelagh.Kat@yopmail.com,1976-02-29
391,Lorne,Zina,Lorne.Zina@yopmail.com,1966-12-03
392,Flo,Linehan,Flo.Linehan@yopmail.com,1953-09-15
393,Aaren,Iphlgenia,Aaren.Iphlgenia@yopmail.com,2002-11-26
394,Cordi,Elephus,Cordi.Elephus@yopmail.com,1998-06-28
395,Berget,Bevin,Berget.Bevin@yopmail.com,1984-08-15
396,Wynne,Jess,Wynne.Jess@yopmail.com,1948-07-17
397,Sean,Buffum,Sean.Buffum@yopmail.com,1973-06-28
398,Lolita,Edvard,Lolita.Edvard@yopmail.com,1983-09-30
399,Valera,Corrine,Valera.Corrine@yopmail.com,1926-08-07
400,Dorene,Cornelia,Dorene.Cornelia@yopmail.com,1955-03-02
401,Arabel,Wilkinson,Arabel.Wilkinson@yopmail.com,1949-03-27
402,Loree,Noman,Loree.Noman@yopmail.com,1969-12-06
403,Catharine,Azeria,Catharine.Azeria@yopmail.com,1987-06-12
404,Delilah,Maisey,Delilah.Maisey@yopmail.com,1953-05-23
405,Ofilia,Kussell,Ofilia.Kussell@yopmail.com,1902-10-18
406,Hollie,Chapland,Hollie.Chapland@yopmail.com,1918-03-17
407,Randa,Daegal,Randa.Daegal@yopmail.com,1944-06-05
408,Jorry,Milde,Jorry.Milde@yopmail.com,1970-12-08
409,Sonni,Zola,Sonni.Zola@yopmail.com,2002-12-09
410,Margette,Stacy,Margette.Stacy@yopmail.com,1956-12-18
411,Nerta,Brodench,Nerta.Brodench@yopmail.com,1946-03-02
412,Sophia,Madox,Sophia.Madox@yopmail.com,1947-07-28
413,Anestassia,Concha,Anestassia.Concha@yopmail.com,1944-01-07
414,Cherrita,Noman,Cherrita.Noman@yopmail.com,1940-01-20
415,Glynnis,Helve,Glynnis.Helve@yopmail.com,1915-05-01
416,Tina,Ruvolo,Tina.Ruvolo@yopmail.com,1951-11-22
417,Ardys,Mike,Ardys.Mike@yopmail.com,1957-02-03
418,Oralee,Dreda,Oralee.Dreda@yopmail.com,1913-02-14
419,Belva,Swigart,Belva.Swigart@yopmail.com,2005-03-20
420,Ardeen,Bearnard,Ardeen.Bearnard@yopmail.com,1968-11-15
421,Kittie,Kazimir,Kittie.Kazimir@yopmail.com,1967-04-09
422,Chickie,Raama,Chickie.Raama@yopmail.com,1960-02-21
423,Grier,Modie,Grier.Modie@yopmail.com,1920-05-12
424,Berget,Hull,Berget.Hull@yopmail.com,1981-09-14
425,Lila,An,Lila.An@yopmail.com,1928-05-14
426,Corina,Cottle,Corina.Cottle@yopmail.com,1975-10-14
427,Verla,Oscar,Verla.Oscar@yopmail.com,2000-05-14
428,Robbi,Sikorski,Robbi.Sikorski@yopmail.com,1966-03-04
429,Nicoli,Presber,Nicoli.Presber@yopmail.com,1979-09-17
430,Aeriela,Isidore,Aeriela.Isidore@yopmail.com,1950-05-20
431,Annaliese,Kalinda,Annaliese.Kalinda@yopmail.com,1939-08-14
432,Lisette,Briney,Lisette.Briney@yopmail.com,1987-08-25
433,Mathilda,Cookie,Mathilda.Cookie@yopmail.com,1989-06-21
434,Etta,Etom,Etta.Etom@yopmail.com,2016-09-24
435,Oona,Fry,Oona.Fry@yopmail.com,2013-11-07
436,Danny,Jethro,Danny.Jethro@yopmail.com,1920-01-28
437,Joeann,Karl,Joeann.Karl@yopmail.com,1911-05-04
438,Mignon,Yuille,Mignon.Yuille@yopmail.com,1906-02-20
439,June,Longfellow,June.Longfellow@yopmail.com,2008-06-17
440,Hallie,Nicoline,Hallie.Nicoline@yopmail.com,1914-02-03
441,Collen,Iaverne,Collen.Iaverne@yopmail.com,1914-02-14
442,Lizzie,Sacken,Lizzie.Sacken@yopmail.com,1985-06-21
443,Maud,Odysseus,Maud.Odysseus@yopmail.com,1903-08-13
444,Ninnetta,Anselmi,Ninnetta.Anselmi@yopmail.com,1912-09-28
445,Hope,Solitta,Hope.Solitta@yopmail.com,1985-02-24
446,Marcy,Garrison,Marcy.Garrison@yopmail.com,1913-09-11
447,Ariela,Alexandr,Ariela.Alexandr@yopmail.com,1949-07-08
448,Sean,Wind,Sean.Wind@yopmail.com,1968-06-09
449,Aaren,Maxi,Aaren.Maxi@yopmail.com,1929-10-11
450,Chastity,Federica,Chastity.Federica@yopmail.com,2003-09-15
451,Aaren,Roche,Aaren.Roche@yopmail.com,1970-09-27
452,Rori,Bigner,Rori.Bigner@yopmail.com,1944-02-02
453,Carolina,Hylan,Carolina.Hylan@yopmail.com,2015-11-07
454,Codie,Wallis,Codie.Wallis@yopmail.com,2006-10-12
455,Madalyn,Giule,Madalyn.Giule@yopmail.com,1925-02-20
456,Bobinette,Even,Bobinette.Even@yopmail.com,1933-07-06
457,Hettie,Dawkins,Hettie.Dawkins@yopmail.com,1954-12-02
458,Jenda,Berriman,Jenda.Berriman@yopmail.com,1913-05-08
459,Rosabelle,Bearnard,Rosabelle.Bearnard@yopmail.com,1986-08-16
460,Leia,Michella,Leia.Michella@yopmail.com,1924-08-04
461,Dawn,Dahlia,Dawn.Dahlia@yopmail.com,1901-04-26
462,Arabel,Kolnick,Arabel.Kolnick@yopmail.com,1959-10-29
463,Clarice,Terencio,Clarice.Terencio@yopmail.com,1917-08-09
464,Tonia,Natica,Tonia.Natica@yopmail.com,1969-02-06
465,Jasmina,Fabiola,Jasmina.Fabiola@yopmail.com,1984-05-07
466,Collen,Karl,Collen.Karl@yopmail.com,1951-11-11
467,Beth,Skell,Beth.Skell@yopmail.com,1976-12-03
468,Steffane,Lay,Steffane.Lay@yopmail.com,1971-11-07
469,Donetta,Eiser,Donetta.Eiser@yopmail.com,2019-01-04
470,Maye,Shama,Maye.Shama@yopmail.com,2006-12-02
471,Cyb,Brunell,Cyb.Brunell@yopmail.com,1975-08-13
472,Ermengarde,Ardra,Ermengarde.Ardra@yopmail.com,2009-05-18
473,Willetta,Middleton,Willetta.Middleton@yopmail.com,1905-02-05
474,Caressa,Kimmie,Caressa.Kimmie@yopmail.com,1997-11-23
475,Merle,Ephrem,Merle.Ephrem@yopmail.com,1900-10-11
476,Reeba,Malanie,Reeba.Malanie@yopmail.com,1931-09-14
477,Lanna,Iiette,Lanna.Iiette@yopmail.com,1907-12-30
478,Drucie,Dorine,Drucie.Dorine@yopmail.com,1935-09-26
479,Camile,Oriana,Camile.Oriana@yopmail.com,2014-09-21
480,Mary,Wiener,Mary.Wiener@yopmail.com,1952-11-09
481,Lanae,Friede,Lanae.Friede@yopmail.com,1902-10-12
482,Kristan,Orpah,Kristan.Orpah@yopmail.com,1960-06-18
483,Bill,Travax,Bill.Travax@yopmail.com,2003-08-09
484,Suzette,Janith,Suzette.Janith@yopmail.com,1908-10-19
485,Brynna,Kare,Brynna.Kare@yopmail.com,1975-06-29
486,Jenilee,Percy,Jenilee.Percy@yopmail.com,1988-06-21
487,Imojean,Lorain,Imojean.Lorain@yopmail.com,1975-05-07
488,Lesly,Pozzy,Lesly.Pozzy@yopmail.com,1938-08-27
489,Aeriela,Zetta,Aeriela.Zetta@yopmail.com,1941-12-20
490,Ninnetta,Lilas,Ninnetta.Lilas@yopmail.com,1981-09-05
491,Karena,Vanni,Karena.Vanni@yopmail.com,1979-06-16
492,Dede,Ilka,Dede.Ilka@yopmail.com,2017-01-08
493,Minne,Land,Minne.Land@yopmail.com,1955-10-17
494,Roslyn,Thunell,Roslyn.Thunell@yopmail.com,1996-03-18
495,Aeriela,Israeli,Aeriela.Israeli@yopmail.com,2004-05-12
496,Helsa,Old,Helsa.Old@yopmail.com,1966-09-08
497,Maridel,Roscoe,Maridel.Roscoe@yopmail.com,1952-11-05
498,Carolina,Eben,Carolina.Eben@yopmail.com,1981-08-17
499,Betta,Yorick,Betta.Yorick@yopmail.com,1932-11-14
500,Helena,Ellerey,Helena.Ellerey@yopmail.com,1977-06-08
501,Anallese,Jary,Anallese.Jary@yopmail.com,1962-12-28
502,Dennie,Charity,Dennie.Charity@yopmail.com,1915-05-07
503,Patricia,Bearnard,Patricia.Bearnard@yopmail.com,1904-07-06
504,Annecorinne,Rubie,Annecorinne.Rubie@yopmail.com,2009-11-11
505,Minda,Ethban,Minda.Ethban@yopmail.com,2013-09-25
506,Linzy,Shama,Linzy.Shama@yopmail.com,1962-01-14
507,Lorne,Tryck,Lorne.Tryck@yopmail.com,2005-06-08
508,Mariann,Simmonds,Mariann.Simmonds@yopmail.com,1943-08-07
509,Evita,Delila,Evita.Delila@yopmail.com,2019-06-30
510,Wileen,Holtz,Wileen.Holtz@yopmail.com,1959-08-19
511,Jessy,Aurelio,Jessy.Aurelio@yopmail.com,2015-08-13
512,Keelia,Sibyls,Keelia.Sibyls@yopmail.com,1966-08-15
513,Brandise,Israeli,Brandise.Israeli@yopmail.com,1961-01-27
514,Luci,Zitvaa,Luci.Zitvaa@yopmail.com,1902-05-31
515,Brena,Edison,Brena.Edison@yopmail.com,1956-01-21
516,Eadie,MacIntosh,Eadie.MacIntosh@yopmail.com,1917-09-26
517,Sharlene,Jagir,Sharlene.Jagir@yopmail.com,1925-07-16
518,Alyssa,Forrer,Alyssa.Forrer@yopmail.com,1946-11-07
519,Myrtice,Mintz,Myrtice.Mintz@yopmail.com,1954-08-10
520,Molli,Kosey,Molli.Kosey@yopmail.com,1900-05-24
521,Fanchon,Ruvolo,Fanchon.Ruvolo@yopmail.com,1939-03-28
522,Camile,Cristi,Camile.Cristi@yopmail.com,1940-04-25
523,Belva,Christal,Belva.Christal@yopmail.com,1979-07-25
524,Jenilee,Pip,Jenilee.Pip@yopmail.com,1977-05-23
525,Jasmina,Hilbert,Jasmina.Hilbert@yopmail.com,1976-03-20
526,Camile,Abram,Camile.Abram@yopmail.com,1909-03-24
527,Rosene,Prober,Rosene.Prober@yopmail.com,1996-04-25
528,Karina,Margarete,Karina.Margarete@yopmail.com,2001-05-02
529,Annora,Seagraves,Annora.Seagraves@yopmail.com,2004-01-11
530,Margette,Katrine,Margette.Katrine@yopmail.com,1905-04-12
531,Brietta,Abernon,Brietta.Abernon@yopmail.com,1969-04-10
532,Sarette,Tarrant,Sarette.Tarrant@yopmail.com,2017-05-28
533,Melodie,Iaverne,Melodie.Iaverne@yopmail.com,1950-12-17
534,Fernande,Minetta,Fernande.Minetta@yopmail.com,1967-03-04
535,Cindelyn,Sadowski,Cindelyn.Sadowski@yopmail.com,2000-11-25
536,Orsola,Kenwood,Orsola.Kenwood@yopmail.com,1981-11-02
537,Maurene,Naor,Maurene.Naor@yopmail.com,2003-09-25
538,Modestia,Garbe,Modestia.Garbe@yopmail.com,1981-08-13
539,Annaliese,Hunfredo,Annaliese.Hunfredo@yopmail.com,2015-12-08
540,Nananne,Doig,Nananne.Doig@yopmail.com,1946-09-21
541,Esmeralda,Alrich,Esmeralda.Alrich@yopmail.com,1918-11-03
542,Ira,Artie,Ira.Artie@yopmail.com,2012-03-30
543,Flory,Henebry,Flory.Henebry@yopmail.com,1935-09-15
544,Paola,Pascia,Paola.Pascia@yopmail.com,1986-06-27
545,Correy,Maroney,Correy.Maroney@yopmail.com,1937-08-31
546,Danika,Hewitt,Danika.Hewitt@yopmail.com,1901-03-07
547,Riannon,Stav,Riannon.Stav@yopmail.com,1958-12-16
548,Dione,Kenwood,Dione.Kenwood@yopmail.com,1954-05-09
549,Chrystel,Shirberg,Chrystel.Shirberg@yopmail.com,1969-02-27
550,Dorothy,Stav,Dorothy.Stav@yopmail.com,1928-02-13
551,Vinita,Pernick,Vinita.Pernick@yopmail.com,2007-12-03
552,Carmencita,Pyle,Carmencita.Pyle@yopmail.com,1947-04-08
553,Maryellen,Salchunas,Maryellen.Salchunas@yopmail.com,1905-09-15
554,Sarette,Bronk,Sarette.Bronk@yopmail.com,1918-06-12
555,Robinia,Martsen,Robinia.Martsen@yopmail.com,2007-10-21
556,Maridel,Diann,Maridel.Diann@yopmail.com,1999-04-14
557,Caressa,Goth,Caressa.Goth@yopmail.com,1935-11-16
558,Emelina,Beebe,Emelina.Beebe@yopmail.com,1989-06-14
559,Tonia,Eiser,Tonia.Eiser@yopmail.com,1960-07-25
560,June,Amand,June.Amand@yopmail.com,1999-03-11
561,Caressa,Chesna,Caressa.Chesna@yopmail.com,1991-08-18
562,Maud,Simmonds,Maud.Simmonds@yopmail.com,1972-11-10
563,Ottilie,Engdahl,Ottilie.Engdahl@yopmail.com,1993-03-29
564,Winifred,Japeth,Winifred.Japeth@yopmail.com,1994-03-04
565,Lisette,Kaete,Lisette.Kaete@yopmail.com,1970-08-22
566,Myrtice,Astra,Myrtice.Astra@yopmail.com,1907-11-09
567,Hildegaard,Yoko,Hildegaard.Yoko@yopmail.com,2005-01-06
568,Viki,Mitzi,Viki.Mitzi@yopmail.com,1930-09-28
569,Teriann,Mata,Teriann.Mata@yopmail.com,1926-06-04
570,Betta,Ledah,Betta.Ledah@yopmail.com,1904-11-25
571,Marnia,August,Marnia.August@yopmail.com,1946-08-07
572,Therine,Mandler,Therine.Mandler@yopmail.com,2008-05-18
573,Ida,Meter,Ida.Meter@yopmail.com,1905-11-15
574,Sidoney,Ciapas,Sidoney.Ciapas@yopmail.com,1951-09-19
575,Roxane,Macey,Roxane.Macey@yopmail.com,1995-02-20
576,Henriette,Faro,Henriette.Faro@yopmail.com,2000-01-07
577,Allyce,Sperling,Allyce.Sperling@yopmail.com,2004-06-02
578,Ekaterina,Bennie,Ekaterina.Bennie@yopmail.com,1908-06-25
579,Krystle,Merell,Krystle.Merell@yopmail.com,1979-07-22
580,Nessie,McCutcheon,Nessie.McCutcheon@yopmail.com,1995-11-17
581,Jany,Cullin,Jany.Cullin@yopmail.com,1905-05-19
582,Christy,Sawtelle,Christy.Sawtelle@yopmail.com,1989-08-13
583,Albertina,Henrie,Albertina.Henrie@yopmail.com,1900-02-26
584,Heddie,Bonucci,Heddie.Bonucci@yopmail.com,1949-03-24
585,Binny,Lubin,Binny.Lubin@yopmail.com,1936-03-24
586,Luci,McLaughlin,Luci.McLaughlin@yopmail.com,1947-05-27
587,Libbie,Faust,Libbie.Faust@yopmail.com,1980-11-21
588,Hannis,Trey,Hannis.Trey@yopmail.com,1946-08-15
589,Lynea,Loleta,Lynea.Loleta@yopmail.com,1911-02-26
590,Juliane,Rona,Juliane.Rona@yopmail.com,1969-10-31
591,Camile,Syd,Camile.Syd@yopmail.com,1934-03-20
592,Priscilla,Kenwood,Priscilla.Kenwood@yopmail.com,1932-01-10
593,Gui,Sholley,Gui.Sholley@yopmail.com,1970-12-25
594,Shaylyn,Linehan,Shaylyn.Linehan@yopmail.com,1978-08-02
595,Lynea,Bronk,Lynea.Bronk@yopmail.com,1996-02-04
596,Siana,Gale,Siana.Gale@yopmail.com,1936-01-12
597,Jemie,Ortrude,Jemie.Ortrude@yopmail.com,1926-06-22
598,Yvonne,Rubie,Yvonne.Rubie@yopmail.com,2015-04-05
599,Suzette,Grayce,Suzette.Grayce@yopmail.com,1940-05-28
600,Ida,Hailee,Ida.Hailee@yopmail.com,1976-03-28
601,Maryellen,Stevy,Maryellen.Stevy@yopmail.com,1948-05-15
602,Almeta,Isacco,Almeta.Isacco@yopmail.com,1913-06-06
603,June,Vivle,June.Vivle@yopmail.com,1930-02-28
604,Molli,Earlie,Molli.Earlie@yopmail.com,1978-12-27
605,Marti,Toffic,Marti.Toffic@yopmail.com,1951-11-10
606,Magdalena,Poll,Magdalena.Poll@yopmail.com,1977-08-12
607,Marinna,Prober,Marinna.Prober@yopmail.com,1923-02-02
608,Bertine,Brian,Bertine.Brian@yopmail.com,1990-04-20
609,Lita,Devlen,Lita.Devlen@yopmail.com,1963-03-27
610,Lucy,Amadas,Lucy.Amadas@yopmail.com,2000-08-06
611,Sheelagh,Center,Sheelagh.Center@yopmail.com,1957-01-14
612,Stacey,Lymann,Stacey.Lymann@yopmail.com,1949-04-30
613,Priscilla,Brandice,Priscilla.Brandice@yopmail.com,2010-12-09
614,Janenna,Kaete,Janenna.Kaete@yopmail.com,1965-05-16
615,Suzette,Aurelio,Suzette.Aurelio@yopmail.com,1957-08-28
616,Alexine,Fabiola,Alexine.Fabiola@yopmail.com,1972-04-18
617,Louella,Yusuk,Louella.Yusuk@yopmail.com,1943-10-17
618,Mahalia,Burnside,Mahalia.Burnside@yopmail.com,1961-02-03
619,Riannon,Kirbee,Riannon.Kirbee@yopmail.com,1926-10-06
620,Andeee,Seessel,Andeee.Seessel@yopmail.com,1934-03-09
621,Lindie,Raama,Lindie.Raama@yopmail.com,1919-01-07
622,Oona,Japeth,Oona.Japeth@yopmail.com,2004-10-16
623,Darlleen,Oscar,Darlleen.Oscar@yopmail.com,1994-06-01
624,Jean,Glenden,Jean.Glenden@yopmail.com,1920-04-21
625,Harmonia,Ciapas,Harmonia.Ciapas@yopmail.com,1908-09-23
626,Carolina,Ajay,Carolina.Ajay@yopmail.com,1949-10-24
627,Margarette,Pandolfi,Margarette.Pandolfi@yopmail.com,1940-03-18
628,Teriann,Whittaker,Teriann.Whittaker@yopmail.com,2016-07-07
629,Hermione,Aurelio,Hermione.Aurelio@yopmail.com,1952-06-15
630,Glenda,Docilla,Glenda.Docilla@yopmail.com,1996-01-25
631,Teddie,Boehike,Teddie.Boehike@yopmail.com,1941-11-11
632,Delilah,Tyson,Delilah.Tyson@yopmail.com,1959-05-24
633,Florencia,Leler,Florencia.Leler@yopmail.com,1967-03-24
634,Selma,Bord,Selma.Bord@yopmail.com,1975-11-21
635,Carly,Bandeen,Carly.Bandeen@yopmail.com,1967-12-22
636,Consuela,Donoghue,Consuela.Donoghue@yopmail.com,1989-10-06
637,Elise,Marijo,Elise.Marijo@yopmail.com,2009-04-17
638,Marsiella,Matthew,Marsiella.Matthew@yopmail.com,1976-01-05
639,Zia,Brandice,Zia.Brandice@yopmail.com,2018-05-24
640,Corly,Darbie,Corly.Darbie@yopmail.com,2013-04-16
641,Layla,Kolnick,Layla.Kolnick@yopmail.com,1950-03-21
642,Feliza,Denis,Feliza.Denis@yopmail.com,1911-03-26
643,Edyth,Alabaster,Edyth.Alabaster@yopmail.com,1934-04-18
644,Mady,Freddi,Mady.Freddi@yopmail.com,1910-06-01
645,Agathe,Brodench,Agathe.Brodench@yopmail.com,2005-09-14
646,Lynnea,Anselmi,Lynnea.Anselmi@yopmail.com,1907-03-01
647,Riannon,Mandler,Riannon.Mandler@yopmail.com,1922-01-09
648,Candi,Desai,Candi.Desai@yopmail.com,1911-03-19
649,Fanny,Pip,Fanny.Pip@yopmail.com,1989-08-14
650,Melina,Wandie,Melina.Wandie@yopmail.com,1937-03-07
651,Sarette,Verger,Sarette.Verger@yopmail.com,1923-09-22
652,Eugine,Presber,Eugine.Presber@yopmail.com,1999-11-23
653,Alejandra,Saree,Alejandra.Saree@yopmail.com,1988-02-13
654,Millie,Isacco,Millie.Isacco@yopmail.com,2019-12-20
655,Amelia,Tayib,Amelia.Tayib@yopmail.com,1949-03-29
656,Steffane,Dituri,Steffane.Dituri@yopmail.com,2018-02-20
657,Yvonne,Ventre,Yvonne.Ventre@yopmail.com,1917-02-23
658,Delilah,Gower,Delilah.Gower@yopmail.com,1997-04-30
659,Gwenneth,Braun,Gwenneth.Braun@yopmail.com,2016-08-19
660,Gilda,Hazlett,Gilda.Hazlett@yopmail.com,1904-04-14
661,Sallie,Schonfeld,Sallie.Schonfeld@yopmail.com,1926-05-28
662,Alisha,Girardo,Alisha.Girardo@yopmail.com,1996-09-27
663,Petronia,Primalia,Petronia.Primalia@yopmail.com,1941-07-12
664,Stevana,Niccolo,Stevana.Niccolo@yopmail.com,1923-07-16
665,Gratia,Warthman,Gratia.Warthman@yopmail.com,2011-08-29
666,Sabina,Rebecka,Sabina.Rebecka@yopmail.com,1932-05-29
667,Jaime,Toffic,Jaime.Toffic@yopmail.com,1956-03-02
668,Maud,Howlyn,Maud.Howlyn@yopmail.com,2003-02-24
669,Leeanne,Corilla,Leeanne.Corilla@yopmail.com,1919-04-19
670,Kayla,Haldas,Kayla.Haldas@yopmail.com,1986-03-17
671,Ginnie,Revkah,Ginnie.Revkah@yopmail.com,1954-06-30
672,Shel,Fredi,Shel.Fredi@yopmail.com,1917-09-19
673,Beverley,Isacco,Beverley.Isacco@yopmail.com,1985-03-30
674,Inga,Saunderson,Inga.Saunderson@yopmail.com,1969-03-03
675,Tami,Pettiford,Tami.Pettiford@yopmail.com,1988-05-26
676,Damaris,Standing,Damaris.Standing@yopmail.com,1939-06-03
677,Katharina,Sundin,Katharina.Sundin@yopmail.com,2000-09-05
678,Aigneis,Greenwald,Aigneis.Greenwald@yopmail.com,1985-04-04
679,Jennica,Sharl,Jennica.Sharl@yopmail.com,2014-10-29
680,Elvira,McClimans,Elvira.McClimans@yopmail.com,1981-02-27
681,Emmey,Adalbert,Emmey.Adalbert@yopmail.com,1943-11-25
682,Chastity,Salvidor,Chastity.Salvidor@yopmail.com,1964-07-15
683,Minda,Nea,Minda.Nea@yopmail.com,1973-01-07
684,Catharine,Joli,Catharine.Joli@yopmail.com,1922-05-22
685,Desirae,Kalinda,Desirae.Kalinda@yopmail.com,1917-04-11
686,Brena,Pitt,Brena.Pitt@yopmail.com,1977-12-28
687,Chastity,Riva,Chastity.Riva@yopmail.com,1934-12-14
688,Kimmy,Chandler,Kimmy.Chandler@yopmail.com,1912-04-17
689,Aurore,Cordi,Aurore.Cordi@yopmail.com,2007-01-31
690,Wynne,Whittaker,Wynne.Whittaker@yopmail.com,1925-04-12
691,Aigneis,Schenck,Aigneis.Schenck@yopmail.com,1905-12-21
692,Coral,Georgy,Coral.Georgy@yopmail.com,1989-07-07
693,Layla,Secrest,Layla.Secrest@yopmail.com,2018-06-30
694,Aili,Delacourt,Aili.Delacourt@yopmail.com,1907-04-15
695,Jackie,Pelagias,Jackie.Pelagias@yopmail.com,1910-04-12
696,Janis,Henebry,Janis.Henebry@yopmail.com,1945-03-25
697,Gale,Clywd,Gale.Clywd@yopmail.com,1954-02-16
698,Ingrid,Trace,Ingrid.Trace@yopmail.com,2018-08-19
699,Tani,Vorster,Tani.Vorster@yopmail.com,1925-03-08
700,Adelle,Wenoa,Adelle.Wenoa@yopmail.com,1933-12-05
701,Clary,Krystle,Clary.Krystle@yopmail.com,2001-02-02
702,Amalie,Goerke,Amalie.Goerke@yopmail.com,1942-10-04
703,Briney,Darbie,Briney.Darbie@yopmail.com,1912-09-14
704,Lindie,Mullane,Lindie.Mullane@yopmail.com,1955-03-25
705,Emmey,Rosemary,Emmey.Rosemary@yopmail.com,2011-02-24
706,Queenie,Colbert,Queenie.Colbert@yopmail.com,1990-04-23
707,Cathyleen,Soneson,Cathyleen.Soneson@yopmail.com,2018-11-18
708,Carree,Gordon,Carree.Gordon@yopmail.com,1994-11-25
709,Robbi,Seligman,Robbi.Seligman@yopmail.com,1955-12-30
710,Christian,Nedrud,Christian.Nedrud@yopmail.com,1976-07-19
711,Jobi,Madaih,Jobi.Madaih@yopmail.com,1943-02-20
712,Roz,Kimmie,Roz.Kimmie@yopmail.com,1960-12-13
713,Mady,Iphlgenia,Mady.Iphlgenia@yopmail.com,1928-05-15
714,Gusty,Kannry,Gusty.Kannry@yopmail.com,1983-07-14
715,Paule,Palocz,Paule.Palocz@yopmail.com,1970-09-25
716,Allyce,Stilwell,Allyce.Stilwell@yopmail.com,1961-06-02
717,Pearline,Sigfrid,Pearline.Sigfrid@yopmail.com,2013-10-04
718,Joy,Justinn,Joy.Justinn@yopmail.com,1949-07-14
719,Pierette,Lewes,Pierette.Lewes@yopmail.com,1974-05-06
720,Hermione,Dyche,Hermione.Dyche@yopmail.com,2011-07-24
721,Ebonee,Behre,Ebonee.Behre@yopmail.com,1900-01-05
722,Robinia,Hepsibah,Robinia.Hepsibah@yopmail.com,1984-07-01
723,Britte,Burnside,Britte.Burnside@yopmail.com,1958-03-05
724,Paola,Maples,Paola.Maples@yopmail.com,1945-01-31
725,Diena,Frodi,Diena.Frodi@yopmail.com,2016-09-06
726,Larine,Luhe,Larine.Luhe@yopmail.com,1913-05-18
727,Regina,Leary,Regina.Leary@yopmail.com,1964-08-27
728,Kimmy,Noman,Kimmy.Noman@yopmail.com,1916-12-09
729,Kalina,Donoghue,Kalina.Donoghue@yopmail.com,1926-08-31
730,Agathe,Hutchison,Agathe.Hutchison@yopmail.com,1904-05-11
731,Ricky,Dulciana,Ricky.Dulciana@yopmail.com,1975-08-09
732,Dorthy,Valerio,Dorthy.Valerio@yopmail.com,1952-09-26
733,Esmeralda,Elbertina,Esmeralda.Elbertina@yopmail.com,2000-03-02
734,Catrina,Briney,Catrina.Briney@yopmail.com,1946-03-23
735,Celene,Harriman,Celene.Harriman@yopmail.com,1945-10-04
736,Sarette,Kamaria,Sarette.Kamaria@yopmail.com,1937-05-13
737,Chloris,Ciapas,Chloris.Ciapas@yopmail.com,1962-01-13
738,Ursulina,Zina,Ursulina.Zina@yopmail.com,1906-09-09
739,Iseabal,Berard,Iseabal.Berard@yopmail.com,1999-11-30
740,Chloris,Damarra,Chloris.Damarra@yopmail.com,1988-06-02
741,Dennie,Lipson,Dennie.Lipson@yopmail.com,1925-03-25
742,Jessy,Natalia,Jessy.Natalia@yopmail.com,1977-02-04
743,Robbi,Travax,Robbi.Travax@yopmail.com,1975-09-10
744,Marinna,Craggie,Marinna.Craggie@yopmail.com,1915-05-16
745,Nelle,Khorma,Nelle.Khorma@yopmail.com,1910-02-07
746,Andeee,Barrus,Andeee.Barrus@yopmail.com,1966-06-12
747,Gianina,Skell,Gianina.Skell@yopmail.com,1927-06-08
748,Hettie,Gregrory,Hettie.Gregrory@yopmail.com,1983-04-20
749,Lucy,Loring,Lucy.Loring@yopmail.com,1942-10-12
750,Janis,Vastah,Janis.Vastah@yopmail.com,1923-03-30
751,Edith,Maroney,Edith.Maroney@yopmail.com,2003-08-23
752,Elsie,Greyson,Elsie.Greyson@yopmail.com,2019-07-19
753,Alyssa,Berne,Alyssa.Berne@yopmail.com,1943-08-24
754,Clarice,Hashim,Clarice.Hashim@yopmail.com,1903-05-04
755,Angelique,Danby,Angelique.Danby@yopmail.com,1912-01-23
756,Gavrielle,Vary,Gavrielle.Vary@yopmail.com,1950-09-26
757,Adore,Urania,Adore.Urania@yopmail.com,1973-07-19
758,Mariann,Travax,Mariann.Travax@yopmail.com,2003-10-24
759,Winny,Cavan,Winny.Cavan@yopmail.com,1992-11-07
760,Raina,Riordan,Raina.Riordan@yopmail.com,1931-10-29
761,Penelopa,Ortrude,Penelopa.Ortrude@yopmail.com,1926-01-20
762,Gale,Naor,Gale.Naor@yopmail.com,2004-03-25
763,Florencia,Zenas,Florencia.Zenas@yopmail.com,2017-08-07
764,Dyann,Serilda,Dyann.Serilda@yopmail.com,2005-06-12
765,Esmeralda,Adalbert,Esmeralda.Adalbert@yopmail.com,1926-09-24
766,Elvira,McGrody,Elvira.McGrody@yopmail.com,1914-11-12
767,Alie,Pattin,Alie.Pattin@yopmail.com,1955-07-10
768,Hallie,Stevy,Hallie.Stevy@yopmail.com,1952-01-13
769,Chere,Dex,Chere.Dex@yopmail.com,1994-07-22
770,Eve,O'Rourke,Eve.O'Rourke@yopmail.com,1924-09-09
771,Adore,Gilbertson,Adore.Gilbertson@yopmail.com,1993-03-09
772,Harmonia,Chapland,Harmonia.Chapland@yopmail.com,1944-02-18
773,Janis,Merna,Janis.Merna@yopmail.com,1915-11-11
774,Winny,Jena,Winny.Jena@yopmail.com,1955-08-21
775,Lesly,Cutlerr,Lesly.Cutlerr@yopmail.com,1935-05-17
776,Carree,Nisbet,Carree.Nisbet@yopmail.com,1961-08-20
777,Betta,Goldina,Betta.Goldina@yopmail.com,1980-12-30
778,Eugine,Wittie,Eugine.Wittie@yopmail.com,1971-06-08
779,Konstance,Constancy,Konstance.Constancy@yopmail.com,1975-04-09
780,Berta,Hamil,Berta.Hamil@yopmail.com,1928-11-19
781,Adelle,Stilwell,Adelle.Stilwell@yopmail.com,1971-05-11
782,Farrah,Tufts,Farrah.Tufts@yopmail.com,1907-10-26
783,Roseline,Carey,Roseline.Carey@yopmail.com,2018-01-20
784,Regina,Ruvolo,Regina.Ruvolo@yopmail.com,1973-11-16
785,Ezmeralda,Jeanne,Ezmeralda.Jeanne@yopmail.com,1942-03-22
786,Kirstin,Raul,Kirstin.Raul@yopmail.com,2015-08-05
787,Nyssa,Carey,Nyssa.Carey@yopmail.com,2012-10-03
788,Farrah,Fax,Farrah.Fax@yopmail.com,1933-06-27
789,Angela,Matthew,Angela.Matthew@yopmail.com,1915-05-22
790,Consuela,Horan,Consuela.Horan@yopmail.com,1983-12-21
791,Jaime,Smitt,Jaime.Smitt@yopmail.com,1991-08-06
792,Ivett,Koziara,Ivett.Koziara@yopmail.com,2011-02-12
793,Almeta,Georas,Almeta.Georas@yopmail.com,1922-09-17
794,Brietta,Frendel,Brietta.Frendel@yopmail.com,2010-03-20
795,Lisette,Natalia,Lisette.Natalia@yopmail.com,1903-06-18
796,Ellette,McAdams,Ellette.McAdams@yopmail.com,1933-09-09
797,Bee,Elisha,Bee.Elisha@yopmail.com,1942-01-26
798,Almeta,Pelagias,Almeta.Pelagias@yopmail.com,1985-04-20
799,Genovera,Parsaye,Genovera.Parsaye@yopmail.com,2004-11-16
800,Vinita,Ortrude,Vinita.Ortrude@yopmail.com,1985-11-27
801,Emmey,Berne,Emmey.Berne@yopmail.com,1901-08-08
802,Kate,Ledah,Kate.Ledah@yopmail.com,1947-07-19
803,Olivette,Cleavland,Olivette.Cleavland@yopmail.com,1956-10-20
804,Annora,Ambrosia,Annora.Ambrosia@yopmail.com,1958-01-08
805,Vere,Weaks,Vere.Weaks@yopmail.com,2010-05-02
806,Kimmy,Millda,Kimmy.Millda@yopmail.com,1960-01-29
807,Louella,Grimbly,Louella.Grimbly@yopmail.com,2012-04-15
808,Coral,Zachary,Coral.Zachary@yopmail.com,1910-04-28
809,Albertina,Nunci,Albertina.Nunci@yopmail.com,1912-04-13
810,Brena,Kendrick,Brena.Kendrick@yopmail.com,1902-12-04
811,Stevana,Alice,Stevana.Alice@yopmail.com,1976-07-22
812,Marika,Pierette,Marika.Pierette@yopmail.com,1942-10-01
813,Jemie,Braun,Jemie.Braun@yopmail.com,1981-02-09
814,Cherrita,Skurnik,Cherrita.Skurnik@yopmail.com,1908-08-28
815,Sybille,Georgy,Sybille.Georgy@yopmail.com,1931-05-23
816,Tamqrah,Sheng,Tamqrah.Sheng@yopmail.com,1915-05-24
817,Mariann,Urania,Mariann.Urania@yopmail.com,1950-10-27
818,Ekaterina,Chick,Ekaterina.Chick@yopmail.com,2009-09-07
819,Lanae,Oscar,Lanae.Oscar@yopmail.com,1965-06-24
820,Cherrita,Baptlsta,Cherrita.Baptlsta@yopmail.com,1966-01-28
821,Allis,Fillbert,Allis.Fillbert@yopmail.com,1997-06-06
822,Elvira,Decato,Elvira.Decato@yopmail.com,2019-07-30
823,Eadie,Thornburg,Eadie.Thornburg@yopmail.com,1986-05-25
824,Berget,Ochs,Berget.Ochs@yopmail.com,1960-02-28
825,Edith,Uird,Edith.Uird@yopmail.com,2004-05-18
826,Ericka,Dimitris,Ericka.Dimitris@yopmail.com,1983-05-30
827,Linzy,Viddah,Linzy.Viddah@yopmail.com,2004-03-29
828,Lexine,Hourigan,Lexine.Hourigan@yopmail.com,1984-12-15
829,Ethel,Kenney,Ethel.Kenney@yopmail.com,1911-04-20
830,Tera,Adore,Tera.Adore@yopmail.com,2019-10-19
831,Andeee,Linskey,Andeee.Linskey@yopmail.com,1980-03-21
832,Halette,Lia,Halette.Lia@yopmail.com,1983-05-17
833,Frieda,Eckblad,Frieda.Eckblad@yopmail.com,1953-12-03
834,Priscilla,Fink,Priscilla.Fink@yopmail.com,1984-05-13
835,Viviene,Mendez,Viviene.Mendez@yopmail.com,1927-03-30
836,Christal,Carlson,Christal.Carlson@yopmail.com,1975-09-25
837,Yvonne,Craggie,Yvonne.Craggie@yopmail.com,1967-09-04
838,Lacie,Pulsifer,Lacie.Pulsifer@yopmail.com,2008-07-24
839,Cathyleen,Cimbura,Cathyleen.Cimbura@yopmail.com,1915-07-07
840,Marjie,Rese,Marjie.Rese@yopmail.com,1969-02-16
841,Leia,Cornelia,Leia.Cornelia@yopmail.com,1963-03-29
842,Halette,Blase,Halette.Blase@yopmail.com,1942-02-25
843,Corry,Jacinda,Corry.Jacinda@yopmail.com,1994-12-05
844,Genovera,Saunderson,Genovera.Saunderson@yopmail.com,1957-11-15
845,Viviene,Tice,Viviene.Tice@yopmail.com,1951-04-22
846,Adore,Paine,Adore.Paine@yopmail.com,1928-09-13
847,Dorice,Ehrman,Dorice.Ehrman@yopmail.com,1949-03-12
848,Neila,Middleton,Neila.Middleton@yopmail.com,1963-03-21
849,Candi,Rillings,Candi.Rillings@yopmail.com,1937-10-04
850,Cindelyn,Gaulin,Cindelyn.Gaulin@yopmail.com,1901-10-23
851,Zsa Zsa,Douglass,Zsa Zsa.Douglass@yopmail.com,1977-05-15
852,Ursulina,Berard,Ursulina.Berard@yopmail.com,1994-10-26
853,Chastity,Kronfeld,Chastity.Kronfeld@yopmail.com,1975-06-03
854,Yetty,Kelula,Yetty.Kelula@yopmail.com,1994-10-12
855,Darci,Sherfield,Darci.Sherfield@yopmail.com,2012-07-08
856,Ernesta,Kat,Ernesta.Kat@yopmail.com,1966-09-04
857,Pamella,Joni,Pamella.Joni@yopmail.com,1991-01-31
858,Alia,Ioab,Alia.Ioab@yopmail.com,1906-09-28
859,Georgina,Henrie,Georgina.Henrie@yopmail.com,1986-10-23
860,Edyth,Delp,Edyth.Delp@yopmail.com,1983-09-23
861,Leia,Vale,Leia.Vale@yopmail.com,1964-02-09
862,Courtnay,Ade,Courtnay.Ade@yopmail.com,1966-05-13
863,Helsa,Dominy,Helsa.Dominy@yopmail.com,1917-07-01
864,Renae,Casimir,Renae.Casimir@yopmail.com,2003-10-15
865,Mara,Jammal,Mara.Jammal@yopmail.com,1976-08-14
866,Carree,Melan,Carree.Melan@yopmail.com,1970-04-22
867,Lizzie,Norrie,Lizzie.Norrie@yopmail.com,2003-06-27
868,Sonni,Billye,Sonni.Billye@yopmail.com,1934-08-08
869,Jasmina,McGrody,Jasmina.McGrody@yopmail.com,1964-12-13
870,Anestassia,Gaspard,Anestassia.Gaspard@yopmail.com,1977-01-06
871,Merle,Gualtiero,Merle.Gualtiero@yopmail.com,1985-03-18
872,Paulita,Rolf,Paulita.Rolf@yopmail.com,1974-10-05
873,Randa,Virgin,Randa.Virgin@yopmail.com,1989-04-18
874,Sashenka,Laverne,Sashenka.Laverne@yopmail.com,1955-04-15
875,Dale,Fleeta,Dale.Fleeta@yopmail.com,1907-09-11
876,Chickie,Faria,Chickie.Faria@yopmail.com,1962-07-09
877,Jordan,Erminia,Jordan.Erminia@yopmail.com,2002-11-13
878,Lisette,Destinee,Lisette.Destinee@yopmail.com,2005-12-25
879,Carilyn,Noam,Carilyn.Noam@yopmail.com,2001-07-16
880,Lucy,Maribeth,Lucy.Maribeth@yopmail.com,1903-11-14
881,Alyssa,Drisko,Alyssa.Drisko@yopmail.com,2007-03-25
882,Susette,Fulmer,Susette.Fulmer@yopmail.com,1977-11-06
883,Dale,Constancy,Dale.Constancy@yopmail.com,1991-09-01
884,Zaria,Merat,Zaria.Merat@yopmail.com,1945-12-30
885,Aryn,Remmer,Aryn.Remmer@yopmail.com,1967-11-29
886,Olivette,Audly,Olivette.Audly@yopmail.com,1933-02-08
887,Chloris,Ajay,Chloris.Ajay@yopmail.com,1994-03-14
888,Ofilia,Papageno,Ofilia.Papageno@yopmail.com,1981-01-14
889,Caressa,Rad,Caressa.Rad@yopmail.com,1951-02-09
890,Feliza,Cressida,Feliza.Cressida@yopmail.com,1915-05-11
891,Taffy,Lenny,Taffy.Lenny@yopmail.com,1958-01-13
892,Pollyanna,Odell,Pollyanna.Odell@yopmail.com,2001-07-26
893,Zondra,Shirberg,Zondra.Shirberg@yopmail.com,2017-03-18
894,Tarra,Ricki,Tarra.Ricki@yopmail.com,2004-12-24
895,Elmira,Seagraves,Elmira.Seagraves@yopmail.com,1958-03-11
896,Rubie,Wilona,Rubie.Wilona@yopmail.com,1926-01-17
897,Darci,Burch,Darci.Burch@yopmail.com,1939-01-10
898,Mignon,Cimbura,Mignon.Cimbura@yopmail.com,1974-03-08
899,Beatriz,Ludewig,Beatriz.Ludewig@yopmail.com,1991-12-09
900,Kristina,Sholley,Kristina.Sholley@yopmail.com,1996-02-28
901,Kate,Fontana,Kate.Fontana@yopmail.com,1941-04-13
902,Netty,Herrera,Netty.Herrera@yopmail.com,2000-04-08
903,Tonia,Amadas,Tonia.Amadas@yopmail.com,1923-06-07
904,Magdalena,Clie,Magdalena.Clie@yopmail.com,1966-10-30
905,Concettina,Frendel,Concettina.Frendel@yopmail.com,2019-05-19
906,Raquela,Eiser,Raquela.Eiser@yopmail.com,1945-08-29
907,Rosene,Grimbly,Rosene.Grimbly@yopmail.com,1955-12-18
908,Henriette,Iphlgenia,Henriette.Iphlgenia@yopmail.com,1952-07-23
909,Anica,Noelyn,Anica.Noelyn@yopmail.com,1983-02-27
910,Genovera,Fennessy,Genovera.Fennessy@yopmail.com,1976-12-16
911,Gale,Hertzfeld,Gale.Hertzfeld@yopmail.com,2009-05-21
912,Livvyy,Crudden,Livvyy.Crudden@yopmail.com,1982-07-12
913,Netty,Yusuk,Netty.Yusuk@yopmail.com,1958-10-13
914,Teddie,Beniamino,Teddie.Beniamino@yopmail.com,1975-02-05
915,Darlleen,Alfons,Darlleen.Alfons@yopmail.com,1941-06-04
916,Corry,Gillan,Corry.Gillan@yopmail.com,1974-09-03
917,Basia,Avi,Basia.Avi@yopmail.com,1960-12-07
918,Nannie,Center,Nannie.Center@yopmail.com,2012-07-29
919,Eugine,Arvo,Eugine.Arvo@yopmail.com,1928-05-31
920,Lita,Rillings,Lita.Rillings@yopmail.com,1912-05-12
921,Gertrud,Schlosser,Gertrud.Schlosser@yopmail.com,1943-03-26
922,Sybille,Socha,Sybille.Socha@yopmail.com,1963-03-16
923,Gertrud,Thilda,Gertrud.Thilda@yopmail.com,1929-07-18
924,Cissiee,Chaing,Cissiee.Chaing@yopmail.com,1935-08-27
925,Dede,Fiann,Dede.Fiann@yopmail.com,1997-04-27
926,Kristina,Bettine,Kristina.Bettine@yopmail.com,1956-01-16
927,Merle,Roarke,Merle.Roarke@yopmail.com,1995-12-30
928,Sidoney,Edvard,Sidoney.Edvard@yopmail.com,2016-05-30
929,Edee,Jacobah,Edee.Jacobah@yopmail.com,1963-10-04
930,Robinia,Mott,Robinia.Mott@yopmail.com,1948-04-14
931,Starla,Maryanne,Starla.Maryanne@yopmail.com,1973-07-14
932,Korrie,Corilla,Korrie.Corilla@yopmail.com,1941-02-14
933,Ayn,Connelly,Ayn.Connelly@yopmail.com,1949-10-13
934,Joleen,Shaver,Joleen.Shaver@yopmail.com,1925-08-16
935,Frank,Fosque,Frank.Fosque@yopmail.com,2012-02-12
936,Dulce,Rosalba,Dulce.Rosalba@yopmail.com,1946-01-10
937,Daune,Felecia,Daune.Felecia@yopmail.com,1992-07-02
938,Aurelie,Sperling,Aurelie.Sperling@yopmail.com,1933-11-15
939,Clarice,Cadmar,Clarice.Cadmar@yopmail.com,1949-08-04
940,Melanie,Kelula,Melanie.Kelula@yopmail.com,1930-11-18
941,Aryn,Alva,Aryn.Alva@yopmail.com,1954-07-14
942,Lynnea,Sidonius,Lynnea.Sidonius@yopmail.com,1971-06-02
943,Mireielle,Federica,Mireielle.Federica@yopmail.com,1938-12-23
944,Nanete,Minetta,Nanete.Minetta@yopmail.com,2001-01-30
945,Kial,Ramona,Kial.Ramona@yopmail.com,1922-08-16
946,Blondelle,Decato,Blondelle.Decato@yopmail.com,1987-06-08
947,Deirdre,Saunderson,Deirdre.Saunderson@yopmail.com,1946-09-29
948,Vevay,Sadowski,Vevay.Sadowski@yopmail.com,1971-07-20
949,Rivalee,Keelia,Rivalee.Keelia@yopmail.com,1932-06-08
950,Andree,Wiener,Andree.Wiener@yopmail.com,1962-12-21
951,Dotty,Roarke,Dotty.Roarke@yopmail.com,1953-09-15
952,Carly,Weinreb,Carly.Weinreb@yopmail.com,1919-12-01
953,Priscilla,Keelia,Priscilla.Keelia@yopmail.com,2004-07-27
954,Nelle,Lenny,Nelle.Lenny@yopmail.com,2009-11-12
955,Bibby,Tristram,Bibby.Tristram@yopmail.com,2014-11-08
956,Vonny,Mintz,Vonny.Mintz@yopmail.com,1914-08-10
957,Emilia,Elvyn,Emilia.Elvyn@yopmail.com,1934-05-04
958,Georgetta,Tayib,Georgetta.Tayib@yopmail.com,1988-08-18
959,Valli,Sallyann,Valli.Sallyann@yopmail.com,1929-05-26
960,Marinna,Firmin,Marinna.Firmin@yopmail.com,1996-11-23
961,Elsie,Uird,Elsie.Uird@yopmail.com,1929-05-20
962,Carol-Jean,Tryck,Carol-Jean.Tryck@yopmail.com,2012-02-27
963,Allyce,Ricki,Allyce.Ricki@yopmail.com,1959-08-02
964,Tersina,Ailyn,Tersina.Ailyn@yopmail.com,1987-04-09
965,Candy,Serilda,Candy.Serilda@yopmail.com,1940-11-26
966,Sam,Hollingsworth,Sam.Hollingsworth@yopmail.com,1921-06-19
967,Elora,Haerr,Elora.Haerr@yopmail.com,1933-05-31
968,Netty,Brackely,Netty.Brackely@yopmail.com,1989-03-27
969,Maryellen,Sibyls,Maryellen.Sibyls@yopmail.com,1995-06-25
970,Donetta,Leopold,Donetta.Leopold@yopmail.com,2011-11-14
971,Tabbatha,Mott,Tabbatha.Mott@yopmail.com,1985-06-12
972,Daphne,Henrie,Daphne.Henrie@yopmail.com,1994-01-22
973,Brena,Anestassia,Brena.Anestassia@yopmail.com,1985-10-23
974,Evita,Ingra,Evita.Ingra@yopmail.com,1946-01-19
975,Sabina,Naor,Sabina.Naor@yopmail.com,1973-08-07
976,Corene,Reidar,Corene.Reidar@yopmail.com,1920-04-28
977,Lauryn,Gombach,Lauryn.Gombach@yopmail.com,1939-01-12
978,Madalyn,Loeb,Madalyn.Loeb@yopmail.com,2016-06-03
979,Harmonia,Bonucci,Harmonia.Bonucci@yopmail.com,1906-02-11
980,Emilia,Grobe,Emilia.Grobe@yopmail.com,1936-07-22
981,Donetta,Justinn,Donetta.Justinn@yopmail.com,1929-05-12
982,Sabina,Eugenia,Sabina.Eugenia@yopmail.com,1951-12-29
983,Farrah,Egbert,Farrah.Egbert@yopmail.com,1930-02-15
984,Lacie,Raama,Lacie.Raama@yopmail.com,2015-05-26
985,Emma,Corabella,Emma.Corabella@yopmail.com,1954-04-02
986,Minne,Ochs,Minne.Ochs@yopmail.com,1909-07-10
987,Oona,Girardo,Oona.Girardo@yopmail.com,1999-08-20
988,Laure,Zachary,Laure.Zachary@yopmail.com,1999-10-31
989,Gertrud,Maurine,Gertrud.Maurine@yopmail.com,1992-02-24
990,Ilse,Gabrielli,Ilse.Gabrielli@yopmail.com,1931-07-18
991,Perry,Naor,Perry.Naor@yopmail.com,1905-06-18
992,Nollie,Darbie,Nollie.Darbie@yopmail.com,1977-03-06
993,Dulcinea,Erich,Dulcinea.Erich@yopmail.com,1931-10-07
994,Paule,Carleen,Paule.Carleen@yopmail.com,1915-11-04
995,Kore,Corabella,Kore.Corabella@yopmail.com,1942-10-12
996,Doralynne,Thad,Doralynne.Thad@yopmail.com,1999-03-03
997,Winifred,Colbert,Winifred.Colbert@yopmail.com,1986-07-05
998,Hyacinthe,Oscar,Hyacinthe.Oscar@yopmail.com,2007-03-13
999,Joleen,Sigfrid,Joleen.Sigfrid@yopmail.com,1977-03-11
1000,Ardeen,Sekofski,Ardeen.Sekofski@yopmail.com,1962-06-14
1001,Loree,Salchunas,Loree.Salchunas@yopmail.com,1910-12-12
1002,Helena,Santoro,Helena.Santoro@yopmail.com,1925-04-08
1003,Gabriellia,Romelda,Gabriellia.Romelda@yopmail.com,1979-03-02
1004,Feliza,Mandler,Feliza.Mandler@yopmail.com,2014-09-06
1005,Konstance,Frendel,Konstance.Frendel@yopmail.com,1906-03-08
1006,Ellette,Beniamino,Ellette.Beniamino@yopmail.com,1956-07-16
1007,Kristan,Wilona,Kristan.Wilona@yopmail.com,1907-10-02
1008,Mallory,Smitt,Mallory.Smitt@yopmail.com,1907-08-31
1009,Esmeralda,Federica,Esmeralda.Federica@yopmail.com,1904-02-03
1010,Elbertina,Eachern,Elbertina.Eachern@yopmail.com,1911-12-19
1011,Ulrike,Kussell,Ulrike.Kussell@yopmail.com,1916-10-21
1012,Priscilla,Toni,Priscilla.Toni@yopmail.com,2009-05-08
1013,Candy,Helve,Candy.Helve@yopmail.com,1901-10-08
1014,Arlina,Linskey,Arlina.Linskey@yopmail.com,1996-02-23
1015,Emma,Winthorpe,Emma.Winthorpe@yopmail.com,1905-11-25
1016,Karlee,Poll,Karlee.Poll@yopmail.com,1951-11-26
1017,Damaris,Sekofski,Damaris.Sekofski@yopmail.com,1939-05-27
1018,Sarette,Georgy,Sarette.Georgy@yopmail.com,1960-01-10
1019,Esmeralda,Ardra,Esmeralda.Ardra@yopmail.com,2008-05-08
1020,Marnia,Willie,Marnia.Willie@yopmail.com,1913-04-26
1021,Alameda,Caitlin,Alameda.Caitlin@yopmail.com,2016-01-25
1022,Elsie,Hourigan,Elsie.Hourigan@yopmail.com,1922-10-27
1023,Fanny,Faria,Fanny.Faria@yopmail.com,1980-12-16
1024,Peri,Diogenes,Peri.Diogenes@yopmail.com,1942-09-01
1025,Marsiella,Corrine,Marsiella.Corrine@yopmail.com,2001-04-11
1026,Tressa,Wildermuth,Tressa.Wildermuth@yopmail.com,1912-02-27
1027,Viviene,Georas,Viviene.Georas@yopmail.com,1992-04-02
1028,Rebeca,Bobbee,Rebeca.Bobbee@yopmail.com,1991-07-02
1029,Lisette,Urania,Lisette.Urania@yopmail.com,1919-12-15
1030,Mildrid,Skell,Mildrid.Skell@yopmail.com,1922-12-04
1031,Shaine,Holbrook,Shaine.Holbrook@yopmail.com,1940-09-19
1032,Dede,Schlosser,Dede.Schlosser@yopmail.com,1935-04-15
1033,Selma,Nunci,Selma.Nunci@yopmail.com,1978-01-21
1034,Tracey,Zola,Tracey.Zola@yopmail.com,1950-07-07
1035,Lulita,Ledah,Lulita.Ledah@yopmail.com,1992-05-19
1036,Tonia,Ader,Tonia.Ader@yopmail.com,2019-04-17
1037,Shaylyn,Ailyn,Shaylyn.Ailyn@yopmail.com,1960-03-08
1038,Demetris,Blake,Demetris.Blake@yopmail.com,1939-06-17
1039,Emilia,Arquit,Emilia.Arquit@yopmail.com,1923-01-15
1040,Marsiella,Chobot,Marsiella.Chobot@yopmail.com,1944-04-07
1041,Queenie,Marsden,Queenie.Marsden@yopmail.com,1919-04-07
1042,Mariele,Tristram,Mariele.Tristram@yopmail.com,1901-10-29
1043,Zondra,Alfons,Zondra.Alfons@yopmail.com,1955-06-26
1044,Lita,Pacorro,Lita.Pacorro@yopmail.com,1914-10-12
1045,Cristine,Rosette,Cristine.Rosette@yopmail.com,1914-08-31
1046,Paulita,Cleavland,Paulita.Cleavland@yopmail.com,1924-05-17
1047,Yolane,Pozzy,Yolane.Pozzy@yopmail.com,1998-04-15
1048,Caritta,Lindemann,Caritta.Lindemann@yopmail.com,1957-12-12
1049,Katuscha,Lindemann,Katuscha.Lindemann@yopmail.com,2015-06-23
1050,Rani,Giff,Rani.Giff@yopmail.com,2004-12-12
1051,Candi,Fairweather,Candi.Fairweather@yopmail.com,1915-01-22
1052,Myrtice,Stuart,Myrtice.Stuart@yopmail.com,1900-04-05
1053,Ann-Marie,Lacombe,Ann-Marie.Lacombe@yopmail.com,1930-02-21
1054,Theodora,Suanne,Theodora.Suanne@yopmail.com,1986-05-19
1055,Jessamyn,Alcott,Jessamyn.Alcott@yopmail.com,1954-01-05
1056,Sheelagh,Arne,Sheelagh.Arne@yopmail.com,1922-02-20
1057,Lulita,Edee,Lulita.Edee@yopmail.com,1974-04-10
1058,Dorice,Belldas,Dorice.Belldas@yopmail.com,1900-03-21
1059,Cherrita,Tyson,Cherrita.Tyson@yopmail.com,2017-11-25
1060,Leia,Kellby,Leia.Kellby@yopmail.com,1914-01-07
1061,Cathyleen,Sasnett,Cathyleen.Sasnett@yopmail.com,1974-09-27
1062,Gratia,Rossner,Gratia.Rossner@yopmail.com,1904-03-06
1063,Kaja,Lay,Kaja.Lay@yopmail.com,1999-03-08
1064,Marcelline,Ledah,Marcelline.Ledah@yopmail.com,1916-08-31
1065,Alex,Konyn,Alex.Konyn@yopmail.com,1972-11-22
1066,Ofilia,Linehan,Ofilia.Linehan@yopmail.com,1955-11-03
1067,Ardys,Berard,Ardys.Berard@yopmail.com,1918-07-22
1068,Fawne,Hurley,Fawne.Hurley@yopmail.com,1999-12-29
1069,Lynde,Oster,Lynde.Oster@yopmail.com,1979-11-10
1070,Elvira,Zeeba,Elvira.Zeeba@yopmail.com,1944-09-24
1071,Ana,Pip,Ana.Pip@yopmail.com,1951-01-25
1072,Aeriela,Alejoa,Aeriela.Alejoa@yopmail.com,1911-10-03
1073,Marita,Johnsson,Marita.Johnsson@yopmail.com,1973-06-12
1074,Aimil,Pacorro,Aimil.Pacorro@yopmail.com,1976-03-27
1075,Susette,Lewes,Susette.Lewes@yopmail.com,1959-05-27
1076,Stephanie,Berne,Stephanie.Berne@yopmail.com,1962-04-08
1077,Dede,Paton,Dede.Paton@yopmail.com,1942-10-17
1078,Ketti,Adalbert,Ketti.Adalbert@yopmail.com,1903-08-28
1079,Leontine,Hedve,Leontine.Hedve@yopmail.com,1999-04-27
1080,Lucy,Therine,Lucy.Therine@yopmail.com,2006-02-22
1081,Josephine,Garbe,Josephine.Garbe@yopmail.com,2013-07-02
1082,Ira,Wu,Ira.Wu@yopmail.com,2015-08-03
1083,Cissiee,Vernier,Cissiee.Vernier@yopmail.com,1917-07-18
1084,Hallie,Brian,Hallie.Brian@yopmail.com,1941-03-14
1085,Harrietta,Sammons,Harrietta.Sammons@yopmail.com,1950-02-23
1086,Marti,Radu,Marti.Radu@yopmail.com,1928-05-30
1087,Cassandra,Glovsky,Cassandra.Glovsky@yopmail.com,1975-10-26
1088,Leia,Elo,Leia.Elo@yopmail.com,1975-05-24
1089,Flory,Alrich,Flory.Alrich@yopmail.com,1972-06-04
1090,Ricky,Christal,Ricky.Christal@yopmail.com,1909-10-19
1091,Chere,Kronfeld,Chere.Kronfeld@yopmail.com,1972-07-02
1092,Kate,Cynar,Kate.Cynar@yopmail.com,2015-05-25
1093,Stephanie,Dorine,Stephanie.Dorine@yopmail.com,1964-06-30
1094,Jemie,Rolf,Jemie.Rolf@yopmail.com,1994-07-06
1095,Averyl,Skurnik,Averyl.Skurnik@yopmail.com,2004-03-17
1096,Diena,Terencio,Diena.Terencio@yopmail.com,1977-02-16
1097,Therine,Jotham,Therine.Jotham@yopmail.com,1929-09-01
1098,Tressa,Olnee,Tressa.Olnee@yopmail.com,2011-08-08
1099,Alyda,Katrine,Alyda.Katrine@yopmail.com,1908-07-22