id,firstname,lastname,email,Field Name
100,Nicoli,Gaal,Nicoli.Gaal@yopmail.com,1970-04-10
101,Therine,Raffo,Therine.Raffo@yopmail.com,1958-05-12
102,Wendi,Kaete,Wendi.Kaete@yopmail.com,1974-11-09
103,Marnia,Fax,Marnia.Fax@yopmail.com,1920-04-23
104,Christy,Michella,Christy.Michella@yopmail.com,1909-03-16
105,Britte,Gamaliel,Britte.Gamaliel@yopmail.com,1974-02-22
106,Arabel,Thilda,Arabel.Thilda@yopmail.com,1989-12-10
107,Ulrike,Jacqui,Ulrike.Jacqui@yopmail.com,2002-06-06
108,Sissy,Kamaria,Sissy.Kamaria@yopmail.com,1924-11-05
109,Alexine,Dituri,Alexine.Dituri@yopmail.com,1901-12-23
110,Frances,Gilbertson,Frances.Gilbertson@yopmail.com,1979-10-13
111,Heddie,Hutchison,Heddie.Hutchison@yopmail.com,1991-10-17
112,Jessy,Klotz,Jessy.Klotz@yopmail.com,1910-10-06
113,Kalina,Lattie,Kalina.Lattie@yopmail.com,2002-12-30
114,Leeanne,Vale,Leeanne.Vale@yopmail.com,1915-02-24
115,Adelle,Louanna,Adelle.Louanna@yopmail.com,1907-02-15
116,Riannon,Drus,Riannon.Drus@yopmail.com,1927-03-29
117,Maisey,Edmund,Maisey.Edmund@yopmail.com,1954-11-11
118,Jessy,Berard,Jessy.Berard@yopmail.com,1978-10-18
119,Margalo,Helfand,Margalo.Helfand@yopmail.com,1958-11-16
120,Fanchon,Angelis,Fanchon.Angelis@yopmail.com,1986-06-13
121,Kamilah,Yerkovich,Kamilah.Yerkovich@yopmail.com,1904-10-07
122,Molli,Brackely,Molli.Brackely@yopmail.com,1955-05-10
123,Valli,Prouty,Valli.Prouty@yopmail.com,1972-07-09
124,Lily,Gino,Lily.Gino@yopmail.com,2012-09-19
125,Marika,Urias,Marika.Urias@yopmail.com,1999-03-12
126,Lusa,Letsou,Lusa.Letsou@yopmail.com,1957-10-05
127,Daryl,Darian,Daryl.Darian@yopmail.com,1989-07-28
128,Flory,Bartlett,Flory.Bartlett@yopmail.com,1904-10-17
129,Clarice,Joni,Clarice.Joni@yopmail.com,1939-12-08
130,Meg,Lunsford,Meg.Lunsford@yopmail.com,1904-09-10
131,Therine,Dyche,Therine.Dyche@yopmail.com,1928-10-04
132,Ariela,Silvan,Ariela.Silvan@yopmail.com,1921-10-07
133,Nicoli,Pierette,Nicoli.Pierette@yopmail.com,1911-11-10
134,Chloris,Slifka,Chloris.Slifka@yopmail.com,1962-10-30
135,Odessa,Stacy,Odessa.Stacy@yopmail.com,1985-11-15
136,Bernardine,Sharl,Bernardine.Sharl@yopmail.com,1996-04-28
137,Ingrid,Henebry,Ingrid.Henebry@yopmail.com,1990-09-23
138,Nariko,Keily,Nariko.Keily@yopmail.com,2010-05-05
139,Joleen,Erminia,Joleen.Erminia@yopmail.com,1962-05-22
140,Malina,Colyer,Malina.Colyer@yopmail.com,2008-10-23
141,Dawn,Tatianas,Dawn.Tatianas@yopmail.com,1999-06-21
142,Aaren,Shaver,Aaren.Shaver@yopmail.com,2017-07-16
143,Elmira,Chobot,Elmira.Chobot@yopmail.com,2001-02-07
144,Bernie,Zeeba,Bernie.Zeeba@yopmail.com,1930-10-03
145,Adelle,Johnsson,Adelle.Johnsson@yopmail.com,1925-06-26
146,Rosaline,O'Neill,Rosaline.O'Neill@yopmail.com,2012-02-09
147,Melanie,Infield,Melanie.Infield@yopmail.com,1908-02-10
148,Caressa,Obed,Caressa.Obed@yopmail.com,1914-09-26
149,Wilma,Gregrory,Wilma.Gregrory@yopmail.com,1983-12-11
150,Frieda,Markman,Frieda.Markman@yopmail.com,1953-06-19
151,Korrie,Amasa,Korrie.Amasa@yopmail.com,1984-01-03
152,Melodie,Jefferey,Melodie.Jefferey@yopmail.com,2005-06-24
153,Consuela,Faso,Consuela.Faso@yopmail.com,2004-10-17
154,Arlina,Colbert,Arlina.Colbert@yopmail.com,1947-10-09
155,Ardys,Hanshaw,Ardys.Hanshaw@yopmail.com,2016-08-30
156,Arlina,Haerr,Arlina.Haerr@yopmail.com,1904-06-08
157,Camile,Kravits,Camile.Kravits@yopmail.com,1951-02-28
158,Marita,Wareing,Marita.Wareing@yopmail.com,1967-02-12
159,Collen,Read,Collen.Read@yopmail.com,1928-09-24
160,Ardeen,Neils,Ardeen.Neils@yopmail.com,1935-07-17
161,Selia,Allys,Selia.Allys@yopmail.com,1957-05-18
162,Daune,Rosemary,Daune.Rosemary@yopmail.com,1924-11-24
163,Gertrud,Hedve,Gertrud.Hedve@yopmail.com,1952-06-13
164,Mignon,Cath,Mignon.Cath@yopmail.com,1961-09-20
165,Inga,Corilla,Inga.Corilla@yopmail.com,1926-01-08
166,Kore,Kravits,Kore.Kravits@yopmail.com,1987-12-25
167,Perry,Tamsky,Perry.Tamsky@yopmail.com,1977-05-12
168,Ulrike,Bohlin,Ulrike.Bohlin@yopmail.com,1969-10-26
169,Caryl,Anis,Caryl.Anis@yopmail.com,1946-12-16
170,Gerrie,Valerio,Gerrie.Valerio@yopmail.com,1934-01-05
171,Doralynne,Newell,Doralynne.Newell@yopmail.com,2003-06-03
172,Sindee,Brotherson,Sindee.Brotherson@yopmail.com,1945-03-13
173,Harmonia,Bonilla,Harmonia.Bonilla@yopmail.com,1920-02-05
174,Kristina,Jess,Kristina.Jess@yopmail.com,2013-11-09
175,Correy,O'Carroll,Correy.O'Carroll@yopmail.com,1936-11-11
176,Jessy,Damarra,Jessy.Damarra@yopmail.com,1980-11-20
177,Glynnis,Bahr,Glynnis.Bahr@yopmail.com,1955-05-24
178,Flo,Codding,Flo.Codding@yopmail.com,1933-07-22
179,Gerianna,Ioab,Gerianna.Ioab@yopmail.com,1935-10-03
180,Fernande,Marcellus,Fernande.Marcellus@yopmail.com,1987-11-27
181,Chloris,Papageno,Chloris.Papageno@yopmail.com,1995-03-22
182,Caritta,Stevy,Caritta.Stevy@yopmail.com,2002-05-03
183,Berget,Fosque,Berget.Fosque@yopmail.com,1981-05-11
184,Clary,Podvin,Clary.Podvin@yopmail.com,1956-02-15
185,Vivia,Hull,Vivia.Hull@yopmail.com,2004-12-14
186,Marcelline,Leffen,Marcelline.Leffen@yopmail.com,1919-01-18
187,Concettina,Ramona,Concettina.Ramona@yopmail.com,1931-04-20
188,Ana,Radu,Ana.Radu@yopmail.com,1933-05-11
189,Kelly,Tremayne,Kelly.Tremayne@yopmail.com,2017-12-12
190,Letizia,Richers,Letizia.Richers@yopmail.com,1934-10-31
191,Silvana,Faust,Silvana.Faust@yopmail.com,1966-01-29
192,Paule,Lory,Paule.Lory@yopmail.com,1919-09-04
193,Jackie,Kesley,Jackie.Kesley@yopmail.com,1958-03-10
194,Caritta,Latini,Caritta.Latini@yopmail.com,2018-08-14
195,Yolane,Philipp,Yolane.Philipp@yopmail.com,2002-12-06
196,Kalina,Publia,Kalina.Publia@yopmail.com,1943-02-24
197,Mildrid,Deny,Mildrid.Deny@yopmail.com,2002-02-16
198,Johna,Yusuk,Johna.Yusuk@yopmail.com,2019-10-05
199,Deirdre,Old,Deirdre.Old@yopmail.com,1960-05-28
200,Bernardine,Raimondo,Bernardine.Raimondo@yopmail.com,1987-05-18
201,Clary,Lemuela,Clary.Lemuela@yopmail.com,1938-03-04
202,Claresta,Claudine,Claresta.Claudine@yopmail.com,1973-11-22
203,Ilse,Weaks,Ilse.Weaks@yopmail.com,1951-08-12
204,Mireielle,Niccolo,Mireielle.Niccolo@yopmail.com,1901-10-22
205,Berget,Kannry,Berget.Kannry@yopmail.com,2018-06-07
206,Dorothy,Ariella,Dorothy.Ariella@yopmail.com,1945-02-09
207,Mallory,Frendel,Mallory.Frendel@yopmail.com,1958-08-27
208,Tonia,Devlen,Tonia.Devlen@yopmail.com,1948-01-08
209,Valera,Etom,Valera.Etom@yopmail.com,1994-02-27
210,Liana,Xerxes,Liana.Xerxes@yopmail.com,1917-11-02
211,Darci,Strephon,Darci.Strephon@yopmail.com,1922-09-12
212,Ginnie,Carvey,Ginnie.Carvey@yopmail.com,1953-07-24
213,Chandra,Dalli,Chandra.Dalli@yopmail.com,1906-10-31
214,Cacilie,Pandolfi,Cacilie.Pandolfi@yopmail.com,1973-02-12
215,Konstance,Gombach,Konstance.Gombach@yopmail.com,1913-06-05
216,Farrah,Roscoe,Farrah.Roscoe@yopmail.com,1951-07-13
217,Joelly,Hull,Joelly.Hull@yopmail.com,1933-03-15
218,Yolane,Waite,Yolane.Waite@yopmail.com,2014-11-20
219,Berta,Lissi,Berta.Lissi@yopmail.com,1958-08-20
220,Rivalee,Rad,Rivalee.Rad@yopmail.com,1994-09-25
221,Gianina,Keelia,Gianina.Keelia@yopmail.com,2017-01-15
222,Halette,Maribeth,Halette.Maribeth@yopmail.com,1952-08-04
223,Demetris,Fiester,Demetris.Fiester@yopmail.com,1927-01-09
224,Annaliese,Franza,Annaliese.Franza@yopmail.com,1980-10-28
225,Damaris,Tillford,Damaris.Tillford@yopmail.com,1938-04-24
226,Pollyanna,Kaja,Pollyanna.Kaja@yopmail.com,2005-12-20
227,Lily,Cath,Lily.Cath@yopmail.com,1900-05-14
228,Berget,Fontana,Berget.Fontana@yopmail.com,1956-05-06
229,Antonietta,Flita,Antonietta.Flita@yopmail.com,1989-01-29
230,Fina,Baudin,Fina.Baudin@yopmail.com,1907-08-04
231,Georgina,Martguerita,Georgina.Martguerita@yopmail.com,2005-07-20
232,Alie,An,Alie.An@yopmail.com,1950-10-20
233,Ursulina,Maiah,Ursulina.Maiah@yopmail.com,1962-08-29
234,Cyb,Alabaster,Cyb.Alabaster@yopmail.com,2001-11-04
235,Cam,Sundin,Cam.Sundin@yopmail.com,2012-01-26
236,Sharai,Carleen,Sharai.Carleen@yopmail.com,1922-02-16
237,Rani,Burkle,Rani.Burkle@yopmail.com,1934-04-17
238,Latisha,Kamaria,Latisha.Kamaria@yopmail.com,1971-11-05
239,Kate,Tarrant,Kate.Tarrant@yopmail.com,2010-07-14
240,Elvira,Kirbee,Elvira.Kirbee@yopmail.com,2011-03-10
241,Beth,Dielu,Beth.Dielu@yopmail.com,1971-03-28
242,Maye,LaRue,Maye.LaRue@yopmail.com,1921-10-28
243,Tressa,Hanleigh,Tressa.Hanleigh@yopmail.com,1981-08-20
244,Marinna,Amand,Marinna.Amand@yopmail.com,1968-04-23
245,Abbie,Graig,Abbie.Graig@yopmail.com,1968-04-11
246,Althea,Schalles,Althea.Schalles@yopmail.com,1903-10-19
247,Ann-Marie,Juan,Ann-Marie.Juan@yopmail.com,1921-06-22
248,Dorice,Lumbard,Dorice.Lumbard@yopmail.com,1910-12-08
249,Teriann,Westphal,Teriann.Westphal@yopmail.com,1999-03-08
250,Alameda,Fennessy,Alameda.Fennessy@yopmail.com,2004-12-01
251,Cissiee,Bandeen,Cissiee.Bandeen@yopmail.com,1982-06-06
252,Jere,Loeb,Jere.Loeb@yopmail.com,2012-05-07
253,Larine,Voletta,Larine.Voletta@yopmail.com,1929-11-11
254,Mallory,Cristi,Mallory.Cristi@yopmail.com,1997-05-08
255,Ivett,Peonir,Ivett.Peonir@yopmail.com,1959-07-18
256,Cindelyn,Nerita,Cindelyn.Nerita@yopmail.com,2015-08-16
257,Phedra,Ellerey,Phedra.Ellerey@yopmail.com,1921-12-07
258,Esmeralda,Raimondo,Esmeralda.Raimondo@yopmail.com,1910-10-30
259,Gianina,Carri,Gianina.Carri@yopmail.com,1963-10-01
260,Talya,Amand,Talya.Amand@yopmail.com,1974-06-23
261,Johna,Timon,Johna.Timon@yopmail.com,1932-05-09
262,Darci,Sherfield,Darci.Sherfield@yopmail.com,1980-08-12
263,Lindie,Rudolph,Lindie.Rudolph@yopmail.com,1957-02-15
264,Ana,Gale,Ana.Gale@yopmail.com,1980-08-12
265,Ellette,Ogren,Ellette.Ogren@yopmail.com,1967-08-14
266,Goldie,Casimir,Goldie.Casimir@yopmail.com,2001-10-29
267,Calla,Cadmar,Calla.Cadmar@yopmail.com,1959-10-17
268,Wynne,Zitvaa,Wynne.Zitvaa@yopmail.com,2018-10-01
269,Donnie,Nore,Donnie.Nore@yopmail.com,1977-02-07
270,Randa,Pozzy,Randa.Pozzy@yopmail.com,2010-08-20
271,Ada,Lorenz,Ada.Lorenz@yopmail.com,2006-08-08
272,Millie,Briney,Millie.Briney@yopmail.com,1937-04-06
273,Janis,Grosz,Janis.Grosz@yopmail.com,1999-07-21
274,Hermione,Mike,Hermione.Mike@yopmail.com,1990-04-06
275,Margette,Roxanna,Margette.Roxanna@yopmail.com,1952-07-06
276,Shannah,Konyn,Shannah.Konyn@yopmail.com,1991-06-28
277,Tybie,Hieronymus,Tybie.Hieronymus@yopmail.com,1938-07-10
278,Gabriellia,Millda,Gabriellia.Millda@yopmail.com,1983-03-20
279,Letizia,Cynar,Letizia.Cynar@yopmail.com,1961-03-31
280,Merle,Burnside,Merle.Burnside@yopmail.com,1993-07-17
281,Grier,Cornelia,Grier.Cornelia@yopmail.com,1960-04-10
282,Sarette,Bethany,Sarette.Bethany@yopmail.com,1970-05-10
283,Hollie,Calhoun,Hollie.Calhoun@yopmail.com,1926-04-30
284,Charlena,Schlosser,Charlena.Schlosser@yopmail.com,1999-07-22
285,Cristine,Engdahl,Cristine.Engdahl@yopmail.com,1900-03-27
286,Allis,Milson,Allis.Milson@yopmail.com,1928-07-05
287,Fawne,Giule,Fawne.Giule@yopmail.com,1964-04-11
288,Shauna,Cohdwell,Shauna.Cohdwell@yopmail.com,1981-06-01
289,Maye,Madelene,Maye.Madelene@yopmail.com,1907-09-13
290,Maud,Revkah,Maud.Revkah@yopmail.com,1949-10-03
291,Aurelie,Schlosser,Aurelie.Schlosser@yopmail.com,1908-11-28
292,Lynnea,Martsen,Lynnea.Martsen@yopmail.com,1926-05-05
293,Jorry,Phi,Jorry.Phi@yopmail.com,1938-12-26
294,Misha,Graig,Misha.Graig@yopmail.com,1947-08-18
295,Ninnetta,Berl,Ninnetta.Berl@yopmail.com,1961-01-16
296,Imojean,Jammal,Imojean.Jammal@yopmail.com,1953-06-15
297,Alyda,Corilla,Alyda.Corilla@yopmail.com,1999-12-01
298,Annabela,Brieta,Annabela.Brieta@yopmail.com,1999-07-11
299,Anallese,Tyson,Anallese.Tyson@yopmail.com,2012-06-06
300,Regina,Francyne,Regina.Francyne@yopmail.com,1906-02-20
301,Brena,Birdella,Brena.Birdella@yopmail.com,1926-12-22
302,Barbara,Aurelio,Barbara.Aurelio@yopmail.com,1922-09-01
303,Bettine,Gualtiero,Bettine.Gualtiero@yopmail.com,2014-09-22
304,Stephanie,Bendick,Stephanie.Bendick@yopmail.com,2014-05-28
305,Philis,Hedve,Philis.Hedve@yopmail.com,1960-02-11
306,Verla,Jaylene,Verla.Jaylene@yopmail.com,1986-08-27
307,Kary,Trace,Kary.Trace@yopmail.com,1979-04-13
308,Roseline,Dichy,Roseline.Dichy@yopmail.com,1991-03-26
309,Nikki,Arquit,Nikki.Arquit@yopmail.com,1939-08-27
310,Vonny,Malvino,Vonny.Malvino@yopmail.com,1924-01-15
311,Sybille,Mandler,Sybille.Mandler@yopmail.com,1900-02-11
312,Gusella,Maroney,Gusella.Maroney@yopmail.com,1950-01-21
313,Violet,Haerr,Violet.Haerr@yopmail.com,1995-12-24
314,Corry,Catie,Corry.Catie@yopmail.com,1908-05-04
315,Suzette,Doig,Suzette.Doig@yopmail.com,1986-09-28
316,Orsola,Llovera,Orsola.Llovera@yopmail.com,1957-06-30
317,Shaine,Infield,Shaine.Infield@yopmail.com,1956-07-18
318,Elvira,Sammons,Elvira.Sammons@yopmail.com,1934-05-17
319,Trudie,Georgy,Trudie.Georgy@yopmail.com,1990-11-28
320,Dolli,Wandie,Dolli.Wandie@yopmail.com,1936-04-08
321,Petronia,Lumbard,Petronia.Lumbard@yopmail.com,1928-01-10
322,Jennica,Fredi,Jennica.Fredi@yopmail.com,1956-05-23
323,Neila,Jorgan,Neila.Jorgan@yopmail.com,1988-02-15
324,Rayna,Lewes,Rayna.Lewes@yopmail.com,1955-03-23
325,Cherrita,Nester,Cherrita.Nester@yopmail.com,1963-01-23
326,Helsa,Bollay,Helsa.Bollay@yopmail.com,1919-09-30
327,Loree,Raama,Loree.Raama@yopmail.com,1919-06-23
328,Gusella,Birdella,Gusella.Birdella@yopmail.com,1968-03-28
329,Sidoney,Kermit,Sidoney.Kermit@yopmail.com,2002-11-04
330,Ezmeralda,Hedve,Ezmeralda.Hedve@yopmail.com,1978-08-26
331,Gratia,Rugen,Gratia.Rugen@yopmail.com,1968-03-03
332,Celene,Trey,Celene.Trey@yopmail.com,1947-04-13
333,Kenna,Brandice,Kenna.Brandice@yopmail.com,1924-10-27
334,Nerta,Ephrem,Nerta.Ephrem@yopmail.com,2009-02-14
335,Nyssa,Adlare,Nyssa.Adlare@yopmail.com,1920-03-30
336,Belva,Bollay,Belva.Bollay@yopmail.com,2001-08-28
337,Dominga,Harned,Dominga.Harned@yopmail.com,1926-01-15
338,Inga,Deny,Inga.Deny@yopmail.com,1914-06-21
339,Trixi,Roumell,Trixi.Roumell@yopmail.com,1975-09-27
340,Vere,Joni,Vere.Joni@yopmail.com,1983-11-25
341,Codie,Sundin,Codie.Sundin@yopmail.com,2001-07-30
342,Priscilla,Concha,Priscilla.Concha@yopmail.com,1963-05-08
343,Paola,Milde,Paola.Milde@yopmail.com,1989-01-06
344,Beatriz,Sallyann,Beatriz.Sallyann@yopmail.com,1998-09-23
345,Clary,Connelly,Clary.Connelly@yopmail.com,1915-08-29
346,Joane,Bronk,Joane.Bronk@yopmail.com,1918-10-29
347,Hyacinthe,Lesley,Hyacinthe.Lesley@yopmail.com,2019-02-01
348,Jorry,Manolo,Jorry.Manolo@yopmail.com,1936-06-22
349,Rosaline,Dalli,Rosaline.Dalli@yopmail.com,1959-01-29
350,Neila,Shama,Neila.Shama@yopmail.com,1988-10-30
351,Steffane,Karna,Steffane.Karna@yopmail.com,1964-09-22
352,Orsola,Cottle,Orsola.Cottle@yopmail.com,1911-01-09
353,Dulcinea,Leler,Dulcinea.Leler@yopmail.com,2013-03-31
354,Henriette,Ricki,Henriette.Ricki@yopmail.com,1903-08-13
355,Dorice,Neva,Dorice.Neva@yopmail.com,1971-10-07
356,Ayn,Bertold,Ayn.Bertold@yopmail.com,1912-09-27
357,Renae,Joachim,Renae.Joachim@yopmail.com,1993-02-04
358,Dawn,Mauer,Dawn.Mauer@yopmail.com,1944-09-02
359,Tabbatha,Harday,Tabbatha.Harday@yopmail.com,1980-12-14
360,Gilligan,Leopold,Gilligan.Leopold@yopmail.com,1956-01-24
361,Frances,Cutlerr,Frances.Cutlerr@yopmail.com,1963-04-23
362,Ronna,Hailee,Ronna.Hailee@yopmail.com,1903-02-03
363,Mady,Wattenberg,Mady.Wattenberg@yopmail.com,1998-10-08
364,Tatiania,Fiester,Tatiania.Fiester@yopmail.com,1941-05-18
365,Kelly,Chobot,Kelly.Chobot@yopmail.com,1959-06-14
366,Lulita,Stephie,Lulita.Stephie@yopmail.com,2003-06-02
367,Carly,Milde,Carly.Milde@yopmail.com,1920-06-01
368,Philis,Borrell,Philis.Borrell@yopmail.com,1957-10-25
369,Merry,Clara,Merry.Clara@yopmail.com,1968-01-01
370,Hallie,Kannry,Hallie.Kannry@yopmail.com,2000-04-02
371,Blake,Emmaline,Blake.Emmaline@yopmail.com,2008-10-03
372,Tybie,Susannah,Tybie.Susannah@yopmail.com,1968-01-13
373,Concettina,Kelula,Concettina.Kelula@yopmail.com,2018-05-27
374,Britni,Sinegold,Britni.Sinegold@yopmail.com,1950-09-14
375,Doralynne,Lissi,Doralynne.Lissi@yopmail.com,2013-05-20
376,Kristan,Carolin,Kristan.Carolin@yopmail.com,1988-08-08
377,Regina,Sholley,Regina.Sholley@yopmail.com,1995-06-06
378,Meghann,Romelda,Meghann.Romelda@yopmail.com,2009-01-03
379,Daphne,Arathorn,Daphne.Arathorn@yopmail.com,1983-07-10
380,Emylee,Nadia,Emylee.Nadia@yopmail.com,1992-10-17
381,Teddie,Forrer,Teddie.Forrer@yopmail.com,1967-09-07
382,Emylee,Chinua,Emylee.Chinua@yopmail.com,1936-01-18
383,Celene,Means,Celene.Means@yopmail.com,1933-05-27
384,Estell,Howlyn,Estell.Howlyn@yopmail.com,2001-11-05
385,Hildegaard,Brieta,Hildegaard.Brieta@yopmail.com,1979-07-23
386,Renie,Joli,Renie.Joli@yopmail.com,2010-09-29
387,Sibella,Egbert,Sibella.Egbert@yopmail.com,1904-05-02
388,Lorie,Dosia,Lorie.Dosia@yopmail.com,1930-12-25
389,Kassey,Melleta,Kassey.Melleta@yopmail.com,1900-09-18
390,Jaclyn,Rustice,Jaclyn.Rustice@yopmail.com,2012-12-06
391,Annaliese,Sheng,Annaliese.Sheng@yopmail.com,1908-04-01
392,Marcy,Alcott,Marcy.Alcott@yopmail.com,1929-09-28
393,Marjie,Avi,Marjie.Avi@yopmail.com,1937-09-24
394,Lacie,Madaih,Lacie.Madaih@yopmail.com,1911-02-26
395,Edee,Moina,Edee.Moina@yopmail.com,2014-10-13
396,Beverley,Madox,Beverley.Madox@yopmail.com,1945-12-27
397,Arlina,Ricki,Arlina.Ricki@yopmail.com,1975-09-29
398,Kayla,Weaks,Kayla.Weaks@yopmail.com,1948-02-07
399,Ronna,Turne,Ronna.Turne@yopmail.com,1992-01-15
400,Annecorinne,Weaks,Annecorinne.Weaks@yopmail.com,1937-11-16
401,Nyssa,Berne,Nyssa.Berne@yopmail.com,1919-01-03
402,Halette,Ovid,Halette.Ovid@yopmail.com,1902-01-15
403,Kara-Lynn,Himelman,Kara-Lynn.Himelman@yopmail.com,1990-02-16
404,Ardenia,Abernon,Ardenia.Abernon@yopmail.com,1999-07-05
405,Reeba,Talia,Reeba.Talia@yopmail.com,1945-01-19
406,Tori,Bettine,Tori.Bettine@yopmail.com,1920-01-04
407,Kial,Sherrie,Kial.Sherrie@yopmail.com,1989-11-03
408,Coral,Mott,Coral.Mott@yopmail.com,1922-08-07
409,Rori,Germann,Rori.Germann@yopmail.com,1912-08-17
410,Oona,Ries,Oona.Ries@yopmail.com,1948-08-14
411,Brana,Bury,Brana.Bury@yopmail.com,1936-09-16
412,Sashenka,Rocray,Sashenka.Rocray@yopmail.com,1968-12-24
413,Justinn,Publia,Justinn.Publia@yopmail.com,1955-08-03
414,Renie,Gregrory,Renie.Gregrory@yopmail.com,1971-06-25
415,Gianina,LaRue,Gianina.LaRue@yopmail.com,1911-02-08
416,Frank,Gale,Frank.Gale@yopmail.com,1984-09-04
417,Max,Callista,Max.Callista@yopmail.com,1947-10-19
418,Maryellen,Lipson,Maryellen.Lipson@yopmail.com,2006-01-12
419,Mariele,Mehalek,Mariele.Mehalek@yopmail.com,1946-10-29
420,Dawn,Ashely,Dawn.Ashely@yopmail.com,1925-10-23
421,Karlee,Jarib,Karlee.Jarib@yopmail.com,2001-02-07
422,Rosaline,Carey,Rosaline.Carey@yopmail.com,1952-04-22
423,Kathy,Carleen,Kathy.Carleen@yopmail.com,1949-03-03
424,Briney,Diann,Briney.Diann@yopmail.com,2012-02-17
425,Codie,Corrine,Codie.Corrine@yopmail.com,1995-02-08
426,Chrystel,Blake,Chrystel.Blake@yopmail.com,1925-09-12
427,Raf,Sidonius,Raf.Sidonius@yopmail.com,1997-07-10
428,Suzette,Fulmer,Suzette.Fulmer@yopmail.com,2018-10-06
429,Glynnis,Wyn,Glynnis.Wyn@yopmail.com,1945-09-08
430,Elmira,Merell,Elmira.Merell@yopmail.com,2005-11-04
431,Courtnay,Laverne,Courtnay.Laverne@yopmail.com,1909-09-14
432,Karena,Haldas,Karena.Haldas@yopmail.com,1924-06-06
433,Brana,Haldas,Brana.Haldas@yopmail.com,1981-11-19
434,Fred,Simmonds,Fred.Simmonds@yopmail.com,1991-11-02
435,Ilse,Kermit,Ilse.Kermit@yopmail.com,1998-07-11
436,Gavrielle,Bevin,Gavrielle.Bevin@yopmail.com,1929-05-05
437,Elfreda,Nelsen,Elfreda.Nelsen@yopmail.com,2017-09-10
438,Perry,Kat,Perry.Kat@yopmail.com,2006-07-13
439,Fina,Shaver,Fina.Shaver@yopmail.com,1969-02-10
440,Jenilee,Forrer,Jenilee.Forrer@yopmail.com,1947-05-17
441,Fina,Fulmer,Fina.Fulmer@yopmail.com,1934-11-12
442,Lenna,Tiffa,Lenna.Tiffa@yopmail.com,2005-08-17
443,Maud,Sharl,Maud.Sharl@yopmail.com,2013-07-18
444,Carilyn,Wandie,Carilyn.Wandie@yopmail.com,1984-04-25
445,Darlleen,Toni,Darlleen.Toni@yopmail.com,1917-01-25
446,Tamqrah,Aloise,Tamqrah.Aloise@yopmail.com,1989-01-20
447,Angelique,Myrilla,Angelique.Myrilla@yopmail.com,2011-09-30
448,Marcy,Ajay,Marcy.Ajay@yopmail.com,1907-12-22
449,Zia,Bach,Zia.Bach@yopmail.com,1997-08-13
450,Letizia,Blake,Letizia.Blake@yopmail.com,1910-03-12
451,Ayn,Kimmie,Ayn.Kimmie@yopmail.com,1915-09-27
452,Sybille,Klemperer,Sybille.Klemperer@yopmail.com,1975-03-07
453,Doro,Lindemann,Doro.Lindemann@yopmail.com,1936-11-16
454,Lusa,Bearnard,Lusa.Bearnard@yopmail.com,1919-12-03
455,Kary,Screens,Kary.Screens@yopmail.com,1966-10-29
456,Andeee,Delacourt,Andeee.Delacourt@yopmail.com,1952-09-27
457,Adele,Persse,Adele.Persse@yopmail.com,1943-05-13
458,Minne,Pierette,Minne.Pierette@yopmail.com,1944-02-26
459,Grier,Mandler,Grier.Mandler@yopmail.com,1960-04-07
460,Karly,Sikorski,Karly.Sikorski@yopmail.com,1943-03-28
461,Audrie,Cyrie,Audrie.Cyrie@yopmail.com,1955-06-23
462,Maryellen,Phaidra,Maryellen.Phaidra@yopmail.com,1954-05-08
463,Hayley,Krystle,Hayley.Krystle@yopmail.com,1930-06-12
464,Mireielle,Donell,Mireielle.Donell@yopmail.com,1989-03-10
465,Jolyn,Noelyn,Jolyn.Noelyn@yopmail.com,2016-12-16
466,Zaria,Laverne,Zaria.Laverne@yopmail.com,1947-12-01
467,Sidoney,Tayib,Sidoney.Tayib@yopmail.com,1964-01-08
468,Etta,Gavrila,Etta.Gavrila@yopmail.com,2002-05-29
469,Lelah,Fink,Lelah.Fink@yopmail.com,1977-07-06
470,Abbie,Rooney,Abbie.Rooney@yopmail.com,1936-07-18
471,Donetta,Urania,Donetta.Urania@yopmail.com,1991-08-28
472,Georgetta,Adlare,Georgetta.Adlare@yopmail.com,1993-07-06
473,Therine,Glenden,Therine.Glenden@yopmail.com,1903-03-10
474,Donetta,Lay,Donetta.Lay@yopmail.com,2012-08-03
475,Kore,Elsinore,Kore.Elsinore@yopmail.com,1956-04-06
476,Maud,Morgun,Maud.Morgun@yopmail.com,1935-10-15
477,Kristina,Ambrosia,Kristina.Ambrosia@yopmail.com,1928-01-13
478,Allis,Rillings,Allis.Rillings@yopmail.com,2012-09-23
479,Ana,Melan,Ana.Melan@yopmail.com,1900-04-10
480,Willetta,Bultman,Willetta.Bultman@yopmail.com,2004-03-12
481,Gertrud,Nadia,Gertrud.Nadia@yopmail.com,1928-02-21
482,Claresta,Richers,Claresta.Richers@yopmail.com,1909-09-22
483,Renie,Maribeth,Renie.Maribeth@yopmail.com,1950-12-08
484,Aurore,Quent,Aurore.Quent@yopmail.com,1941-11-22
485,Aigneis,Albertine,Aigneis.Albertine@yopmail.com,1982-02-16
486,Johna,Podvin,Johna.Podvin@yopmail.com,1942-03-27
487,Hermione,Kenwood,Hermione.Kenwood@yopmail.com,1952-10-27
488,Melina,Oriana,Melina.Oriana@yopmail.com,1966-06-23
489,Albertina,Claudine,Albertina.Claudine@yopmail.com,1994-12-31
490,Lauryn,Ortrude,Lauryn.Ortrude@yopmail.com,2016-02-18
491,Taffy,Dash,Taffy.Dash@yopmail.com,1942-11-24
492,Dorothy,Hachmin,Dorothy.Hachmin@yopmail.com,1917-05-14
493,Petronia,Uund,Petronia.Uund@yopmail.com,1971-05-27
494,Genovera,Montgomery,Genovera.Montgomery@yopmail.com,1933-09-24
495,Frances,Mozelle,Frances.Mozelle@yopmail.com,1963-01-17
496,Linzy,Hathaway,Linzy.Hathaway@yopmail.com,1913-09-21
497,Merry,Kaete,Merry.Kaete@yopmail.com,1912-10-07
498,Dacia,Rudolph,Dacia.Rudolph@yopmail.com,2016-11-13
499,Leia,Bibi,Leia.Bibi@yopmail.com,1991-08-16
500,Merrie,Helfand,Merrie.Helfand@yopmail.com,1938-02-10
501,Starla,Diogenes,Starla.Diogenes@yopmail.com,1981-12-29
502,Violet,Rozanna,Violet.Rozanna@yopmail.com,1940-06-17
503,Donetta,Rosette,Donetta.Rosette@yopmail.com,2008-10-16
504,Jean,Means,Jean.Means@yopmail.com,2010-05-22
505,Karena,Zola,Karena.Zola@yopmail.com,1966-01-25
506,Zsa Zsa,Meter,Zsa Zsa.Meter@yopmail.com,1938-02-07
507,Talya,Hazlett,Talya.Hazlett@yopmail.com,1964-10-01
508,Gilligan,Anselmi,Gilligan.Anselmi@yopmail.com,1919-02-03
509,Fred,Newell,Fred.Newell@yopmail.com,1903-12-29
510,Evaleen,Ingra,Evaleen.Ingra@yopmail.com,1949-11-08
511,Fernande,Quent,Fernande.Quent@yopmail.com,1920-02-16
512,Gale,Maxi,Gale.Maxi@yopmail.com,1957-08-04
513,Cyndie,Mayeda,Cyndie.Mayeda@yopmail.com,1913-02-20
514,Latisha,Rosemary,Latisha.Rosemary@yopmail.com,1923-11-06
515,Larine,Zetta,Larine.Zetta@yopmail.com,2014-09-16
516,Brietta,Paton,Brietta.Paton@yopmail.com,1937-02-27
517,Brooks,Gert,Brooks.Gert@yopmail.com,1918-06-28
518,Teriann,Crudden,Teriann.Crudden@yopmail.com,1935-09-01
519,Ginnie,Lymann,Ginnie.Lymann@yopmail.com,1953-02-03
520,Adelle,Noman,Adelle.Noman@yopmail.com,1967-02-25
521,Kirbee,Pernick,Kirbee.Pernick@yopmail.com,1989-11-20
522,Sophia,Rogerio,Sophia.Rogerio@yopmail.com,1973-04-11
523,Queenie,Baudin,Queenie.Baudin@yopmail.com,1925-06-10
524,Yvonne,Levey,Yvonne.Levey@yopmail.com,1911-10-05
525,Merle,Lalitta,Merle.Lalitta@yopmail.com,1976-08-12
526,Wilma,Seligman,Wilma.Seligman@yopmail.com,1913-05-17
527,Imojean,Susannah,Imojean.Susannah@yopmail.com,1900-10-01
528,Ana,Alexandr,Ana.Alexandr@yopmail.com,2009-04-07
529,Marylou,Merna,Marylou.Merna@yopmail.com,1997-10-05
530,Teriann,Garrison,Teriann.Garrison@yopmail.com,1940-05-25
531,Coral,Woodberry,Coral.Woodberry@yopmail.com,2008-12-21
532,Carlie,Zachary,Carlie.Zachary@yopmail.com,1961-11-22
533,Demetris,Narton,Demetris.Narton@yopmail.com,1987-08-06
534,Magdalena,Bivins,Magdalena.Bivins@yopmail.com,1922-07-16
535,Christy,Raffo,Christy.Raffo@yopmail.com,1967-07-29
536,Margalo,Monk,Margalo.Monk@yopmail.com,1976-10-22
537,Gwenneth,Rosalba,Gwenneth.Rosalba@yopmail.com,1937-06-14
538,Chickie,Brian,Chickie.Brian@yopmail.com,2004-08-17
539,Melisent,Mayeda,Melisent.Mayeda@yopmail.com,1976-03-23
540,Cristine,Gwenore,Cristine.Gwenore@yopmail.com,1914-01-22
541,Angelique,Forrer,Angelique.Forrer@yopmail.com,1991-06-19
542,Charmaine,Dearborn,Charmaine.Dearborn@yopmail.com,1909-11-30
543,Shaylyn,Stover,Shaylyn.Stover@yopmail.com,1934-03-26
544,Harmonia,Federica,Harmonia.Federica@yopmail.com,1918-02-07
545,Rayna,Arathorn,Rayna.Arathorn@yopmail.com,1956-04-06
546,Eugine,Calhoun,Eugine.Calhoun@yopmail.com,1990-11-16
547,Sadie,Burkle,Sadie.Burkle@yopmail.com,1905-08-06
548,Jaclyn,Deny,Jaclyn.Deny@yopmail.com,1937-01-11
549,Mara,McGrody,Mara.McGrody@yopmail.com,2006-11-08
550,Brooks,Goldina,Brooks.Goldina@yopmail.com,1948-01-24
551,Constance,Urania,Constance.Urania@yopmail.com,1922-03-05
552,Elie,Hoban,Elie.Hoban@yopmail.com,1922-09-28
553,Gabi,Lilas,Gabi.Lilas@yopmail.com,1965-12-21
554,Christian,August,Christian.August@yopmail.com,1969-11-25
555,Mildrid,Abernon,Mildrid.Abernon@yopmail.com,1974-02-08
556,Aryn,Clywd,Aryn.Clywd@yopmail.com,1987-06-04
557,Annecorinne,Maisey,Annecorinne.Maisey@yopmail.com,1963-02-27
558,Sharlene,Denis,Sharlene.Denis@yopmail.com,1959-09-21
559,Oona,Guthrie,Oona.Guthrie@yopmail.com,1974-06-26
560,Shannah,Poppy,Shannah.Poppy@yopmail.com,1944-09-28
561,Kathy,Kevon,Kathy.Kevon@yopmail.com,1915-04-12
562,Britni,Bonucci,Britni.Bonucci@yopmail.com,1991-10-23
563,Zaria,Ledah,Zaria.Ledah@yopmail.com,1939-02-09
564,Rhea,Allys,Rhea.Allys@yopmail.com,1934-10-16
565,Dacia,Lipson,Dacia.Lipson@yopmail.com,1979-04-06
566,Elfreda,Kermit,Elfreda.Kermit@yopmail.com,1969-10-05
567,Gerianna,Gaynor,Gerianna.Gaynor@yopmail.com,1908-07-03
568,Kirbee,Decato,Kirbee.Decato@yopmail.com,1960-01-20
569,Ericka,Wu,Ericka.Wu@yopmail.com,1942-09-14
570,Katharina,Kenwood,Katharina.Kenwood@yopmail.com,1921-09-17
571,Kittie,Infield,Kittie.Infield@yopmail.com,1965-12-22
572,Maridel,Beebe,Maridel.Beebe@yopmail.com,1952-03-04
573,Gusty,Paton,Gusty.Paton@yopmail.com,1969-03-08
574,Brena,Ciapas,Brena.Ciapas@yopmail.com,1934-02-02
575,Alie,Tybald,Alie.Tybald@yopmail.com,2004-06-06
576,Lolita,Karna,Lolita.Karna@yopmail.com,1924-05-07
577,Meghann,Berne,Meghann.Berne@yopmail.com,1979-01-20
578,Kary,Terencio,Kary.Terencio@yopmail.com,1935-06-04
579,Calla,Othilia,Calla.Othilia@yopmail.com,1998-09-15
580,Raquela,Olnee,Raquela.Olnee@yopmail.com,1997-02-15
581,Kellen,Loeb,Kellen.Loeb@yopmail.com,1929-08-19
582,Atlanta,Serilda,Atlanta.Serilda@yopmail.com,1953-01-22
583,Jordan,Karylin,Jordan.Karylin@yopmail.com,1927-04-01
584,Maye,Faria,Maye.Faria@yopmail.com,2007-03-18
585,Moyna,Strephon,Moyna.Strephon@yopmail.com,1960-11-12
586,Kelly,Harday,Kelly.Harday@yopmail.com,1987-07-09
587,Amii,Leffen,Amii.Leffen@yopmail.com,1908-06-30
588,Lorenza,Lesley,Lorenza.Lesley@yopmail.com,1944-09-10
589,Dianemarie,Honoria,Dianemarie.Honoria@yopmail.com,1955-04-12
590,Devina,Olympium,Devina.Olympium@yopmail.com,1938-01-16
591,Barbara,Margarete,Barbara.Margarete@yopmail.com,2017-01-07
592,Krystle,Joli,Krystle.Joli@yopmail.com,1949-08-02
593,Jobi,Craggie,Jobi.Craggie@yopmail.com,1963-02-21
594,Beverley,Kermit,Beverley.Kermit@yopmail.com,1927-09-18
595,Harmonia,Vanni,Harmonia.Vanni@yopmail.com,1964-01-19
596,Desirae,Myrilla,Desirae.Myrilla@yopmail.com,1921-06-18
597,Janenna,McGrody,Janenna.McGrody@yopmail.com,1978-01-10
598,Valli,Ietta,Valli.Ietta@yopmail.com,1935-10-08
599,Aimil,Dichy,Aimil.Dichy@yopmail.com,1966-07-15
600,Ofilia,Hailee,Ofilia.Hailee@yopmail.com,1953-01-27
601,Marline,Hunfredo,Marline.Hunfredo@yopmail.com,1948-02-08
602,Meghann,Raseda,Meghann.Raseda@yopmail.com,1993-05-22
603,Brena,Cottle,Brena.Cottle@yopmail.com,1956-11-08
604,Aurore,Shanley,Aurore.Shanley@yopmail.com,2015-04-09
605,Trudie,Bow,Trudie.Bow@yopmail.com,1964-06-04
606,Laure,Kermit,Laure.Kermit@yopmail.com,1991-02-26
607,Hannis,Isidore,Hannis.Isidore@yopmail.com,1984-06-13
608,Shirlee,McAdams,Shirlee.McAdams@yopmail.com,1987-12-01
609,Cordi,Fax,Cordi.Fax@yopmail.com,1991-03-08
610,Anestassia,Belanger,Anestassia.Belanger@yopmail.com,1921-04-28
611,Chloris,Blisse,Chloris.Blisse@yopmail.com,1938-06-30
612,Sean,Morehouse,Sean.Morehouse@yopmail.com,1971-10-02
613,Mariann,Shuler,Mariann.Shuler@yopmail.com,1951-08-27
614,Clo,Mozelle,Clo.Mozelle@yopmail.com,1964-03-09
615,Kamilah,Hanshaw,Kamilah.Hanshaw@yopmail.com,2004-02-02
616,Kirstin,Adamsen,Kirstin.Adamsen@yopmail.com,1916-01-15
617,Christian,Audly,Christian.Audly@yopmail.com,1982-10-22
618,Paule,Bergman,Paule.Bergman@yopmail.com,1913-04-09
619,Petronia,Emerson,Petronia.Emerson@yopmail.com,1970-05-15
620,Korrie,Ax,Korrie.Ax@yopmail.com,1943-12-16
621,Aaren,Si,Aaren.Si@yopmail.com,2015-06-25
622,Eadie,Dex,Eadie.Dex@yopmail.com,2008-08-02
623,Kristan,Mullane,Kristan.Mullane@yopmail.com,1913-03-27
624,Gilda,Rheingold,Gilda.Rheingold@yopmail.com,1955-12-18
625,Audrie,Lanita,Audrie.Lanita@yopmail.com,1960-12-30
626,Karly,Atcliffe,Karly.Atcliffe@yopmail.com,1996-05-26
627,Tori,Viddah,Tori.Viddah@yopmail.com,1991-07-20
628,Lusa,Constancy,Lusa.Constancy@yopmail.com,2010-08-08
629,Mureil,Campball,Mureil.Campball@yopmail.com,1994-07-14
630,Valeda,Bultman,Valeda.Bultman@yopmail.com,1952-09-17
631,Desirae,Denis,Desirae.Denis@yopmail.com,1988-01-10
632,Concettina,Cutlerr,Concettina.Cutlerr@yopmail.com,1959-07-01
633,Viviene,Chinua,Viviene.Chinua@yopmail.com,1985-11-14
634,Vanessa,Chrystel,Vanessa.Chrystel@yopmail.com,1928-02-08
635,Sibella,Schroth,Sibella.Schroth@yopmail.com,1954-02-08
636,Reeba,Gerge,Reeba.Gerge@yopmail.com,1989-06-14
637,Jerry,O'Neill,Jerry.O'Neill@yopmail.com,1970-02-24
638,Reeba,Drus,Reeba.Drus@yopmail.com,2006-03-02
639,Nanete,Millda,Nanete.Millda@yopmail.com,2013-08-28
640,Ermengarde,Pandolfi,Ermengarde.Pandolfi@yopmail.com,1937-01-29
641,Jessamyn,Serilda,Jessamyn.Serilda@yopmail.com,2007-05-31
642,Dawn,Ellerey,Dawn.Ellerey@yopmail.com,1960-09-05
643,Jordan,Sherrie,Jordan.Sherrie@yopmail.com,1976-10-24
644,Cathyleen,Han,Cathyleen.Han@yopmail.com,1955-11-25
645,Collen,Morehouse,Collen.Morehouse@yopmail.com,2014-06-07
646,Rivalee,Hashim,Rivalee.Hashim@yopmail.com,1985-02-26
647,Sheree,Cristi,Sheree.Cristi@yopmail.com,1952-06-05
648,Mamie,Fiann,Mamie.Fiann@yopmail.com,1957-06-18
649,Bobbi,Septima,Bobbi.Septima@yopmail.com,2013-01-20
650,Gwenneth,Liebermann,Gwenneth.Liebermann@yopmail.com,1910-03-08
651,Robinia,Skell,Robinia.Skell@yopmail.com,1945-10-30
652,Consuela,Margarete,Consuela.Margarete@yopmail.com,1933-10-10
653,Siana,Orelee,Siana.Orelee@yopmail.com,1923-10-06
654,Delilah,Neva,Delilah.Neva@yopmail.com,1965-10-13
655,Romona,Suanne,Romona.Suanne@yopmail.com,1984-03-29
656,Kylynn,Means,Kylynn.Means@yopmail.com,1954-02-15
657,Orsola,Rosette,Orsola.Rosette@yopmail.com,1981-12-01
658,Concettina,Kravits,Concettina.Kravits@yopmail.com,1922-09-21
659,Augustine,Felecia,Augustine.Felecia@yopmail.com,1962-07-15
660,Kalina,Rosemary,Kalina.Rosemary@yopmail.com,2017-03-28
661,Ariela,Milson,Ariela.Milson@yopmail.com,1931-06-08
662,Keelia,Dom,Keelia.Dom@yopmail.com,1920-11-19
663,Lusa,Jaylene,Lusa.Jaylene@yopmail.com,1996-01-24
664,Leanna,Posner,Leanna.Posner@yopmail.com,1914-09-11
665,Dulcinea,Reidar,Dulcinea.Reidar@yopmail.com,1972-08-29
666,Cyndie,Hoenack,Cyndie.Hoenack@yopmail.com,1958-12-07
667,Tera,Dowski,Tera.Dowski@yopmail.com,1935-03-22
668,Devina,Burnside,Devina.Burnside@yopmail.com,2001-11-03
669,Berget,Bendick,Berget.Bendick@yopmail.com,1939-07-22
670,Tierney,Abram,Tierney.Abram@yopmail.com,1998-02-23
671,Inga,Myrilla,Inga.Myrilla@yopmail.com,1953-03-05
672,Tatiania,Rugen,Tatiania.Rugen@yopmail.com,1987-03-31
673,Nicoli,Presber,Nicoli.Presber@yopmail.com,1937-06-30
674,Ida,Xerxes,Ida.Xerxes@yopmail.com,1956-01-27
675,Melisent,Knowling,Melisent.Knowling@yopmail.com,1944-11-07
676,Amalie,Bluh,Amalie.Bluh@yopmail.com,1998-03-04
677,Judy,Munn,Judy.Munn@yopmail.com,1920-12-24
678,Vita,Fink,Vita.Fink@yopmail.com,2019-02-08
679,Carilyn,Yam,Carilyn.Yam@yopmail.com,1988-01-09
680,Gilda,Norrie,Gilda.Norrie@yopmail.com,1952-09-09
681,Ada,Cimbura,Ada.Cimbura@yopmail.com,1966-05-29
682,Alyssa,Robertson,Alyssa.Robertson@yopmail.com,2013-06-21
683,Tybie,Suzetta,Tybie.Suzetta@yopmail.com,2004-02-24
684,Zaria,Sidonius,Zaria.Sidonius@yopmail.com,1900-06-02
685,Flo,Helve,Flo.Helve@yopmail.com,1942-07-02
686,Sandie,Harriman,Sandie.Harriman@yopmail.com,1935-09-02
687,Amii,Seessel,Amii.Seessel@yopmail.com,1997-01-22
688,Theodora,Stover,Theodora.Stover@yopmail.com,1988-08-16
689,Genevra,Thad,Genevra.Thad@yopmail.com,1946-01-04
690,Christian,Tremayne,Christian.Tremayne@yopmail.com,1973-09-20
691,Halette,Syd,Halette.Syd@yopmail.com,1953-05-08
692,Margalo,Ackerley,Margalo.Ackerley@yopmail.com,1907-08-21
693,Ana,Hilbert,Ana.Hilbert@yopmail.com,1965-11-19
694,Myriam,Skell,Myriam.Skell@yopmail.com,1933-07-26
695,Briney,Heidt,Briney.Heidt@yopmail.com,2003-03-26
696,Zsa Zsa,Giule,Zsa Zsa.Giule@yopmail.com,1909-06-20
697,Shell,Moseley,Shell.Moseley@yopmail.com,1919-09-06
698,Dyann,Faria,Dyann.Faria@yopmail.com,1981-08-28
699,Nelle,Brandice,Nelle.Brandice@yopmail.com,1914-10-17
700,Jinny,Montgomery,Jinny.Montgomery@yopmail.com,1998-07-15
701,Elvira,Talia,Elvira.Talia@yopmail.com,1908-06-12
702,Hope,Demitria,Hope.Demitria@yopmail.com,1960-07-31
703,Ana,Ilka,Ana.Ilka@yopmail.com,1945-01-18
704,Jobi,Philipp,Jobi.Philipp@yopmail.com,1987-03-27
705,Carolina,Reneta,Carolina.Reneta@yopmail.com,2019-07-05
706,Mariele,Dom,Mariele.Dom@yopmail.com,1994-04-13
707,Arlena,Leonard,Arlena.Leonard@yopmail.com,1905-02-11
708,Blinni,Auberbach,Blinni.Auberbach@yopmail.com,1993-12-11
709,Tomasina,Kermit,Tomasina.Kermit@yopmail.com,1990-12-14
710,Valeda,Schonfeld,Valeda.Schonfeld@yopmail.com,1921-05-03
711,Deane,Stover,Deane.Stover@yopmail.com,1970-09-28
712,Willetta,Ciapas,Willetta.Ciapas@yopmail.com,2009-09-20
713,Selma,Cadmar,Selma.Cadmar@yopmail.com,1917-03-14
714,Nerta,Poppy,Nerta.Poppy@yopmail.com,1937-09-11
715,Kellen,Kesley,Kellen.Kesley@yopmail.com,2003-07-24
716,Fidelia,Shama,Fidelia.Shama@yopmail.com,1906-03-10
717,Nikki,Even,Nikki.Even@yopmail.com,1914-11-08
718,Doralynne,Letsou,Doralynne.Letsou@yopmail.com,1930-01-24
719,Halette,Alcott,Halette.Alcott@yopmail.com,1904-11-23
720,Dania,Bollay,Dania.Bollay@yopmail.com,1985-10-29
721,Raina,Diogenes,Raina.Diogenes@yopmail.com,1982-07-30
722,Aaren,Behre,Aaren.Behre@yopmail.com,2005-11-04
723,Beverley,Lorenz,Beverley.Lorenz@yopmail.com,2013-07-20
724,Ada,Erlandson,Ada.Erlandson@yopmail.com,1940-04-23
725,Keelia,Lia,Keelia.Lia@yopmail.com,1962-01-24
726,Aurelie,Riordan,Aurelie.Riordan@yopmail.com,1959-06-09
727,Aili,Ciapas,Aili.Ciapas@yopmail.com,1901-06-27
728,Shirlee,Raama,Shirlee.Raama@yopmail.com,1967-09-16
729,Delilah,Sibyls,Delilah.Sibyls@yopmail.com,1999-06-25
730,Roslyn,Waite,Roslyn.Waite@yopmail.com,2008-08-31
731,Priscilla,Tacye,Priscilla.Tacye@yopmail.com,1966-11-24
732,Abbie,Richers,Abbie.Richers@yopmail.com,1938-09-19
733,Bibby,Payson,Bibby.Payson@yopmail.com,1978-07-02
734,Dagmar,Jagir,Dagmar.Jagir@yopmail.com,1911-08-04
735,Gabriellia,Donoghue,Gabriellia.Donoghue@yopmail.com,1968-06-21
736,Caressa,Firmin,Caressa.Firmin@yopmail.com,1983-01-24
737,Berta,Rossner,Berta.Rossner@yopmail.com,1984-11-21
738,Nelle,Zeeba,Nelle.Zeeba@yopmail.com,1961-05-07
739,Ursulina,Cookie,Ursulina.Cookie@yopmail.com,1904-09-28
740,Karolina,Croix,Karolina.Croix@yopmail.com,1967-04-18
741,Vivia,Ardra,Vivia.Ardra@yopmail.com,1901-06-19
742,Annaliese,Jalbert,Annaliese.Jalbert@yopmail.com,2008-09-28
743,Jobi,Nickola,Jobi.Nickola@yopmail.com,1960-01-03
744,Gabriellia,Chrystel,Gabriellia.Chrystel@yopmail.com,1981-11-10
745,Phedra,Jorgan,Phedra.Jorgan@yopmail.com,1980-05-31
746,Ulrike,Carey,Ulrike.Carey@yopmail.com,1943-09-18
747,Eve,Hoenack,Eve.Hoenack@yopmail.com,1915-03-12
748,Tomasina,Jacobah,Tomasina.Jacobah@yopmail.com,1928-03-19
749,Evaleen,Bashemeth,Evaleen.Bashemeth@yopmail.com,1988-12-23
750,Clementine,Erlandson,Clementine.Erlandson@yopmail.com,1979-03-28
751,Kamilah,Wilkinson,Kamilah.Wilkinson@yopmail.com,1958-05-19
752,Eve,Tjon,Eve.Tjon@yopmail.com,1941-01-16
753,Nollie,Simmonds,Nollie.Simmonds@yopmail.com,1977-08-08
754,Renie,Zuzana,Renie.Zuzana@yopmail.com,1955-08-13
755,Ruthe,Erich,Ruthe.Erich@yopmail.com,1946-07-09
756,Sabina,Susannah,Sabina.Susannah@yopmail.com,1953-06-15
757,Madelle,Rolf,Madelle.Rolf@yopmail.com,1929-12-30
758,Alyssa,Bennie,Alyssa.Bennie@yopmail.com,1925-02-17
759,Iseabal,Magdalen,Iseabal.Magdalen@yopmail.com,1908-04-05
760,Giustina,Tacye,Giustina.Tacye@yopmail.com,1993-07-25
761,Lucille,Cullin,Lucille.Cullin@yopmail.com,1990-08-08
762,Emylee,Sheng,Emylee.Sheng@yopmail.com,1950-08-30
763,Louella,Leffen,Louella.Leffen@yopmail.com,1901-01-01
764,Robinia,Eben,Robinia.Eben@yopmail.com,1980-03-26
765,Mallory,Lanita,Mallory.Lanita@yopmail.com,1932-12-16
766,Monika,Tiffa,Monika.Tiffa@yopmail.com,2012-02-03
767,Adelle,Center,Adelle.Center@yopmail.com,1934-01-09
768,Kirbee,Billye,Kirbee.Billye@yopmail.com,1960-12-20
769,Kathi,Buckler,Kathi.Buckler@yopmail.com,1982-11-25
770,Orelia,Ciro,Orelia.Ciro@yopmail.com,2007-10-05
771,Vivia,Danby,Vivia.Danby@yopmail.com,1923-11-03
772,Sashenka,Hermes,Sashenka.Hermes@yopmail.com,1928-03-29
773,Misha,Tarrant,Misha.Tarrant@yopmail.com,1935-07-02
774,Alyda,Terencio,Alyda.Terencio@yopmail.com,2004-10-23
775,Dianemarie,Viddah,Dianemarie.Viddah@yopmail.com,1980-11-15
776,Berget,Korey,Berget.Korey@yopmail.com,1923-05-02
777,Letizia,Arley,Letizia.Arley@yopmail.com,1963-03-25
778,Sandie,Othilia,Sandie.Othilia@yopmail.com,2009-07-19
779,Misha,Anderea,Misha.Anderea@yopmail.com,1905-02-10
780,Reeba,Kathie,Reeba.Kathie@yopmail.com,2015-08-05
781,Silvana,Standing,Silvana.Standing@yopmail.com,1967-08-24
782,Leanna,Rebecka,Leanna.Rebecka@yopmail.com,1988-10-06
783,Kirbee,Smitt,Kirbee.Smitt@yopmail.com,1929-08-05
784,Vanessa,Goerke,Vanessa.Goerke@yopmail.com,1936-04-09
785,Nikki,Toffic,Nikki.Toffic@yopmail.com,1922-05-10
786,Willetta,Breed,Willetta.Breed@yopmail.com,1967-08-23
787,Janeczka,Friede,Janeczka.Friede@yopmail.com,1955-09-11
788,Sam,Saree,Sam.Saree@yopmail.com,1945-01-17
789,Harmonia,Gunn,Harmonia.Gunn@yopmail.com,1992-11-10
790,Claudina,Kat,Claudina.Kat@yopmail.com,1976-09-10
791,Raf,Vharat,Raf.Vharat@yopmail.com,1951-05-17
792,Jerry,Terencio,Jerry.Terencio@yopmail.com,1992-06-09
793,Candi,Chobot,Candi.Chobot@yopmail.com,1948-12-22
794,Carlie,Eliathas,Carlie.Eliathas@yopmail.com,1910-09-27
795,Mady,Kussell,Mady.Kussell@yopmail.com,1937-02-08
796,Tersina,Kirstin,Tersina.Kirstin@yopmail.com,1926-08-09
797,Antonietta,Iiette,Antonietta.Iiette@yopmail.com,1906-07-16
798,Henriette,Cecile,Henriette.Cecile@yopmail.com,1970-04-11
799,Alleen,Randene,Alleen.Randene@yopmail.com,1946-01-14
800,Kerrin,Mayeda,Kerrin.Mayeda@yopmail.com,1935-09-29
801,Lanae,Ferrell,Lanae.Ferrell@yopmail.com,1976-10-06
802,Valli,Peg,Valli.Peg@yopmail.com,2005-10-01
803,Perry,Clara,Perry.Clara@yopmail.com,1902-12-15
804,Paola,Lymann,Paola.Lymann@yopmail.com,1986-06-01
805,Dione,Virgin,Dione.Virgin@yopmail.com,1994-07-16
806,Rozele,Clie,Rozele.Clie@yopmail.com,1936-05-08
807,Dale,Mullane,Dale.Mullane@yopmail.com,1906-09-01
808,Orsola,Evangelia,Orsola.Evangelia@yopmail.com,1934-05-03
809,Shauna,Faust,Shauna.Faust@yopmail.com,2005-12-24
810,Jinny,Dudley,Jinny.Dudley@yopmail.com,1934-12-25
811,Corly,Suanne,Corly.Suanne@yopmail.com,2009-08-23
812,Fred,Sheedy,Fred.Sheedy@yopmail.com,1950-03-18
813,Courtnay,Blisse,Courtnay.Blisse@yopmail.com,1925-02-04
814,Madalyn,Yuille,Madalyn.Yuille@yopmail.com,1955-06-02
815,Tierney,Rustice,Tierney.Rustice@yopmail.com,1932-04-26
816,Chloris,Moina,Chloris.Moina@yopmail.com,1989-11-23
817,Christian,Evvie,Christian.Evvie@yopmail.com,1941-03-28
818,Pollyanna,Vorster,Pollyanna.Vorster@yopmail.com,2002-11-30
819,Sabina,Fosque,Sabina.Fosque@yopmail.com,1947-12-15
820,Ardys,Susannah,Ardys.Susannah@yopmail.com,1965-07-14
821,Jennica,Ferrell,Jennica.Ferrell@yopmail.com,1999-06-16
822,Rochette,Shaddock,Rochette.Shaddock@yopmail.com,1932-03-07
823,Margette,Martguerita,Margette.Martguerita@yopmail.com,1956-10-13
824,Dede,Letsou,Dede.Letsou@yopmail.com,1991-11-23
825,Robinia,Brittani,Robinia.Brittani@yopmail.com,1978-10-04
826,Vita,Dannye,Vita.Dannye@yopmail.com,2005-11-25
827,Fredericka,Bergman,Fredericka.Bergman@yopmail.com,1933-03-19
828,Catrina,Sundin,Catrina.Sundin@yopmail.com,1961-07-05
829,Ulrike,Federica,Ulrike.Federica@yopmail.com,1999-08-23
830,Roz,Devlen,Roz.Devlen@yopmail.com,1937-01-05
831,Regina,Judye,Regina.Judye@yopmail.com,1972-08-28
832,Daphne,Noam,Daphne.Noam@yopmail.com,1900-05-06
833,Nannie,Tannie,Nannie.Tannie@yopmail.com,2017-06-04
834,Ilse,Shields,Ilse.Shields@yopmail.com,2015-04-16
835,Anica,Yate,Anica.Yate@yopmail.com,1909-11-23
836,Fayre,Skurnik,Fayre.Skurnik@yopmail.com,1954-11-19
837,Orelia,Beniamino,Orelia.Beniamino@yopmail.com,2015-06-20
838,Pearline,Bakerman,Pearline.Bakerman@yopmail.com,1995-08-23
839,Marsiella,Connelly,Marsiella.Connelly@yopmail.com,2015-10-08
840,Merrie,Gunn,Merrie.Gunn@yopmail.com,1930-09-26
841,Jemie,Gower,Jemie.Gower@yopmail.com,1928-06-10
842,Kate,Toni,Kate.Toni@yopmail.com,1955-11-28
843,Laurene,Edmund,Laurene.Edmund@yopmail.com,1957-09-16
844,Christal,Colbert,Christal.Colbert@yopmail.com,1936-07-06
845,Robinia,Gamaliel,Robinia.Gamaliel@yopmail.com,1937-05-17
846,Josephine,Arquit,Josephine.Arquit@yopmail.com,2011-08-12
847,Antonietta,Wooster,Antonietta.Wooster@yopmail.com,1942-09-15
848,Alameda,Eben,Alameda.Eben@yopmail.com,1908-12-28
849,Riannon,Kazimir,Riannon.Kazimir@yopmail.com,2002-07-19
850,Marline,Ephrem,Marline.Ephrem@yopmail.com,1915-05-16
851,Pamella,Kaja,Pamella.Kaja@yopmail.com,1982-01-19
852,Ada,Buckler,Ada.Buckler@yopmail.com,1937-04-30
853,Corry,Behre,Corry.Behre@yopmail.com,1945-06-08
854,Kaja,Juliet,Kaja.Juliet@yopmail.com,1934-12-05
855,Wendi,Sherrie,Wendi.Sherrie@yopmail.com,1926-02-03
856,Cacilie,Roarke,Cacilie.Roarke@yopmail.com,1993-08-20
857,Laure,Dahlia,Laure.Dahlia@yopmail.com,1976-04-11
858,Ana,Docilla,Ana.Docilla@yopmail.com,1935-10-16
859,Justinn,Skell,Justinn.Skell@yopmail.com,1916-04-07
860,Raquela,Breed,Raquela.Breed@yopmail.com,1999-03-31
861,Elise,Honoria,Elise.Honoria@yopmail.com,1963-11-14
862,Carree,Nicoline,Carree.Nicoline@yopmail.com,1923-08-08
863,Frank,Bertold,Frank.Bertold@yopmail.com,1976-12-01
864,Kirbee,Herrera,Kirbee.Herrera@yopmail.com,1966-06-18
865,Violet,Aaberg,Violet.Aaberg@yopmail.com,1960-08-14
866,Kathy,Aldric,Kathy.Aldric@yopmail.com,1961-07-30
867,Kirstin,Bates,Kirstin.Bates@yopmail.com,1993-12-04
868,Rhea,Ralfston,Rhea.Ralfston@yopmail.com,1987-04-13
869,Chere,Delila,Chere.Delila@yopmail.com,1922-11-28
870,Dania,Gilmour,Dania.Gilmour@yopmail.com,1987-01-21
871,Annaliese,Lynn,Annaliese.Lynn@yopmail.com,2002-05-03
872,Heida,Toni,Heida.Toni@yopmail.com,1921-11-22
873,Alisha,Noam,Alisha.Noam@yopmail.com,2001-07-18
874,Sean,Taima,Sean.Taima@yopmail.com,1987-11-05
875,Cacilie,Ricarda,Cacilie.Ricarda@yopmail.com,1959-01-09
876,Britni,Verger,Britni.Verger@yopmail.com,1995-09-11
877,Yolane,Michella,Yolane.Michella@yopmail.com,1955-07-09
878,Jinny,Clara,Jinny.Clara@yopmail.com,1902-06-16
879,Paola,Truc,Paola.Truc@yopmail.com,2010-05-21
880,Briney,Gwenore,Briney.Gwenore@yopmail.com,1968-09-29
881,Wynne,Teddman,Wynne.Teddman@yopmail.com,1958-08-30
882,Allyce,Burch,Allyce.Burch@yopmail.com,2014-04-08
883,Raina,Means,Raina.Means@yopmail.com,1910-04-10
884,Marcy,Seligman,Marcy.Seligman@yopmail.com,1965-12-21
885,Celene,Manolo,Celene.Manolo@yopmail.com,1963-02-26
886,Livvyy,Sherrie,Livvyy.Sherrie@yopmail.com,2006-06-21
887,Tilly,Haerr,Tilly.Haerr@yopmail.com,1997-10-05
888,Alameda,Alexandr,Alameda.Alexandr@yopmail.com,1953-08-02
889,Gianina,Gherardo,Gianina.Gherardo@yopmail.com,1942-03-01
890,Judy,Nerita,Judy.Nerita@yopmail.com,1942-01-24
891,Gloria,Waite,Gloria.Waite@yopmail.com,1939-11-08
892,Flo,Sidonius,Flo.Sidonius@yopmail.com,1969-10-01
893,Ana,Hermes,Ana.Hermes@yopmail.com,1976-04-29
894,Caryl,Cullin,Caryl.Cullin@yopmail.com,1905-11-30
895,Fawne,Willie,Fawne.Willie@yopmail.com,2003-01-25
896,Gaylene,Naashom,Gaylene.Naashom@yopmail.com,1923-12-19
897,Daune,Durware,Daune.Durware@yopmail.com,1969-07-15
898,Dawn,Old,Dawn.Old@yopmail.com,2016-04-06
899,Fawne,Bobbee,Fawne.Bobbee@yopmail.com,1926-12-29
900,Cecile,Belanger,Cecile.Belanger@yopmail.com,1955-04-11
901,Margette,Macey,Margette.Macey@yopmail.com,1932-10-30
902,Marcelline,Nadia,Marcelline.Nadia@yopmail.com,1995-07-28
903,Celisse,Bibi,Celisse.Bibi@yopmail.com,2005-10-18
904,Ariela,Lunsford,Ariela.Lunsford@yopmail.com,1935-11-23
905,Elie,Sikorski,Elie.Sikorski@yopmail.com,1967-04-21
906,Hope,Christine,Hope.Christine@yopmail.com,1908-12-23
907,Lisette,Ciapas,Lisette.Ciapas@yopmail.com,1962-12-27
908,Christal,Pillsbury,Christal.Pillsbury@yopmail.com,1949-03-06
909,Annecorinne,Geffner,Annecorinne.Geffner@yopmail.com,1998-06-01
910,Eve,Laverne,Eve.Laverne@yopmail.com,2009-07-18
911,Cassandra,Flita,Cassandra.Flita@yopmail.com,1969-12-24
912,Elyssa,Cristi,Elyssa.Cristi@yopmail.com,1917-07-08
913,Chandra,Wind,Chandra.Wind@yopmail.com,1961-10-19
914,Feliza,Camden,Feliza.Camden@yopmail.com,1959-10-15
915,Jsandye,Wind,Jsandye.Wind@yopmail.com,1949-10-11
916,Jerry,Germann,Jerry.Germann@yopmail.com,1910-03-26
917,Fanny,Wu,Fanny.Wu@yopmail.com,1949-05-17
918,Kathy,Dosia,Kathy.Dosia@yopmail.com,2007-06-01
919,Ann-Marie,Berl,Ann-Marie.Berl@yopmail.com,1937-02-07
920,Christal,Phyllis,Christal.Phyllis@yopmail.com,1960-03-03
921,Nataline,Cornelia,Nataline.Cornelia@yopmail.com,2019-05-05
922,Clementine,Melan,Clementine.Melan@yopmail.com,1966-08-03
923,Jemie,Ruvolo,Jemie.Ruvolo@yopmail.com,1962-12-30
924,Clary,Gunn,Clary.Gunn@yopmail.com,2003-05-11
925,Lyssa,Philipp,Lyssa.Philipp@yopmail.com,1905-09-24
926,Wendi,Quent,Wendi.Quent@yopmail.com,1998-03-27
927,Alexine,Philipp,Alexine.Philipp@yopmail.com,1918-12-01
928,Heddie,Jaylene,Heddie.Jaylene@yopmail.com,1931-06-15
929,Lily,Gert,Lily.Gert@yopmail.com,1910-06-20
930,Ginnie,Margarete,Ginnie.Margarete@yopmail.com,2003-10-10
931,Dennie,Zola,Dennie.Zola@yopmail.com,1932-12-13
932,Frieda,Brunell,Frieda.Brunell@yopmail.com,1930-01-07
933,Susette,Cornelia,Susette.Cornelia@yopmail.com,1972-05-05
934,Courtnay,Septima,Courtnay.Septima@yopmail.com,1923-11-21
935,Orsola,Koehler,Orsola.Koehler@yopmail.com,1951-02-03
936,Maurene,Soneson,Maurene.Soneson@yopmail.com,1997-11-19
937,Ottilie,Danby,Ottilie.Danby@yopmail.com,2002-02-18
938,Gaylene,Bultman,Gaylene.Bultman@yopmail.com,1949-03-15
939,Rhea,Fabiola,Rhea.Fabiola@yopmail.com,1937-03-26
940,Molli,Wallis,Molli.Wallis@yopmail.com,1972-07-05
941,Maud,Vanni,Maud.Vanni@yopmail.com,1962-12-20
942,Rivalee,Yusuk,Rivalee.Yusuk@yopmail.com,1970-12-28
943,Dorice,Dyche,Dorice.Dyche@yopmail.com,1909-06-16
944,Rebeca,McCutcheon,Rebeca.McCutcheon@yopmail.com,1993-09-07
945,Kayla,Peg,Kayla.Peg@yopmail.com,1960-08-07
946,Fidelia,Podvin,Fidelia.Podvin@yopmail.com,1952-01-18
947,Cherilyn,Angelis,Cherilyn.Angelis@yopmail.com,2008-06-09
948,Susette,Buttaro,Susette.Buttaro@yopmail.com,2003-06-19
949,Mady,Clie,Mady.Clie@yopmail.com,2003-04-30
950,Ginnie,Ferrell,Ginnie.Ferrell@yopmail.com,1952-07-30
951,Phylis,Brittani,Phylis.Brittani@yopmail.com,1996-08-16
952,Sabina,Martsen,Sabina.Martsen@yopmail.com,2005-03-08
953,Raf,Pacorro,Raf.Pacorro@yopmail.com,1970-03-09
954,Tressa,Kevon,Tressa.Kevon@yopmail.com,1981-10-04
955,Mellicent,Arley,Mellicent.Arley@yopmail.com,2004-09-09
956,Orsola,Wesle,Orsola.Wesle@yopmail.com,1907-08-27
957,Lanna,Lewes,Lanna.Lewes@yopmail.com,1981-03-15
958,Frances,Rillings,Frances.Rillings@yopmail.com,1979-05-19
959,Belinda,Zuzana,Belinda.Zuzana@yopmail.com,1994-09-27
960,Teriann,Berriman,Teriann.Berriman@yopmail.com,1986-01-16
961,Violet,Aurelio,Violet.Aurelio@yopmail.com,2015-08-07
962,Nariko,Whittaker,Nariko.Whittaker@yopmail.com,2000-03-26
963,Celene,Klemperer,Celene.Klemperer@yopmail.com,1971-08-21
964,Minne,Cosenza,Minne.Cosenza@yopmail.com,1973-03-29
965,Cecile,Phyllis,Cecile.Phyllis@yopmail.com,1988-03-24
966,Trudie,Eben,Trudie.Eben@yopmail.com,1959-09-21
967,Myrtice,Kronfeld,Myrtice.Kronfeld@yopmail.com,1997-08-14
968,Vivia,Larochelle,Vivia.Larochelle@yopmail.com,1915-04-21
969,Charlena,Rozanna,Charlena.Rozanna@yopmail.com,2005-10-14
970,Morganica,Atonsah,Morganica.Atonsah@yopmail.com,1933-04-02
971,Kate,Roscoe,Kate.Roscoe@yopmail.com,1935-02-24
972,Lulita,Vary,Lulita.Vary@yopmail.com,1916-11-16
973,Roxane,Greenwald,Roxane.Greenwald@yopmail.com,1947-06-13
974,Arlina,Wittie,Arlina.Wittie@yopmail.com,1960-04-08
975,Danny,Fax,Danny.Fax@yopmail.com,1931-03-16
976,Ulrike,Parsaye,Ulrike.Parsaye@yopmail.com,2015-05-30
977,Louella,Liva,Louella.Liva@yopmail.com,1921-08-24
978,Modestia,Sherrie,Modestia.Sherrie@yopmail.com,2014-12-31
979,Binny,Colleen,Binny.Colleen@yopmail.com,1925-07-15
980,Dorene,Delila,Dorene.Delila@yopmail.com,2002-07-03
981,Wilma,Colbert,Wilma.Colbert@yopmail.com,1972-11-05
982,Goldie,Giff,Goldie.Giff@yopmail.com,2000-10-04
983,Millie,Joseph,Millie.Joseph@yopmail.com,1904-01-21
984,Teddie,Santoro,Teddie.Santoro@yopmail.com,1998-07-10
985,Codie,Roxanna,Codie.Roxanna@yopmail.com,2008-08-16
986,Shannah,Warthman,Shannah.Warthman@yopmail.com,1931-11-02
987,Lizzie,Craggie,Lizzie.Craggie@yopmail.com,1971-11-27
988,Tomasina,Gwenore,Tomasina.Gwenore@yopmail.com,1999-12-13
989,Netty,Aloise,Netty.Aloise@yopmail.com,2012-08-21
990,Steffane,Zuzana,Steffane.Zuzana@yopmail.com,1902-07-05
991,Laure,Even,Laure.Even@yopmail.com,1973-01-28
992,Heddie,Pernick,Heddie.Pernick@yopmail.com,1994-12-04
993,Camile,Casimir,Camile.Casimir@yopmail.com,2008-06-30
994,Rivalee,Rona,Rivalee.Rona@yopmail.com,2013-01-12
995,Dominga,An,Dominga.An@yopmail.com,2012-09-06
996,Aimil,Ranjiv,Aimil.Ranjiv@yopmail.com,1904-09-06
997,Wileen,Gusella,Wileen.Gusella@yopmail.com,1995-06-04
998,Sophia,Shelba,Sophia.Shelba@yopmail.com,1906-01-16
999,Brana,Lewes,Brana.Lewes@yopmail.com,1956-11-07
1000,Paule,Shaddock,Paule.Shaddock@yopmail.com,1917-04-06
1001,Vonny,Jerold,Vonny.Jerold@yopmail.com,2018-09-27
1002,Caritta,Ahab,Caritta.Ahab@yopmail.com,1915-01-08
1003,Nariko,Han,Nariko.Han@yopmail.com,1908-04-06
1004,Andree,Lea,Andree.Lea@yopmail.com,1924-07-17
1005,Hollie,Sadowski,Hollie.Sadowski@yopmail.com,1996-04-18
1006,Joeann,Garek,Joeann.Garek@yopmail.com,1948-07-19
1007,Sibella,Publia,Sibella.Publia@yopmail.com,2008-05-13
1008,Nerta,Gwenore,Nerta.Gwenore@yopmail.com,1974-07-01
1009,Candy,Greenwald,Candy.Greenwald@yopmail.com,2017-08-04
1010,Judy,Maurine,Judy.Maurine@yopmail.com,2016-07-24
1011,Shell,Nikaniki,Shell.Nikaniki@yopmail.com,1904-02-01
1012,Renae,Cyrie,Renae.Cyrie@yopmail.com,1914-04-23
1013,Camile,Edmund,Camile.Edmund@yopmail.com,1948-03-03
1014,Asia,Winnick,Asia.Winnick@yopmail.com,1953-02-11
1015,Karolina,Shaddock,Karolina.Shaddock@yopmail.com,1988-02-08
1016,Aurore,Giff,Aurore.Giff@yopmail.com,1952-05-16
1017,Jerry,Romelda,Jerry.Romelda@yopmail.com,2017-10-04
1018,Catharine,Stefa,Catharine.Stefa@yopmail.com,1976-07-24
1019,Merle,Brotherson,Merle.Brotherson@yopmail.com,1905-02-08
1020,Lanna,Jalbert,Lanna.Jalbert@yopmail.com,1942-12-11
1021,Sean,Wadell,Sean.Wadell@yopmail.com,1968-09-07
1022,Ekaterina,Norvol,Ekaterina.Norvol@yopmail.com,1909-06-05
1023,Kalina,Lucienne,Kalina.Lucienne@yopmail.com,1946-04-18
1024,Lauryn,Doig,Lauryn.Doig@yopmail.com,1925-04-06
1025,Demetris,Ursulette,Demetris.Ursulette@yopmail.com,1975-07-21
1026,Hildegaard,Dreda,Hildegaard.Dreda@yopmail.com,1929-02-07
1027,Arlina,Sancho,Arlina.Sancho@yopmail.com,1911-01-05
1028,Laure,Brenn,Laure.Brenn@yopmail.com,1964-04-24
1029,Marita,Eliathas,Marita.Eliathas@yopmail.com,2002-03-04
1030,Esmeralda,Corabella,Esmeralda.Corabella@yopmail.com,2009-06-29
1031,Patricia,Goerke,Patricia.Goerke@yopmail.com,2018-03-06
1032,Gerrie,Valerio,Gerrie.Valerio@yopmail.com,1908-08-27
1033,Mignon,Norvol,Mignon.Norvol@yopmail.com,1926-10-13
1034,Gloria,Dulciana,Gloria.Dulciana@yopmail.com,1993-08-17
1035,Orsola,Decato,Orsola.Decato@yopmail.com,1988-04-03
1036,Calla,Brieta,Calla.Brieta@yopmail.com,1900-09-09
1037,Reeba,Halsey,Reeba.Halsey@yopmail.com,1939-12-01
1038,Randa,Brandice,Randa.Brandice@yopmail.com,1935-04-05
1039,Ardys,Ilka,Ardys.Ilka@yopmail.com,1970-10-23
1040,Merry,Brady,Merry.Brady@yopmail.com,1989-01-25
1041,June,Ciapas,June.Ciapas@yopmail.com,1917-08-21
1042,Agnese,Gwenore,Agnese.Gwenore@yopmail.com,1977-06-18
1043,Jemie,Izaak,Jemie.Izaak@yopmail.com,2007-07-09
1044,Hallie,Shields,Hallie.Shields@yopmail.com,1945-11-05
1045,Ulrike,Wadell,Ulrike.Wadell@yopmail.com,1913-01-20
1046,Philis,Seessel,Philis.Seessel@yopmail.com,1908-01-15
1047,Trixi,Magnolia,Trixi.Magnolia@yopmail.com,2014-08-04
1048,Patricia,Bivins,Patricia.Bivins@yopmail.com,1949-03-27
1049,Melina,Tjon,Melina.Tjon@yopmail.com,1901-11-19
1050,Orsola,Havens,Orsola.Havens@yopmail.com,1908-01-17
1051,Brena,Toni,Brena.Toni@yopmail.com,2004-12-10
1052,Raf,Hashim,Raf.Hashim@yopmail.com,1921-03-16
1053,Regina,Valerio,Regina.Valerio@yopmail.com,1969-01-14
1054,Wileen,Quinn,Wileen.Quinn@yopmail.com,2006-05-06
1055,Candy,Kristi,Candy.Kristi@yopmail.com,1964-10-25
1056,Ethel,Phaidra,Ethel.Phaidra@yopmail.com,2015-03-26
1057,Marleah,Karna,Marleah.Karna@yopmail.com,2013-01-29
1058,Jolyn,Secrest,Jolyn.Secrest@yopmail.com,1977-04-19
1059,Kary,Faso,Kary.Faso@yopmail.com,1998-08-04
1060,Edee,Joseph,Edee.Joseph@yopmail.com,1973-12-15
1061,Amelia,Rubie,Amelia.Rubie@yopmail.com,1914-05-21
1062,Jasmina,Bivins,Jasmina.Bivins@yopmail.com,1959-08-02
1063,Lauryn,Fontana,Lauryn.Fontana@yopmail.com,1999-03-26
1064,Barbara,Hoenack,Barbara.Hoenack@yopmail.com,1943-11-25
1065,Emmey,Holbrook,Emmey.Holbrook@yopmail.com,1966-08-20
1066,Yetty,Tomasina,Yetty.Tomasina@yopmail.com,1953-12-01
1067,Codie,Ogren,Codie.Ogren@yopmail.com,1982-09-11
1068,Gianina,Adore,Gianina.Adore@yopmail.com,1992-09-26
1069,Letizia,Birdella,Letizia.Birdella@yopmail.com,2018-11-20
1070,Jemie,Fancie,Jemie.Fancie@yopmail.com,1995-12-11
1071,Danika,Salvidor,Danika.Salvidor@yopmail.com,1908-04-05
1072,Nariko,Lilybelle,Nariko.Lilybelle@yopmail.com,1930-09-17
1073,Ivett,Schalles,Ivett.Schalles@yopmail.com,1942-12-02
1074,Melodie,Bendick,Melodie.Bendick@yopmail.com,1907-02-03
1075,Di,Catie,Di.Catie@yopmail.com,1960-12-26
1076,Tomasina,Lesley,Tomasina.Lesley@yopmail.com,1945-10-03
1077,Claudina,Hieronymus,Claudina.Hieronymus@yopmail.com,1989-08-25
1078,Fred,Odysseus,Fred.Odysseus@yopmail.com,1939-01-03
1079,Jolyn,Wadell,Jolyn.Wadell@yopmail.com,1904-03-04
1080,Theodora,Harday,Theodora.Harday@yopmail.com,1928-03-23
1081,Helena,Riva,Helena.Riva@yopmail.com,1990-04-04
1082,Trudie,Wyn,Trudie.Wyn@yopmail.com,2012-08-13
1083,Catharine,Soneson,Catharine.Soneson@yopmail.com,1964-12-18
1084,Gertrud,Lucienne,Gertrud.Lucienne@yopmail.com,1914-09-24
1085,Candy,Penelopa,Candy.Penelopa@yopmail.com,1942-10-02
1086,Gwenneth,Greenwald,Gwenneth.Greenwald@yopmail.com,1950-09-25
1087,Carmela,Urias,Carmela.Urias@yopmail.com,1962-12-17
1088,Tonia,Norvol,Tonia.Norvol@yopmail.com,1981-09-30
1089,Bertine,Boycey,Bertine.Boycey@yopmail.com,1946-03-12
1090,Melanie,Minetta,Melanie.Minetta@yopmail.com,1906-04-23
1091,Vinita,Hessler,Vinita.Hessler@yopmail.com,1991-12-27
1092,Lauryn,Simmonds,Lauryn.Simmonds@yopmail.com,2016-11-13
1093,Alleen,Kendrick,Alleen.Kendrick@yopmail.com,1981-10-07
1094,Bettine,Cecile,Bettine.Cecile@yopmail.com,1991-05-01
1095,Aimil,Kauppi,Aimil.Kauppi@yopmail.com,2001-05-03
1096,Carilyn,Even,Carilyn.Even@yopmail.com,2018-06-02
1097,Mariann,Adlare,Mariann.Adlare@yopmail.com,1984-12-29
1098,Veda,Faso,Veda.Faso@yopmail.com,1941-08-14
1099,Nollie,Wenda,Nollie.Wenda@yopmail.com,1917-02-14