id,firstname,lastname,email,Field Name
100,Nickie,McLaughlin,Nickie.McLaughlin@yopmail.com,1988-09-03
101,Kimberley,Gahl,Kimberley.Gahl@yopmail.com,2008-09-22
102,Loree,Peti,Loree.Peti@yopmail.com,1926-10-31
103,Veda,Brunell,Veda.Brunell@yopmail.com,1928-09-18
104,Candy,Cadmar,Candy.Cadmar@yopmail.com,1939-01-07
105,Felice,Gemini,Felice.Gemini@yopmail.com,1942-05-29
106,Claresta,Alice,Claresta.Alice@yopmail.com,1907-10-30
107,Molli,Chobot,Molli.Chobot@yopmail.com,1993-04-28
108,Dulce,Pulsifer,Dulce.Pulsifer@yopmail.com,1941-02-22
109,Cacilie,Teddman,Cacilie.Teddman@yopmail.com,1919-07-24
110,Gloria,Rosalba,Gloria.Rosalba@yopmail.com,1957-07-08
111,Winny,Haerr,Winny.Haerr@yopmail.com,2008-02-06
112,Neila,Laurianne,Neila.Laurianne@yopmail.com,1913-02-05
113,Ethel,Brittani,Ethel.Brittani@yopmail.com,1980-02-06
114,Amalie,Campball,Amalie.Campball@yopmail.com,2013-12-22
115,Misha,Kaete,Misha.Kaete@yopmail.com,2003-06-28
116,Caritta,Denis,Caritta.Denis@yopmail.com,1941-09-24
117,Annora,Fosque,Annora.Fosque@yopmail.com,2002-10-30
118,Jackie,Jary,Jackie.Jary@yopmail.com,1966-08-18
119,Helena,Guildroy,Helena.Guildroy@yopmail.com,1953-03-06
120,Mara,Naor,Mara.Naor@yopmail.com,1919-08-20
121,Malina,Leffen,Malina.Leffen@yopmail.com,1999-08-23
122,Lorenza,Halsey,Lorenza.Halsey@yopmail.com,1945-05-29
123,Corry,Duwalt,Corry.Duwalt@yopmail.com,1994-12-28
124,Emilia,Charity,Emilia.Charity@yopmail.com,1999-12-27
125,Joelly,Terencio,Joelly.Terencio@yopmail.com,1930-03-01
126,Annabela,Amasa,Annabela.Amasa@yopmail.com,1952-03-18
127,Tobe,Jacqui,Tobe.Jacqui@yopmail.com,1988-02-13
128,Kellen,Baptlsta,Kellen.Baptlsta@yopmail.com,1988-01-30
129,Renae,Kiersten,Renae.Kiersten@yopmail.com,1995-01-10
130,Johna,Reidar,Johna.Reidar@yopmail.com,2011-01-11
131,Glynnis,Evvie,Glynnis.Evvie@yopmail.com,2019-02-14
132,Clary,Audly,Clary.Audly@yopmail.com,2006-03-26
133,Vere,Martsen,Vere.Martsen@yopmail.com,1901-06-12
134,Mady,Kirbee,Mady.Kirbee@yopmail.com,1931-07-06
135,Deedee,Ricki,Deedee.Ricki@yopmail.com,1986-10-18
136,Althea,Yam,Althea.Yam@yopmail.com,1906-09-19
137,Jackie,Sinegold,Jackie.Sinegold@yopmail.com,1966-07-01
138,Ayn,Sinegold,Ayn.Sinegold@yopmail.com,2002-08-09
139,Tobe,Granoff,Tobe.Granoff@yopmail.com,1948-04-12
140,Barbi,Kiyoshi,Barbi.Kiyoshi@yopmail.com,1914-05-06
141,Nessie,Angelis,Nessie.Angelis@yopmail.com,1994-05-02
142,Annecorinne,Primalia,Annecorinne.Primalia@yopmail.com,1942-02-19
143,Frances,Dominy,Frances.Dominy@yopmail.com,1917-02-01
144,Willetta,Smitt,Willetta.Smitt@yopmail.com,2004-03-04
145,Selma,Fleeta,Selma.Fleeta@yopmail.com,1996-02-04
146,Gusty,Orlene,Gusty.Orlene@yopmail.com,2014-01-02
147,Yvonne,Lauraine,Yvonne.Lauraine@yopmail.com,1957-10-08
148,Madelle,Flita,Madelle.Flita@yopmail.com,2002-06-01
149,Sharlene,Krystle,Sharlene.Krystle@yopmail.com,1990-02-18
150,Elora,Burnside,Elora.Burnside@yopmail.com,1941-03-01
151,Sabina,Anis,Sabina.Anis@yopmail.com,2007-11-11
152,Linzy,Armanda,Linzy.Armanda@yopmail.com,1979-04-09
153,Willetta,Burkle,Willetta.Burkle@yopmail.com,1941-08-06
154,Deane,Burkle,Deane.Burkle@yopmail.com,1967-05-10
155,Ilse,Cyrie,Ilse.Cyrie@yopmail.com,1936-09-12
156,Claresta,Gamaliel,Claresta.Gamaliel@yopmail.com,1937-07-22
157,Misha,Adamsen,Misha.Adamsen@yopmail.com,1978-03-30
158,Quintina,Dowski,Quintina.Dowski@yopmail.com,2018-04-20
159,Krystle,Concha,Krystle.Concha@yopmail.com,2008-04-16
160,Maye,Narton,Maye.Narton@yopmail.com,1915-05-03
161,Ardeen,Podvin,Ardeen.Podvin@yopmail.com,1953-12-14
162,Claudina,Donell,Claudina.Donell@yopmail.com,1967-01-25
163,Ninnetta,Shanley,Ninnetta.Shanley@yopmail.com,1904-10-28
164,Gusty,Daniele,Gusty.Daniele@yopmail.com,1966-07-13
165,Felice,Jorgan,Felice.Jorgan@yopmail.com,1912-02-21
166,Valeda,Engdahl,Valeda.Engdahl@yopmail.com,1905-10-13
167,Misha,Hathaway,Misha.Hathaway@yopmail.com,1950-06-16
168,Vivia,Shanley,Vivia.Shanley@yopmail.com,1999-01-13
169,Leeanne,Winthorpe,Leeanne.Winthorpe@yopmail.com,1926-11-17
170,Silvana,Himelman,Silvana.Himelman@yopmail.com,2007-09-02
171,Jackie,Nerita,Jackie.Nerita@yopmail.com,2005-09-25
172,Jenilee,Terencio,Jenilee.Terencio@yopmail.com,1905-06-16
173,Damaris,Wooster,Damaris.Wooster@yopmail.com,1986-12-06
174,Yvonne,Cavan,Yvonne.Cavan@yopmail.com,1986-06-12
175,Lelah,Vernier,Lelah.Vernier@yopmail.com,1903-02-22
176,Meriel,Heisel,Meriel.Heisel@yopmail.com,1951-08-31
177,Viki,Erskine,Viki.Erskine@yopmail.com,2001-02-26
178,Allyce,Gabrielli,Allyce.Gabrielli@yopmail.com,1906-03-28
179,Rosene,Raychel,Rosene.Raychel@yopmail.com,1920-01-18
180,Patricia,Lamoree,Patricia.Lamoree@yopmail.com,1922-07-14
181,Gerrie,Oscar,Gerrie.Oscar@yopmail.com,1915-07-03
182,Gui,Ricki,Gui.Ricki@yopmail.com,1928-06-15
183,Ginnie,Ellord,Ginnie.Ellord@yopmail.com,2012-05-11
184,Julieta,Merriott,Julieta.Merriott@yopmail.com,1943-07-06
185,Zaria,Kat,Zaria.Kat@yopmail.com,1978-06-22
186,Netty,Maryanne,Netty.Maryanne@yopmail.com,1956-02-08
187,Delilah,Cohdwell,Delilah.Cohdwell@yopmail.com,1927-10-27
188,Cyb,Kolnick,Cyb.Kolnick@yopmail.com,1987-09-05
189,Peri,Melony,Peri.Melony@yopmail.com,1939-04-17
190,Meg,Rad,Meg.Rad@yopmail.com,2009-06-26
191,Violet,Mitzi,Violet.Mitzi@yopmail.com,1968-01-03
192,Rosene,Adalbert,Rosene.Adalbert@yopmail.com,1903-03-16
193,Helsa,Creamer,Helsa.Creamer@yopmail.com,1977-10-02
194,Shandie,Skurnik,Shandie.Skurnik@yopmail.com,1935-02-20
195,Joleen,Garek,Joleen.Garek@yopmail.com,1992-09-11
196,Vinita,Cecile,Vinita.Cecile@yopmail.com,1927-10-15
197,Aigneis,Letsou,Aigneis.Letsou@yopmail.com,1939-07-15
198,Marylou,Alwin,Marylou.Alwin@yopmail.com,1909-05-26
199,Brana,Jacinda,Brana.Jacinda@yopmail.com,1998-08-04
200,Gale,Blase,Gale.Blase@yopmail.com,1981-05-01
201,Etta,Linehan,Etta.Linehan@yopmail.com,1945-07-12
202,Hannis,Carleen,Hannis.Carleen@yopmail.com,1971-04-01
203,Vere,Terrence,Vere.Terrence@yopmail.com,1959-08-27
204,Ulrike,Buttaro,Ulrike.Buttaro@yopmail.com,1956-02-08
205,Genevra,Malanie,Genevra.Malanie@yopmail.com,2009-08-16
206,Agathe,Gert,Agathe.Gert@yopmail.com,1933-05-09
207,Aryn,Lattie,Aryn.Lattie@yopmail.com,1979-01-05
208,Pollyanna,Berne,Pollyanna.Berne@yopmail.com,2012-03-14
209,Chrystel,Chapland,Chrystel.Chapland@yopmail.com,1980-10-22
210,Neila,Dorine,Neila.Dorine@yopmail.com,1974-07-02
211,Tami,Jagir,Tami.Jagir@yopmail.com,1997-08-07
212,Ira,Kolnick,Ira.Kolnick@yopmail.com,1921-08-03
213,Madalyn,Bartlett,Madalyn.Bartlett@yopmail.com,1928-01-31
214,Chickie,Corabella,Chickie.Corabella@yopmail.com,1949-09-18
215,Louella,Brackely,Louella.Brackely@yopmail.com,1932-08-26
216,Ekaterina,Hirsch,Ekaterina.Hirsch@yopmail.com,1904-07-08
217,Ileana,Knowling,Ileana.Knowling@yopmail.com,1905-10-11
218,Amara,Poppy,Amara.Poppy@yopmail.com,1931-11-20
219,Goldie,Forrer,Goldie.Forrer@yopmail.com,1962-02-23
220,Ebonee,Bearnard,Ebonee.Bearnard@yopmail.com,2001-12-13
221,Monika,Mullane,Monika.Mullane@yopmail.com,1952-10-19
222,Fernande,Bertold,Fernande.Bertold@yopmail.com,2000-01-29
223,Magdalena,Norrie,Magdalena.Norrie@yopmail.com,1977-08-05
224,Cecile,Uund,Cecile.Uund@yopmail.com,1944-07-20
225,Karlee,Merell,Karlee.Merell@yopmail.com,1944-01-08
226,Philis,Prober,Philis.Prober@yopmail.com,2002-04-23
227,Dania,Keelia,Dania.Keelia@yopmail.com,2016-05-07
228,Lonnie,Charmine,Lonnie.Charmine@yopmail.com,1914-04-12
229,Tani,Barbey,Tani.Barbey@yopmail.com,1906-11-14
230,Tilly,Felizio,Tilly.Felizio@yopmail.com,1906-03-05
231,Charmaine,Couture,Charmaine.Couture@yopmail.com,1965-05-16
232,Cassandra,Pozzy,Cassandra.Pozzy@yopmail.com,1922-05-25
233,Nerta,Berard,Nerta.Berard@yopmail.com,1991-06-07
234,Ulrike,Creamer,Ulrike.Creamer@yopmail.com,1988-01-12
235,Randa,Solitta,Randa.Solitta@yopmail.com,1920-09-10
236,Augustine,Sawtelle,Augustine.Sawtelle@yopmail.com,1951-09-03
237,Florie,Bashemeth,Florie.Bashemeth@yopmail.com,1946-01-17
238,Roxane,Linehan,Roxane.Linehan@yopmail.com,1915-08-20
239,Ottilie,Charmine,Ottilie.Charmine@yopmail.com,1977-12-21
240,Tressa,Maurine,Tressa.Maurine@yopmail.com,1909-10-29
241,Cyndie,Ovid,Cyndie.Ovid@yopmail.com,2010-11-04
242,Annaliese,Burkle,Annaliese.Burkle@yopmail.com,1938-08-18
243,Rivalee,Valoniah,Rivalee.Valoniah@yopmail.com,1952-07-01
244,Viviene,Goerke,Viviene.Goerke@yopmail.com,1943-07-12
245,Paola,Valoniah,Paola.Valoniah@yopmail.com,1966-08-16
246,Gianina,Erlandson,Gianina.Erlandson@yopmail.com,1996-06-01
247,Henriette,Janith,Henriette.Janith@yopmail.com,1961-10-08
248,Elka,Grimbly,Elka.Grimbly@yopmail.com,1967-03-02
249,Wendi,Whittaker,Wendi.Whittaker@yopmail.com,1938-02-09
250,Augustine,Bluh,Augustine.Bluh@yopmail.com,1907-01-21
251,Rosanne,Margarete,Rosanne.Margarete@yopmail.com,2016-08-28
252,Liana,Alva,Liana.Alva@yopmail.com,1980-05-14
253,Bee,Israeli,Bee.Israeli@yopmail.com,1995-11-08
254,Yetty,Telfer,Yetty.Telfer@yopmail.com,2012-11-29
255,Correy,Alice,Correy.Alice@yopmail.com,1964-02-06
256,Maud,Isidore,Maud.Isidore@yopmail.com,1995-01-18
257,Darci,Bendick,Darci.Bendick@yopmail.com,1961-12-09
258,Annecorinne,Sekofski,Annecorinne.Sekofski@yopmail.com,1973-07-11
259,Annora,Campball,Annora.Campball@yopmail.com,1965-02-01
260,Odessa,Bouchard,Odessa.Bouchard@yopmail.com,1973-04-17
261,Feliza,Stacy,Feliza.Stacy@yopmail.com,1905-01-04
262,Jackie,Remmer,Jackie.Remmer@yopmail.com,1922-05-05
263,Raf,Diann,Raf.Diann@yopmail.com,1962-05-19
264,Marline,Hanleigh,Marline.Hanleigh@yopmail.com,1974-05-11
265,Laurene,Toor,Laurene.Toor@yopmail.com,2006-07-01
266,Alleen,Dielu,Alleen.Dielu@yopmail.com,1948-11-24
267,Lelah,Whittaker,Lelah.Whittaker@yopmail.com,1966-04-08
268,Magdalena,Demitria,Magdalena.Demitria@yopmail.com,2013-08-08
269,Kamilah,Koziara,Kamilah.Koziara@yopmail.com,1978-09-05
270,Lelah,An,Lelah.An@yopmail.com,1980-10-29
271,Ariela,Lindemann,Ariela.Lindemann@yopmail.com,1938-11-16
272,Kristina,Tamar,Kristina.Tamar@yopmail.com,1913-02-21
273,Lanae,Gaal,Lanae.Gaal@yopmail.com,2019-11-28
274,Queenie,Aprile,Queenie.Aprile@yopmail.com,1994-04-02
275,Veda,Gamaliel,Veda.Gamaliel@yopmail.com,1947-10-08
276,Flory,Schlosser,Flory.Schlosser@yopmail.com,1936-10-16
277,Pierette,Swanhildas,Pierette.Swanhildas@yopmail.com,1926-12-14
278,Starla,Gaynor,Starla.Gaynor@yopmail.com,2005-02-22
279,Keelia,Madelene,Keelia.Madelene@yopmail.com,1991-09-30
280,Glenda,Waite,Glenda.Waite@yopmail.com,1969-11-24
281,Nicoli,Radu,Nicoli.Radu@yopmail.com,2017-12-07
282,Cassandra,Faro,Cassandra.Faro@yopmail.com,2018-07-12
283,Marcelline,Tayib,Marcelline.Tayib@yopmail.com,2004-04-03
284,Yvonne,Chandler,Yvonne.Chandler@yopmail.com,1953-04-28
285,Caritta,Chrystel,Caritta.Chrystel@yopmail.com,1965-12-22
286,Sherrie,Evvie,Sherrie.Evvie@yopmail.com,1934-07-27
287,Genevra,Emanuel,Genevra.Emanuel@yopmail.com,1954-04-11
288,Feliza,Swanhildas,Feliza.Swanhildas@yopmail.com,1924-08-04
289,Fredericka,Ambrosia,Fredericka.Ambrosia@yopmail.com,1926-06-28
290,Roberta,Fosque,Roberta.Fosque@yopmail.com,1943-09-10
291,Concettina,Goode,Concettina.Goode@yopmail.com,1989-01-29
292,Iseabal,Florina,Iseabal.Florina@yopmail.com,2009-08-04
293,Katharina,Devlen,Katharina.Devlen@yopmail.com,1941-11-06
294,Meghann,Bohlin,Meghann.Bohlin@yopmail.com,1932-01-19
295,Adore,Wu,Adore.Wu@yopmail.com,1925-04-08
296,Lindie,An,Lindie.An@yopmail.com,1965-08-30
297,Dyann,Marijo,Dyann.Marijo@yopmail.com,1913-05-03
298,Marita,Standing,Marita.Standing@yopmail.com,1900-05-31
299,Regina,Chobot,Regina.Chobot@yopmail.com,2012-08-19
300,Thalia,Schenck,Thalia.Schenck@yopmail.com,1937-09-25
301,Adele,Gualtiero,Adele.Gualtiero@yopmail.com,1930-08-11
302,Briney,Abbot,Briney.Abbot@yopmail.com,2016-01-23
303,Regina,Gladstone,Regina.Gladstone@yopmail.com,1976-11-08
304,Roseline,Nickola,Roseline.Nickola@yopmail.com,1968-01-15
305,Flory,Nickola,Flory.Nickola@yopmail.com,1956-11-15
306,Dawn,Merell,Dawn.Merell@yopmail.com,2019-08-17
307,Cecile,Aida,Cecile.Aida@yopmail.com,2019-09-09
308,Britte,Graig,Britte.Graig@yopmail.com,1995-09-19
309,Elfreda,Olnee,Elfreda.Olnee@yopmail.com,1955-04-22
310,Eve,Corrine,Eve.Corrine@yopmail.com,1985-10-22
311,Lynnea,Iphlgenia,Lynnea.Iphlgenia@yopmail.com,1969-10-10
312,Elsie,Keily,Elsie.Keily@yopmail.com,1935-01-23
313,Elise,Decato,Elise.Decato@yopmail.com,1960-08-13
314,Chastity,Loring,Chastity.Loring@yopmail.com,1928-01-26
315,Jorry,Ailyn,Jorry.Ailyn@yopmail.com,1974-03-24
316,Sybille,Earlie,Sybille.Earlie@yopmail.com,2017-10-07
317,Brianna,Brackely,Brianna.Brackely@yopmail.com,1980-10-26
318,Minne,Richers,Minne.Richers@yopmail.com,1983-10-09
319,Heddie,Grayce,Heddie.Grayce@yopmail.com,1931-07-19
320,Hyacinthe,Thornburg,Hyacinthe.Thornburg@yopmail.com,1961-05-26
321,Maye,Stuart,Maye.Stuart@yopmail.com,1903-05-11
322,Kylynn,Standing,Kylynn.Standing@yopmail.com,1995-11-17
323,Nadine,Skurnik,Nadine.Skurnik@yopmail.com,2012-09-11
324,Brietta,Vanni,Brietta.Vanni@yopmail.com,1929-12-11
325,Sandie,Regan,Sandie.Regan@yopmail.com,1998-06-15
326,Brietta,Grayce,Brietta.Grayce@yopmail.com,2012-04-04
327,Imojean,Hilbert,Imojean.Hilbert@yopmail.com,1971-04-16
328,Arabel,Andrel,Arabel.Andrel@yopmail.com,1999-03-18
329,Clary,McGrody,Clary.McGrody@yopmail.com,1970-05-24
330,Rubie,Goth,Rubie.Goth@yopmail.com,2014-01-24
331,Fernande,Silvan,Fernande.Silvan@yopmail.com,1940-03-14
332,Kathy,Melleta,Kathy.Melleta@yopmail.com,2001-10-23
333,Sashenka,Louanna,Sashenka.Louanna@yopmail.com,1925-12-08
334,Laurene,Roscoe,Laurene.Roscoe@yopmail.com,1960-02-01
335,Bettine,Guthrie,Bettine.Guthrie@yopmail.com,1944-10-14
336,Jackie,Wareing,Jackie.Wareing@yopmail.com,2017-08-03
337,Ada,Birdella,Ada.Birdella@yopmail.com,1959-06-05
338,Teddie,Revkah,Teddie.Revkah@yopmail.com,2011-03-19
339,Neila,Mitzi,Neila.Mitzi@yopmail.com,1904-03-25
340,Joeann,Kat,Joeann.Kat@yopmail.com,1968-12-27
341,Doralynne,Isidore,Doralynne.Isidore@yopmail.com,2004-10-23
342,Esmeralda,Erskine,Esmeralda.Erskine@yopmail.com,1902-10-24
343,Jacquetta,Haymes,Jacquetta.Haymes@yopmail.com,1946-10-28
344,Ekaterina,Maryanne,Ekaterina.Maryanne@yopmail.com,1929-03-12
345,Florencia,Bendick,Florencia.Bendick@yopmail.com,1994-07-23
346,Lesly,Ariella,Lesly.Ariella@yopmail.com,1997-11-02
347,Kylynn,Soneson,Kylynn.Soneson@yopmail.com,1968-02-17
348,Lucille,Corilla,Lucille.Corilla@yopmail.com,1912-05-14
349,Jerry,LaRue,Jerry.LaRue@yopmail.com,1969-01-09
350,Candi,Lea,Candi.Lea@yopmail.com,1965-11-06
351,Lucille,Cecile,Lucille.Cecile@yopmail.com,1983-04-14
352,Marti,Durware,Marti.Durware@yopmail.com,1973-12-10
353,Lorie,O'Neill,Lorie.O'Neill@yopmail.com,1955-07-21
354,Ofilia,Carlson,Ofilia.Carlson@yopmail.com,1945-05-05
355,Raina,Fillbert,Raina.Fillbert@yopmail.com,1932-10-29
356,Fayre,Ahab,Fayre.Ahab@yopmail.com,1907-11-05
357,Ursulina,Loeb,Ursulina.Loeb@yopmail.com,1987-03-18
358,Keelia,Gerge,Keelia.Gerge@yopmail.com,1979-01-17
359,Laurene,Gunn,Laurene.Gunn@yopmail.com,1928-08-27
360,Vinita,Reneta,Vinita.Reneta@yopmail.com,1957-05-07
361,Gwyneth,Lipson,Gwyneth.Lipson@yopmail.com,2002-03-30
362,Fawne,Chauncey,Fawne.Chauncey@yopmail.com,1994-01-25
363,Kamilah,Donell,Kamilah.Donell@yopmail.com,1943-01-13
364,Arlena,Ventre,Arlena.Ventre@yopmail.com,1972-05-31
365,Gilda,Adlare,Gilda.Adlare@yopmail.com,1932-08-03
366,Berta,Roxanna,Berta.Roxanna@yopmail.com,1917-12-14
367,Carol-Jean,Mozelle,Carol-Jean.Mozelle@yopmail.com,1947-02-23
368,Vanessa,Alwin,Vanessa.Alwin@yopmail.com,1953-06-03
369,Netty,Vivle,Netty.Vivle@yopmail.com,2003-12-15
370,Binny,Arne,Binny.Arne@yopmail.com,1982-12-26
371,Raina,Teddman,Raina.Teddman@yopmail.com,1939-02-19
372,Lynde,Karna,Lynde.Karna@yopmail.com,1973-04-15
373,Abbie,Uund,Abbie.Uund@yopmail.com,1982-06-03
374,Anica,Lail,Anica.Lail@yopmail.com,2010-07-25
375,Lita,Joeann,Lita.Joeann@yopmail.com,1946-04-11
376,Kittie,Hessler,Kittie.Hessler@yopmail.com,1925-02-28
377,Imojean,Maurine,Imojean.Maurine@yopmail.com,2012-11-27
378,Courtnay,Turne,Courtnay.Turne@yopmail.com,2007-12-10
379,Romona,Dorothy,Romona.Dorothy@yopmail.com,1924-01-23
380,Vinita,Jammal,Vinita.Jammal@yopmail.com,1933-12-05
381,Nadine,Cyrie,Nadine.Cyrie@yopmail.com,1966-07-03
382,Sybille,Rossner,Sybille.Rossner@yopmail.com,1922-08-20
383,Alisha,Wilona,Alisha.Wilona@yopmail.com,1985-12-17
384,Sadie,Cleavland,Sadie.Cleavland@yopmail.com,1953-07-02
385,Elena,Gabrielli,Elena.Gabrielli@yopmail.com,2014-11-30
386,Fawne,Evangelia,Fawne.Evangelia@yopmail.com,1951-02-20
387,Fanny,Japeth,Fanny.Japeth@yopmail.com,2007-10-11
388,Calla,Schonfeld,Calla.Schonfeld@yopmail.com,1988-04-16
389,Annora,Liebermann,Annora.Liebermann@yopmail.com,1959-02-19
390,Carol-Jean,Nisbet,Carol-Jean.Nisbet@yopmail.com,2011-08-25
391,Jobi,Reidar,Jobi.Reidar@yopmail.com,1962-12-24
392,Rivalee,Annice,Rivalee.Annice@yopmail.com,1927-05-29
393,Amara,Naashom,Amara.Naashom@yopmail.com,2012-06-04
394,Shel,Delp,Shel.Delp@yopmail.com,1957-05-11
395,Elsie,Barbey,Elsie.Barbey@yopmail.com,1951-11-12
396,Beverley,Ries,Beverley.Ries@yopmail.com,1970-05-27
397,Verla,Simmonds,Verla.Simmonds@yopmail.com,1978-03-24
398,Veda,Juan,Veda.Juan@yopmail.com,1958-03-12
399,Tera,Goldina,Tera.Goldina@yopmail.com,1911-04-10
400,Stevana,Rhu,Stevana.Rhu@yopmail.com,1901-03-02
401,Arlena,Wu,Arlena.Wu@yopmail.com,1938-10-17
402,Vinita,Latini,Vinita.Latini@yopmail.com,1954-03-06
403,Shell,Campball,Shell.Campball@yopmail.com,1948-04-07
404,Florie,Lowry,Florie.Lowry@yopmail.com,1959-02-02
405,Myriam,Dom,Myriam.Dom@yopmail.com,1955-02-19
406,Bee,Moina,Bee.Moina@yopmail.com,2006-03-25
407,Deirdre,Barney,Deirdre.Barney@yopmail.com,1941-08-24
408,Adore,Bohlin,Adore.Bohlin@yopmail.com,1919-01-14
409,Merle,Lubin,Merle.Lubin@yopmail.com,1902-08-18
410,Leia,Genna,Leia.Genna@yopmail.com,1943-09-06
411,Berta,Hashim,Berta.Hashim@yopmail.com,2011-08-16
412,Charmaine,Karna,Charmaine.Karna@yopmail.com,2013-01-20
413,Tera,Myrilla,Tera.Myrilla@yopmail.com,1908-12-17
414,Corry,Hull,Corry.Hull@yopmail.com,2005-05-20
415,Reeba,Gaspard,Reeba.Gaspard@yopmail.com,1919-12-09
416,Willetta,Dominy,Willetta.Dominy@yopmail.com,1905-02-23
417,Neila,Swanhildas,Neila.Swanhildas@yopmail.com,1960-06-21
418,Ottilie,Lilas,Ottilie.Lilas@yopmail.com,1953-11-24
419,Esmeralda,Oneida,Esmeralda.Oneida@yopmail.com,1975-06-10
420,Willetta,Philoo,Willetta.Philoo@yopmail.com,1950-09-09
421,Elie,Couture,Elie.Couture@yopmail.com,1907-03-30
422,Nadine,Moseley,Nadine.Moseley@yopmail.com,1933-11-21
423,Vanessa,Norrie,Vanessa.Norrie@yopmail.com,1913-02-23
424,Gratia,Quinn,Gratia.Quinn@yopmail.com,1934-07-09
425,Elora,Lumbard,Elora.Lumbard@yopmail.com,1902-12-06
426,Emma,Stanwood,Emma.Stanwood@yopmail.com,1937-08-17
427,Celestyna,Arley,Celestyna.Arley@yopmail.com,1927-10-26
428,Queenie,Suzetta,Queenie.Suzetta@yopmail.com,1995-07-24
429,Veda,Salchunas,Veda.Salchunas@yopmail.com,1994-01-26
430,Lacie,Hebner,Lacie.Hebner@yopmail.com,1981-02-05
431,Margette,Shelba,Margette.Shelba@yopmail.com,1970-11-21
432,Ezmeralda,Pillsbury,Ezmeralda.Pillsbury@yopmail.com,1919-12-14
433,Nerta,Gert,Nerta.Gert@yopmail.com,2015-09-09
434,Melanie,Adalbert,Melanie.Adalbert@yopmail.com,1952-12-21
435,Joane,Mallon,Joane.Mallon@yopmail.com,1969-02-11
436,Carilyn,Talia,Carilyn.Talia@yopmail.com,1919-04-08
437,Alyssa,Noman,Alyssa.Noman@yopmail.com,1934-01-13
438,Edyth,Vivle,Edyth.Vivle@yopmail.com,1909-01-19
439,Jessamyn,Wenda,Jessamyn.Wenda@yopmail.com,1960-11-26
440,Rozele,Morrill,Rozele.Morrill@yopmail.com,1921-12-17
441,Tori,Thilda,Tori.Thilda@yopmail.com,1983-03-23
442,Marti,Ciapas,Marti.Ciapas@yopmail.com,1943-08-13
443,Vivia,Sperling,Vivia.Sperling@yopmail.com,2006-04-22
444,Mady,Wolfgram,Mady.Wolfgram@yopmail.com,1948-01-20
445,Loree,Felizio,Loree.Felizio@yopmail.com,1940-05-05
446,Fanny,Astra,Fanny.Astra@yopmail.com,1916-11-25
447,Anthia,Jacqui,Anthia.Jacqui@yopmail.com,1988-08-01
448,Roz,Swigart,Roz.Swigart@yopmail.com,1936-08-25
449,Marika,MacIntosh,Marika.MacIntosh@yopmail.com,1910-05-18
450,Fayre,Kenwood,Fayre.Kenwood@yopmail.com,1981-07-26
451,Sara-Ann,Breed,Sara-Ann.Breed@yopmail.com,1962-01-07
452,Leona,Morrill,Leona.Morrill@yopmail.com,1919-01-10
453,Bee,Yoko,Bee.Yoko@yopmail.com,1995-07-09
454,Leeanne,Truc,Leeanne.Truc@yopmail.com,2015-04-05
455,Luci,Nikaniki,Luci.Nikaniki@yopmail.com,1963-01-20
456,Deedee,Thunell,Deedee.Thunell@yopmail.com,1964-04-09
457,Madalyn,Ardra,Madalyn.Ardra@yopmail.com,1997-07-17
458,Desirae,Izaak,Desirae.Izaak@yopmail.com,1981-12-17
459,Deane,Kenwood,Deane.Kenwood@yopmail.com,1940-01-04
460,Lilith,Ledah,Lilith.Ledah@yopmail.com,1959-10-03
461,Tina,Eno,Tina.Eno@yopmail.com,1958-01-07
462,Tatiania,Bettine,Tatiania.Bettine@yopmail.com,1929-05-18
463,Phylis,Bates,Phylis.Bates@yopmail.com,1948-03-03
464,Margette,Holbrook,Margette.Holbrook@yopmail.com,2009-02-28
465,Ana,Winthorpe,Ana.Winthorpe@yopmail.com,1970-08-30
466,Livvyy,Muriel,Livvyy.Muriel@yopmail.com,1958-11-01
467,Janeczka,Lanita,Janeczka.Lanita@yopmail.com,1965-06-23
468,Donetta,Ardeha,Donetta.Ardeha@yopmail.com,1919-03-28
469,Mallory,Maples,Mallory.Maples@yopmail.com,2011-09-12
470,Queenie,Karna,Queenie.Karna@yopmail.com,1954-02-10
471,Clary,Soneson,Clary.Soneson@yopmail.com,2013-05-20
472,Jordan,Friede,Jordan.Friede@yopmail.com,1927-04-26
473,Shirlee,Kylander,Shirlee.Kylander@yopmail.com,1925-11-27
474,Ira,Aldric,Ira.Aldric@yopmail.com,1958-10-18
475,Alyda,Krystle,Alyda.Krystle@yopmail.com,1984-11-18
476,Winifred,Rheingold,Winifred.Rheingold@yopmail.com,1913-10-18
477,Kristina,Kamaria,Kristina.Kamaria@yopmail.com,1972-06-21
478,Tilly,Estella,Tilly.Estella@yopmail.com,1998-10-27
479,Dawn,Leonard,Dawn.Leonard@yopmail.com,2007-05-20
480,Sherrie,Wolfgram,Sherrie.Wolfgram@yopmail.com,1957-05-03
481,Julieta,Poll,Julieta.Poll@yopmail.com,1980-01-14
482,Marcy,Gahl,Marcy.Gahl@yopmail.com,1999-11-13
483,Rhea,Earlie,Rhea.Earlie@yopmail.com,1942-02-23
484,Flo,Tremayne,Flo.Tremayne@yopmail.com,1987-08-03
485,Lucille,Leifeste,Lucille.Leifeste@yopmail.com,1933-06-11
486,Courtnay,Creamer,Courtnay.Creamer@yopmail.com,1967-07-14
487,Angela,Means,Angela.Means@yopmail.com,1969-04-26
488,Renae,Orelee,Renae.Orelee@yopmail.com,1959-09-09
489,Merle,Damarra,Merle.Damarra@yopmail.com,1991-02-15
490,Jere,Buffum,Jere.Buffum@yopmail.com,1925-04-02
491,Wanda,Bluh,Wanda.Bluh@yopmail.com,1995-04-20
492,Collen,Kenwood,Collen.Kenwood@yopmail.com,1971-01-02
493,Lexine,Johnsson,Lexine.Johnsson@yopmail.com,1976-10-24
494,Bobbi,Bearnard,Bobbi.Bearnard@yopmail.com,1971-03-19
495,Glynnis,Alfons,Glynnis.Alfons@yopmail.com,1995-12-28
496,Mathilda,Gower,Mathilda.Gower@yopmail.com,1930-12-17
497,Joceline,McAdams,Joceline.McAdams@yopmail.com,1993-05-27
498,Dawn,Travax,Dawn.Travax@yopmail.com,1997-07-25
499,Vere,Wilkinson,Vere.Wilkinson@yopmail.com,2018-01-08
500,Randa,Sabella,Randa.Sabella@yopmail.com,1900-01-29
501,Selia,Wenoa,Selia.Wenoa@yopmail.com,1956-02-07
502,Jerry,Dorine,Jerry.Dorine@yopmail.com,2000-05-07
503,June,Philoo,June.Philoo@yopmail.com,2000-11-16
504,Selia,Gwenore,Selia.Gwenore@yopmail.com,1930-11-07
505,Giustina,LaRue,Giustina.LaRue@yopmail.com,1904-06-06
506,Selma,Bethany,Selma.Bethany@yopmail.com,1946-02-22
507,Vanessa,Donell,Vanessa.Donell@yopmail.com,1971-12-19
508,Kathi,Elvyn,Kathi.Elvyn@yopmail.com,2006-12-31
509,Tilly,Iphlgenia,Tilly.Iphlgenia@yopmail.com,1916-10-13
510,Libbie,Dyche,Libbie.Dyche@yopmail.com,1973-02-05
511,Minne,Edvard,Minne.Edvard@yopmail.com,1907-04-07
512,Caryl,Pond,Caryl.Pond@yopmail.com,1987-06-12
513,Tracey,Fink,Tracey.Fink@yopmail.com,1971-03-08
514,Layla,Judye,Layla.Judye@yopmail.com,1972-07-22
515,Inga,Hoenack,Inga.Hoenack@yopmail.com,1909-05-25
516,Tracey,Elisha,Tracey.Elisha@yopmail.com,1992-09-28
517,Karolina,Sprage,Karolina.Sprage@yopmail.com,1921-09-25
518,Zsa Zsa,Haerr,Zsa Zsa.Haerr@yopmail.com,1974-07-04
519,Ebonee,Tremayne,Ebonee.Tremayne@yopmail.com,1942-12-07
520,Lorne,Bobbee,Lorne.Bobbee@yopmail.com,1921-09-16
521,Jsandye,Lilas,Jsandye.Lilas@yopmail.com,1964-09-10
522,Annora,Destinee,Annora.Destinee@yopmail.com,2001-05-13
523,Tori,Elo,Tori.Elo@yopmail.com,1905-01-16
524,Binny,Salchunas,Binny.Salchunas@yopmail.com,1970-01-11
525,Julieta,Iaverne,Julieta.Iaverne@yopmail.com,1913-01-19
526,Felice,Ackerley,Felice.Ackerley@yopmail.com,1922-10-31
527,Leia,Jefferey,Leia.Jefferey@yopmail.com,2014-10-16
528,Latisha,Chaing,Latisha.Chaing@yopmail.com,1931-04-28
529,Nariko,Rheingold,Nariko.Rheingold@yopmail.com,1920-04-09
530,Gabi,Junie,Gabi.Junie@yopmail.com,1981-03-30
531,Agnese,Rooney,Agnese.Rooney@yopmail.com,1990-09-12
532,Nita,Nance,Nita.Nance@yopmail.com,1985-12-17
533,Correy,Pandolfi,Correy.Pandolfi@yopmail.com,1987-12-02
534,Correy,Othilia,Correy.Othilia@yopmail.com,1944-03-01
535,Corry,Celestine,Corry.Celestine@yopmail.com,2011-02-16
536,Odessa,Zachary,Odessa.Zachary@yopmail.com,1942-09-11
537,Carmela,Vivle,Carmela.Vivle@yopmail.com,1903-04-08
538,Dominga,Rocray,Dominga.Rocray@yopmail.com,1959-12-04
539,Bertine,Ramona,Bertine.Ramona@yopmail.com,1916-08-14
540,Etta,Diogenes,Etta.Diogenes@yopmail.com,1973-02-20
541,Rubie,Croix,Rubie.Croix@yopmail.com,1936-12-14
542,Annabela,Melony,Annabela.Melony@yopmail.com,1914-10-18
543,Liana,Elisha,Liana.Elisha@yopmail.com,1916-10-04
544,Brianna,Drisko,Brianna.Drisko@yopmail.com,1970-11-07
545,Maisey,Darrell,Maisey.Darrell@yopmail.com,1902-08-02
546,Alia,McGrody,Alia.McGrody@yopmail.com,1954-06-19
547,Adriana,Gaulin,Adriana.Gaulin@yopmail.com,1906-08-24
548,Mamie,Gherardo,Mamie.Gherardo@yopmail.com,1972-02-20
549,Rosene,Skurnik,Rosene.Skurnik@yopmail.com,1956-04-26
550,Rayna,Skell,Rayna.Skell@yopmail.com,1948-04-26
551,Iseabal,Burnside,Iseabal.Burnside@yopmail.com,1907-05-20
552,Stevana,Brunell,Stevana.Brunell@yopmail.com,2018-09-11
553,Hayley,Marcellus,Hayley.Marcellus@yopmail.com,1932-11-12
554,Lulita,Thar,Lulita.Thar@yopmail.com,1911-03-14
555,Marita,Jacinda,Marita.Jacinda@yopmail.com,2014-09-02
556,Kylynn,Ries,Kylynn.Ries@yopmail.com,1947-04-11
557,Regina,Nedrud,Regina.Nedrud@yopmail.com,1979-11-01
558,Donnie,Kare,Donnie.Kare@yopmail.com,1971-06-04
559,Amii,Maples,Amii.Maples@yopmail.com,1942-10-30
560,Gilligan,Emanuel,Gilligan.Emanuel@yopmail.com,1934-06-08
561,Lacie,Zina,Lacie.Zina@yopmail.com,1939-05-07
562,Lenna,Sisile,Lenna.Sisile@yopmail.com,1986-05-06
563,Selma,Ahab,Selma.Ahab@yopmail.com,1900-08-29
564,Konstance,Barney,Konstance.Barney@yopmail.com,1988-04-07
565,Pearline,Cimbura,Pearline.Cimbura@yopmail.com,1994-08-19
566,Julieta,Felizio,Julieta.Felizio@yopmail.com,1940-08-10
567,Misha,Even,Misha.Even@yopmail.com,1918-05-08
568,Lulita,Orelee,Lulita.Orelee@yopmail.com,1942-08-09
569,Zsa Zsa,Anderea,Zsa Zsa.Anderea@yopmail.com,1908-09-17
570,Neila,Trey,Neila.Trey@yopmail.com,1910-05-01
571,Lorne,Diogenes,Lorne.Diogenes@yopmail.com,2019-05-13
572,Jemie,Rosalba,Jemie.Rosalba@yopmail.com,1927-02-12
573,Ann-Marie,Jagir,Ann-Marie.Jagir@yopmail.com,1946-08-03
574,Gale,Belldas,Gale.Belldas@yopmail.com,1939-01-16
575,Sonni,Anton,Sonni.Anton@yopmail.com,1952-12-27
576,Margalo,Danby,Margalo.Danby@yopmail.com,1937-02-04
577,Mara,Lilybelle,Mara.Lilybelle@yopmail.com,1968-08-20
578,Caryl,Brackely,Caryl.Brackely@yopmail.com,1996-01-11
579,Alyda,O'Carroll,Alyda.O'Carroll@yopmail.com,2002-10-04
580,Caressa,Vanni,Caressa.Vanni@yopmail.com,1983-10-16
581,Dianemarie,Kussell,Dianemarie.Kussell@yopmail.com,1963-11-20
582,Romona,McGrody,Romona.McGrody@yopmail.com,1943-12-01
583,Ilse,Linskey,Ilse.Linskey@yopmail.com,2004-03-25
584,Ofilia,Olnee,Ofilia.Olnee@yopmail.com,1991-12-02
585,Ursulina,Koziara,Ursulina.Koziara@yopmail.com,1973-10-22
586,Devina,Hazlett,Devina.Hazlett@yopmail.com,1977-03-18
587,Jessy,Leopold,Jessy.Leopold@yopmail.com,1941-08-19
588,Letizia,Greenwald,Letizia.Greenwald@yopmail.com,2003-02-03
589,Therine,Sigfrid,Therine.Sigfrid@yopmail.com,1934-03-24
590,Gisela,Niles,Gisela.Niles@yopmail.com,1962-02-12
591,Moyna,McAdams,Moyna.McAdams@yopmail.com,1921-02-20
592,Chandra,McAdams,Chandra.McAdams@yopmail.com,1902-12-23
593,Maye,Schenck,Maye.Schenck@yopmail.com,2009-02-12
594,Halette,Raychel,Halette.Raychel@yopmail.com,2000-11-24
595,Kalina,Giff,Kalina.Giff@yopmail.com,1938-11-17
596,Jillayne,Fairweather,Jillayne.Fairweather@yopmail.com,1931-11-03
597,Veda,Lilas,Veda.Lilas@yopmail.com,1980-02-18
598,Sidoney,Toffic,Sidoney.Toffic@yopmail.com,2013-05-11
599,Claudina,Hartnett,Claudina.Hartnett@yopmail.com,1904-10-02
600,Leeanne,Ledah,Leeanne.Ledah@yopmail.com,1911-05-23
601,Damaris,Boehike,Damaris.Boehike@yopmail.com,1981-07-06
602,Melisent,Hebner,Melisent.Hebner@yopmail.com,1962-09-12
603,Mary,Zachary,Mary.Zachary@yopmail.com,1934-07-11
604,Dode,Melan,Dode.Melan@yopmail.com,1903-01-23
605,Tabbatha,Ader,Tabbatha.Ader@yopmail.com,1936-09-23
606,Aaren,Noman,Aaren.Noman@yopmail.com,1913-08-24
607,Lorne,Callista,Lorne.Callista@yopmail.com,1904-06-25
608,Zondra,Letsou,Zondra.Letsou@yopmail.com,1928-02-03
609,Elvira,Mata,Elvira.Mata@yopmail.com,2002-01-05
610,Joeann,Cleavland,Joeann.Cleavland@yopmail.com,2018-04-01
611,Genevra,Noam,Genevra.Noam@yopmail.com,1912-06-21
612,Korrie,Roxanna,Korrie.Roxanna@yopmail.com,1991-02-08
613,Talya,Waldron,Talya.Waldron@yopmail.com,1933-11-28
614,Ivett,Nunci,Ivett.Nunci@yopmail.com,1905-01-06
615,Anica,Zamora,Anica.Zamora@yopmail.com,1927-11-07
616,Laurene,Tremayne,Laurene.Tremayne@yopmail.com,1931-12-05
617,Kaja,Fosque,Kaja.Fosque@yopmail.com,1957-07-01
618,Gale,Gaynor,Gale.Gaynor@yopmail.com,2018-03-04
619,Rubie,Dex,Rubie.Dex@yopmail.com,1928-12-28
620,Elora,Creamer,Elora.Creamer@yopmail.com,1985-03-24
621,Carree,Longfellow,Carree.Longfellow@yopmail.com,2013-04-01
622,Dacia,Aldric,Dacia.Aldric@yopmail.com,1978-12-18
623,Constance,Sisile,Constance.Sisile@yopmail.com,1926-09-12
624,Corry,Jorgan,Corry.Jorgan@yopmail.com,2006-07-26
625,Betta,Ledah,Betta.Ledah@yopmail.com,1999-07-18
626,Dennie,Kimmie,Dennie.Kimmie@yopmail.com,1944-10-03
627,Ginnie,Garbe,Ginnie.Garbe@yopmail.com,1920-12-13
628,Chere,Georas,Chere.Georas@yopmail.com,1914-02-28
629,Brena,Quent,Brena.Quent@yopmail.com,1914-04-10
630,Bobbi,Bendick,Bobbi.Bendick@yopmail.com,1998-12-27
631,Concettina,Socha,Concettina.Socha@yopmail.com,2011-09-20
632,Tori,Warthman,Tori.Warthman@yopmail.com,1966-07-30
633,Babita,Norvol,Babita.Norvol@yopmail.com,1980-03-22
634,Raf,Cordi,Raf.Cordi@yopmail.com,1942-05-06
635,Lorenza,Tice,Lorenza.Tice@yopmail.com,1927-02-10
636,Raf,Pettiford,Raf.Pettiford@yopmail.com,1911-10-22
637,Jerry,Vilma,Jerry.Vilma@yopmail.com,1987-11-08
638,Starla,Bronk,Starla.Bronk@yopmail.com,1918-04-25
639,Marcelline,Birdella,Marcelline.Birdella@yopmail.com,1955-03-14
640,Roslyn,Wadell,Roslyn.Wadell@yopmail.com,2014-09-01
641,Beverley,Urias,Beverley.Urias@yopmail.com,1932-09-02
642,Susan,Marcellus,Susan.Marcellus@yopmail.com,1950-05-09
643,Evita,Konyn,Evita.Konyn@yopmail.com,1928-02-14
644,Zia,Dominy,Zia.Dominy@yopmail.com,1903-10-11
645,Marinna,Salchunas,Marinna.Salchunas@yopmail.com,1900-08-30
646,Ivett,Ehrman,Ivett.Ehrman@yopmail.com,1980-08-01
647,Veda,Grayce,Veda.Grayce@yopmail.com,1924-08-18
648,Helena,Brodench,Helena.Brodench@yopmail.com,1946-09-26
649,Raf,Karna,Raf.Karna@yopmail.com,1935-11-21
650,Zia,Carlson,Zia.Carlson@yopmail.com,1953-03-27
651,Max,Friede,Max.Friede@yopmail.com,1988-10-22
652,Genovera,Wareing,Genovera.Wareing@yopmail.com,1915-01-26
653,Josephine,Joseph,Josephine.Joseph@yopmail.com,1970-12-02
654,Chere,Korey,Chere.Korey@yopmail.com,1911-04-22
655,Paule,Isidore,Paule.Isidore@yopmail.com,1932-01-07
656,Roseline,Vivle,Roseline.Vivle@yopmail.com,1930-03-20
657,Rebeca,Wattenberg,Rebeca.Wattenberg@yopmail.com,1922-11-21
658,Carilyn,Codding,Carilyn.Codding@yopmail.com,2015-10-22
659,Ricky,Roscoe,Ricky.Roscoe@yopmail.com,1901-05-03
660,Beverley,Faso,Beverley.Faso@yopmail.com,1998-03-24
661,Jennica,Urania,Jennica.Urania@yopmail.com,1946-11-25
662,Wynne,Skell,Wynne.Skell@yopmail.com,1903-07-19
663,Pollyanna,Brenn,Pollyanna.Brenn@yopmail.com,1997-12-24
664,Tatiania,Joni,Tatiania.Joni@yopmail.com,1932-06-17
665,Aigneis,Syd,Aigneis.Syd@yopmail.com,1948-09-07
666,Jolyn,Lory,Jolyn.Lory@yopmail.com,1977-07-21
667,Violet,Emerson,Violet.Emerson@yopmail.com,1967-08-16
668,Nessie,Kauppi,Nessie.Kauppi@yopmail.com,1940-07-15
669,Lorie,Ummersen,Lorie.Ummersen@yopmail.com,1927-01-02
670,Evaleen,Clara,Evaleen.Clara@yopmail.com,1923-08-01
671,Deane,Bebe,Deane.Bebe@yopmail.com,1939-01-14
672,Jan,Olympium,Jan.Olympium@yopmail.com,1986-07-20
673,Kerrin,Atonsah,Kerrin.Atonsah@yopmail.com,1940-10-21
674,Alie,Wareing,Alie.Wareing@yopmail.com,1979-08-06
675,Jan,Zaslow,Jan.Zaslow@yopmail.com,1981-11-22
676,Tiffie,Natalia,Tiffie.Natalia@yopmail.com,1909-04-28
677,Ana,Iphlgenia,Ana.Iphlgenia@yopmail.com,2005-08-18
678,Vinita,Jehu,Vinita.Jehu@yopmail.com,2017-03-21
679,Georgina,Hepsibah,Georgina.Hepsibah@yopmail.com,2002-01-18
680,Keelia,Arvo,Keelia.Arvo@yopmail.com,2005-09-01
681,Juliane,Jotham,Juliane.Jotham@yopmail.com,2012-03-20
682,Andeee,Wildermuth,Andeee.Wildermuth@yopmail.com,2019-07-17
683,Lindie,Ephrem,Lindie.Ephrem@yopmail.com,1996-07-18
684,Aubrie,Zenas,Aubrie.Zenas@yopmail.com,1957-07-18
685,Dolli,Faro,Dolli.Faro@yopmail.com,2008-04-02
686,Kore,Sisile,Kore.Sisile@yopmail.com,1996-01-05
687,Elmira,Hull,Elmira.Hull@yopmail.com,1932-05-31
688,Daune,Blisse,Daune.Blisse@yopmail.com,1941-01-17
689,Paulita,Justinn,Paulita.Justinn@yopmail.com,1991-11-03
690,Inga,Stephie,Inga.Stephie@yopmail.com,1943-11-26
691,Paule,Eliathas,Paule.Eliathas@yopmail.com,2010-11-10
692,Hildegaard,Euridice,Hildegaard.Euridice@yopmail.com,1961-10-11
693,Rochette,Bonucci,Rochette.Bonucci@yopmail.com,1973-01-24
694,Alia,Lowry,Alia.Lowry@yopmail.com,1943-02-01
695,Katleen,Jary,Katleen.Jary@yopmail.com,2011-05-09
696,Clary,Pandolfi,Clary.Pandolfi@yopmail.com,2009-12-03
697,Marjie,Simmonds,Marjie.Simmonds@yopmail.com,1960-10-08
698,Rosabelle,Wu,Rosabelle.Wu@yopmail.com,1926-08-23
699,Melisent,Shama,Melisent.Shama@yopmail.com,1953-10-26
700,Iseabal,Ajay,Iseabal.Ajay@yopmail.com,1997-01-23
701,Karina,Colbert,Karina.Colbert@yopmail.com,1992-10-13
702,Tersina,Tiffa,Tersina.Tiffa@yopmail.com,1902-04-30
703,Tonia,Lauraine,Tonia.Lauraine@yopmail.com,1920-01-25
704,Reeba,Melony,Reeba.Melony@yopmail.com,1924-08-23
705,Veda,Shanley,Veda.Shanley@yopmail.com,2017-04-21
706,Beth,Kenney,Beth.Kenney@yopmail.com,1927-12-18
707,Jasmina,Berne,Jasmina.Berne@yopmail.com,1924-01-18
708,Clementine,Azeria,Clementine.Azeria@yopmail.com,2006-02-20
709,Lenna,Briney,Lenna.Briney@yopmail.com,1945-12-10
710,Shell,Vivle,Shell.Vivle@yopmail.com,1975-08-04
711,Kathi,Pelagias,Kathi.Pelagias@yopmail.com,1949-09-04
712,Gisela,Cordi,Gisela.Cordi@yopmail.com,2016-06-17
713,Marylou,Baudin,Marylou.Baudin@yopmail.com,1981-11-04
714,Mireielle,Nester,Mireielle.Nester@yopmail.com,1961-12-24
715,Elie,Lumbard,Elie.Lumbard@yopmail.com,2017-06-09
716,Donnie,Schroth,Donnie.Schroth@yopmail.com,1948-09-12
717,Gloria,Ellord,Gloria.Ellord@yopmail.com,1961-10-28
718,Karlee,Ax,Karlee.Ax@yopmail.com,1910-02-11
719,Nataline,Hunfredo,Nataline.Hunfredo@yopmail.com,1909-11-27
720,Jackie,Loring,Jackie.Loring@yopmail.com,1906-02-15
721,Eolanda,Jacqui,Eolanda.Jacqui@yopmail.com,2009-09-03
722,Codie,Kenney,Codie.Kenney@yopmail.com,1936-02-16
723,Shel,Delacourt,Shel.Delacourt@yopmail.com,1967-06-11
724,Priscilla,Ummersen,Priscilla.Ummersen@yopmail.com,1982-07-08
725,Sherrie,Land,Sherrie.Land@yopmail.com,1994-04-12
726,Sabina,Voletta,Sabina.Voletta@yopmail.com,1989-03-29
727,Jsandye,Meli,Jsandye.Meli@yopmail.com,1996-11-24
728,Malina,Greyson,Malina.Greyson@yopmail.com,1911-04-28
729,Tarra,Felizio,Tarra.Felizio@yopmail.com,1930-04-20
730,Paola,Dunkin,Paola.Dunkin@yopmail.com,1946-10-30
731,Mamie,Rese,Mamie.Rese@yopmail.com,1903-05-07
732,Linet,Sprage,Linet.Sprage@yopmail.com,1948-03-31
733,Linet,Shuler,Linet.Shuler@yopmail.com,1972-10-20
734,Deirdre,Winthorpe,Deirdre.Winthorpe@yopmail.com,1947-10-08
735,Jacenta,Hamil,Jacenta.Hamil@yopmail.com,1966-03-31
736,Barbi,Birdella,Barbi.Birdella@yopmail.com,1991-06-29
737,Basia,Dimitris,Basia.Dimitris@yopmail.com,1955-05-31
738,Loree,Ummersen,Loree.Ummersen@yopmail.com,2003-02-09
739,Talya,Carvey,Talya.Carvey@yopmail.com,1934-12-24
740,Harrietta,Greyson,Harrietta.Greyson@yopmail.com,2018-01-15
741,Celene,Krystle,Celene.Krystle@yopmail.com,1913-01-26
742,Lila,Bobbee,Lila.Bobbee@yopmail.com,1945-10-13
743,Mignon,Hieronymus,Mignon.Hieronymus@yopmail.com,1941-08-27
744,Caritta,Riordan,Caritta.Riordan@yopmail.com,1922-11-04
745,Kara-Lynn,Valoniah,Kara-Lynn.Valoniah@yopmail.com,2012-11-25
746,Gaylene,Emmaline,Gaylene.Emmaline@yopmail.com,1979-01-02
747,Gloria,Jacobah,Gloria.Jacobah@yopmail.com,1960-04-01
748,Merle,Colleen,Merle.Colleen@yopmail.com,1939-08-09
749,Gretal,Estella,Gretal.Estella@yopmail.com,1944-03-02
750,Elsie,Argus,Elsie.Argus@yopmail.com,1967-06-23
751,Ottilie,Kaete,Ottilie.Kaete@yopmail.com,1968-02-09
752,Karolina,Girardo,Karolina.Girardo@yopmail.com,1951-04-19
753,Bobbi,Anselmi,Bobbi.Anselmi@yopmail.com,1952-11-25
754,Gaylene,Othilia,Gaylene.Othilia@yopmail.com,1965-04-05
755,Korrie,Ledah,Korrie.Ledah@yopmail.com,2006-09-03
756,Karlee,Toni,Karlee.Toni@yopmail.com,1945-03-28
757,Blondelle,Waite,Blondelle.Waite@yopmail.com,1965-12-20
758,Marinna,Seagraves,Marinna.Seagraves@yopmail.com,1981-04-12
759,Nickie,Kirbee,Nickie.Kirbee@yopmail.com,1921-04-09
760,Sissy,Roxanna,Sissy.Roxanna@yopmail.com,1927-10-15
761,Alex,Read,Alex.Read@yopmail.com,1975-07-13
762,Etta,Wattenberg,Etta.Wattenberg@yopmail.com,1945-11-20
763,Lilith,Tremayne,Lilith.Tremayne@yopmail.com,1992-03-09
764,Netty,Raffo,Netty.Raffo@yopmail.com,1908-07-03
765,Marline,Lane,Marline.Lane@yopmail.com,1967-04-11
766,Paola,Nickola,Paola.Nickola@yopmail.com,1999-07-24
767,Chickie,Laurianne,Chickie.Laurianne@yopmail.com,1904-08-31
768,Angela,Shuler,Angela.Shuler@yopmail.com,1912-02-20
769,Livvyy,Birdella,Livvyy.Birdella@yopmail.com,2007-09-30
770,Allis,Ax,Allis.Ax@yopmail.com,2018-01-21
771,Nickie,Heidt,Nickie.Heidt@yopmail.com,1980-10-31
772,Joceline,Modie,Joceline.Modie@yopmail.com,1927-08-01
773,Kimmy,Abram,Kimmy.Abram@yopmail.com,1912-04-05
774,Beth,Allina,Beth.Allina@yopmail.com,1945-05-21
775,Kelly,Silvan,Kelly.Silvan@yopmail.com,1975-04-05
776,Vita,Wilona,Vita.Wilona@yopmail.com,2000-06-07
777,Verla,Greyson,Verla.Greyson@yopmail.com,1975-01-16
778,Elfreda,Erb,Elfreda.Erb@yopmail.com,1909-07-08
779,Tonia,Goode,Tonia.Goode@yopmail.com,1918-02-27
780,Correy,Nickola,Correy.Nickola@yopmail.com,1907-10-29
781,Marjie,Ramona,Marjie.Ramona@yopmail.com,1978-11-30
782,Clarice,Deegan,Clarice.Deegan@yopmail.com,1943-05-13
783,Wynne,Wilona,Wynne.Wilona@yopmail.com,1965-01-05
784,Wileen,Konyn,Wileen.Konyn@yopmail.com,1967-05-24
785,Marita,Garlinda,Marita.Garlinda@yopmail.com,1956-07-08
786,Jessamyn,Nikaniki,Jessamyn.Nikaniki@yopmail.com,1981-04-18
787,Justinn,Teryn,Justinn.Teryn@yopmail.com,2002-10-11
788,Lilith,Kauppi,Lilith.Kauppi@yopmail.com,1968-02-15
789,Gratia,Billye,Gratia.Billye@yopmail.com,1925-09-06
790,Tamqrah,Kosey,Tamqrah.Kosey@yopmail.com,1986-09-24
791,Penelopa,Alfons,Penelopa.Alfons@yopmail.com,1960-12-12
792,Jan,Bonucci,Jan.Bonucci@yopmail.com,1904-11-26
793,Rori,McNully,Rori.McNully@yopmail.com,1983-07-21
794,Elmira,Nadia,Elmira.Nadia@yopmail.com,1920-06-06
795,Lanna,Geffner,Lanna.Geffner@yopmail.com,1981-04-04
796,Elena,Decato,Elena.Decato@yopmail.com,1921-12-25
797,Cecile,Marden,Cecile.Marden@yopmail.com,1910-11-04
798,Tina,Lucienne,Tina.Lucienne@yopmail.com,1972-11-27
799,Shauna,Whittaker,Shauna.Whittaker@yopmail.com,1907-09-05
800,Blinni,Kosey,Blinni.Kosey@yopmail.com,1917-06-20
801,Wanda,Pearse,Wanda.Pearse@yopmail.com,1933-04-10
802,Marsiella,Tryck,Marsiella.Tryck@yopmail.com,1996-05-15
803,Lorenza,Yorick,Lorenza.Yorick@yopmail.com,1950-05-22
804,Christy,Ashely,Christy.Ashely@yopmail.com,2014-08-31
805,Merrie,Tound,Merrie.Tound@yopmail.com,1926-02-06
806,Elyssa,Herrera,Elyssa.Herrera@yopmail.com,2000-11-05
807,Celisse,Pulsifer,Celisse.Pulsifer@yopmail.com,1973-07-23
808,Michaelina,Eckblad,Michaelina.Eckblad@yopmail.com,2014-03-14
809,Zaria,Yorick,Zaria.Yorick@yopmail.com,1919-03-24
810,Damaris,Toffic,Damaris.Toffic@yopmail.com,1923-12-31
811,Codie,Erskine,Codie.Erskine@yopmail.com,1923-11-29
812,Amelia,Guthrie,Amelia.Guthrie@yopmail.com,1988-03-16
813,Aeriela,Linskey,Aeriela.Linskey@yopmail.com,2006-11-15
814,Netty,Sasnett,Netty.Sasnett@yopmail.com,1970-11-06
815,Tera,Lareena,Tera.Lareena@yopmail.com,1907-03-18
816,Maye,Edee,Maye.Edee@yopmail.com,1993-02-03
817,Gabi,Byrne,Gabi.Byrne@yopmail.com,1985-12-27
818,Di,Raama,Di.Raama@yopmail.com,1965-06-18
819,Robinia,Schlosser,Robinia.Schlosser@yopmail.com,1964-01-23
820,Netty,Eugenia,Netty.Eugenia@yopmail.com,1922-06-23
821,Ardeen,Thornburg,Ardeen.Thornburg@yopmail.com,1915-04-23
822,Harmonia,Monaco,Harmonia.Monaco@yopmail.com,1932-05-22
823,Fayre,Gunn,Fayre.Gunn@yopmail.com,1918-06-28
824,Dorene,Hubert,Dorene.Hubert@yopmail.com,1977-01-16
825,Marcelline,Hollingsworth,Marcelline.Hollingsworth@yopmail.com,2007-12-10
826,Olivette,Bollay,Olivette.Bollay@yopmail.com,1947-01-25
827,Bee,Martguerita,Bee.Martguerita@yopmail.com,1927-02-26
828,Lory,Baylor,Lory.Baylor@yopmail.com,1922-11-23
829,Edyth,Standing,Edyth.Standing@yopmail.com,1931-03-25
830,Correy,Plato,Correy.Plato@yopmail.com,1970-12-05
831,Tilly,Riordan,Tilly.Riordan@yopmail.com,1943-09-13
832,Cherrita,Stover,Cherrita.Stover@yopmail.com,1914-05-06
833,Meg,Fiester,Meg.Fiester@yopmail.com,1994-07-30
834,Perry,Chick,Perry.Chick@yopmail.com,1942-09-15
835,Helsa,Callista,Helsa.Callista@yopmail.com,2006-07-27
836,Yvonne,Lissi,Yvonne.Lissi@yopmail.com,1914-06-08
837,Ardenia,Croix,Ardenia.Croix@yopmail.com,1967-03-06
838,Jeanna,Rese,Jeanna.Rese@yopmail.com,1995-10-13
839,Tarra,O'Carroll,Tarra.O'Carroll@yopmail.com,1941-07-02
840,Tabbatha,Sammons,Tabbatha.Sammons@yopmail.com,1989-08-25
841,Ulrike,Campball,Ulrike.Campball@yopmail.com,1983-11-10
842,Florencia,Aurelio,Florencia.Aurelio@yopmail.com,1957-06-23
843,Hallie,Gaynor,Hallie.Gaynor@yopmail.com,1943-04-02
844,Sean,Holbrook,Sean.Holbrook@yopmail.com,1974-12-10
845,Johna,Velick,Johna.Velick@yopmail.com,1964-09-24
846,Babita,Tatianas,Babita.Tatianas@yopmail.com,1929-04-05
847,Dorene,Chauncey,Dorene.Chauncey@yopmail.com,2006-01-25
848,Louella,Judye,Louella.Judye@yopmail.com,1927-09-18
849,Alia,Thilda,Alia.Thilda@yopmail.com,1904-12-03
850,Alisha,Leffen,Alisha.Leffen@yopmail.com,2014-05-22
851,Krystle,Allare,Krystle.Allare@yopmail.com,1965-09-30
852,Carol-Jean,Vins,Carol-Jean.Vins@yopmail.com,2019-11-17
853,Brietta,Hanleigh,Brietta.Hanleigh@yopmail.com,2010-07-22
854,Jerry,Corilla,Jerry.Corilla@yopmail.com,1971-05-18
855,Lenna,Letsou,Lenna.Letsou@yopmail.com,1941-03-05
856,Emmey,Winthorpe,Emmey.Winthorpe@yopmail.com,1972-09-12
857,Margette,Macey,Margette.Macey@yopmail.com,1968-09-20
858,Ileana,Rozanna,Ileana.Rozanna@yopmail.com,1933-12-17
859,Marylou,Wolfgram,Marylou.Wolfgram@yopmail.com,1999-11-22
860,Lorenza,Johnsson,Lorenza.Johnsson@yopmail.com,1987-10-20
861,Tamqrah,Barney,Tamqrah.Barney@yopmail.com,1927-05-22
862,Albertina,Maisey,Albertina.Maisey@yopmail.com,2000-11-02
863,Rani,Jacqui,Rani.Jacqui@yopmail.com,1902-04-05
864,Talya,Garrison,Talya.Garrison@yopmail.com,1971-06-24
865,Melisent,Leler,Melisent.Leler@yopmail.com,1975-06-15
866,Cindelyn,Harl,Cindelyn.Harl@yopmail.com,2016-11-06
867,Elmira,Wallis,Elmira.Wallis@yopmail.com,1916-12-07
868,Agnese,Lytton,Agnese.Lytton@yopmail.com,1992-07-08
869,Georgetta,Warthman,Georgetta.Warthman@yopmail.com,2018-12-30
870,Modestia,Sawtelle,Modestia.Sawtelle@yopmail.com,1934-12-25
871,Gretal,Primalia,Gretal.Primalia@yopmail.com,1946-02-23
872,Elena,Borrell,Elena.Borrell@yopmail.com,1987-02-06
873,Marita,Forrer,Marita.Forrer@yopmail.com,2013-08-25
874,Sashenka,Candy,Sashenka.Candy@yopmail.com,1981-08-18
875,Carilyn,Hortensia,Carilyn.Hortensia@yopmail.com,1904-08-28
876,Lita,Jillane,Lita.Jillane@yopmail.com,1933-12-07
877,Rhoda,Kellby,Rhoda.Kellby@yopmail.com,1908-10-15
878,Jeanna,Ehrman,Jeanna.Ehrman@yopmail.com,2017-04-30
879,Patricia,Schroth,Patricia.Schroth@yopmail.com,1911-05-01
880,Valli,Kussell,Valli.Kussell@yopmail.com,1994-11-23
881,Hyacinthe,Lynn,Hyacinthe.Lynn@yopmail.com,1977-08-25
882,Orelia,Malvino,Orelia.Malvino@yopmail.com,1936-03-30
883,Esmeralda,Tryck,Esmeralda.Tryck@yopmail.com,1985-09-23
884,Nyssa,Lauraine,Nyssa.Lauraine@yopmail.com,1984-06-18
885,Rosanne,Bonilla,Rosanne.Bonilla@yopmail.com,2016-06-03
886,Chrystel,Laverne,Chrystel.Laverne@yopmail.com,2012-07-17
887,Sybille,Sophronia,Sybille.Sophronia@yopmail.com,1923-06-05
888,Jolyn,Roarke,Jolyn.Roarke@yopmail.com,2014-01-30
889,Netty,Ietta,Netty.Ietta@yopmail.com,1987-08-17
890,Carmencita,Delacourt,Carmencita.Delacourt@yopmail.com,1945-11-13
891,Renae,Roumell,Renae.Roumell@yopmail.com,1923-03-26
892,Queenie,Wandie,Queenie.Wandie@yopmail.com,1963-03-21
893,Hyacinthe,Gualtiero,Hyacinthe.Gualtiero@yopmail.com,1936-05-10
894,Dorice,Montgomery,Dorice.Montgomery@yopmail.com,2014-02-03
895,Gwyneth,Dituri,Gwyneth.Dituri@yopmail.com,1927-10-09
896,Fayre,Swanhildas,Fayre.Swanhildas@yopmail.com,1900-03-30
897,Georgetta,Briney,Georgetta.Briney@yopmail.com,1984-09-09
898,Farrah,Ader,Farrah.Ader@yopmail.com,1947-11-24
899,Inga,Faro,Inga.Faro@yopmail.com,1935-02-22
900,Jan,Chapland,Jan.Chapland@yopmail.com,1974-05-19
901,Kaja,Liva,Kaja.Liva@yopmail.com,1956-12-28
902,Marika,Sophronia,Marika.Sophronia@yopmail.com,1969-10-26
903,Annabela,Chick,Annabela.Chick@yopmail.com,1944-11-08
904,Joleen,Chaing,Joleen.Chaing@yopmail.com,1996-12-30
905,Courtnay,Ashok,Courtnay.Ashok@yopmail.com,1935-09-17
906,Felice,Seumas,Felice.Seumas@yopmail.com,2004-04-09
907,Teddie,Miru,Teddie.Miru@yopmail.com,1998-05-16
908,Caritta,Faso,Caritta.Faso@yopmail.com,2019-07-25
909,Corina,Shirberg,Corina.Shirberg@yopmail.com,2009-07-04
910,Tarra,Boycey,Tarra.Boycey@yopmail.com,1989-01-13
911,Charlena,Eben,Charlena.Eben@yopmail.com,2010-09-03
912,Evaleen,Lindemann,Evaleen.Lindemann@yopmail.com,1997-11-12
913,Gwyneth,Hessler,Gwyneth.Hessler@yopmail.com,1925-06-29
914,Glenda,An,Glenda.An@yopmail.com,2013-02-19
915,Regina,Naashom,Regina.Naashom@yopmail.com,1919-09-30
916,Raquela,Ethban,Raquela.Ethban@yopmail.com,2001-01-20
917,Kellen,Dorothy,Kellen.Dorothy@yopmail.com,2008-11-25
918,Demetris,Donell,Demetris.Donell@yopmail.com,1926-03-25
919,Linzy,Chem,Linzy.Chem@yopmail.com,1964-03-05
920,Talya,Frodi,Talya.Frodi@yopmail.com,2008-03-28
921,Audrie,Craggie,Audrie.Craggie@yopmail.com,1967-12-30
922,Myriam,Dielu,Myriam.Dielu@yopmail.com,2000-02-14
923,Elmira,Gibbeon,Elmira.Gibbeon@yopmail.com,1927-01-29
924,Ebonee,August,Ebonee.August@yopmail.com,1906-11-06
925,Wileen,Swigart,Wileen.Swigart@yopmail.com,1986-03-22
926,Kassey,Peg,Kassey.Peg@yopmail.com,1998-10-11
927,Agathe,Reinke,Agathe.Reinke@yopmail.com,1928-12-03
928,Audrie,Timon,Audrie.Timon@yopmail.com,1956-03-21
929,Deloria,Holbrook,Deloria.Holbrook@yopmail.com,1928-10-27
930,Eadie,Lowry,Eadie.Lowry@yopmail.com,1910-04-11
931,Ileana,Gherardo,Ileana.Gherardo@yopmail.com,1913-06-08
932,Ursulina,Jehu,Ursulina.Jehu@yopmail.com,1986-10-05
933,Sheelagh,Grayce,Sheelagh.Grayce@yopmail.com,1925-04-12
934,Imojean,Macey,Imojean.Macey@yopmail.com,1982-04-04
935,Margalo,Rheingold,Margalo.Rheingold@yopmail.com,1973-08-30
936,Atlanta,Eckblad,Atlanta.Eckblad@yopmail.com,1904-01-29
937,Joane,Gale,Joane.Gale@yopmail.com,1933-01-17
938,Lauryn,Sallyann,Lauryn.Sallyann@yopmail.com,1974-09-26
939,Kellen,Karylin,Kellen.Karylin@yopmail.com,1938-08-30
940,Chandra,Autrey,Chandra.Autrey@yopmail.com,1926-05-25
941,Allyce,Buttaro,Allyce.Buttaro@yopmail.com,1993-10-13
942,Regina,Thar,Regina.Thar@yopmail.com,2006-11-16
943,Paule,Corrine,Paule.Corrine@yopmail.com,1937-03-23
944,Therine,Roscoe,Therine.Roscoe@yopmail.com,1974-01-19
945,Merrie,Leary,Merrie.Leary@yopmail.com,1997-12-28
946,Antonietta,Matthew,Antonietta.Matthew@yopmail.com,1929-02-02
947,Shirlee,Ailyn,Shirlee.Ailyn@yopmail.com,1998-08-24
948,Doro,Ruvolo,Doro.Ruvolo@yopmail.com,2013-05-05
949,Clementine,Pond,Clementine.Pond@yopmail.com,1926-08-17
950,Meg,Ammann,Meg.Ammann@yopmail.com,1993-12-11
951,Camile,Gombach,Camile.Gombach@yopmail.com,2011-01-19
952,Jacenta,Rodmann,Jacenta.Rodmann@yopmail.com,1996-01-08
953,Elmira,Ball,Elmira.Ball@yopmail.com,1948-07-08
954,Trudie,Rodmann,Trudie.Rodmann@yopmail.com,1976-02-24
955,Ketti,Colyer,Ketti.Colyer@yopmail.com,1917-05-10
956,Claudina,Brackely,Claudina.Brackely@yopmail.com,2000-07-19
957,Tomasina,Amand,Tomasina.Amand@yopmail.com,1966-04-16
958,Rhoda,Morrill,Rhoda.Morrill@yopmail.com,1918-01-30
959,Elora,Garrison,Elora.Garrison@yopmail.com,1938-04-05
960,Dorene,Hanshaw,Dorene.Hanshaw@yopmail.com,2016-10-19
961,Lucille,Isidore,Lucille.Isidore@yopmail.com,1937-06-27
962,Joelly,Allina,Joelly.Allina@yopmail.com,1981-10-18
963,Dulce,Vivle,Dulce.Vivle@yopmail.com,1975-03-07
964,Teddie,Land,Teddie.Land@yopmail.com,1916-05-18
965,Margalo,Dorine,Margalo.Dorine@yopmail.com,1981-01-09
966,Ann-Marie,Letsou,Ann-Marie.Letsou@yopmail.com,1933-03-03
967,Chloris,Yoko,Chloris.Yoko@yopmail.com,1936-11-29
968,Myrtice,Lutero,Myrtice.Lutero@yopmail.com,1983-06-06
969,Pamella,Sperling,Pamella.Sperling@yopmail.com,1980-05-21
970,Kristan,Riva,Kristan.Riva@yopmail.com,1925-03-01
971,Lacie,Wolfgram,Lacie.Wolfgram@yopmail.com,2012-06-20
972,Kenna,Ader,Kenna.Ader@yopmail.com,1972-01-15
973,Charmaine,McAdams,Charmaine.McAdams@yopmail.com,1964-10-15
974,Myriam,Hamil,Myriam.Hamil@yopmail.com,1908-12-30
975,Fidelia,Alice,Fidelia.Alice@yopmail.com,2006-04-21
976,Jennica,Candy,Jennica.Candy@yopmail.com,1938-07-24
977,Kara-Lynn,Ajay,Kara-Lynn.Ajay@yopmail.com,1910-10-13
978,Gratia,Carlson,Gratia.Carlson@yopmail.com,1976-10-30
979,Talya,Ochs,Talya.Ochs@yopmail.com,1962-07-27
980,Kylynn,Hubert,Kylynn.Hubert@yopmail.com,2014-01-24
981,Valeda,Hedve,Valeda.Hedve@yopmail.com,1937-09-23
982,Sophia,Vernier,Sophia.Vernier@yopmail.com,1943-08-21
983,Jinny,Bigner,Jinny.Bigner@yopmail.com,1958-07-10
984,Gratia,Pelagias,Gratia.Pelagias@yopmail.com,1978-03-20
985,Lexine,Fax,Lexine.Fax@yopmail.com,1937-06-24
986,Damaris,Rheingold,Damaris.Rheingold@yopmail.com,2004-07-24
987,Nelle,Adamsen,Nelle.Adamsen@yopmail.com,2014-05-23
988,Michaelina,Keily,Michaelina.Keily@yopmail.com,1943-10-27
989,Oralee,Shuler,Oralee.Shuler@yopmail.com,1990-06-03
990,Melina,Modie,Melina.Modie@yopmail.com,2003-06-09
991,Christy,Cressida,Christy.Cressida@yopmail.com,1974-08-08
992,Rhea,Montgomery,Rhea.Montgomery@yopmail.com,1972-06-24
993,Maisey,Stover,Maisey.Stover@yopmail.com,1963-05-09
994,Cristine,Velick,Cristine.Velick@yopmail.com,1905-10-07
995,Gusty,Selway,Gusty.Selway@yopmail.com,2017-01-26
996,Blake,Poll,Blake.Poll@yopmail.com,1933-06-05
997,Trudie,Garbe,Trudie.Garbe@yopmail.com,1945-09-26
998,Nananne,Woodberry,Nananne.Woodberry@yopmail.com,1937-12-23
999,Corina,Slifka,Corina.Slifka@yopmail.com,1910-07-31
1000,Edyth,Sheng,Edyth.Sheng@yopmail.com,1925-09-09
1001,Maisey,Rosette,Maisey.Rosette@yopmail.com,1951-05-01
1002,Gerrie,Ardeha,Gerrie.Ardeha@yopmail.com,1984-10-11
1003,Robinia,Ardra,Robinia.Ardra@yopmail.com,1936-10-18
1004,Bobinette,Moseley,Bobinette.Moseley@yopmail.com,2008-05-03
1005,Queenie,Kiyoshi,Queenie.Kiyoshi@yopmail.com,1987-01-07
1006,Ivett,August,Ivett.August@yopmail.com,1976-04-21
1007,Jean,Georgy,Jean.Georgy@yopmail.com,1992-02-01
1008,Wilma,Stilwell,Wilma.Stilwell@yopmail.com,1962-03-19
1009,Clementine,Serilda,Clementine.Serilda@yopmail.com,1979-06-27
1010,Livvyy,Merat,Livvyy.Merat@yopmail.com,1953-03-21
1011,Tierney,Giule,Tierney.Giule@yopmail.com,1921-08-14
1012,Hayley,Gemini,Hayley.Gemini@yopmail.com,1905-06-12
1013,Rhea,Valoniah,Rhea.Valoniah@yopmail.com,1946-02-12
1014,Zaria,Kellby,Zaria.Kellby@yopmail.com,1967-10-02
1015,Shirlee,Fleeta,Shirlee.Fleeta@yopmail.com,1966-07-24
1016,Claudina,Terencio,Claudina.Terencio@yopmail.com,1926-08-24
1017,Donnie,Ilka,Donnie.Ilka@yopmail.com,1934-12-22
1018,Minda,Skell,Minda.Skell@yopmail.com,1949-08-22
1019,Marita,Gower,Marita.Gower@yopmail.com,2008-04-05
1020,Kimmy,Parsaye,Kimmy.Parsaye@yopmail.com,1999-04-11
1021,Kylynn,Wyn,Kylynn.Wyn@yopmail.com,2019-10-23
1022,Bertine,Joachim,Bertine.Joachim@yopmail.com,1954-09-15
1023,Philis,Rossner,Philis.Rossner@yopmail.com,2018-01-18
1024,Britte,Bari,Britte.Bari@yopmail.com,2013-02-02
1025,Vevay,Stoller,Vevay.Stoller@yopmail.com,1945-02-04
1026,Sherrie,Wandie,Sherrie.Wandie@yopmail.com,1986-04-08
1027,Tiffie,Seumas,Tiffie.Seumas@yopmail.com,1907-05-30
1028,Valli,Ashok,Valli.Ashok@yopmail.com,1907-10-21
1029,Janis,Ajay,Janis.Ajay@yopmail.com,1929-08-23
1030,Gertrud,Kenwood,Gertrud.Kenwood@yopmail.com,2009-01-20
1031,Wileen,Amethist,Wileen.Amethist@yopmail.com,2011-06-02
1032,Tamqrah,Brittani,Tamqrah.Brittani@yopmail.com,1961-02-04
1033,Rayna,Kauppi,Rayna.Kauppi@yopmail.com,2002-10-10
1034,Maud,Christine,Maud.Christine@yopmail.com,1925-04-25
1035,Mariele,Ellerey,Mariele.Ellerey@yopmail.com,1949-11-23
1036,Rayna,Garlinda,Rayna.Garlinda@yopmail.com,1988-10-08
1037,Henriette,Kress,Henriette.Kress@yopmail.com,1990-04-30
1038,Sam,Riva,Sam.Riva@yopmail.com,1932-03-27
1039,Valli,Tremayne,Valli.Tremayne@yopmail.com,1988-05-30
1040,Bee,Mintz,Bee.Mintz@yopmail.com,2013-03-30
1041,Mathilda,Presber,Mathilda.Presber@yopmail.com,1951-08-25
1042,Latisha,Kalinda,Latisha.Kalinda@yopmail.com,1943-10-27
1043,Gerrie,Ophelia,Gerrie.Ophelia@yopmail.com,1956-03-19
1044,Juliane,Wareing,Juliane.Wareing@yopmail.com,1948-10-21
1045,Juliane,Ietta,Juliane.Ietta@yopmail.com,1903-02-24
1046,Tabbatha,Munn,Tabbatha.Munn@yopmail.com,1934-10-19
1047,Christy,Kirstin,Christy.Kirstin@yopmail.com,1948-02-19
1048,Sashenka,McNully,Sashenka.McNully@yopmail.com,2017-10-18
1049,Alex,Georgy,Alex.Georgy@yopmail.com,1901-12-21
1050,Kimberley,Weide,Kimberley.Weide@yopmail.com,1925-12-19
1051,Mildrid,Hermes,Mildrid.Hermes@yopmail.com,2004-01-31
1052,Lynnea,Norrie,Lynnea.Norrie@yopmail.com,1939-05-27
1053,Wendi,Kauppi,Wendi.Kauppi@yopmail.com,1961-05-07
1054,Ninnetta,Colp,Ninnetta.Colp@yopmail.com,2009-08-14
1055,Dulce,McAdams,Dulce.McAdams@yopmail.com,1995-01-22
1056,Tracey,Kalinda,Tracey.Kalinda@yopmail.com,1956-08-23
1057,Britni,Cosenza,Britni.Cosenza@yopmail.com,1990-06-15
1058,Sashenka,Ruvolo,Sashenka.Ruvolo@yopmail.com,1958-10-19
1059,Orelia,Sekofski,Orelia.Sekofski@yopmail.com,1924-01-11
1060,Jordan,Kunin,Jordan.Kunin@yopmail.com,2006-04-26
1061,Joy,Fiann,Joy.Fiann@yopmail.com,1914-02-01
1062,Minne,Sholley,Minne.Sholley@yopmail.com,1919-12-18
1063,Kamilah,Diann,Kamilah.Diann@yopmail.com,1981-09-30
1064,Robbi,Publia,Robbi.Publia@yopmail.com,1916-03-12
1065,Cam,Winthorpe,Cam.Winthorpe@yopmail.com,1937-10-09
1066,Noelle,Travax,Noelle.Travax@yopmail.com,1959-01-03
1067,Philis,Regan,Philis.Regan@yopmail.com,1911-01-27
1068,Cherilyn,Erlandson,Cherilyn.Erlandson@yopmail.com,1934-02-13
1069,Mariann,Naashom,Mariann.Naashom@yopmail.com,1939-03-05
1070,Evita,Gillan,Evita.Gillan@yopmail.com,1953-02-14
1071,Tressa,Karna,Tressa.Karna@yopmail.com,1989-05-14
1072,Emilia,Ochs,Emilia.Ochs@yopmail.com,1922-08-14
1073,Aubrie,Goddard,Aubrie.Goddard@yopmail.com,1924-02-28
1074,Ninnetta,Buttaro,Ninnetta.Buttaro@yopmail.com,1930-07-17
1075,Georgina,Gillan,Georgina.Gillan@yopmail.com,1938-10-08
1076,Berget,Fiann,Berget.Fiann@yopmail.com,1973-03-13
1077,Mara,Nahum,Mara.Nahum@yopmail.com,1947-03-19
1078,Shaylyn,Posner,Shaylyn.Posner@yopmail.com,2014-04-14
1079,Hallie,Merell,Hallie.Merell@yopmail.com,1974-04-18
1080,Emmey,Laverne,Emmey.Laverne@yopmail.com,1980-11-13
1081,Gusty,Firmin,Gusty.Firmin@yopmail.com,1967-10-10
1082,Josephine,Japeth,Josephine.Japeth@yopmail.com,1904-09-29
1083,Zsa Zsa,Abram,Zsa Zsa.Abram@yopmail.com,2000-11-18
1084,Rozele,Markman,Rozele.Markman@yopmail.com,1946-03-14
1085,Fernande,Rheingold,Fernande.Rheingold@yopmail.com,1948-10-11
1086,Belinda,Penelopa,Belinda.Penelopa@yopmail.com,1923-06-18
1087,Brietta,Cassius,Brietta.Cassius@yopmail.com,2016-07-21
1088,June,Wattenberg,June.Wattenberg@yopmail.com,1963-09-27
1089,Abbie,Bigner,Abbie.Bigner@yopmail.com,1964-03-27
1090,Myrtice,Rillings,Myrtice.Rillings@yopmail.com,1900-06-09
1091,Tani,Persse,Tani.Persse@yopmail.com,1964-07-07
1092,Nariko,Stevy,Nariko.Stevy@yopmail.com,1932-10-19
1093,Stevana,Woodberry,Stevana.Woodberry@yopmail.com,1966-08-06
1094,Basia,Euridice,Basia.Euridice@yopmail.com,2006-01-09
1095,Jolyn,Claudine,Jolyn.Claudine@yopmail.com,1932-04-26
1096,Gerianna,Lemuela,Gerianna.Lemuela@yopmail.com,1931-06-21
1097,Shauna,Ivens,Shauna.Ivens@yopmail.com,1982-03-10
1098,Nataline,Gregrory,Nataline.Gregrory@yopmail.com,2002-04-24
1099,Calla,Flyn,Calla.Flyn@yopmail.com,1933-08-26