id,firstname,lastname,email,Field Name
100,Lindie,Reinke,Lindie.Reinke@yopmail.com,1933-07-29
101,Carol-Jean,Stefa,Carol-Jean.Stefa@yopmail.com,2003-09-17
102,Leontine,Septima,Leontine.Septima@yopmail.com,2005-03-02
103,Lulita,Loeb,Lulita.Loeb@yopmail.com,1944-02-07
104,Tonia,Gilmour,Tonia.Gilmour@yopmail.com,1941-05-19
105,Wileen,Therine,Wileen.Therine@yopmail.com,1909-01-29
106,Hallie,Sawtelle,Hallie.Sawtelle@yopmail.com,1977-12-02
107,Brena,Bebe,Brena.Bebe@yopmail.com,1998-11-06
108,Hollie,Boehike,Hollie.Boehike@yopmail.com,1976-03-08
109,Dianemarie,Dex,Dianemarie.Dex@yopmail.com,1959-02-17
110,Jaclyn,Lane,Jaclyn.Lane@yopmail.com,1961-03-08
111,Zaria,Alva,Zaria.Alva@yopmail.com,1977-04-26
112,Heida,Luhe,Heida.Luhe@yopmail.com,1971-09-19
113,Myriam,Rad,Myriam.Rad@yopmail.com,2004-05-23
114,Noelle,Sammons,Noelle.Sammons@yopmail.com,1933-04-28
115,Selma,Ruvolo,Selma.Ruvolo@yopmail.com,1909-07-08
116,Johna,Gaynor,Johna.Gaynor@yopmail.com,1938-12-20
117,Jemie,Bates,Jemie.Bates@yopmail.com,1938-08-05
118,Ginnie,Nikaniki,Ginnie.Nikaniki@yopmail.com,2004-10-27
119,Kaja,Saunderson,Kaja.Saunderson@yopmail.com,1945-06-24
120,Joleen,Louanna,Joleen.Louanna@yopmail.com,1917-08-18
121,Pearline,Toffic,Pearline.Toffic@yopmail.com,1941-03-19
122,Winny,Wareing,Winny.Wareing@yopmail.com,2003-01-30
123,Sidoney,Gualtiero,Sidoney.Gualtiero@yopmail.com,1949-09-24
124,Daune,Helve,Daune.Helve@yopmail.com,1917-03-02
125,Angelique,Wesle,Angelique.Wesle@yopmail.com,1937-02-15
126,Belinda,Hurley,Belinda.Hurley@yopmail.com,1922-01-21
127,Larine,Kiyoshi,Larine.Kiyoshi@yopmail.com,1945-02-08
128,Deane,Palocz,Deane.Palocz@yopmail.com,1931-03-12
129,Alameda,Moseley,Alameda.Moseley@yopmail.com,1964-04-28
130,Roberta,Phi,Roberta.Phi@yopmail.com,1948-06-04
131,Annice,Chauncey,Annice.Chauncey@yopmail.com,1971-04-10
132,Winifred,Ogren,Winifred.Ogren@yopmail.com,1939-12-29
133,Inga,Han,Inga.Han@yopmail.com,1987-12-28
134,Arlena,Sabella,Arlena.Sabella@yopmail.com,1913-08-19
135,Aryn,Felecia,Aryn.Felecia@yopmail.com,1903-10-27
136,Perry,Zaslow,Perry.Zaslow@yopmail.com,1987-12-02
137,Queenie,Secrest,Queenie.Secrest@yopmail.com,1933-11-07
138,Fanchon,Natica,Fanchon.Natica@yopmail.com,1900-01-28
139,Augustine,Koziara,Augustine.Koziara@yopmail.com,1952-11-10
140,Clementine,Hebner,Clementine.Hebner@yopmail.com,1973-03-04
141,Sadie,Darbie,Sadie.Darbie@yopmail.com,1920-08-28
142,Janenna,Mendez,Janenna.Mendez@yopmail.com,1979-08-16
143,Wanda,Kress,Wanda.Kress@yopmail.com,2008-03-22
144,Allis,Grobe,Allis.Grobe@yopmail.com,2002-11-21
145,Magdalena,Myrilla,Magdalena.Myrilla@yopmail.com,1950-06-04
146,Zaria,Vanni,Zaria.Vanni@yopmail.com,1907-02-25
147,Tressa,August,Tressa.August@yopmail.com,1943-05-30
148,Flo,Hurley,Flo.Hurley@yopmail.com,1906-11-20
149,Silvana,Bakerman,Silvana.Bakerman@yopmail.com,1960-04-19
150,Fred,Curren,Fred.Curren@yopmail.com,1902-07-30
151,Sallie,Dom,Sallie.Dom@yopmail.com,1974-12-22
152,Althea,Dex,Althea.Dex@yopmail.com,1921-07-11
153,Georgina,Paton,Georgina.Paton@yopmail.com,1995-10-20
154,Corene,Ilka,Corene.Ilka@yopmail.com,2011-11-02
155,Modestia,Aldric,Modestia.Aldric@yopmail.com,1918-09-25
156,Flory,Nadia,Flory.Nadia@yopmail.com,2003-03-24
157,Betta,Milde,Betta.Milde@yopmail.com,1965-06-21
158,Minda,Philipp,Minda.Philipp@yopmail.com,1900-07-16
159,Carlie,Rozanna,Carlie.Rozanna@yopmail.com,1917-05-30
160,Oralee,Tound,Oralee.Tound@yopmail.com,1928-01-28
161,Philis,Saunderson,Philis.Saunderson@yopmail.com,1903-08-31
162,Keelia,Westphal,Keelia.Westphal@yopmail.com,1902-11-24
163,Charissa,Podvin,Charissa.Podvin@yopmail.com,1926-04-11
164,Briney,Fabiola,Briney.Fabiola@yopmail.com,1929-06-10
165,Sibella,Arquit,Sibella.Arquit@yopmail.com,2003-08-12
166,Quintina,Pulsifer,Quintina.Pulsifer@yopmail.com,1908-05-21
167,Claudina,Engdahl,Claudina.Engdahl@yopmail.com,1921-02-04
168,Zondra,Stephie,Zondra.Stephie@yopmail.com,2011-08-06
169,Sharai,Hessler,Sharai.Hessler@yopmail.com,1981-04-02
170,Abbie,Pitt,Abbie.Pitt@yopmail.com,1980-05-19
171,Debee,Hebner,Debee.Hebner@yopmail.com,1922-08-27
172,Lenna,Jerold,Lenna.Jerold@yopmail.com,1962-03-15
173,Alia,Hedve,Alia.Hedve@yopmail.com,1914-05-17
174,Cassandra,Dituri,Cassandra.Dituri@yopmail.com,1920-04-21
175,Melina,Mozelle,Melina.Mozelle@yopmail.com,1918-12-31
176,Grier,Lail,Grier.Lail@yopmail.com,1945-08-18
177,Sharlene,Buffum,Sharlene.Buffum@yopmail.com,1958-07-09
178,Daune,Kermit,Daune.Kermit@yopmail.com,1942-07-13
179,Morganica,Douglass,Morganica.Douglass@yopmail.com,1963-10-30
180,Courtnay,Adalbert,Courtnay.Adalbert@yopmail.com,1932-11-25
181,Hyacinthe,Cecile,Hyacinthe.Cecile@yopmail.com,1973-11-05
182,Tani,Damarra,Tani.Damarra@yopmail.com,1978-08-13
183,Delilah,Roscoe,Delilah.Roscoe@yopmail.com,1938-02-11
184,Peri,Leifeste,Peri.Leifeste@yopmail.com,1967-09-23
185,Kristan,Pitt,Kristan.Pitt@yopmail.com,1926-03-04
186,Vivia,Johanna,Vivia.Johanna@yopmail.com,2011-10-02
187,Kathi,Ellerey,Kathi.Ellerey@yopmail.com,2006-05-28
188,Mariele,Hertzfeld,Mariele.Hertzfeld@yopmail.com,2018-08-15
189,Gilligan,Ailyn,Gilligan.Ailyn@yopmail.com,1934-11-01
190,Dari,Eiser,Dari.Eiser@yopmail.com,1949-03-12
191,Emylee,Ball,Emylee.Ball@yopmail.com,1968-11-02
192,Amara,Sinegold,Amara.Sinegold@yopmail.com,1979-10-03
193,Dorene,Primalia,Dorene.Primalia@yopmail.com,1997-06-23
194,Albertina,Zrike,Albertina.Zrike@yopmail.com,2001-04-12
195,Kara-Lynn,O'Rourke,Kara-Lynn.O'Rourke@yopmail.com,1975-05-30
196,Noelle,Jerold,Noelle.Jerold@yopmail.com,1989-01-02
197,Wileen,Narton,Wileen.Narton@yopmail.com,1938-11-06
198,Aurelie,Yate,Aurelie.Yate@yopmail.com,1909-12-08
199,Anthia,Malanie,Anthia.Malanie@yopmail.com,2011-01-13
200,Flory,Jammal,Flory.Jammal@yopmail.com,1998-10-17
201,Kirbee,Pozzy,Kirbee.Pozzy@yopmail.com,1925-02-12
202,Sean,Gherardo,Sean.Gherardo@yopmail.com,1935-08-05
203,Sara-Ann,Muriel,Sara-Ann.Muriel@yopmail.com,1933-01-02
204,Evita,Kesley,Evita.Kesley@yopmail.com,1998-11-20
205,Bill,Jillane,Bill.Jillane@yopmail.com,1972-07-02
206,Amii,Fredi,Amii.Fredi@yopmail.com,1954-11-24
207,Fernande,Merell,Fernande.Merell@yopmail.com,1934-05-29
208,Alameda,Janith,Alameda.Janith@yopmail.com,1916-09-20
209,Randa,Strephon,Randa.Strephon@yopmail.com,1948-01-27
210,Valera,Berl,Valera.Berl@yopmail.com,1928-10-26
211,Althea,Wildermuth,Althea.Wildermuth@yopmail.com,1997-03-23
212,Kassey,Payson,Kassey.Payson@yopmail.com,1932-09-29
213,Quintina,Love,Quintina.Love@yopmail.com,1900-05-20
214,Amii,Simmonds,Amii.Simmonds@yopmail.com,1979-04-15
215,Nonnah,Heisel,Nonnah.Heisel@yopmail.com,1982-12-06
216,Lelah,Nickola,Lelah.Nickola@yopmail.com,1921-04-24
217,Ketti,Hubert,Ketti.Hubert@yopmail.com,1913-08-07
218,Nananne,Wadell,Nananne.Wadell@yopmail.com,1942-04-09
219,Hyacinthe,Oneida,Hyacinthe.Oneida@yopmail.com,1971-01-30
220,Philis,Yusuk,Philis.Yusuk@yopmail.com,2003-06-23
221,Caryl,Elisha,Caryl.Elisha@yopmail.com,1940-07-04
222,Leia,Merell,Leia.Merell@yopmail.com,2008-11-17
223,Bee,Ade,Bee.Ade@yopmail.com,1996-06-30
224,Kylynn,Cressida,Kylynn.Cressida@yopmail.com,1976-05-04
225,Dede,Angelis,Dede.Angelis@yopmail.com,1919-09-26
226,Viviene,Raseda,Viviene.Raseda@yopmail.com,1936-11-05
227,Lucy,Leonard,Lucy.Leonard@yopmail.com,1911-11-30
228,Nonnah,Randene,Nonnah.Randene@yopmail.com,1941-12-03
229,Monika,Auberbach,Monika.Auberbach@yopmail.com,1931-07-10
230,Pierette,Sholley,Pierette.Sholley@yopmail.com,1926-12-02
231,Evita,Anis,Evita.Anis@yopmail.com,1974-11-06
232,Berget,Bryna,Berget.Bryna@yopmail.com,1976-12-06
233,Teddie,Sisile,Teddie.Sisile@yopmail.com,1962-06-26
234,Trixi,Alisia,Trixi.Alisia@yopmail.com,2013-12-23
235,Quintina,Kare,Quintina.Kare@yopmail.com,2004-10-26
236,Rochette,Phaidra,Rochette.Phaidra@yopmail.com,2001-09-16
237,Sashenka,Hortensia,Sashenka.Hortensia@yopmail.com,1940-05-06
238,Jessamyn,Nedrud,Jessamyn.Nedrud@yopmail.com,1990-11-24
239,Mady,Wesle,Mady.Wesle@yopmail.com,1902-06-29
240,Elie,Huggins,Elie.Huggins@yopmail.com,1949-09-09
241,Beth,Radu,Beth.Radu@yopmail.com,1973-05-09
242,Genevra,Oneida,Genevra.Oneida@yopmail.com,1915-03-17
243,Miquela,Raychel,Miquela.Raychel@yopmail.com,1976-09-28
244,Tina,Monaco,Tina.Monaco@yopmail.com,2009-04-12
245,Arlena,Sheedy,Arlena.Sheedy@yopmail.com,1972-04-10
246,Anestassia,Carri,Anestassia.Carri@yopmail.com,1902-09-07
247,Mildrid,Virgin,Mildrid.Virgin@yopmail.com,1947-03-09
248,Tilly,Donell,Tilly.Donell@yopmail.com,2007-09-01
249,Jsandye,Joachim,Jsandye.Joachim@yopmail.com,1908-05-26
250,Marsiella,Ophelia,Marsiella.Ophelia@yopmail.com,1985-09-07
251,Christian,Cleavland,Christian.Cleavland@yopmail.com,1921-02-19
252,Cecile,Wesle,Cecile.Wesle@yopmail.com,1923-10-13
253,Kate,MacIntosh,Kate.MacIntosh@yopmail.com,1956-04-03
254,Lusa,Concha,Lusa.Concha@yopmail.com,1973-09-16
255,Fred,Kimmie,Fred.Kimmie@yopmail.com,1910-06-15
256,Micheline,Eckblad,Micheline.Eckblad@yopmail.com,1900-07-12
257,Ninnetta,Jorgan,Ninnetta.Jorgan@yopmail.com,2012-01-04
258,Amii,Vins,Amii.Vins@yopmail.com,1984-04-30
259,Leeanne,Abram,Leeanne.Abram@yopmail.com,1996-03-30
260,Sandie,Dawkins,Sandie.Dawkins@yopmail.com,2009-12-16
261,Lilith,Vacuva,Lilith.Vacuva@yopmail.com,1987-03-14
262,Halette,Christal,Halette.Christal@yopmail.com,1957-01-23
263,Cyndie,Latini,Cyndie.Latini@yopmail.com,1904-03-21
264,Clarice,Germann,Clarice.Germann@yopmail.com,2000-12-28
265,Jsandye,Malanie,Jsandye.Malanie@yopmail.com,2008-08-10
266,Isa,Edmund,Isa.Edmund@yopmail.com,1903-07-05
267,Annice,Giule,Annice.Giule@yopmail.com,1906-08-07
268,Deloria,Schenck,Deloria.Schenck@yopmail.com,1949-12-21
269,Codie,Bryna,Codie.Bryna@yopmail.com,1998-03-27
270,Tamqrah,Glovsky,Tamqrah.Glovsky@yopmail.com,2004-08-18
271,Elka,Edvard,Elka.Edvard@yopmail.com,2017-08-12
272,Mureil,Nester,Mureil.Nester@yopmail.com,1976-05-10
273,Carmencita,Dowski,Carmencita.Dowski@yopmail.com,1954-06-28
274,Berget,Goldina,Berget.Goldina@yopmail.com,1954-05-17
275,Desirae,Greenwald,Desirae.Greenwald@yopmail.com,1947-04-13
276,Marinna,Bord,Marinna.Bord@yopmail.com,1961-02-22
277,Jemie,Edvard,Jemie.Edvard@yopmail.com,1942-12-29
278,Willetta,Norrie,Willetta.Norrie@yopmail.com,1920-11-19
279,Margarette,Dannye,Margarette.Dannye@yopmail.com,1952-04-20
280,Teriann,Niles,Teriann.Niles@yopmail.com,2001-09-29
281,Linet,Taam,Linet.Taam@yopmail.com,1972-03-16
282,Dione,Gaspard,Dione.Gaspard@yopmail.com,1975-11-16
283,Carlie,Lauraine,Carlie.Lauraine@yopmail.com,1960-04-23
284,Carly,Alfons,Carly.Alfons@yopmail.com,1976-05-09
285,Jorry,Fosque,Jorry.Fosque@yopmail.com,1970-01-10
286,Sean,Wandie,Sean.Wandie@yopmail.com,1910-11-28
287,Rori,Goerke,Rori.Goerke@yopmail.com,1974-02-18
288,Robbi,Mayeda,Robbi.Mayeda@yopmail.com,1983-08-09
289,Tabbatha,Idelia,Tabbatha.Idelia@yopmail.com,2018-12-21
290,Jan,Chapland,Jan.Chapland@yopmail.com,1913-08-19
291,Arabel,Lory,Arabel.Lory@yopmail.com,1944-05-21
292,Arlina,Diogenes,Arlina.Diogenes@yopmail.com,1917-07-07
293,Queenie,Tound,Queenie.Tound@yopmail.com,1962-07-31
294,Ellette,Kat,Ellette.Kat@yopmail.com,1994-11-13
295,Netty,Erich,Netty.Erich@yopmail.com,1905-06-29
296,Joelly,Iiette,Joelly.Iiette@yopmail.com,1916-05-17
297,Jobi,Kristi,Jobi.Kristi@yopmail.com,1960-02-25
298,Calla,Sparhawk,Calla.Sparhawk@yopmail.com,1909-09-23
299,Fredericka,Daegal,Fredericka.Daegal@yopmail.com,1905-02-18
300,Olwen,Chapland,Olwen.Chapland@yopmail.com,1937-12-11
301,Neila,Rosemary,Neila.Rosemary@yopmail.com,1948-11-24
302,Madeleine,Maroney,Madeleine.Maroney@yopmail.com,2009-05-12
303,Kaja,Gert,Kaja.Gert@yopmail.com,1997-01-25
304,Adriana,Zachary,Adriana.Zachary@yopmail.com,1998-09-21
305,Randa,Telfer,Randa.Telfer@yopmail.com,1966-02-22
306,Leona,Tippets,Leona.Tippets@yopmail.com,1937-01-09
307,Mara,Sundin,Mara.Sundin@yopmail.com,1946-05-15
308,Oona,Arley,Oona.Arley@yopmail.com,1903-04-27
309,Claresta,Arquit,Claresta.Arquit@yopmail.com,2007-06-25
310,Gilda,Read,Gilda.Read@yopmail.com,1924-08-10
311,Jenilee,Jehu,Jenilee.Jehu@yopmail.com,1909-03-29
312,Cristabel,Maisey,Cristabel.Maisey@yopmail.com,1923-04-30
313,Mathilda,Keily,Mathilda.Keily@yopmail.com,1953-02-06
314,Netty,Olnee,Netty.Olnee@yopmail.com,1955-10-10
315,Nicoli,Aloise,Nicoli.Aloise@yopmail.com,1951-07-12
316,Fred,Orlene,Fred.Orlene@yopmail.com,1970-01-12
317,Rochette,Even,Rochette.Even@yopmail.com,1986-07-22
318,Catrina,Rurik,Catrina.Rurik@yopmail.com,1922-09-07
319,Cam,Bultman,Cam.Bultman@yopmail.com,1940-04-26
320,Genevra,Tremayne,Genevra.Tremayne@yopmail.com,1903-01-18
321,Lizzie,Presber,Lizzie.Presber@yopmail.com,1902-12-14
322,Madeleine,Maxi,Madeleine.Maxi@yopmail.com,1922-03-17
323,Sophia,Annabella,Sophia.Annabella@yopmail.com,1926-09-01
324,Cherrita,Jenness,Cherrita.Jenness@yopmail.com,2019-05-03
325,Annice,Sandye,Annice.Sandye@yopmail.com,1941-01-21
326,Ronna,Liebermann,Ronna.Liebermann@yopmail.com,2019-12-12
327,Therine,Jacinda,Therine.Jacinda@yopmail.com,1935-08-04
328,Shandie,Socha,Shandie.Socha@yopmail.com,1911-11-11
329,Letizia,Faust,Letizia.Faust@yopmail.com,1958-04-12
330,Paola,Marisa,Paola.Marisa@yopmail.com,2011-04-24
331,Albertina,Carlson,Albertina.Carlson@yopmail.com,1901-10-25
332,Lanna,Rosemary,Lanna.Rosemary@yopmail.com,1989-08-20
333,Lory,Kat,Lory.Kat@yopmail.com,1933-11-05
334,Carol-Jean,Stefa,Carol-Jean.Stefa@yopmail.com,1935-08-26
335,Donnie,Hailee,Donnie.Hailee@yopmail.com,1954-03-14
336,Molli,Ahab,Molli.Ahab@yopmail.com,1907-07-12
337,Winifred,Claudine,Winifred.Claudine@yopmail.com,2019-08-20
338,Chere,Bach,Chere.Bach@yopmail.com,1926-04-15
339,Gerianna,Podvin,Gerianna.Podvin@yopmail.com,1907-11-12
340,Elvira,Vastah,Elvira.Vastah@yopmail.com,2010-06-02
341,Nita,Lail,Nita.Lail@yopmail.com,1980-07-04
342,Robinia,Mayeda,Robinia.Mayeda@yopmail.com,1929-09-24
343,Lisette,Wareing,Lisette.Wareing@yopmail.com,2019-04-11
344,Rhea,Lipson,Rhea.Lipson@yopmail.com,1992-09-07
345,Keelia,Berne,Keelia.Berne@yopmail.com,1919-12-10
346,Clarice,Dorothy,Clarice.Dorothy@yopmail.com,1924-02-14
347,Harmonia,Friede,Harmonia.Friede@yopmail.com,1959-02-09
348,Jasmina,Schenck,Jasmina.Schenck@yopmail.com,1965-03-13
349,Christy,Kolnick,Christy.Kolnick@yopmail.com,1995-10-02
350,Dyann,Zeeba,Dyann.Zeeba@yopmail.com,1900-08-23
351,Dulce,Whittaker,Dulce.Whittaker@yopmail.com,1955-02-28
352,Yetty,Leler,Yetty.Leler@yopmail.com,1946-08-28
353,Margette,Johnsson,Margette.Johnsson@yopmail.com,1921-04-26
354,Queenie,Schroth,Queenie.Schroth@yopmail.com,1965-12-26
355,Janeczka,Randene,Janeczka.Randene@yopmail.com,2015-09-10
356,Layla,Rolf,Layla.Rolf@yopmail.com,1954-06-10
357,Pollyanna,Noelyn,Pollyanna.Noelyn@yopmail.com,1992-07-13
358,Nataline,Giule,Nataline.Giule@yopmail.com,2018-10-13
359,Lenna,Bryna,Lenna.Bryna@yopmail.com,2004-09-24
360,Genevra,Mehalek,Genevra.Mehalek@yopmail.com,1975-10-12
361,Marcy,Clie,Marcy.Clie@yopmail.com,1906-12-17
362,Hettie,Schlosser,Hettie.Schlosser@yopmail.com,1983-12-28
363,Brietta,Kamaria,Brietta.Kamaria@yopmail.com,1961-10-14
364,Fanny,Pascia,Fanny.Pascia@yopmail.com,1997-03-01
365,Albertina,Georgy,Albertina.Georgy@yopmail.com,1944-03-04
366,Xylina,Lacombe,Xylina.Lacombe@yopmail.com,1976-06-25
367,Bobbi,Stefa,Bobbi.Stefa@yopmail.com,1974-08-29
368,Cordi,Cordi,Cordi.Cordi@yopmail.com,2017-06-30
369,Kaia,Hubert,Kaia.Hubert@yopmail.com,1990-07-09
370,Stacey,Nerita,Stacey.Nerita@yopmail.com,1967-06-03
371,Anthia,Marcellus,Anthia.Marcellus@yopmail.com,2017-08-16
372,Tracey,Alejoa,Tracey.Alejoa@yopmail.com,1912-01-03
373,Bibby,Annabella,Bibby.Annabella@yopmail.com,2011-10-04
374,Doralynne,Fennessy,Doralynne.Fennessy@yopmail.com,1925-11-18
375,Karolina,Dreda,Karolina.Dreda@yopmail.com,1946-07-29
376,Adore,Old,Adore.Old@yopmail.com,1985-06-12
377,Alyssa,Podvin,Alyssa.Podvin@yopmail.com,1937-08-04
378,Robinia,Toni,Robinia.Toni@yopmail.com,1984-02-19
379,Celene,Lissi,Celene.Lissi@yopmail.com,1909-03-24
380,Consuela,Arathorn,Consuela.Arathorn@yopmail.com,1996-09-13
381,Angelique,Cohdwell,Angelique.Cohdwell@yopmail.com,1993-10-05
382,Lanae,Joseph,Lanae.Joseph@yopmail.com,2018-01-06
383,Jacquetta,Rogerio,Jacquetta.Rogerio@yopmail.com,1919-05-31
384,Celestyna,Jeanne,Celestyna.Jeanne@yopmail.com,1963-08-24
385,Ketti,Wattenberg,Ketti.Wattenberg@yopmail.com,2000-09-09
386,Tarra,Chaing,Tarra.Chaing@yopmail.com,2013-11-26
387,Cyndie,Lane,Cyndie.Lane@yopmail.com,1982-08-01
388,Barbara,Montgomery,Barbara.Montgomery@yopmail.com,2009-11-07
389,Olivette,Zrike,Olivette.Zrike@yopmail.com,1968-07-24
390,Karolina,Audly,Karolina.Audly@yopmail.com,1952-10-22
391,Livvyy,Dorothy,Livvyy.Dorothy@yopmail.com,1918-12-08
392,Jackie,Lacombe,Jackie.Lacombe@yopmail.com,1913-04-30
393,Lily,Luhe,Lily.Luhe@yopmail.com,1935-04-14
394,Silvana,Doig,Silvana.Doig@yopmail.com,1949-06-02
395,Sibella,Seumas,Sibella.Seumas@yopmail.com,1975-09-12
396,Demetris,Raffo,Demetris.Raffo@yopmail.com,1996-08-04
397,Annecorinne,Prouty,Annecorinne.Prouty@yopmail.com,1904-04-02
398,Eolanda,Ashok,Eolanda.Ashok@yopmail.com,1933-09-07
399,Tybie,Sibyls,Tybie.Sibyls@yopmail.com,1952-10-27
400,Mahalia,Roumell,Mahalia.Roumell@yopmail.com,1940-09-20
401,Lynea,Aloise,Lynea.Aloise@yopmail.com,2002-01-13
402,Zondra,Lareena,Zondra.Lareena@yopmail.com,1931-12-29
403,Gavrielle,Anis,Gavrielle.Anis@yopmail.com,2007-02-18
404,Danika,Levey,Danika.Levey@yopmail.com,1982-07-17
405,Elmira,Nahum,Elmira.Nahum@yopmail.com,2002-02-22
406,Ada,Kendrick,Ada.Kendrick@yopmail.com,1966-02-02
407,Anallese,Duwalt,Anallese.Duwalt@yopmail.com,2004-11-04
408,Modestia,Miru,Modestia.Miru@yopmail.com,1929-03-05
409,Bertine,Syd,Bertine.Syd@yopmail.com,1992-01-16
410,Melanie,Jagir,Melanie.Jagir@yopmail.com,1964-10-29
411,Phedra,Madaih,Phedra.Madaih@yopmail.com,2008-12-02
412,Fawne,Sancho,Fawne.Sancho@yopmail.com,1918-09-18
413,Deane,Marcellus,Deane.Marcellus@yopmail.com,1945-11-21
414,Madelle,Trinetta,Madelle.Trinetta@yopmail.com,2016-02-14
415,Rhea,Tamsky,Rhea.Tamsky@yopmail.com,1932-05-05
416,Babita,Wyn,Babita.Wyn@yopmail.com,1962-01-02
417,Celestyna,Loring,Celestyna.Loring@yopmail.com,1966-01-16
418,Ida,Rosalba,Ida.Rosalba@yopmail.com,1939-02-18
419,Hallie,Sidonius,Hallie.Sidonius@yopmail.com,1955-12-31
420,Justinn,Stilwell,Justinn.Stilwell@yopmail.com,1928-04-24
421,Iseabal,Linskey,Iseabal.Linskey@yopmail.com,2015-04-10
422,Edith,Faso,Edith.Faso@yopmail.com,1900-07-27
423,Leeanne,Felizio,Leeanne.Felizio@yopmail.com,1900-08-22
424,Albertina,Jillane,Albertina.Jillane@yopmail.com,2007-06-14
425,Cathyleen,Serilda,Cathyleen.Serilda@yopmail.com,1975-12-17
426,Sandie,Brian,Sandie.Brian@yopmail.com,1916-08-14
427,Bettine,Noman,Bettine.Noman@yopmail.com,2019-09-26
428,Ericka,Bluh,Ericka.Bluh@yopmail.com,2017-01-09
429,Charlena,Infield,Charlena.Infield@yopmail.com,1931-10-24
430,Augustine,Amand,Augustine.Amand@yopmail.com,2002-05-15
431,Hettie,Arquit,Hettie.Arquit@yopmail.com,1915-06-20
432,Carly,Primalia,Carly.Primalia@yopmail.com,1901-08-05
433,Gilligan,Diann,Gilligan.Diann@yopmail.com,2009-10-19
434,Amelia,Othilia,Amelia.Othilia@yopmail.com,1935-02-12
435,Dede,Lasley,Dede.Lasley@yopmail.com,1908-06-11
436,Marika,Bates,Marika.Bates@yopmail.com,1984-10-17
437,Jemie,Ricki,Jemie.Ricki@yopmail.com,1969-03-06
438,Myrtice,Lalitta,Myrtice.Lalitta@yopmail.com,1946-12-05
439,Alie,Abram,Alie.Abram@yopmail.com,1966-12-21
440,Vevay,Fredi,Vevay.Fredi@yopmail.com,1952-03-09
441,Clementine,Faust,Clementine.Faust@yopmail.com,1935-09-23
442,Tracey,Nahum,Tracey.Nahum@yopmail.com,2003-09-11
443,Jessy,Karylin,Jessy.Karylin@yopmail.com,1924-05-23
444,Eugine,Faria,Eugine.Faria@yopmail.com,1921-08-08
445,Gloria,Goode,Gloria.Goode@yopmail.com,2002-08-15
446,Viviene,Flita,Viviene.Flita@yopmail.com,1915-04-12
447,Winny,Tillford,Winny.Tillford@yopmail.com,1941-06-15
448,Harrietta,Goth,Harrietta.Goth@yopmail.com,1917-02-12
449,Gratia,Bearnard,Gratia.Bearnard@yopmail.com,1993-08-07
450,Fred,Olin,Fred.Olin@yopmail.com,1941-08-26
451,Concettina,Podvin,Concettina.Podvin@yopmail.com,1909-11-04
452,Edith,Greenwald,Edith.Greenwald@yopmail.com,2019-10-24
453,Joane,Diogenes,Joane.Diogenes@yopmail.com,2005-11-22
454,Mildrid,Weide,Mildrid.Weide@yopmail.com,1958-03-15
455,Ginnie,Bethany,Ginnie.Bethany@yopmail.com,1934-05-04
456,Gilda,Sammons,Gilda.Sammons@yopmail.com,1981-03-26
457,Philis,Lesley,Philis.Lesley@yopmail.com,1964-10-03
458,Babita,Vorster,Babita.Vorster@yopmail.com,1960-09-25
459,Tarra,Moseley,Tarra.Moseley@yopmail.com,1934-05-19
460,Amara,Urania,Amara.Urania@yopmail.com,1979-08-18
461,Elyssa,Kirstin,Elyssa.Kirstin@yopmail.com,1955-07-21
462,Daphne,Urania,Daphne.Urania@yopmail.com,1977-08-12
463,Ivett,Lipson,Ivett.Lipson@yopmail.com,1905-03-19
464,Rebeca,Sibyls,Rebeca.Sibyls@yopmail.com,1922-07-08
465,Fanchon,Bivins,Fanchon.Bivins@yopmail.com,1944-07-21
466,Sybille,Peg,Sybille.Peg@yopmail.com,1997-02-27
467,Tressa,Isidore,Tressa.Isidore@yopmail.com,1980-11-03
468,Annaliese,Kaete,Annaliese.Kaete@yopmail.com,1948-04-06
469,Ottilie,Atonsah,Ottilie.Atonsah@yopmail.com,1995-10-24
470,Clementine,Erlandson,Clementine.Erlandson@yopmail.com,1924-08-27
471,Frieda,Hanshaw,Frieda.Hanshaw@yopmail.com,1979-06-17
472,Barbara,Kolnick,Barbara.Kolnick@yopmail.com,1963-10-07
473,Eugine,Ethban,Eugine.Ethban@yopmail.com,1966-05-11
474,Elvira,Whiffen,Elvira.Whiffen@yopmail.com,1907-10-23
475,Collen,Rossner,Collen.Rossner@yopmail.com,1979-04-11
476,Susette,Love,Susette.Love@yopmail.com,1919-07-16
477,Jemie,Christal,Jemie.Christal@yopmail.com,1921-06-13
478,Jillayne,Fairweather,Jillayne.Fairweather@yopmail.com,1955-02-22
479,Bobbi,Riordan,Bobbi.Riordan@yopmail.com,1982-11-21
480,Florie,Ciapas,Florie.Ciapas@yopmail.com,1985-05-11
481,Elie,Paine,Elie.Paine@yopmail.com,1937-05-09
482,Cristine,McLaughlin,Cristine.McLaughlin@yopmail.com,1943-12-09
483,Gretal,Helve,Gretal.Helve@yopmail.com,1957-01-26
484,Carmela,Ajay,Carmela.Ajay@yopmail.com,1990-06-24
485,Emylee,Hermes,Emylee.Hermes@yopmail.com,2005-12-31
486,Alia,Huggins,Alia.Huggins@yopmail.com,1900-07-02
487,Tressa,Magdalen,Tressa.Magdalen@yopmail.com,1971-05-25
488,Maye,Melleta,Maye.Melleta@yopmail.com,1971-01-16
489,Jacenta,Lutero,Jacenta.Lutero@yopmail.com,1985-10-16
490,Demetris,Terrence,Demetris.Terrence@yopmail.com,1948-07-04
491,Bill,Dahlia,Bill.Dahlia@yopmail.com,1978-02-13
492,Robinia,Henrie,Robinia.Henrie@yopmail.com,1959-06-11
493,Shel,Anestassia,Shel.Anestassia@yopmail.com,1986-07-18
494,Rayna,Telfer,Rayna.Telfer@yopmail.com,1990-02-22
495,Talya,Tengdin,Talya.Tengdin@yopmail.com,1962-06-22
496,Elbertina,Carey,Elbertina.Carey@yopmail.com,1983-06-06
497,Gusella,Albertine,Gusella.Albertine@yopmail.com,1932-06-25
498,Sam,Havens,Sam.Havens@yopmail.com,1953-08-05
499,Gabriellia,Verger,Gabriellia.Verger@yopmail.com,1946-11-29
500,Lauryn,Alabaster,Lauryn.Alabaster@yopmail.com,2014-03-27
501,Elsie,Olnee,Elsie.Olnee@yopmail.com,1970-10-26
502,Carmela,Charmine,Carmela.Charmine@yopmail.com,1934-08-25
503,Almeta,Lalitta,Almeta.Lalitta@yopmail.com,2012-04-16
504,Hope,Sperling,Hope.Sperling@yopmail.com,2010-08-25
505,Roseline,Birdella,Roseline.Birdella@yopmail.com,2005-06-06
506,Letizia,Lumbard,Letizia.Lumbard@yopmail.com,1932-10-11
507,Gabriellia,Hillel,Gabriellia.Hillel@yopmail.com,1959-02-06
508,Zaria,Rona,Zaria.Rona@yopmail.com,1942-12-26
509,Rosabelle,Thema,Rosabelle.Thema@yopmail.com,1945-09-03
510,Marjie,Hanleigh,Marjie.Hanleigh@yopmail.com,1978-03-22
511,Valera,Sammons,Valera.Sammons@yopmail.com,1903-02-09
512,Lilith,Donell,Lilith.Donell@yopmail.com,1958-06-29
513,Jessy,Concha,Jessy.Concha@yopmail.com,1911-10-25
514,Micheline,Phaidra,Micheline.Phaidra@yopmail.com,1936-02-25
515,Vivia,Lindemann,Vivia.Lindemann@yopmail.com,1958-07-25
516,Lanae,Bakerman,Lanae.Bakerman@yopmail.com,2006-09-16
517,Joy,Dom,Joy.Dom@yopmail.com,1945-06-19
518,Thalia,Fadiman,Thalia.Fadiman@yopmail.com,1932-09-29
519,Georgina,August,Georgina.August@yopmail.com,1921-10-06
520,Vere,Sabella,Vere.Sabella@yopmail.com,1905-06-24
521,Lesly,Gabrielli,Lesly.Gabrielli@yopmail.com,2011-05-26
522,Jaclyn,Dyche,Jaclyn.Dyche@yopmail.com,1967-06-13
523,Kristina,Faust,Kristina.Faust@yopmail.com,1987-07-06
524,Kristina,Baudin,Kristina.Baudin@yopmail.com,1981-09-02
525,Ivett,Heisel,Ivett.Heisel@yopmail.com,2014-01-02
526,Anallese,Burkle,Anallese.Burkle@yopmail.com,1967-03-15
527,Carly,Bakerman,Carly.Bakerman@yopmail.com,1953-04-11
528,Clary,Gregrory,Clary.Gregrory@yopmail.com,2001-09-07
529,Christal,Oscar,Christal.Oscar@yopmail.com,1931-01-25
530,Betta,Urania,Betta.Urania@yopmail.com,1995-02-24
531,Sallie,Naor,Sallie.Naor@yopmail.com,1916-08-27
532,Jan,Ludewig,Jan.Ludewig@yopmail.com,1921-08-19
533,Mamie,Atonsah,Mamie.Atonsah@yopmail.com,2003-02-14
534,Renie,Jehu,Renie.Jehu@yopmail.com,2004-01-15
535,Kaia,Christine,Kaia.Christine@yopmail.com,1907-07-19
536,Jsandye,Leonard,Jsandye.Leonard@yopmail.com,1940-08-31
537,Eolanda,Irmine,Eolanda.Irmine@yopmail.com,1961-12-28
538,Estell,Gibbeon,Estell.Gibbeon@yopmail.com,1991-06-30
539,Shaylyn,Gavrila,Shaylyn.Gavrila@yopmail.com,2011-11-30
540,Ebonee,Lauraine,Ebonee.Lauraine@yopmail.com,1912-11-29
541,Dianemarie,Florina,Dianemarie.Florina@yopmail.com,1986-03-28
542,Leia,Norrie,Leia.Norrie@yopmail.com,1952-09-25
543,Raina,Adamsen,Raina.Adamsen@yopmail.com,1971-07-22
544,Leanna,Ade,Leanna.Ade@yopmail.com,1977-07-23
545,Bernie,Sawtelle,Bernie.Sawtelle@yopmail.com,1989-12-16
546,Sandie,Bettine,Sandie.Bettine@yopmail.com,1985-03-13
547,Lindie,Daveta,Lindie.Daveta@yopmail.com,1925-02-07
548,Ketti,Toffic,Ketti.Toffic@yopmail.com,1921-05-06
549,Ida,Salchunas,Ida.Salchunas@yopmail.com,1998-12-11
550,Agnese,Felecia,Agnese.Felecia@yopmail.com,1985-11-21
551,Latisha,Callista,Latisha.Callista@yopmail.com,1998-07-27
552,Starla,Carolin,Starla.Carolin@yopmail.com,1938-05-24
553,Deedee,Diann,Deedee.Diann@yopmail.com,1933-04-19
554,Katleen,Yorick,Katleen.Yorick@yopmail.com,1980-06-25
555,Sybille,Lymann,Sybille.Lymann@yopmail.com,1967-12-30
556,Sibella,Muriel,Sibella.Muriel@yopmail.com,1988-12-15
557,Candi,Tristram,Candi.Tristram@yopmail.com,2014-11-11
558,Valera,Dermott,Valera.Dermott@yopmail.com,1993-08-07
559,Ulrike,Strephon,Ulrike.Strephon@yopmail.com,1968-10-15
560,Lesly,Ivens,Lesly.Ivens@yopmail.com,2007-10-01
561,Agathe,Ambrosia,Agathe.Ambrosia@yopmail.com,1938-08-07
562,Leeanne,Taam,Leeanne.Taam@yopmail.com,1933-10-11
563,Vinita,Lenny,Vinita.Lenny@yopmail.com,1986-02-15
564,Diena,Chandler,Diena.Chandler@yopmail.com,1950-04-11
565,Benita,Hepsibah,Benita.Hepsibah@yopmail.com,1988-06-28
566,Darci,Rozanna,Darci.Rozanna@yopmail.com,1917-10-26
567,Lilith,Lalitta,Lilith.Lalitta@yopmail.com,1965-12-05
568,Brietta,Colp,Brietta.Colp@yopmail.com,1973-10-02
569,Katuscha,Eben,Katuscha.Eben@yopmail.com,2019-03-27
570,Lynde,Clarissa,Lynde.Clarissa@yopmail.com,1933-10-24
571,Tina,Peg,Tina.Peg@yopmail.com,1907-01-14
572,Leeanne,Adore,Leeanne.Adore@yopmail.com,1956-10-14
573,Sam,Chesna,Sam.Chesna@yopmail.com,1993-09-30
574,Lindie,Willie,Lindie.Willie@yopmail.com,1966-11-21
575,Stevana,Pierette,Stevana.Pierette@yopmail.com,1988-01-16
576,Priscilla,McAdams,Priscilla.McAdams@yopmail.com,1998-03-02
577,Dode,Etom,Dode.Etom@yopmail.com,1931-02-12
578,Alie,Dawkins,Alie.Dawkins@yopmail.com,1941-08-24
579,Minda,Belanger,Minda.Belanger@yopmail.com,1943-09-14
580,Doralynne,Brian,Doralynne.Brian@yopmail.com,1940-12-23
581,Merci,Urias,Merci.Urias@yopmail.com,1971-04-07
582,Kathi,Euridice,Kathi.Euridice@yopmail.com,1948-06-21
583,Celene,Beniamino,Celene.Beniamino@yopmail.com,1906-04-20
584,Kathi,Grosz,Kathi.Grosz@yopmail.com,1976-10-27
585,Odessa,Ashely,Odessa.Ashely@yopmail.com,1964-11-26
586,Veda,Muriel,Veda.Muriel@yopmail.com,1901-07-03
587,Allis,Cristi,Allis.Cristi@yopmail.com,1905-12-18
588,Vinita,Schwejda,Vinita.Schwejda@yopmail.com,1918-04-13
589,Britni,LaRue,Britni.LaRue@yopmail.com,1985-02-28
590,Cyndie,Kermit,Cyndie.Kermit@yopmail.com,1985-12-21
591,Oona,Garbe,Oona.Garbe@yopmail.com,1942-08-25
592,Tabbatha,Sandye,Tabbatha.Sandye@yopmail.com,1944-04-03
593,Annaliese,Seessel,Annaliese.Seessel@yopmail.com,1920-01-19
594,Joeann,Anselmi,Joeann.Anselmi@yopmail.com,2013-07-16
595,Bernie,Adamsen,Bernie.Adamsen@yopmail.com,1976-07-19
596,Tierney,Hollingsworth,Tierney.Hollingsworth@yopmail.com,1907-01-13
597,Dione,Clie,Dione.Clie@yopmail.com,1942-07-12
598,Gale,Cutlerr,Gale.Cutlerr@yopmail.com,1928-01-16
599,Doralynne,Kauppi,Doralynne.Kauppi@yopmail.com,1972-12-09
600,Sherrie,Azeria,Sherrie.Azeria@yopmail.com,2012-03-15
601,Lisette,Marden,Lisette.Marden@yopmail.com,1921-04-20
602,Emmey,Ammann,Emmey.Ammann@yopmail.com,1931-01-20
603,Lusa,Linehan,Lusa.Linehan@yopmail.com,1994-03-03
604,Brandise,Sperling,Brandise.Sperling@yopmail.com,1936-05-22
605,Millie,Freddi,Millie.Freddi@yopmail.com,1958-07-26
606,Shandie,Cassius,Shandie.Cassius@yopmail.com,1919-03-16
607,Molli,Armanda,Molli.Armanda@yopmail.com,1902-12-14
608,Priscilla,Rese,Priscilla.Rese@yopmail.com,1955-12-22
609,Janey,Jefferey,Janey.Jefferey@yopmail.com,2013-09-15
610,Jordan,Ezar,Jordan.Ezar@yopmail.com,1956-11-24
611,Lanae,Gordon,Lanae.Gordon@yopmail.com,1908-09-19
612,Arlena,O'Rourke,Arlena.O'Rourke@yopmail.com,1910-03-16
613,Reeba,Minetta,Reeba.Minetta@yopmail.com,2007-11-06
614,Selma,Fredi,Selma.Fredi@yopmail.com,1962-11-11
615,Letizia,Gherardo,Letizia.Gherardo@yopmail.com,1949-07-18
616,Annora,Bord,Annora.Bord@yopmail.com,2016-06-29
617,Modestia,Riva,Modestia.Riva@yopmail.com,1922-03-17
618,Tracey,Hieronymus,Tracey.Hieronymus@yopmail.com,2007-01-07
619,Tobe,Zachary,Tobe.Zachary@yopmail.com,1911-06-08
620,Lilith,Codding,Lilith.Codding@yopmail.com,2002-10-27
621,Nikki,Socha,Nikki.Socha@yopmail.com,1968-11-30
622,Dagmar,Peg,Dagmar.Peg@yopmail.com,1928-08-07
623,Roz,Briney,Roz.Briney@yopmail.com,1922-12-22
624,Stevana,Forrer,Stevana.Forrer@yopmail.com,1947-09-05
625,Taffy,Corabella,Taffy.Corabella@yopmail.com,2017-12-14
626,Demetris,Anyah,Demetris.Anyah@yopmail.com,1971-05-14
627,Alexine,Hashim,Alexine.Hashim@yopmail.com,1954-02-11
628,Annecorinne,Abernon,Annecorinne.Abernon@yopmail.com,2009-09-05
629,Catharine,Dowski,Catharine.Dowski@yopmail.com,1927-08-13
630,Bettine,Serilda,Bettine.Serilda@yopmail.com,1988-09-29
631,Mallory,Breed,Mallory.Breed@yopmail.com,1911-02-27
632,Arabel,Gemini,Arabel.Gemini@yopmail.com,1959-07-11
633,Inga,Gilbertson,Inga.Gilbertson@yopmail.com,1920-04-15
634,Jolyn,Lareena,Jolyn.Lareena@yopmail.com,1924-04-10
635,Mireielle,Morehouse,Mireielle.Morehouse@yopmail.com,1919-11-27
636,Marnia,Germann,Marnia.Germann@yopmail.com,1965-07-06
637,Brianna,Corrine,Brianna.Corrine@yopmail.com,1978-08-31
638,Brana,Gaal,Brana.Gaal@yopmail.com,2000-10-12
639,Dulcinea,Justinn,Dulcinea.Justinn@yopmail.com,1949-08-15
640,Kalina,Rustice,Kalina.Rustice@yopmail.com,1920-12-04
641,Taffy,Hirsch,Taffy.Hirsch@yopmail.com,1948-02-10
642,Agathe,Primalia,Agathe.Primalia@yopmail.com,1903-01-28
643,Jessamyn,Terencio,Jessamyn.Terencio@yopmail.com,1942-06-10
644,Asia,Faso,Asia.Faso@yopmail.com,1976-05-30
645,Cindelyn,Bashemeth,Cindelyn.Bashemeth@yopmail.com,1934-12-28
646,Dotty,Gilmour,Dotty.Gilmour@yopmail.com,2007-12-14
647,Aurore,Esmaria,Aurore.Esmaria@yopmail.com,1968-08-12
648,Catrina,Zetta,Catrina.Zetta@yopmail.com,1991-01-13
649,Corina,Rubie,Corina.Rubie@yopmail.com,1934-02-20
650,Basia,Kendrick,Basia.Kendrick@yopmail.com,1987-04-09
651,Merle,Kendrick,Merle.Kendrick@yopmail.com,1957-10-17
652,Suzette,Rurik,Suzette.Rurik@yopmail.com,2007-03-24
653,Marsiella,Birdella,Marsiella.Birdella@yopmail.com,1954-05-16
654,Mariele,Phi,Mariele.Phi@yopmail.com,1917-06-27
655,Nannie,Tarrant,Nannie.Tarrant@yopmail.com,1934-01-21
656,Nita,Milde,Nita.Milde@yopmail.com,1930-07-26
657,Suzette,Cutlerr,Suzette.Cutlerr@yopmail.com,2015-08-18
658,Alia,Darbie,Alia.Darbie@yopmail.com,1993-06-10
659,Melanie,Federica,Melanie.Federica@yopmail.com,1984-01-15
660,Jolyn,Maribeth,Jolyn.Maribeth@yopmail.com,1977-05-25
661,Steffane,Rhu,Steffane.Rhu@yopmail.com,1910-04-28
662,Asia,My,Asia.My@yopmail.com,1971-05-13
663,Adriana,Kalinda,Adriana.Kalinda@yopmail.com,1961-03-13
664,Robbi,Selway,Robbi.Selway@yopmail.com,2014-04-22
665,Kaja,Jerold,Kaja.Jerold@yopmail.com,1972-12-23
666,Demetris,Maiah,Demetris.Maiah@yopmail.com,1915-09-19
667,Orelia,Neils,Orelia.Neils@yopmail.com,1924-08-16
668,Tierney,Janene,Tierney.Janene@yopmail.com,1991-08-20
669,Tonia,Quinn,Tonia.Quinn@yopmail.com,1947-03-15
670,Queenie,Kannry,Queenie.Kannry@yopmail.com,1920-03-31
671,Mireielle,Dominy,Mireielle.Dominy@yopmail.com,1931-11-13
672,Sadie,Ricarda,Sadie.Ricarda@yopmail.com,1919-01-12
673,Melisent,Jillane,Melisent.Jillane@yopmail.com,1984-07-05
674,Charlena,Hutchison,Charlena.Hutchison@yopmail.com,1939-10-07
675,Cristine,Zola,Cristine.Zola@yopmail.com,1923-01-03
676,Rani,Jaylene,Rani.Jaylene@yopmail.com,1908-05-16
677,Marjie,Sprage,Marjie.Sprage@yopmail.com,1991-02-08
678,Dyann,Niccolo,Dyann.Niccolo@yopmail.com,1941-02-18
679,Tamqrah,Harned,Tamqrah.Harned@yopmail.com,1929-09-15
680,Roslyn,Hepsibah,Roslyn.Hepsibah@yopmail.com,1928-11-14
681,Estell,Auberbach,Estell.Auberbach@yopmail.com,1913-04-28
682,Allis,Myrilla,Allis.Myrilla@yopmail.com,1963-12-15
683,Brana,Dielu,Brana.Dielu@yopmail.com,1992-12-04
684,Tamqrah,Buckler,Tamqrah.Buckler@yopmail.com,1920-10-21
685,Hyacinthe,Plato,Hyacinthe.Plato@yopmail.com,2000-11-26
686,Jennica,Santoro,Jennica.Santoro@yopmail.com,2013-07-30
687,Xylina,Borrell,Xylina.Borrell@yopmail.com,1996-06-29
688,Bill,Fink,Bill.Fink@yopmail.com,2003-10-14
689,Mariann,Caitlin,Mariann.Caitlin@yopmail.com,1918-02-01
690,Micheline,Johnsson,Micheline.Johnsson@yopmail.com,1934-02-25
691,Tami,Gibbeon,Tami.Gibbeon@yopmail.com,1997-06-30
692,Cindelyn,Sherrie,Cindelyn.Sherrie@yopmail.com,1953-08-06
693,Micheline,Sheedy,Micheline.Sheedy@yopmail.com,1988-06-23
694,Mireielle,Gordon,Mireielle.Gordon@yopmail.com,1967-10-08
695,Marinna,An,Marinna.An@yopmail.com,1919-05-22
696,Etta,Yerkovich,Etta.Yerkovich@yopmail.com,1975-07-08
697,Lauryn,McLaughlin,Lauryn.McLaughlin@yopmail.com,1933-05-10
698,Lacie,Jagir,Lacie.Jagir@yopmail.com,1905-02-04
699,Charissa,Evvie,Charissa.Evvie@yopmail.com,1953-06-16
700,Tera,Sigfrid,Tera.Sigfrid@yopmail.com,1998-04-05
701,Ekaterina,Angelis,Ekaterina.Angelis@yopmail.com,1956-11-20
702,Margalo,Cutlerr,Margalo.Cutlerr@yopmail.com,1931-03-15
703,Arabel,Wenoa,Arabel.Wenoa@yopmail.com,2014-12-16
704,Jacquetta,Guthrie,Jacquetta.Guthrie@yopmail.com,2003-09-21
705,Lanae,Nerita,Lanae.Nerita@yopmail.com,1910-03-04
706,Arabel,Cookie,Arabel.Cookie@yopmail.com,1952-07-02
707,Joane,Elsinore,Joane.Elsinore@yopmail.com,1952-12-02
708,Susette,Sabella,Susette.Sabella@yopmail.com,1958-08-20
709,Cissiee,Sasnett,Cissiee.Sasnett@yopmail.com,1999-11-10
710,Libbie,Marisa,Libbie.Marisa@yopmail.com,2012-04-17
711,Gwenneth,Georgy,Gwenneth.Georgy@yopmail.com,2003-08-23
712,Ariela,Toni,Ariela.Toni@yopmail.com,1993-02-18
713,Debee,Faso,Debee.Faso@yopmail.com,2013-02-13
714,Juliane,Ruvolo,Juliane.Ruvolo@yopmail.com,1979-07-01
715,Celestyna,Honoria,Celestyna.Honoria@yopmail.com,1909-05-10
716,Vinita,Catie,Vinita.Catie@yopmail.com,1953-10-21
717,Frank,Durante,Frank.Durante@yopmail.com,1941-02-18
718,Gwyneth,Hazlett,Gwyneth.Hazlett@yopmail.com,1971-07-04
719,Cristine,Ludewig,Cristine.Ludewig@yopmail.com,2005-01-23
720,Fredericka,Pearse,Fredericka.Pearse@yopmail.com,1960-12-06
721,Ariela,Hirsch,Ariela.Hirsch@yopmail.com,2012-06-02
722,Nananne,Shirberg,Nananne.Shirberg@yopmail.com,1939-05-12
723,Maridel,Zenas,Maridel.Zenas@yopmail.com,1943-10-21
724,Helena,Freddi,Helena.Freddi@yopmail.com,1926-11-17
725,Amara,Evangelia,Amara.Evangelia@yopmail.com,1999-04-19
726,Dawn,Karl,Dawn.Karl@yopmail.com,1918-01-26
727,Myriam,Halla,Myriam.Halla@yopmail.com,1922-11-04
728,Regina,Estella,Regina.Estella@yopmail.com,1930-10-21
729,Andeee,Jagir,Andeee.Jagir@yopmail.com,1975-10-18
730,Claudina,Salvidor,Claudina.Salvidor@yopmail.com,2002-02-16
731,Ardenia,Fadiman,Ardenia.Fadiman@yopmail.com,1903-02-27
732,Annabela,Hutchison,Annabela.Hutchison@yopmail.com,1911-11-10
733,Noelle,Wind,Noelle.Wind@yopmail.com,1965-10-31
734,Cassandra,Standing,Cassandra.Standing@yopmail.com,1984-11-10
735,Darci,Thilda,Darci.Thilda@yopmail.com,2007-11-19
736,Alex,Herrera,Alex.Herrera@yopmail.com,1965-08-17
737,Konstance,Sharl,Konstance.Sharl@yopmail.com,1987-09-16
738,Benita,Ellerey,Benita.Ellerey@yopmail.com,1977-05-04
739,Amelia,Bahr,Amelia.Bahr@yopmail.com,1978-03-09
740,Tami,Eckblad,Tami.Eckblad@yopmail.com,1937-08-14
741,Gerrie,Wilkinson,Gerrie.Wilkinson@yopmail.com,1989-04-17
742,Dione,Maribeth,Dione.Maribeth@yopmail.com,1976-10-17
743,Katuscha,Gaspard,Katuscha.Gaspard@yopmail.com,2005-09-28
744,Katharina,Oster,Katharina.Oster@yopmail.com,1922-11-24
745,Ofilia,Thunell,Ofilia.Thunell@yopmail.com,1944-12-21
746,Ezmeralda,Edvard,Ezmeralda.Edvard@yopmail.com,1984-03-17
747,Jean,Afton,Jean.Afton@yopmail.com,1993-05-07
748,Blinni,Merriott,Blinni.Merriott@yopmail.com,1993-06-01
749,Betta,Carvey,Betta.Carvey@yopmail.com,2012-04-20
750,Hallie,Dermott,Hallie.Dermott@yopmail.com,2002-11-25
751,June,Santoro,June.Santoro@yopmail.com,1911-04-10
752,Chere,Morrill,Chere.Morrill@yopmail.com,1929-10-30
753,Harrietta,Shuler,Harrietta.Shuler@yopmail.com,2005-05-30
754,Gianina,Chandler,Gianina.Chandler@yopmail.com,2007-01-14
755,Livvyy,Moina,Livvyy.Moina@yopmail.com,1918-12-04
756,Phylis,Yuille,Phylis.Yuille@yopmail.com,1942-03-11
757,Ruthe,Raimondo,Ruthe.Raimondo@yopmail.com,1942-01-02
758,Dorthy,Goode,Dorthy.Goode@yopmail.com,2015-04-16
759,Deirdre,Hermes,Deirdre.Hermes@yopmail.com,1911-09-10
760,Melodie,Schroth,Melodie.Schroth@yopmail.com,1903-02-17
761,Dode,Allys,Dode.Allys@yopmail.com,1971-02-11
762,Carree,Schenck,Carree.Schenck@yopmail.com,1955-08-16
763,Zia,Miru,Zia.Miru@yopmail.com,1932-05-10
764,Deedee,Roche,Deedee.Roche@yopmail.com,1964-05-06
765,Taffy,McCutcheon,Taffy.McCutcheon@yopmail.com,2009-09-29
766,Corly,Stevy,Corly.Stevy@yopmail.com,2004-08-11
767,Kathy,Salvidor,Kathy.Salvidor@yopmail.com,2005-09-10
768,Rozele,Joni,Rozele.Joni@yopmail.com,1936-01-21
769,Gwenneth,Delacourt,Gwenneth.Delacourt@yopmail.com,2019-05-06
770,Mathilda,Neils,Mathilda.Neils@yopmail.com,2002-01-17
771,Katharina,Klotz,Katharina.Klotz@yopmail.com,1963-10-24
772,Tami,Plato,Tami.Plato@yopmail.com,2019-03-10
773,Minda,Jacqui,Minda.Jacqui@yopmail.com,1967-10-21
774,Shell,Hathaway,Shell.Hathaway@yopmail.com,1999-11-13
775,Mureil,Sherfield,Mureil.Sherfield@yopmail.com,1966-03-12
776,Miquela,Vary,Miquela.Vary@yopmail.com,1908-08-07
777,Bernie,Urania,Bernie.Urania@yopmail.com,2005-03-14
778,Lisette,Kunin,Lisette.Kunin@yopmail.com,1982-09-07
779,Myrtice,Xerxes,Myrtice.Xerxes@yopmail.com,1986-02-21
780,Jordan,Rooney,Jordan.Rooney@yopmail.com,1985-12-09
781,Belva,Llovera,Belva.Llovera@yopmail.com,1905-10-16
782,Shirlee,Pelagias,Shirlee.Pelagias@yopmail.com,1984-10-15
783,Lucille,Laurianne,Lucille.Laurianne@yopmail.com,1976-10-09
784,Ayn,Gordon,Ayn.Gordon@yopmail.com,1986-09-29
785,Katuscha,Michella,Katuscha.Michella@yopmail.com,2005-05-05
786,Riannon,Pierette,Riannon.Pierette@yopmail.com,1967-01-02
787,Laurene,Daniele,Laurene.Daniele@yopmail.com,1973-07-26
788,Ulrike,Percy,Ulrike.Percy@yopmail.com,1998-07-19
789,Roseline,Leary,Roseline.Leary@yopmail.com,2013-10-10
790,Doralynne,Winthorpe,Doralynne.Winthorpe@yopmail.com,2006-01-23
791,Fanchon,Juliet,Fanchon.Juliet@yopmail.com,1945-06-18
792,Suzette,An,Suzette.An@yopmail.com,2002-04-11
793,Caritta,Jenness,Caritta.Jenness@yopmail.com,1915-06-13
794,Bibby,Tybald,Bibby.Tybald@yopmail.com,2016-04-30
795,Mary,Linskey,Mary.Linskey@yopmail.com,1929-05-03
796,Dacia,Yerkovich,Dacia.Yerkovich@yopmail.com,1941-06-27
797,Gusella,Thar,Gusella.Thar@yopmail.com,1903-11-13
798,Starla,Shama,Starla.Shama@yopmail.com,1901-05-02
799,Kore,Heidt,Kore.Heidt@yopmail.com,1948-05-14
800,Jorry,Aurelio,Jorry.Aurelio@yopmail.com,1943-07-21
801,Susette,Isidore,Susette.Isidore@yopmail.com,1917-11-06
802,Natka,Flyn,Natka.Flyn@yopmail.com,1960-04-24
803,Etta,Atcliffe,Etta.Atcliffe@yopmail.com,1963-03-02
804,Tracey,Prober,Tracey.Prober@yopmail.com,1965-02-12
805,Millie,Kussell,Millie.Kussell@yopmail.com,1923-03-06
806,Kimmy,Beniamino,Kimmy.Beniamino@yopmail.com,1930-05-24
807,Jolyn,Holbrook,Jolyn.Holbrook@yopmail.com,1936-01-17
808,Lusa,Dowski,Lusa.Dowski@yopmail.com,1927-01-14
809,Ardeen,Ventre,Ardeen.Ventre@yopmail.com,1986-04-29
810,Lelah,Jacqui,Lelah.Jacqui@yopmail.com,1987-07-11
811,Celene,Artie,Celene.Artie@yopmail.com,1975-07-13
812,Sara-Ann,Moina,Sara-Ann.Moina@yopmail.com,2016-12-20
813,Helena,Graig,Helena.Graig@yopmail.com,1974-10-08
814,Melodie,Madelene,Melodie.Madelene@yopmail.com,2009-11-25
815,Yvonne,Alexandr,Yvonne.Alexandr@yopmail.com,2011-03-03
816,Concettina,Marijo,Concettina.Marijo@yopmail.com,1989-06-05
817,Bobbi,Crudden,Bobbi.Crudden@yopmail.com,2017-06-12
818,Wendi,Hutchison,Wendi.Hutchison@yopmail.com,1958-08-25
819,Ericka,Schlosser,Ericka.Schlosser@yopmail.com,2010-05-04
820,Vonny,Neva,Vonny.Neva@yopmail.com,1967-12-23
821,Tani,Wildermuth,Tani.Wildermuth@yopmail.com,1978-02-24
822,Taffy,Stephie,Taffy.Stephie@yopmail.com,2005-07-10
823,Melanie,Madox,Melanie.Madox@yopmail.com,1909-10-12
824,Raquela,Fabiola,Raquela.Fabiola@yopmail.com,2002-08-27
825,June,Joseph,June.Joseph@yopmail.com,1915-02-26
826,Verla,Aurelio,Verla.Aurelio@yopmail.com,1990-08-16
827,Antonietta,Garbe,Antonietta.Garbe@yopmail.com,1969-10-25
828,Karly,Isacco,Karly.Isacco@yopmail.com,1960-01-19
829,Alleen,Israeli,Alleen.Israeli@yopmail.com,1907-01-28
830,Paulita,O'Carroll,Paulita.O'Carroll@yopmail.com,2015-03-28
831,Kore,Tound,Kore.Tound@yopmail.com,1914-07-18
832,Jacquetta,Shelba,Jacquetta.Shelba@yopmail.com,1970-05-04
833,Bobbi,Delila,Bobbi.Delila@yopmail.com,2010-01-05
834,Alleen,Honoria,Alleen.Honoria@yopmail.com,2019-02-04
835,Danny,Kiyoshi,Danny.Kiyoshi@yopmail.com,1938-05-14
836,Talya,Bandeen,Talya.Bandeen@yopmail.com,1951-01-14
837,June,Gherardo,June.Gherardo@yopmail.com,1959-10-26
838,Kayla,Philoo,Kayla.Philoo@yopmail.com,1959-07-17
839,Carmencita,Hedve,Carmencita.Hedve@yopmail.com,1951-06-07
840,Tami,Hazlett,Tami.Hazlett@yopmail.com,1965-04-20
841,Genovera,Brackely,Genovera.Brackely@yopmail.com,2013-06-25
842,Shel,Erich,Shel.Erich@yopmail.com,1995-03-20
843,Selia,Tengdin,Selia.Tengdin@yopmail.com,1959-09-19
844,Laure,Howlyn,Laure.Howlyn@yopmail.com,1961-12-05
845,Edith,Jarib,Edith.Jarib@yopmail.com,1980-07-12
846,Cyndie,Sigfrid,Cyndie.Sigfrid@yopmail.com,2019-10-08
847,Lily,Creamer,Lily.Creamer@yopmail.com,1945-12-13
848,Kamilah,Maiah,Kamilah.Maiah@yopmail.com,1908-09-13
849,Marcy,Read,Marcy.Read@yopmail.com,1909-02-11
850,Clary,Jalbert,Clary.Jalbert@yopmail.com,1947-06-28
851,Yetty,Ramona,Yetty.Ramona@yopmail.com,1998-10-18
852,Collen,Stilwell,Collen.Stilwell@yopmail.com,1991-10-18
853,Lila,Ietta,Lila.Ietta@yopmail.com,1911-09-18
854,Claudina,Kare,Claudina.Kare@yopmail.com,1916-04-21
855,Corly,Jefferey,Corly.Jefferey@yopmail.com,1926-11-11
856,Nonnah,Deegan,Nonnah.Deegan@yopmail.com,1906-06-29
857,Evaleen,Rese,Evaleen.Rese@yopmail.com,1939-07-23
858,Elbertina,Suk,Elbertina.Suk@yopmail.com,1918-06-10
859,Kittie,Lindemann,Kittie.Lindemann@yopmail.com,1906-10-10
860,Gui,Gemini,Gui.Gemini@yopmail.com,1961-06-17
861,Stephanie,Tryck,Stephanie.Tryck@yopmail.com,1963-01-15
862,Leona,Iphlgenia,Leona.Iphlgenia@yopmail.com,1976-07-31
863,Ira,Hortensia,Ira.Hortensia@yopmail.com,1926-04-12
864,Jasmina,Oster,Jasmina.Oster@yopmail.com,2001-11-09
865,Ingrid,Edee,Ingrid.Edee@yopmail.com,1960-02-29
866,Brena,Rossner,Brena.Rossner@yopmail.com,1936-04-18
867,Jasmina,Nea,Jasmina.Nea@yopmail.com,1975-05-24
868,Nicoli,Allina,Nicoli.Allina@yopmail.com,2016-04-18
869,Moyna,Corabella,Moyna.Corabella@yopmail.com,1966-11-09
870,Aubrie,Chauncey,Aubrie.Chauncey@yopmail.com,2015-11-24
871,Rayna,Vivle,Rayna.Vivle@yopmail.com,1985-05-03
872,Jaclyn,Wilona,Jaclyn.Wilona@yopmail.com,1916-07-26
873,Lonnie,Cutlerr,Lonnie.Cutlerr@yopmail.com,1937-10-08
874,Madalyn,Kazimir,Madalyn.Kazimir@yopmail.com,1957-03-07
875,Lynnea,Cordi,Lynnea.Cordi@yopmail.com,1987-01-21
876,Heddie,Ricki,Heddie.Ricki@yopmail.com,1919-11-06
877,Genevra,Lay,Genevra.Lay@yopmail.com,2018-07-22
878,Marita,Creamer,Marita.Creamer@yopmail.com,2001-04-30
879,Karlee,Romelda,Karlee.Romelda@yopmail.com,1925-05-23
880,Candy,Vittoria,Candy.Vittoria@yopmail.com,1955-06-11
881,Amelia,Brotherson,Amelia.Brotherson@yopmail.com,1942-06-02
882,Lorenza,Jerold,Lorenza.Jerold@yopmail.com,1958-03-23
883,Sheree,Sparhawk,Sheree.Sparhawk@yopmail.com,1916-09-27
884,Aurelie,Pillsbury,Aurelie.Pillsbury@yopmail.com,1971-06-05
885,Karolina,Keily,Karolina.Keily@yopmail.com,1945-09-26
886,Ricky,Noman,Ricky.Noman@yopmail.com,1908-11-12
887,Lorne,Jena,Lorne.Jena@yopmail.com,1921-08-05
888,Maryellen,Bergman,Maryellen.Bergman@yopmail.com,1941-10-25
889,Nerta,McAdams,Nerta.McAdams@yopmail.com,1954-01-22
890,Nataline,Elbertina,Nataline.Elbertina@yopmail.com,1922-07-28
891,Quintina,Israeli,Quintina.Israeli@yopmail.com,1988-04-22
892,Hyacinthe,Aloise,Hyacinthe.Aloise@yopmail.com,1952-04-17
893,Anthia,Decato,Anthia.Decato@yopmail.com,1914-01-15
894,Carmela,Sheng,Carmela.Sheng@yopmail.com,1934-03-19
895,Minda,Othilia,Minda.Othilia@yopmail.com,1918-01-29
896,Renae,Pearse,Renae.Pearse@yopmail.com,2012-12-02
897,Jerry,Parette,Jerry.Parette@yopmail.com,1998-12-03
898,Aimil,Loring,Aimil.Loring@yopmail.com,1909-03-14
899,Emmey,Merell,Emmey.Merell@yopmail.com,1946-08-20
900,Aurelie,Jacinda,Aurelie.Jacinda@yopmail.com,1932-11-15
901,Peri,Fleeta,Peri.Fleeta@yopmail.com,1988-09-10
902,Damaris,Holbrook,Damaris.Holbrook@yopmail.com,2014-11-17
903,Janey,Zachary,Janey.Zachary@yopmail.com,1932-03-15
904,Britte,Burkle,Britte.Burkle@yopmail.com,1989-03-11
905,Mady,Firmin,Mady.Firmin@yopmail.com,1902-02-06
906,Mahalia,Latini,Mahalia.Latini@yopmail.com,1972-10-19
907,Harmonia,Madaih,Harmonia.Madaih@yopmail.com,2010-11-30
908,Nanete,Meli,Nanete.Meli@yopmail.com,1919-06-21
909,Thalia,Elo,Thalia.Elo@yopmail.com,1934-12-15
910,Lynnea,Mozelle,Lynnea.Mozelle@yopmail.com,1909-12-23
911,Melisent,Randene,Melisent.Randene@yopmail.com,1959-03-09
912,Kial,Constancy,Kial.Constancy@yopmail.com,2007-04-26
913,Lyssa,Sherrie,Lyssa.Sherrie@yopmail.com,2008-07-29
914,Helsa,Pandolfi,Helsa.Pandolfi@yopmail.com,1962-08-11
915,Daune,Camden,Daune.Camden@yopmail.com,2000-07-25
916,Kenna,Clie,Kenna.Clie@yopmail.com,1958-05-06
917,Daune,Niccolo,Daune.Niccolo@yopmail.com,1992-09-18
918,Vonny,Etom,Vonny.Etom@yopmail.com,1909-04-26
919,Beatriz,Koziara,Beatriz.Koziara@yopmail.com,2017-06-15
920,Danny,Latini,Danny.Latini@yopmail.com,1908-06-07
921,Fredericka,Eben,Fredericka.Eben@yopmail.com,1989-06-23
922,Wanda,Lauraine,Wanda.Lauraine@yopmail.com,1911-05-12
923,Celisse,Kolnick,Celisse.Kolnick@yopmail.com,1917-05-17
924,Lila,Alwin,Lila.Alwin@yopmail.com,1931-05-04
925,Bernie,Percy,Bernie.Percy@yopmail.com,2008-08-24
926,Celene,Baylor,Celene.Baylor@yopmail.com,1927-01-05
927,Roseline,Bearnard,Roseline.Bearnard@yopmail.com,1919-01-25
928,Karly,Roscoe,Karly.Roscoe@yopmail.com,1913-01-21
929,Dolli,Roxanna,Dolli.Roxanna@yopmail.com,1926-01-22
930,Luci,Federica,Luci.Federica@yopmail.com,1944-01-29
931,Melisent,Garrison,Melisent.Garrison@yopmail.com,1955-02-23
932,Janeczka,Telfer,Janeczka.Telfer@yopmail.com,1997-07-16
933,Goldie,Sidonius,Goldie.Sidonius@yopmail.com,1939-07-10
934,Edyth,Edmund,Edyth.Edmund@yopmail.com,1993-06-09
935,Ginnie,Lattie,Ginnie.Lattie@yopmail.com,1993-07-16
936,Anestassia,Jotham,Anestassia.Jotham@yopmail.com,2014-02-17
937,Gratia,Cecile,Gratia.Cecile@yopmail.com,1912-03-08
938,Kaia,Brunell,Kaia.Brunell@yopmail.com,1947-03-10
939,Kristina,Alva,Kristina.Alva@yopmail.com,1993-02-13
940,Hope,Jagir,Hope.Jagir@yopmail.com,2007-01-13
941,Siana,Sammons,Siana.Sammons@yopmail.com,1987-07-28
942,Merle,Fink,Merle.Fink@yopmail.com,2003-01-12
943,Janis,Bebe,Janis.Bebe@yopmail.com,1910-01-15
944,Annice,Strephon,Annice.Strephon@yopmail.com,1952-07-06
945,Rozele,Donell,Rozele.Donell@yopmail.com,2000-03-26
946,Vere,Bennie,Vere.Bennie@yopmail.com,2003-02-22
947,Penelopa,Louanna,Penelopa.Louanna@yopmail.com,1960-06-25
948,Jordan,Anyah,Jordan.Anyah@yopmail.com,1905-11-17
949,Kalina,Flyn,Kalina.Flyn@yopmail.com,1961-01-04
950,Fanchon,Adore,Fanchon.Adore@yopmail.com,1950-03-13
951,Cristabel,Wyn,Cristabel.Wyn@yopmail.com,1923-04-04
952,Jinny,Waldron,Jinny.Waldron@yopmail.com,1928-04-12
953,Lanae,Wandie,Lanae.Wandie@yopmail.com,1951-02-01
954,Dode,Loleta,Dode.Loleta@yopmail.com,1950-03-19
955,Alejandra,Catie,Alejandra.Catie@yopmail.com,1984-11-18
956,Charlena,Stevy,Charlena.Stevy@yopmail.com,1914-04-18
957,Fina,Haymes,Fina.Haymes@yopmail.com,2003-01-30
958,Steffane,Natalia,Steffane.Natalia@yopmail.com,1960-08-11
959,Alisha,Tillford,Alisha.Tillford@yopmail.com,1929-03-28
960,Nita,Toni,Nita.Toni@yopmail.com,1972-08-30
961,Krystle,Westphal,Krystle.Westphal@yopmail.com,1994-04-29
962,Keelia,Ochs,Keelia.Ochs@yopmail.com,1946-01-26
963,Micheline,Havens,Micheline.Havens@yopmail.com,1941-11-25
964,Jenilee,Vins,Jenilee.Vins@yopmail.com,1964-09-17
965,Dacia,Janith,Dacia.Janith@yopmail.com,1994-10-12
966,Darci,Gaal,Darci.Gaal@yopmail.com,1933-08-31
967,Kore,Felecia,Kore.Felecia@yopmail.com,1964-01-23
968,Theodora,Alrich,Theodora.Alrich@yopmail.com,1973-06-27
969,Yetty,Croix,Yetty.Croix@yopmail.com,1941-12-23
970,Merci,Yorick,Merci.Yorick@yopmail.com,1910-07-13
971,Eadie,Helve,Eadie.Helve@yopmail.com,1940-01-27
972,Kaja,Gunn,Kaja.Gunn@yopmail.com,1987-09-02
973,Kamilah,Jeanne,Kamilah.Jeanne@yopmail.com,1904-11-22
974,Ulrike,Bettine,Ulrike.Bettine@yopmail.com,1915-08-09
975,Selia,Garbe,Selia.Garbe@yopmail.com,2001-05-15
976,Liana,Amasa,Liana.Amasa@yopmail.com,1940-07-18
977,Emylee,Horan,Emylee.Horan@yopmail.com,1966-03-22
978,Ashlee,Imelida,Ashlee.Imelida@yopmail.com,1974-03-06
979,Christal,Rosemary,Christal.Rosemary@yopmail.com,2000-11-20
980,Lilith,Dawkins,Lilith.Dawkins@yopmail.com,1938-07-12
981,Adele,Roxanna,Adele.Roxanna@yopmail.com,1976-12-03
982,Shirlee,Havens,Shirlee.Havens@yopmail.com,2016-10-30
983,Codie,Monaco,Codie.Monaco@yopmail.com,1995-06-05
984,Ursulina,Wooster,Ursulina.Wooster@yopmail.com,1970-06-25
985,Chastity,Drisko,Chastity.Drisko@yopmail.com,2005-11-14
986,Jaclyn,Albertine,Jaclyn.Albertine@yopmail.com,1916-10-24
987,Etta,Gemini,Etta.Gemini@yopmail.com,1942-12-24
988,Dorothy,Milson,Dorothy.Milson@yopmail.com,1936-09-22
989,Allis,Adamsen,Allis.Adamsen@yopmail.com,1957-08-18
990,Glynnis,Schalles,Glynnis.Schalles@yopmail.com,1928-04-13
991,Dagmar,Garbe,Dagmar.Garbe@yopmail.com,1980-08-15
992,Fredericka,Lissi,Fredericka.Lissi@yopmail.com,1966-07-02
993,Shaylyn,Lauraine,Shaylyn.Lauraine@yopmail.com,1969-11-24
994,Gianina,Avi,Gianina.Avi@yopmail.com,1982-07-29
995,Brianna,Lilybelle,Brianna.Lilybelle@yopmail.com,1941-11-03
996,Fanchon,Rebecka,Fanchon.Rebecka@yopmail.com,2008-08-20
997,Briney,Koziara,Briney.Koziara@yopmail.com,1991-12-04
998,Shel,Ethban,Shel.Ethban@yopmail.com,1942-04-13
999,Florie,Sparhawk,Florie.Sparhawk@yopmail.com,1948-05-21
1000,Mellicent,Laverne,Mellicent.Laverne@yopmail.com,2006-05-11
1001,Lisette,Dorine,Lisette.Dorine@yopmail.com,1982-08-29
1002,Viviene,Wilona,Viviene.Wilona@yopmail.com,2000-07-19
1003,Agathe,Salchunas,Agathe.Salchunas@yopmail.com,1997-01-14
1004,Vonny,Haymes,Vonny.Haymes@yopmail.com,1938-07-22
1005,Kittie,Germann,Kittie.Germann@yopmail.com,1982-02-11
1006,Maurene,Felizio,Maurene.Felizio@yopmail.com,1960-05-29
1007,Dede,Weaks,Dede.Weaks@yopmail.com,2002-06-14
1008,Evita,Lay,Evita.Lay@yopmail.com,1943-10-08
1009,Roxane,Martguerita,Roxane.Martguerita@yopmail.com,1958-01-10
1010,Alia,Milson,Alia.Milson@yopmail.com,1990-11-12
1011,Max,Bevin,Max.Bevin@yopmail.com,1943-08-04
1012,Joelly,Auberbach,Joelly.Auberbach@yopmail.com,1967-09-26
1013,Karolina,Hathaway,Karolina.Hathaway@yopmail.com,1963-09-13
1014,Steffane,Grobe,Steffane.Grobe@yopmail.com,2004-11-03
1015,Tybie,Goldina,Tybie.Goldina@yopmail.com,1955-03-27
1016,Lory,Primalia,Lory.Primalia@yopmail.com,1978-06-25
1017,Dolli,Muriel,Dolli.Muriel@yopmail.com,2008-12-05
1018,Shirlee,Dearborn,Shirlee.Dearborn@yopmail.com,1952-11-08
1019,Joy,Sallyann,Joy.Sallyann@yopmail.com,1947-04-29
1020,Karlee,Nickola,Karlee.Nickola@yopmail.com,1977-01-17
1021,Brietta,Maiah,Brietta.Maiah@yopmail.com,2004-05-03
1022,Jessy,Olympium,Jessy.Olympium@yopmail.com,1996-06-30
1023,Dale,Hillel,Dale.Hillel@yopmail.com,1985-08-09
1024,Ardenia,Mullane,Ardenia.Mullane@yopmail.com,1950-12-20
1025,Valeda,Ellerey,Valeda.Ellerey@yopmail.com,1963-02-06
1026,Dominga,Eiser,Dominga.Eiser@yopmail.com,1915-04-29
1027,Cassondra,Clara,Cassondra.Clara@yopmail.com,1978-05-11
1028,Melanie,Nickola,Melanie.Nickola@yopmail.com,1991-07-22
1029,Sybille,Kare,Sybille.Kare@yopmail.com,1921-12-24
1030,Gisela,Tybald,Gisela.Tybald@yopmail.com,1988-12-13
1031,Mariann,Bartlett,Mariann.Bartlett@yopmail.com,1926-03-08
1032,Adele,Orlene,Adele.Orlene@yopmail.com,1958-07-28
1033,Amelia,Daveta,Amelia.Daveta@yopmail.com,1902-10-14
1034,Natka,Erb,Natka.Erb@yopmail.com,1981-12-25
1035,Jessamyn,Bandeen,Jessamyn.Bandeen@yopmail.com,1965-02-12
1036,Tilly,Fitzsimmons,Tilly.Fitzsimmons@yopmail.com,1922-07-22
1037,Netty,Lory,Netty.Lory@yopmail.com,1910-05-25
1038,Sharlene,Forrer,Sharlene.Forrer@yopmail.com,1907-12-22
1039,Tabbatha,Harriman,Tabbatha.Harriman@yopmail.com,1902-05-03
1040,Devina,Pitt,Devina.Pitt@yopmail.com,1902-01-31
1041,Jenilee,Nore,Jenilee.Nore@yopmail.com,1985-11-15
1042,Sindee,Ciapas,Sindee.Ciapas@yopmail.com,2009-11-15
1043,Ayn,Malina,Ayn.Malina@yopmail.com,1932-01-03
1044,Lyssa,Slifka,Lyssa.Slifka@yopmail.com,2001-09-13
1045,Ezmeralda,Jacqui,Ezmeralda.Jacqui@yopmail.com,1922-08-18
1046,Adore,Adamsen,Adore.Adamsen@yopmail.com,1942-07-09
1047,Linzy,Kazimir,Linzy.Kazimir@yopmail.com,1933-02-21
1048,Leia,Eachern,Leia.Eachern@yopmail.com,1987-06-29
1049,Aryn,Gwenore,Aryn.Gwenore@yopmail.com,2016-07-18
1050,Aurore,Arley,Aurore.Arley@yopmail.com,1908-01-09
1051,Aurore,Doig,Aurore.Doig@yopmail.com,2013-01-23
1052,Caressa,Heidt,Caressa.Heidt@yopmail.com,1977-07-08
1053,Lily,Carleen,Lily.Carleen@yopmail.com,1972-11-02
1054,Deane,Auberbach,Deane.Auberbach@yopmail.com,1954-12-13
1055,Arabel,Clie,Arabel.Clie@yopmail.com,1923-07-21
1056,Malina,Lamoree,Malina.Lamoree@yopmail.com,1920-10-10
1057,Gerrie,Graig,Gerrie.Graig@yopmail.com,1901-08-10
1058,Magdalena,Docilla,Magdalena.Docilla@yopmail.com,1958-12-31
1059,Ivett,Loeb,Ivett.Loeb@yopmail.com,1932-12-05
1060,Berta,Lorain,Berta.Lorain@yopmail.com,1986-12-06
1061,Willetta,Madox,Willetta.Madox@yopmail.com,1953-06-29
1062,Harmonia,Mullane,Harmonia.Mullane@yopmail.com,1917-05-29
1063,Dania,Faro,Dania.Faro@yopmail.com,2010-10-02
1064,Clarice,Munn,Clarice.Munn@yopmail.com,1906-06-29
1065,Margette,Nisbet,Margette.Nisbet@yopmail.com,1905-09-20
1066,Lexine,Parette,Lexine.Parette@yopmail.com,1906-01-05
1067,Katleen,Arathorn,Katleen.Arathorn@yopmail.com,2001-03-15
1068,Dorene,Abernon,Dorene.Abernon@yopmail.com,1964-05-26
1069,Glenda,Dannye,Glenda.Dannye@yopmail.com,1906-08-06
1070,Emma,Hoenack,Emma.Hoenack@yopmail.com,1985-07-24
1071,Emma,Faria,Emma.Faria@yopmail.com,1988-12-01
1072,Nyssa,Douglass,Nyssa.Douglass@yopmail.com,1947-03-01
1073,Wynne,Vanni,Wynne.Vanni@yopmail.com,1937-04-23
1074,Juliane,Kat,Juliane.Kat@yopmail.com,1991-06-18
1075,Ermengarde,Jarib,Ermengarde.Jarib@yopmail.com,1998-06-19
1076,Marnia,Leffen,Marnia.Leffen@yopmail.com,1921-07-30
1077,Ricky,Elo,Ricky.Elo@yopmail.com,2018-01-21
1078,Shauna,Rozanna,Shauna.Rozanna@yopmail.com,1959-01-22
1079,Collen,Drisko,Collen.Drisko@yopmail.com,2001-02-11
1080,Jan,Stover,Jan.Stover@yopmail.com,2019-08-31
1081,Shel,Bearnard,Shel.Bearnard@yopmail.com,1946-10-11
1082,Edee,Kellby,Edee.Kellby@yopmail.com,1968-10-02
1083,Gilligan,Cottle,Gilligan.Cottle@yopmail.com,1930-12-23
1084,Andree,Moseley,Andree.Moseley@yopmail.com,1929-01-26
1085,Jacquetta,Connelly,Jacquetta.Connelly@yopmail.com,1908-08-17
1086,Arlina,August,Arlina.August@yopmail.com,1942-06-19
1087,Jinny,Skurnik,Jinny.Skurnik@yopmail.com,1970-07-17
1088,Keelia,Ciro,Keelia.Ciro@yopmail.com,1906-04-07
1089,Valli,Dyche,Valli.Dyche@yopmail.com,1919-08-02
1090,Elbertina,Gaulin,Elbertina.Gaulin@yopmail.com,1930-05-18
1091,Merrie,Thema,Merrie.Thema@yopmail.com,1927-10-31
1092,Agnese,Edison,Agnese.Edison@yopmail.com,2001-11-24
1093,June,Ioab,June.Ioab@yopmail.com,1968-01-15
1094,Lindie,Charity,Lindie.Charity@yopmail.com,1908-04-23
1095,Dania,Arquit,Dania.Arquit@yopmail.com,1975-01-06
1096,Kamilah,Socha,Kamilah.Socha@yopmail.com,1958-12-25
1097,Elyssa,Jalbert,Elyssa.Jalbert@yopmail.com,1926-01-03
1098,Molli,Holbrook,Molli.Holbrook@yopmail.com,1956-10-19
1099,Gretal,Nicoline,Gretal.Nicoline@yopmail.com,1928-04-10