id,firstname,lastname,email,Field Name
100,Ketti,Moina,Ketti.Moina@yopmail.com,1942-06-30
101,Julieta,McClimans,Julieta.McClimans@yopmail.com,2016-10-27
102,Marnia,Ummersen,Marnia.Ummersen@yopmail.com,2013-08-27
103,Dulcinea,Nisbet,Dulcinea.Nisbet@yopmail.com,1900-12-18
104,Viviene,Regan,Viviene.Regan@yopmail.com,1951-08-24
105,Lory,O'Carroll,Lory.O'Carroll@yopmail.com,1983-07-05
106,Krystle,Lea,Krystle.Lea@yopmail.com,1981-06-12
107,Amelia,Oster,Amelia.Oster@yopmail.com,1996-11-20
108,Dari,Eckblad,Dari.Eckblad@yopmail.com,1991-03-04
109,Max,Chem,Max.Chem@yopmail.com,1916-08-13
110,Briney,Etom,Briney.Etom@yopmail.com,1906-11-25
111,Bernie,Pyle,Bernie.Pyle@yopmail.com,1916-09-16
112,Ira,Sancho,Ira.Sancho@yopmail.com,1992-07-17
113,Tera,Lutero,Tera.Lutero@yopmail.com,1920-04-27
114,Pierette,Shanley,Pierette.Shanley@yopmail.com,1965-11-07
115,Britni,Jarib,Britni.Jarib@yopmail.com,1916-01-02
116,Alejandra,Brittani,Alejandra.Brittani@yopmail.com,1984-06-07
117,Katuscha,Jacobah,Katuscha.Jacobah@yopmail.com,1997-12-03
118,Marylou,Bari,Marylou.Bari@yopmail.com,1940-11-24
119,Rori,Colp,Rori.Colp@yopmail.com,1992-09-05
120,Maisey,Rugen,Maisey.Rugen@yopmail.com,1919-11-28
121,Elise,August,Elise.August@yopmail.com,2009-03-13
122,Ermengarde,Kimmie,Ermengarde.Kimmie@yopmail.com,1941-09-22
123,Netty,Kylander,Netty.Kylander@yopmail.com,1934-03-30
124,Therine,Ezar,Therine.Ezar@yopmail.com,2009-02-26
125,Leia,Candy,Leia.Candy@yopmail.com,1977-06-28
126,Antonietta,Glenden,Antonietta.Glenden@yopmail.com,1987-02-22
127,Nonnah,Douglass,Nonnah.Douglass@yopmail.com,2008-12-20
128,Lolita,Alrich,Lolita.Alrich@yopmail.com,1972-12-28
129,Dione,Clywd,Dione.Clywd@yopmail.com,1917-06-02
130,Melanie,Hortensia,Melanie.Hortensia@yopmail.com,1924-07-23
131,Jacenta,McLaughlin,Jacenta.McLaughlin@yopmail.com,1921-08-24
132,Chandra,Arley,Chandra.Arley@yopmail.com,1990-09-11
133,Basia,Amasa,Basia.Amasa@yopmail.com,1962-06-19
134,Fernande,Cullin,Fernande.Cullin@yopmail.com,2003-07-02
135,Ariela,Japeth,Ariela.Japeth@yopmail.com,1962-09-06
136,Noelle,Maxi,Noelle.Maxi@yopmail.com,1933-11-07
137,Cordi,Clywd,Cordi.Clywd@yopmail.com,1911-08-11
138,Gui,Philoo,Gui.Philoo@yopmail.com,1928-08-09
139,Tomasina,Abram,Tomasina.Abram@yopmail.com,1991-06-07
140,Jsandye,Faust,Jsandye.Faust@yopmail.com,1936-07-04
141,Kimberley,Wolfgram,Kimberley.Wolfgram@yopmail.com,1909-01-12
142,Lelah,Codding,Lelah.Codding@yopmail.com,1984-03-31
143,Eolanda,Pozzy,Eolanda.Pozzy@yopmail.com,1906-06-11
144,Drucie,Rossner,Drucie.Rossner@yopmail.com,1998-08-24
145,Susette,Jobi,Susette.Jobi@yopmail.com,1943-08-06
146,Christy,Uund,Christy.Uund@yopmail.com,2016-08-09
147,Joceline,Vivle,Joceline.Vivle@yopmail.com,1934-07-06
148,Candy,Gaulin,Candy.Gaulin@yopmail.com,1984-01-16
149,Althea,O'Carroll,Althea.O'Carroll@yopmail.com,1964-07-07
150,Grier,Hilbert,Grier.Hilbert@yopmail.com,1911-04-29
151,Perry,Glovsky,Perry.Glovsky@yopmail.com,1905-01-15
152,Lizzie,Cecile,Lizzie.Cecile@yopmail.com,1952-07-16
153,Madelle,Arley,Madelle.Arley@yopmail.com,1929-06-10
154,Sherrie,Robertson,Sherrie.Robertson@yopmail.com,1918-12-12
155,Desirae,Gunn,Desirae.Gunn@yopmail.com,1939-08-23
156,Gusella,Sandye,Gusella.Sandye@yopmail.com,1938-05-12
157,Carolina,Ochs,Carolina.Ochs@yopmail.com,2017-06-10
158,Ronna,Nahum,Ronna.Nahum@yopmail.com,1988-04-06
159,Lulita,Charmine,Lulita.Charmine@yopmail.com,1925-07-28
160,Cassondra,Gemini,Cassondra.Gemini@yopmail.com,2011-11-29
161,Genevra,Carri,Genevra.Carri@yopmail.com,2013-01-20
162,Vevay,Eckblad,Vevay.Eckblad@yopmail.com,2006-01-15
163,Vinita,Sheng,Vinita.Sheng@yopmail.com,1986-10-30
164,Ashlee,Milson,Ashlee.Milson@yopmail.com,1904-04-29
165,Letizia,Cloris,Letizia.Cloris@yopmail.com,1957-01-31
166,Anica,Michella,Anica.Michella@yopmail.com,1997-10-21
167,Rhoda,Rolf,Rhoda.Rolf@yopmail.com,1901-04-21
168,Anestassia,Lilas,Anestassia.Lilas@yopmail.com,2014-03-04
169,Genevra,Ackerley,Genevra.Ackerley@yopmail.com,1961-04-25
170,Suzette,Percy,Suzette.Percy@yopmail.com,1900-02-01
171,Misha,Noelyn,Misha.Noelyn@yopmail.com,1945-08-16
172,Allyce,Goerke,Allyce.Goerke@yopmail.com,1966-11-08
173,Susan,Huggins,Susan.Huggins@yopmail.com,1987-07-04
174,Tiffie,Lymann,Tiffie.Lymann@yopmail.com,1993-07-09
175,Tersina,Charmine,Tersina.Charmine@yopmail.com,1927-10-13
176,Althea,Zetta,Althea.Zetta@yopmail.com,2016-07-03
177,Rosene,Afton,Rosene.Afton@yopmail.com,1931-11-03
178,Magdalena,Georas,Magdalena.Georas@yopmail.com,1987-07-01
179,Nicoli,Nelsen,Nicoli.Nelsen@yopmail.com,1979-10-22
180,Darci,Teryn,Darci.Teryn@yopmail.com,1916-07-29
181,Sissy,Tamar,Sissy.Tamar@yopmail.com,2012-03-19
182,Loree,Mayeda,Loree.Mayeda@yopmail.com,1958-02-17
183,Aurore,Concha,Aurore.Concha@yopmail.com,1966-07-05
184,Viki,Primalia,Viki.Primalia@yopmail.com,1953-08-02
185,Harrietta,Hermes,Harrietta.Hermes@yopmail.com,2016-02-22
186,Theodora,Fiann,Theodora.Fiann@yopmail.com,1947-06-20
187,Michaelina,Millda,Michaelina.Millda@yopmail.com,1900-10-18
188,Valera,Buffum,Valera.Buffum@yopmail.com,1921-10-19
189,Mariann,Hedve,Mariann.Hedve@yopmail.com,1981-03-14
190,Aubrie,Raul,Aubrie.Raul@yopmail.com,1908-08-03
191,Dolli,Rozanna,Dolli.Rozanna@yopmail.com,1931-09-12
192,Alyssa,Stover,Alyssa.Stover@yopmail.com,1926-01-22
193,Oona,Edison,Oona.Edison@yopmail.com,1928-10-31
194,Sharlene,Vittoria,Sharlene.Vittoria@yopmail.com,1918-04-22
195,Kayla,Bobbee,Kayla.Bobbee@yopmail.com,1967-01-22
196,Fanchon,Devlen,Fanchon.Devlen@yopmail.com,2014-08-25
197,Atlanta,Pozzy,Atlanta.Pozzy@yopmail.com,1929-02-02
198,Viviene,Fitzsimmons,Viviene.Fitzsimmons@yopmail.com,1990-07-17
199,Tracey,Noman,Tracey.Noman@yopmail.com,2002-08-20
200,Bernardine,Faust,Bernardine.Faust@yopmail.com,1912-03-29
201,Konstance,Yuille,Konstance.Yuille@yopmail.com,1953-05-31
202,Arlena,Calhoun,Arlena.Calhoun@yopmail.com,1917-05-30
203,Florencia,Gower,Florencia.Gower@yopmail.com,1968-05-09
204,Michaelina,Carvey,Michaelina.Carvey@yopmail.com,1952-07-13
205,Cristabel,McCutcheon,Cristabel.McCutcheon@yopmail.com,1950-07-31
206,Abbie,Jarib,Abbie.Jarib@yopmail.com,1958-05-21
207,Feliza,Margret,Feliza.Margret@yopmail.com,1923-12-31
208,Sharlene,Euridice,Sharlene.Euridice@yopmail.com,1917-05-12
209,Henriette,Annice,Henriette.Annice@yopmail.com,1976-08-30
210,Marsiella,Bertold,Marsiella.Bertold@yopmail.com,1998-07-04
211,Gavrielle,Bouchard,Gavrielle.Bouchard@yopmail.com,2013-09-30
212,Anica,Kosey,Anica.Kosey@yopmail.com,2009-03-01
213,Selia,Dermott,Selia.Dermott@yopmail.com,1990-11-22
214,Alejandra,Virgin,Alejandra.Virgin@yopmail.com,1907-02-07
215,Joy,Ashely,Joy.Ashely@yopmail.com,1974-05-30
216,Clementine,Suanne,Clementine.Suanne@yopmail.com,1987-06-29
217,Michaelina,Fax,Michaelina.Fax@yopmail.com,1970-05-23
218,Monika,Alarise,Monika.Alarise@yopmail.com,1937-01-10
219,Marinna,Iiette,Marinna.Iiette@yopmail.com,1936-05-18
220,Liana,Darian,Liana.Darian@yopmail.com,1979-06-05
221,Yvonne,Sekofski,Yvonne.Sekofski@yopmail.com,2016-01-24
222,Fina,Reneta,Fina.Reneta@yopmail.com,1935-11-30
223,Rochette,Harday,Rochette.Harday@yopmail.com,2007-12-27
224,Fina,Abernon,Fina.Abernon@yopmail.com,1904-10-04
225,Elise,Ariella,Elise.Ariella@yopmail.com,1937-11-07
226,Ashlee,Woodberry,Ashlee.Woodberry@yopmail.com,1966-10-12
227,Susan,Zaslow,Susan.Zaslow@yopmail.com,1967-10-24
228,Teriann,Trey,Teriann.Trey@yopmail.com,1917-10-29
229,Blinni,Bendick,Blinni.Bendick@yopmail.com,1910-08-24
230,Allyce,Wadell,Allyce.Wadell@yopmail.com,1992-04-19
231,Esmeralda,Wu,Esmeralda.Wu@yopmail.com,1922-01-16
232,Elbertina,Miru,Elbertina.Miru@yopmail.com,1902-10-12
233,Josephine,Rese,Josephine.Rese@yopmail.com,1901-08-16
234,Janenna,Lia,Janenna.Lia@yopmail.com,1978-07-12
235,Robbi,Markman,Robbi.Markman@yopmail.com,1932-10-17
236,Arabel,Nelsen,Arabel.Nelsen@yopmail.com,1992-02-27
237,Roberta,Aprile,Roberta.Aprile@yopmail.com,1928-04-19
238,Mildrid,Dimitris,Mildrid.Dimitris@yopmail.com,1982-02-01
239,Jillayne,Morrill,Jillayne.Morrill@yopmail.com,1943-03-23
240,Chrystel,Jethro,Chrystel.Jethro@yopmail.com,1974-05-05
241,Yetty,Seessel,Yetty.Seessel@yopmail.com,1959-10-21
242,Moyna,Azeria,Moyna.Azeria@yopmail.com,1965-11-22
243,Binny,Whittaker,Binny.Whittaker@yopmail.com,1921-10-31
244,Philis,Olympium,Philis.Olympium@yopmail.com,1962-12-31
245,Betta,Fleeta,Betta.Fleeta@yopmail.com,1973-05-05
246,Mara,Mendez,Mara.Mendez@yopmail.com,2004-01-29
247,Rosene,Lenny,Rosene.Lenny@yopmail.com,1917-05-28
248,Bobinette,Aurelio,Bobinette.Aurelio@yopmail.com,1966-04-12
249,Rhoda,Strephon,Rhoda.Strephon@yopmail.com,1933-02-28
250,Aili,Knowling,Aili.Knowling@yopmail.com,1943-03-12
251,Ana,Rosette,Ana.Rosette@yopmail.com,1965-04-21
252,Adele,Clie,Adele.Clie@yopmail.com,1988-02-27
253,Hollie,Gower,Hollie.Gower@yopmail.com,1962-08-13
254,Letizia,Fulmer,Letizia.Fulmer@yopmail.com,1993-07-22
255,Etta,Joachim,Etta.Joachim@yopmail.com,1996-06-01
256,Jany,Emmy,Jany.Emmy@yopmail.com,1943-05-30
257,Orsola,Winnick,Orsola.Winnick@yopmail.com,1978-08-14
258,Lanae,Thunell,Lanae.Thunell@yopmail.com,1972-10-06
259,Ariela,Leonard,Ariela.Leonard@yopmail.com,1994-03-02
260,Ezmeralda,Burnside,Ezmeralda.Burnside@yopmail.com,1981-08-19
261,Tersina,Behre,Tersina.Behre@yopmail.com,1924-12-09
262,Joane,Eiser,Joane.Eiser@yopmail.com,1942-07-02
263,Leanna,Daegal,Leanna.Daegal@yopmail.com,1957-06-11
264,Christy,Center,Christy.Center@yopmail.com,2001-10-27
265,Willetta,Hirsch,Willetta.Hirsch@yopmail.com,1930-07-02
266,Desirae,Jenness,Desirae.Jenness@yopmail.com,1948-07-01
267,Phylis,Sheng,Phylis.Sheng@yopmail.com,1982-05-18
268,Concettina,Ricki,Concettina.Ricki@yopmail.com,1987-12-18
269,Lelah,Holtz,Lelah.Holtz@yopmail.com,1978-04-14
270,Eadie,Georgy,Eadie.Georgy@yopmail.com,2019-05-03
271,Kirstin,Charity,Kirstin.Charity@yopmail.com,1982-10-14
272,Ariela,Zola,Ariela.Zola@yopmail.com,2014-05-26
273,Clary,Truc,Clary.Truc@yopmail.com,1988-08-03
274,Kimberley,Sherfield,Kimberley.Sherfield@yopmail.com,1911-03-08
275,Wanda,Poll,Wanda.Poll@yopmail.com,1933-04-22
276,Daune,Erminia,Daune.Erminia@yopmail.com,1964-03-16
277,Annaliese,Annabella,Annaliese.Annabella@yopmail.com,2008-09-24
278,Gusty,Faust,Gusty.Faust@yopmail.com,2013-04-23
279,Olwen,Dorine,Olwen.Dorine@yopmail.com,1967-07-03
280,Babita,Neils,Babita.Neils@yopmail.com,2000-04-28
281,Blake,Boehike,Blake.Boehike@yopmail.com,1999-06-08
282,Genevra,Kelula,Genevra.Kelula@yopmail.com,2002-07-13
283,Cristabel,Burkle,Cristabel.Burkle@yopmail.com,1929-10-07
284,Ariela,Taam,Ariela.Taam@yopmail.com,1987-03-12
285,Ninnetta,Jena,Ninnetta.Jena@yopmail.com,1901-03-26
286,Veda,Trace,Veda.Trace@yopmail.com,1971-07-30
287,Alie,Bates,Alie.Bates@yopmail.com,2009-10-15
288,Nananne,Remmer,Nananne.Remmer@yopmail.com,1950-11-23
289,Alejandra,Zeeba,Alejandra.Zeeba@yopmail.com,1947-12-13
290,Correy,Cullin,Correy.Cullin@yopmail.com,1999-07-24
291,Renae,Lay,Renae.Lay@yopmail.com,1945-02-20
292,Trixi,Aprile,Trixi.Aprile@yopmail.com,1961-09-17
293,Sheree,Levey,Sheree.Levey@yopmail.com,1942-04-17
294,Annice,Niles,Annice.Niles@yopmail.com,1928-09-24
295,Demetris,Donoghue,Demetris.Donoghue@yopmail.com,1966-12-25
296,Hayley,Oscar,Hayley.Oscar@yopmail.com,1949-06-04
297,Ilse,Hilbert,Ilse.Hilbert@yopmail.com,1965-11-01
298,Kassey,Chapland,Kassey.Chapland@yopmail.com,1980-03-30
299,Tiffie,Madelene,Tiffie.Madelene@yopmail.com,2017-05-19
300,Ashlee,Cressida,Ashlee.Cressida@yopmail.com,1950-10-06
301,Netty,Ellord,Netty.Ellord@yopmail.com,2015-03-23
302,Hayley,Heisel,Hayley.Heisel@yopmail.com,1964-08-18
303,Rochette,Noman,Rochette.Noman@yopmail.com,1926-07-21
304,Jany,Howlyn,Jany.Howlyn@yopmail.com,1953-03-23
305,Sophia,Moseley,Sophia.Moseley@yopmail.com,1970-12-24
306,Jaime,Faust,Jaime.Faust@yopmail.com,1975-06-05
307,Maud,Xerxes,Maud.Xerxes@yopmail.com,1936-11-17
308,Ivett,Hebner,Ivett.Hebner@yopmail.com,1963-11-21
309,Bobbi,Fancie,Bobbi.Fancie@yopmail.com,1902-10-20
310,Merle,Hedve,Merle.Hedve@yopmail.com,1945-11-11
311,Brena,Gusella,Brena.Gusella@yopmail.com,1976-07-03
312,Brianna,Arathorn,Brianna.Arathorn@yopmail.com,1949-05-23
313,Jenilee,Pulsifer,Jenilee.Pulsifer@yopmail.com,1961-10-04
314,Tomasina,Norvol,Tomasina.Norvol@yopmail.com,2018-05-22
315,Eugine,Joachim,Eugine.Joachim@yopmail.com,1911-12-23
316,Pearline,Lunsford,Pearline.Lunsford@yopmail.com,2016-02-11
317,Ann-Marie,Shelba,Ann-Marie.Shelba@yopmail.com,1951-01-24
318,Clementine,Westphal,Clementine.Westphal@yopmail.com,1953-05-07
319,Letizia,Haymes,Letizia.Haymes@yopmail.com,1976-06-17
320,Marylou,Adamsen,Marylou.Adamsen@yopmail.com,2004-11-30
321,Ulrike,Hartnett,Ulrike.Hartnett@yopmail.com,1917-08-13
322,Valli,Gaal,Valli.Gaal@yopmail.com,1947-03-13
323,Charmaine,Ranjiv,Charmaine.Ranjiv@yopmail.com,1925-03-30
324,Caressa,Raama,Caressa.Raama@yopmail.com,1992-05-23
325,Joleen,Tayib,Joleen.Tayib@yopmail.com,1916-03-31
326,Dennie,Georas,Dennie.Georas@yopmail.com,1939-02-14
327,Rhoda,Vastah,Rhoda.Vastah@yopmail.com,2008-11-12
328,Isa,Voletta,Isa.Voletta@yopmail.com,1900-07-03
329,Asia,Bollay,Asia.Bollay@yopmail.com,1906-03-24
330,Agathe,Franza,Agathe.Franza@yopmail.com,1950-04-01
331,Chrystel,Corrine,Chrystel.Corrine@yopmail.com,1915-04-28
332,Joane,Thornburg,Joane.Thornburg@yopmail.com,1953-04-04
333,Aurore,Kevon,Aurore.Kevon@yopmail.com,1957-11-30
334,Jessamyn,Neils,Jessamyn.Neils@yopmail.com,1903-02-22
335,Magdalena,Ardra,Magdalena.Ardra@yopmail.com,1939-04-23
336,Iseabal,Grayce,Iseabal.Grayce@yopmail.com,1918-01-20
337,Neila,Delp,Neila.Delp@yopmail.com,1908-07-14
338,Starla,Poll,Starla.Poll@yopmail.com,1927-12-02
339,Morganica,Codding,Morganica.Codding@yopmail.com,1961-03-13
340,Marika,Ursulette,Marika.Ursulette@yopmail.com,2009-12-17
341,Marcy,Adamsen,Marcy.Adamsen@yopmail.com,1923-07-12
342,Hermione,Teddman,Hermione.Teddman@yopmail.com,1965-08-30
343,Dawn,Silvan,Dawn.Silvan@yopmail.com,1908-03-28
344,Kalina,Kannry,Kalina.Kannry@yopmail.com,1919-09-29
345,Tarra,Albertine,Tarra.Albertine@yopmail.com,1937-08-12
346,Belva,Bury,Belva.Bury@yopmail.com,1934-01-18
347,Aeriela,Malvino,Aeriela.Malvino@yopmail.com,1959-12-30
348,Susette,Heidt,Susette.Heidt@yopmail.com,1917-12-31
349,Sybille,Lilybelle,Sybille.Lilybelle@yopmail.com,1997-08-08
350,Sara-Ann,Sundin,Sara-Ann.Sundin@yopmail.com,1969-06-08
351,Candi,Yorick,Candi.Yorick@yopmail.com,2007-09-06
352,Helsa,Blase,Helsa.Blase@yopmail.com,1968-08-18
353,Cindelyn,Tristram,Cindelyn.Tristram@yopmail.com,1916-06-25
354,Emelina,Raychel,Emelina.Raychel@yopmail.com,1922-08-08
355,Devina,Concha,Devina.Concha@yopmail.com,2007-05-24
356,Karlee,Land,Karlee.Land@yopmail.com,1970-07-06
357,Lorie,Mata,Lorie.Mata@yopmail.com,1992-06-13
358,Mara,Darrell,Mara.Darrell@yopmail.com,1978-01-08
359,Fina,Janith,Fina.Janith@yopmail.com,1940-01-21
360,Gale,Monaco,Gale.Monaco@yopmail.com,2009-06-17
361,Georgetta,Georgy,Georgetta.Georgy@yopmail.com,1930-08-21
362,Kathy,Belanger,Kathy.Belanger@yopmail.com,1954-07-23
363,Odessa,LaRue,Odessa.LaRue@yopmail.com,1905-03-15
364,Lexine,Bronk,Lexine.Bronk@yopmail.com,1931-11-05
365,Nanete,Rosemary,Nanete.Rosemary@yopmail.com,1930-04-24
366,Valli,Daniele,Valli.Daniele@yopmail.com,1906-01-09
367,Ariela,Diann,Ariela.Diann@yopmail.com,2006-04-16
368,Desirae,Goode,Desirae.Goode@yopmail.com,1987-07-06
369,Fayre,Cimbura,Fayre.Cimbura@yopmail.com,1974-02-14
370,Carmela,Linskey,Carmela.Linskey@yopmail.com,1930-07-25
371,Katuscha,Wu,Katuscha.Wu@yopmail.com,1920-11-21
372,Patricia,McNully,Patricia.McNully@yopmail.com,2002-04-02
373,Lily,Lutero,Lily.Lutero@yopmail.com,2010-01-30
374,Chere,Sawtelle,Chere.Sawtelle@yopmail.com,1932-10-25
375,Mureil,Federica,Mureil.Federica@yopmail.com,2018-10-03
376,Althea,Stefa,Althea.Stefa@yopmail.com,2015-04-01
377,Florencia,Middleton,Florencia.Middleton@yopmail.com,1932-10-24
378,Misha,Kaja,Misha.Kaja@yopmail.com,2018-01-26
379,Jessy,Durware,Jessy.Durware@yopmail.com,1993-09-19
380,Lorie,Teddman,Lorie.Teddman@yopmail.com,1928-09-22
381,Collen,Dulciana,Collen.Dulciana@yopmail.com,1932-06-27
382,Queenie,Narton,Queenie.Narton@yopmail.com,1998-05-17
383,Gaylene,Dannye,Gaylene.Dannye@yopmail.com,2016-04-24
384,Nyssa,Narton,Nyssa.Narton@yopmail.com,2008-10-26
385,Annora,Secrest,Annora.Secrest@yopmail.com,1914-05-13
386,Chloris,Newell,Chloris.Newell@yopmail.com,1979-04-16
387,Ann-Marie,Anderea,Ann-Marie.Anderea@yopmail.com,1932-11-14
388,Roberta,Norrie,Roberta.Norrie@yopmail.com,1976-07-13
389,Lexine,Verger,Lexine.Verger@yopmail.com,1932-08-14
390,Rebeca,Horan,Rebeca.Horan@yopmail.com,1992-06-19
391,Keelia,Shaver,Keelia.Shaver@yopmail.com,1981-03-27
392,Ana,Raimondo,Ana.Raimondo@yopmail.com,1930-12-09
393,Celisse,Hillel,Celisse.Hillel@yopmail.com,1942-08-07
394,Minda,Kare,Minda.Kare@yopmail.com,1900-11-18
395,Cecile,Tatianas,Cecile.Tatianas@yopmail.com,1991-07-28
396,Brooks,Korey,Brooks.Korey@yopmail.com,2019-12-16
397,Juliane,Goldina,Juliane.Goldina@yopmail.com,1990-10-27
398,Juliane,Percy,Juliane.Percy@yopmail.com,1936-07-11
399,Eve,Lacombe,Eve.Lacombe@yopmail.com,1994-09-06
400,Etta,Buttaro,Etta.Buttaro@yopmail.com,1977-02-05
401,Hope,Sandye,Hope.Sandye@yopmail.com,1976-10-28
402,Yetty,Stephie,Yetty.Stephie@yopmail.com,2000-07-07
403,Hayley,Fredi,Hayley.Fredi@yopmail.com,2011-10-05
404,Melodie,Geffner,Melodie.Geffner@yopmail.com,1980-02-10
405,Fernande,Phaidra,Fernande.Phaidra@yopmail.com,1926-06-19
406,Marinna,Mayeda,Marinna.Mayeda@yopmail.com,1999-07-16
407,Xylina,Rooney,Xylina.Rooney@yopmail.com,1967-09-14
408,Tilly,Allare,Tilly.Allare@yopmail.com,1990-12-06
409,Kirstin,Joseph,Kirstin.Joseph@yopmail.com,2013-11-16
410,Chandra,Nerita,Chandra.Nerita@yopmail.com,1961-01-27
411,Bettine,Vorster,Bettine.Vorster@yopmail.com,1930-06-16
412,Annice,Kermit,Annice.Kermit@yopmail.com,1996-10-23
413,Nadine,Lorain,Nadine.Lorain@yopmail.com,1951-09-27
414,Juliane,Christal,Juliane.Christal@yopmail.com,1986-09-16
415,Jenilee,Hedve,Jenilee.Hedve@yopmail.com,1956-04-13
416,Myriam,Maurine,Myriam.Maurine@yopmail.com,1960-12-18
417,Bernie,Othilia,Bernie.Othilia@yopmail.com,1950-08-27
418,Moyna,Engdahl,Moyna.Engdahl@yopmail.com,1953-08-06
419,Tatiania,Millda,Tatiania.Millda@yopmail.com,1940-03-21
420,Silvana,Carlson,Silvana.Carlson@yopmail.com,1976-01-29
421,Cyndie,Orelee,Cyndie.Orelee@yopmail.com,1967-05-20
422,Edith,Capello,Edith.Capello@yopmail.com,1990-04-03
423,Donnie,Ephrem,Donnie.Ephrem@yopmail.com,1996-11-11
424,Valeda,Bobbee,Valeda.Bobbee@yopmail.com,2017-05-24
425,Debee,Flita,Debee.Flita@yopmail.com,1933-03-11
426,Stephanie,Bohlin,Stephanie.Bohlin@yopmail.com,1900-06-19
427,Zia,Kermit,Zia.Kermit@yopmail.com,2001-04-28
428,Carly,Bluh,Carly.Bluh@yopmail.com,1988-10-26
429,Orelia,Kazimir,Orelia.Kazimir@yopmail.com,1954-07-31
430,Nita,Jeanne,Nita.Jeanne@yopmail.com,1939-08-18
431,Lizzie,Zitvaa,Lizzie.Zitvaa@yopmail.com,1914-01-01
432,Dacia,Juan,Dacia.Juan@yopmail.com,1980-12-18
433,Veda,Philipp,Veda.Philipp@yopmail.com,1973-03-23
434,Alejandra,Merat,Alejandra.Merat@yopmail.com,1923-02-13
435,Perry,Aurelio,Perry.Aurelio@yopmail.com,1963-05-20
436,Leeanne,Narton,Leeanne.Narton@yopmail.com,2018-01-02
437,Cyb,Lacombe,Cyb.Lacombe@yopmail.com,1910-02-03
438,Isa,Giule,Isa.Giule@yopmail.com,2010-07-25
439,Hyacinthe,Lewes,Hyacinthe.Lewes@yopmail.com,1996-10-06
440,Robbi,Bahr,Robbi.Bahr@yopmail.com,1910-05-18
441,Korrie,Johnsson,Korrie.Johnsson@yopmail.com,1971-10-30
442,Nadine,Naashom,Nadine.Naashom@yopmail.com,1962-06-02
443,Cathie,Swanhildas,Cathie.Swanhildas@yopmail.com,1943-09-27
444,Melanie,Brenn,Melanie.Brenn@yopmail.com,1974-03-04
445,Cacilie,Ramona,Cacilie.Ramona@yopmail.com,1916-08-28
446,Barbara,Douglass,Barbara.Douglass@yopmail.com,1922-08-25
447,Tori,Juan,Tori.Juan@yopmail.com,2010-03-31
448,Frieda,Jacinda,Frieda.Jacinda@yopmail.com,1987-10-07
449,Kirbee,Thilda,Kirbee.Thilda@yopmail.com,1921-06-10
450,Kelly,Ogren,Kelly.Ogren@yopmail.com,2000-07-24
451,Candy,Flita,Candy.Flita@yopmail.com,1931-03-02
452,Margarette,Gordon,Margarette.Gordon@yopmail.com,1935-11-16
453,Donetta,Karl,Donetta.Karl@yopmail.com,1948-08-22
454,Joane,Gillan,Joane.Gillan@yopmail.com,2005-03-01
455,Meghann,Plato,Meghann.Plato@yopmail.com,1933-09-02
456,Cristabel,Edvard,Cristabel.Edvard@yopmail.com,1969-03-27
457,Brooks,Barrus,Brooks.Barrus@yopmail.com,1913-02-15
458,Deirdre,Yoko,Deirdre.Yoko@yopmail.com,1901-12-26
459,Sam,Faust,Sam.Faust@yopmail.com,1920-10-14
460,Georgetta,Pettiford,Georgetta.Pettiford@yopmail.com,1946-07-25
461,Fred,Ophelia,Fred.Ophelia@yopmail.com,1974-11-13
462,Margette,Ruvolo,Margette.Ruvolo@yopmail.com,1909-08-31
463,Belva,Brittani,Belva.Brittani@yopmail.com,2016-03-09
464,Nickie,Merell,Nickie.Merell@yopmail.com,1942-07-18
465,Orsola,Carlson,Orsola.Carlson@yopmail.com,2000-05-10
466,Willetta,Raama,Willetta.Raama@yopmail.com,1967-02-27
467,Latisha,Peti,Latisha.Peti@yopmail.com,1954-03-29
468,Dari,Delacourt,Dari.Delacourt@yopmail.com,1948-07-21
469,Benita,Loleta,Benita.Loleta@yopmail.com,1974-05-12
470,Nyssa,Arquit,Nyssa.Arquit@yopmail.com,1903-05-10
471,Lily,Euridice,Lily.Euridice@yopmail.com,1957-03-11
472,Glynnis,Nadia,Glynnis.Nadia@yopmail.com,1973-08-20
473,Tamqrah,Sancho,Tamqrah.Sancho@yopmail.com,2014-12-03
474,Dawn,Curren,Dawn.Curren@yopmail.com,1953-09-28
475,Brana,Sundin,Brana.Sundin@yopmail.com,1947-03-29
476,Sheelagh,Eugenia,Sheelagh.Eugenia@yopmail.com,1975-01-26
477,Annaliese,Pyle,Annaliese.Pyle@yopmail.com,1952-04-28
478,Pearline,Terencio,Pearline.Terencio@yopmail.com,1985-11-28
479,Dania,Lauraine,Dania.Lauraine@yopmail.com,2017-07-21
480,Winifred,Jalbert,Winifred.Jalbert@yopmail.com,1953-02-10
481,Alejandra,Maples,Alejandra.Maples@yopmail.com,2009-05-09
482,Melina,Corrine,Melina.Corrine@yopmail.com,1949-12-07
483,Shauna,Ellord,Shauna.Ellord@yopmail.com,1901-11-20
484,Modestia,Randene,Modestia.Randene@yopmail.com,1970-01-01
485,Bernardine,Joli,Bernardine.Joli@yopmail.com,1928-06-03
486,Valera,Bonilla,Valera.Bonilla@yopmail.com,1916-01-30
487,Tabbatha,Marsden,Tabbatha.Marsden@yopmail.com,1905-07-26
488,Celisse,Dearborn,Celisse.Dearborn@yopmail.com,2019-05-04
489,Hollie,Poll,Hollie.Poll@yopmail.com,1922-04-07
490,Goldie,Rosemary,Goldie.Rosemary@yopmail.com,1973-05-31
491,Rosaline,Percy,Rosaline.Percy@yopmail.com,1991-01-20
492,Meg,Wu,Meg.Wu@yopmail.com,1973-08-22
493,Theodora,Heisel,Theodora.Heisel@yopmail.com,1942-12-05
494,Philis,Dyche,Philis.Dyche@yopmail.com,2005-04-23
495,Daryl,Ferino,Daryl.Ferino@yopmail.com,2011-04-01
496,Fred,Afton,Fred.Afton@yopmail.com,1929-06-10
497,Lulita,Remmer,Lulita.Remmer@yopmail.com,1986-01-21
498,Nikki,Cecile,Nikki.Cecile@yopmail.com,1990-12-15
499,Tressa,Elephus,Tressa.Elephus@yopmail.com,1950-01-20
500,Arlina,Breed,Arlina.Breed@yopmail.com,1923-10-15
501,Raf,Hieronymus,Raf.Hieronymus@yopmail.com,1906-01-22
502,Dede,Byrne,Dede.Byrne@yopmail.com,1926-05-02
503,Jasmina,Anton,Jasmina.Anton@yopmail.com,1965-12-24
504,Margarette,Liebermann,Margarette.Liebermann@yopmail.com,1902-05-20
505,Winny,Halsey,Winny.Halsey@yopmail.com,1977-05-24
506,Janeczka,Justinn,Janeczka.Justinn@yopmail.com,1982-01-30
507,Caritta,Vernier,Caritta.Vernier@yopmail.com,1965-11-19
508,Madeleine,Ferino,Madeleine.Ferino@yopmail.com,1965-10-20
509,Monika,Andrel,Monika.Andrel@yopmail.com,1982-07-08
510,Jacenta,Niccolo,Jacenta.Niccolo@yopmail.com,1997-04-29
511,Katleen,Zrike,Katleen.Zrike@yopmail.com,2019-03-30
512,Jennica,Abernon,Jennica.Abernon@yopmail.com,1953-12-07
513,Jean,Astra,Jean.Astra@yopmail.com,1903-02-09
514,Eolanda,Sekofski,Eolanda.Sekofski@yopmail.com,1935-11-17
515,Gui,Oscar,Gui.Oscar@yopmail.com,2003-03-14
516,Regina,Barney,Regina.Barney@yopmail.com,1943-09-09
517,Vonny,Lowry,Vonny.Lowry@yopmail.com,1941-10-31
518,Christy,Ries,Christy.Ries@yopmail.com,1939-12-26
519,Brandise,Sigfrid,Brandise.Sigfrid@yopmail.com,1992-06-20
520,Katharina,Ailyn,Katharina.Ailyn@yopmail.com,1980-08-14
521,Ivett,Yorick,Ivett.Yorick@yopmail.com,2016-04-16
522,Cristine,Ludewig,Cristine.Ludewig@yopmail.com,2012-03-29
523,Caryl,Izaak,Caryl.Izaak@yopmail.com,2014-07-03
524,Barbara,Lia,Barbara.Lia@yopmail.com,1956-07-11
525,Allyce,Rebecka,Allyce.Rebecka@yopmail.com,2013-10-17
526,Lenna,Faria,Lenna.Faria@yopmail.com,1901-03-03
527,Mireielle,Helfand,Mireielle.Helfand@yopmail.com,1950-08-30
528,Zsa Zsa,Felecia,Zsa Zsa.Felecia@yopmail.com,1971-11-09
529,Sarette,Ade,Sarette.Ade@yopmail.com,2016-10-02
530,Cacilie,Taima,Cacilie.Taima@yopmail.com,1995-10-11
531,Mellicent,Chem,Mellicent.Chem@yopmail.com,1912-02-22
532,Lita,Curren,Lita.Curren@yopmail.com,1907-08-11
533,Gaylene,Bettine,Gaylene.Bettine@yopmail.com,2003-05-02
534,Sidoney,Cleo,Sidoney.Cleo@yopmail.com,1928-01-08
535,Kimmy,Ummersen,Kimmy.Ummersen@yopmail.com,1933-12-16
536,Constance,Thema,Constance.Thema@yopmail.com,2009-11-11
537,Paola,Boehike,Paola.Boehike@yopmail.com,1943-08-08
538,Emmey,Yerkovich,Emmey.Yerkovich@yopmail.com,1994-10-02
539,Letizia,Poll,Letizia.Poll@yopmail.com,1967-12-26
540,Donnie,Kiersten,Donnie.Kiersten@yopmail.com,1983-01-10
541,Katharina,Gert,Katharina.Gert@yopmail.com,1920-04-29
542,Mireielle,Hedve,Mireielle.Hedve@yopmail.com,1952-11-03
543,Valli,Abbot,Valli.Abbot@yopmail.com,1991-12-17
544,Lizzie,Macey,Lizzie.Macey@yopmail.com,1925-06-19
545,Andeee,Lorenz,Andeee.Lorenz@yopmail.com,1903-04-02
546,Hope,Infield,Hope.Infield@yopmail.com,2012-04-18
547,Selia,Rubie,Selia.Rubie@yopmail.com,1928-07-29
548,Augustine,Zrike,Augustine.Zrike@yopmail.com,1942-08-29
549,Jorry,Darrell,Jorry.Darrell@yopmail.com,1906-12-12
550,Marsiella,Fiester,Marsiella.Fiester@yopmail.com,1915-02-06
551,Jillayne,Adalbert,Jillayne.Adalbert@yopmail.com,1932-05-31
552,Shauna,Friede,Shauna.Friede@yopmail.com,1947-04-06
553,Grier,Durware,Grier.Durware@yopmail.com,1969-04-06
554,Mireielle,Odell,Mireielle.Odell@yopmail.com,1968-05-23
555,Dolli,Ruvolo,Dolli.Ruvolo@yopmail.com,1987-08-20
556,Dawn,Marcellus,Dawn.Marcellus@yopmail.com,1936-06-21
557,Kimmy,Schlosser,Kimmy.Schlosser@yopmail.com,1956-06-23
558,Sue,Behre,Sue.Behre@yopmail.com,1969-05-31
559,Andree,Keelia,Andree.Keelia@yopmail.com,1962-07-10
560,Carmencita,Gabrielli,Carmencita.Gabrielli@yopmail.com,1953-01-07
561,Paola,Eugenia,Paola.Eugenia@yopmail.com,1959-08-21
562,Marita,Ioab,Marita.Ioab@yopmail.com,1932-11-05
563,Hallie,Mata,Hallie.Mata@yopmail.com,2003-05-29
564,Fanchon,Argus,Fanchon.Argus@yopmail.com,1997-11-09
565,Brena,Radu,Brena.Radu@yopmail.com,1957-02-02
566,Jordan,Sawtelle,Jordan.Sawtelle@yopmail.com,1965-10-27
567,Beverley,Kylander,Beverley.Kylander@yopmail.com,2012-05-24
568,Brynna,Maroney,Brynna.Maroney@yopmail.com,2001-06-08
569,Tami,Fry,Tami.Fry@yopmail.com,1920-02-08
570,Jessamyn,Haymes,Jessamyn.Haymes@yopmail.com,1904-01-03
571,Lynnea,Yorick,Lynnea.Yorick@yopmail.com,1994-05-21
572,Layla,Gaspard,Layla.Gaspard@yopmail.com,1942-02-25
573,Ellette,Fairweather,Ellette.Fairweather@yopmail.com,2004-03-28
574,Clementine,Goode,Clementine.Goode@yopmail.com,2009-02-10
575,Consuela,Corrine,Consuela.Corrine@yopmail.com,1991-08-25
576,Carly,Anyah,Carly.Anyah@yopmail.com,1957-04-28
577,Ana,Maryanne,Ana.Maryanne@yopmail.com,1906-06-13
578,Leontine,Hewitt,Leontine.Hewitt@yopmail.com,1957-12-12
579,Lyssa,Rurik,Lyssa.Rurik@yopmail.com,1966-08-29
580,Devina,Bashemeth,Devina.Bashemeth@yopmail.com,1946-09-16
581,Cyndie,Carbo,Cyndie.Carbo@yopmail.com,1940-06-23
582,Harmonia,Isidore,Harmonia.Isidore@yopmail.com,1915-02-21
583,Evaleen,Obed,Evaleen.Obed@yopmail.com,1905-11-03
584,Renae,Swanhildas,Renae.Swanhildas@yopmail.com,2005-04-29
585,Mara,Brady,Mara.Brady@yopmail.com,1961-11-11
586,Rubie,Maiah,Rubie.Maiah@yopmail.com,1942-01-22
587,Celene,Wolfgram,Celene.Wolfgram@yopmail.com,2002-10-01
588,Madelle,Ranjiv,Madelle.Ranjiv@yopmail.com,1951-11-13
589,Dolli,Holtz,Dolli.Holtz@yopmail.com,1988-09-24
590,Alejandra,Morgun,Alejandra.Morgun@yopmail.com,1902-02-06
591,Karena,Anyah,Karena.Anyah@yopmail.com,1948-07-13
592,Ronna,Sholley,Ronna.Sholley@yopmail.com,1908-11-05
593,Wilma,Hashim,Wilma.Hashim@yopmail.com,1918-07-06
594,Elyssa,Henebry,Elyssa.Henebry@yopmail.com,1972-01-31
595,Jacquetta,Evvie,Jacquetta.Evvie@yopmail.com,1920-01-27
596,Magdalena,Ochs,Magdalena.Ochs@yopmail.com,1946-10-08
597,Josephine,Libna,Josephine.Libna@yopmail.com,1996-05-15
598,Sadie,Palocz,Sadie.Palocz@yopmail.com,1961-06-15
599,Clarice,Couture,Clarice.Couture@yopmail.com,1970-05-01
600,Livvyy,Hebner,Livvyy.Hebner@yopmail.com,1912-04-24
601,Mariann,Anestassia,Mariann.Anestassia@yopmail.com,1923-03-11
602,Catharine,Cornelia,Catharine.Cornelia@yopmail.com,2003-05-31
603,Chickie,Monaco,Chickie.Monaco@yopmail.com,1900-05-27
604,Tamqrah,Kunin,Tamqrah.Kunin@yopmail.com,1963-02-16
605,Isa,Wooster,Isa.Wooster@yopmail.com,1997-06-05
606,Marcelline,Ariella,Marcelline.Ariella@yopmail.com,1901-04-27
607,Hannis,Sandye,Hannis.Sandye@yopmail.com,2002-06-03
608,Tressa,Timon,Tressa.Timon@yopmail.com,2014-10-15
609,Gwyneth,Fosque,Gwyneth.Fosque@yopmail.com,1969-07-08
610,Atlanta,McLaughlin,Atlanta.McLaughlin@yopmail.com,1952-09-22
611,Pierette,Thomasina,Pierette.Thomasina@yopmail.com,1962-08-13
612,Lusa,Colleen,Lusa.Colleen@yopmail.com,2015-02-26
613,Katharina,Gaal,Katharina.Gaal@yopmail.com,1980-03-23
614,Benita,Carri,Benita.Carri@yopmail.com,1991-05-28
615,Ermengarde,Wolfgram,Ermengarde.Wolfgram@yopmail.com,1973-11-24
616,Rubie,Screens,Rubie.Screens@yopmail.com,1999-11-24
617,Josephine,Anyah,Josephine.Anyah@yopmail.com,1948-01-14
618,Marcelline,Jethro,Marcelline.Jethro@yopmail.com,1974-05-07
619,Ardys,Howlyn,Ardys.Howlyn@yopmail.com,1905-04-30
620,Leanna,Whittaker,Leanna.Whittaker@yopmail.com,2015-10-04
621,Rori,Tengdin,Rori.Tengdin@yopmail.com,1904-03-28
622,Priscilla,Saree,Priscilla.Saree@yopmail.com,1929-02-25
623,Patricia,Faria,Patricia.Faria@yopmail.com,1938-03-21
624,Teddie,Creamer,Teddie.Creamer@yopmail.com,1951-01-20
625,Elsie,Selway,Elsie.Selway@yopmail.com,1954-06-27
626,Brianna,Ardra,Brianna.Ardra@yopmail.com,1948-06-06
627,Ermengarde,Dex,Ermengarde.Dex@yopmail.com,1991-05-20
628,Courtnay,Danby,Courtnay.Danby@yopmail.com,1948-09-13
629,Shauna,Barney,Shauna.Barney@yopmail.com,1989-03-03
630,Libbie,Kesley,Libbie.Kesley@yopmail.com,1931-04-02
631,Renie,Bennie,Renie.Bennie@yopmail.com,1912-01-08
632,Vivia,Helve,Vivia.Helve@yopmail.com,1965-07-16
633,Xylina,Means,Xylina.Means@yopmail.com,1997-12-24
634,Lindie,Kress,Lindie.Kress@yopmail.com,1993-04-04
635,Candy,Dash,Candy.Dash@yopmail.com,1982-12-18
636,Nollie,Ralfston,Nollie.Ralfston@yopmail.com,2013-03-14
637,Fernande,Burnside,Fernande.Burnside@yopmail.com,1980-01-05
638,Brooks,Solitta,Brooks.Solitta@yopmail.com,1925-10-31
639,Belinda,Andrel,Belinda.Andrel@yopmail.com,1938-04-13
640,Eve,Anselmi,Eve.Anselmi@yopmail.com,2006-10-26
641,Hildegaard,Maroney,Hildegaard.Maroney@yopmail.com,1998-10-07
642,Emmey,Carleen,Emmey.Carleen@yopmail.com,1959-03-10
643,Charmaine,Wolfgram,Charmaine.Wolfgram@yopmail.com,1966-03-11
644,Tabbatha,Philipp,Tabbatha.Philipp@yopmail.com,2015-07-20
645,Oona,Zamora,Oona.Zamora@yopmail.com,1925-10-19
646,Perry,Hurley,Perry.Hurley@yopmail.com,1917-10-29
647,Pierette,Roumell,Pierette.Roumell@yopmail.com,1967-02-27
648,Ileana,Jalbert,Ileana.Jalbert@yopmail.com,1988-01-07
649,Ninnetta,Engdahl,Ninnetta.Engdahl@yopmail.com,2002-09-02
650,Arlina,Concha,Arlina.Concha@yopmail.com,1902-03-08
651,Christian,Wilkinson,Christian.Wilkinson@yopmail.com,1947-11-02
652,Quintina,Zrike,Quintina.Zrike@yopmail.com,1946-12-01
653,Peri,Katrine,Peri.Katrine@yopmail.com,1903-08-25
654,Letizia,Mike,Letizia.Mike@yopmail.com,1998-06-07
655,Karlee,Garek,Karlee.Garek@yopmail.com,1903-02-21
656,Aubrie,Kenney,Aubrie.Kenney@yopmail.com,1940-01-02
657,Letizia,Atcliffe,Letizia.Atcliffe@yopmail.com,2015-11-22
658,Robbi,Harriman,Robbi.Harriman@yopmail.com,2009-08-20
659,Morganica,Iiette,Morganica.Iiette@yopmail.com,1926-02-10
660,Cathie,Cosenza,Cathie.Cosenza@yopmail.com,1958-08-17
661,Sallie,Alfons,Sallie.Alfons@yopmail.com,2005-12-10
662,Heida,Papageno,Heida.Papageno@yopmail.com,1901-11-29
663,Phedra,Marijo,Phedra.Marijo@yopmail.com,2013-11-25
664,Elise,Lemuela,Elise.Lemuela@yopmail.com,2010-05-05
665,Laurene,Arathorn,Laurene.Arathorn@yopmail.com,1976-08-04
666,Micheline,Bouchard,Micheline.Bouchard@yopmail.com,1944-07-22
667,Ardenia,Linskey,Ardenia.Linskey@yopmail.com,1938-02-02
668,Aeriela,Keelia,Aeriela.Keelia@yopmail.com,2004-03-27
669,Kara-Lynn,Cosenza,Kara-Lynn.Cosenza@yopmail.com,1944-11-08
670,Candy,Ailyn,Candy.Ailyn@yopmail.com,1951-11-26
671,Lily,Gabrielli,Lily.Gabrielli@yopmail.com,1974-12-24
672,Tiffie,Chem,Tiffie.Chem@yopmail.com,1985-08-02
673,Dale,Yuille,Dale.Yuille@yopmail.com,1928-04-21
674,Marinna,Mendez,Marinna.Mendez@yopmail.com,2008-06-16
675,Cyndie,Rustice,Cyndie.Rustice@yopmail.com,1935-11-24
676,Lyssa,Gerge,Lyssa.Gerge@yopmail.com,2013-08-22
677,Ermengarde,Daniele,Ermengarde.Daniele@yopmail.com,2002-05-05
678,Christal,Alwin,Christal.Alwin@yopmail.com,1937-03-11
679,Ruthe,Guthrie,Ruthe.Guthrie@yopmail.com,1914-07-27
680,Ingrid,Merell,Ingrid.Merell@yopmail.com,1941-06-21
681,Magdalena,Marisa,Magdalena.Marisa@yopmail.com,1929-04-09
682,Annecorinne,Breed,Annecorinne.Breed@yopmail.com,1975-08-28
683,Dennie,Decato,Dennie.Decato@yopmail.com,1964-01-05
684,Jsandye,Vorster,Jsandye.Vorster@yopmail.com,1917-09-10
685,Perry,Cleo,Perry.Cleo@yopmail.com,1935-03-15
686,Jsandye,Bakerman,Jsandye.Bakerman@yopmail.com,2014-08-04
687,Iseabal,Thomasina,Iseabal.Thomasina@yopmail.com,1964-06-14
688,Kittie,Edee,Kittie.Edee@yopmail.com,1940-06-18
689,Jinny,Killigrew,Jinny.Killigrew@yopmail.com,1901-08-28
690,Jessamyn,Nedrud,Jessamyn.Nedrud@yopmail.com,1967-12-28
691,Jorry,Avi,Jorry.Avi@yopmail.com,2003-02-16
692,Brandise,Morehouse,Brandise.Morehouse@yopmail.com,1993-03-15
693,Janis,Strephon,Janis.Strephon@yopmail.com,1955-03-01
694,Suzette,Bennie,Suzette.Bennie@yopmail.com,1947-08-08
695,Nadine,Shields,Nadine.Shields@yopmail.com,2000-08-15
696,Brietta,Roche,Brietta.Roche@yopmail.com,1990-02-28
697,Maryellen,Gherardo,Maryellen.Gherardo@yopmail.com,1986-04-20
698,Odessa,Tatianas,Odessa.Tatianas@yopmail.com,1929-03-26
699,Priscilla,Screens,Priscilla.Screens@yopmail.com,1960-07-13
700,Bobinette,Giff,Bobinette.Giff@yopmail.com,1945-02-15
701,Nyssa,Bonucci,Nyssa.Bonucci@yopmail.com,1938-08-09
702,Calla,Morgun,Calla.Morgun@yopmail.com,1966-04-09
703,Carree,Cornelia,Carree.Cornelia@yopmail.com,1929-05-07
704,Peri,Catie,Peri.Catie@yopmail.com,2002-12-21
705,Jean,Beebe,Jean.Beebe@yopmail.com,1967-06-12
706,Lanae,Yoko,Lanae.Yoko@yopmail.com,1987-09-11
707,Linzy,Faso,Linzy.Faso@yopmail.com,1921-12-27
708,Ivett,Llovera,Ivett.Llovera@yopmail.com,1942-03-01
709,Kristan,Hamil,Kristan.Hamil@yopmail.com,2017-07-10
710,Susan,Ferrell,Susan.Ferrell@yopmail.com,1959-10-22
711,Aurore,Yorick,Aurore.Yorick@yopmail.com,2004-08-14
712,Nanete,Dawkins,Nanete.Dawkins@yopmail.com,1944-08-19
713,Zondra,Seumas,Zondra.Seumas@yopmail.com,1969-11-18
714,Audrie,Devlen,Audrie.Devlen@yopmail.com,2002-01-24
715,Ivett,Love,Ivett.Love@yopmail.com,2018-04-26
716,Camile,Maurine,Camile.Maurine@yopmail.com,1957-12-07
717,Molli,Nerita,Molli.Nerita@yopmail.com,2008-07-23
718,Ulrike,Koehler,Ulrike.Koehler@yopmail.com,1945-04-26
719,Leanna,Michella,Leanna.Michella@yopmail.com,1938-05-10
720,Kirstin,Vernier,Kirstin.Vernier@yopmail.com,1994-02-07
721,Kathy,Silvan,Kathy.Silvan@yopmail.com,2017-04-06
722,Dianemarie,Letsou,Dianemarie.Letsou@yopmail.com,1918-12-28
723,Basia,Jeanne,Basia.Jeanne@yopmail.com,1949-10-09
724,Katuscha,Shaddock,Katuscha.Shaddock@yopmail.com,1964-02-13
725,Gale,Kenney,Gale.Kenney@yopmail.com,2002-07-29
726,Jany,Cleavland,Jany.Cleavland@yopmail.com,1945-07-01
727,Marylou,Pelagias,Marylou.Pelagias@yopmail.com,2003-04-20
728,Myrtice,Jenness,Myrtice.Jenness@yopmail.com,1955-08-07
729,Paola,Kesley,Paola.Kesley@yopmail.com,1934-01-10
730,Aaren,Lamoree,Aaren.Lamoree@yopmail.com,1998-03-16
731,Gianina,Corrine,Gianina.Corrine@yopmail.com,1955-10-08
732,Clarice,Kalinda,Clarice.Kalinda@yopmail.com,1980-07-31
733,Shandie,Francene,Shandie.Francene@yopmail.com,2017-12-27
734,Hayley,Etom,Hayley.Etom@yopmail.com,1907-09-03
735,Rani,Elo,Rani.Elo@yopmail.com,1903-12-20
736,Genevra,Connelly,Genevra.Connelly@yopmail.com,1992-12-15
737,Concettina,Alejoa,Concettina.Alejoa@yopmail.com,1984-07-25
738,Ebonee,Flita,Ebonee.Flita@yopmail.com,1951-10-05
739,Linet,Chick,Linet.Chick@yopmail.com,1968-05-04
740,Tressa,Juliet,Tressa.Juliet@yopmail.com,1977-05-30
741,Alejandra,Shama,Alejandra.Shama@yopmail.com,1975-10-31
742,Gaylene,Zuzana,Gaylene.Zuzana@yopmail.com,1911-02-06
743,Raf,Donell,Raf.Donell@yopmail.com,1986-09-12
744,Janis,Ulphia,Janis.Ulphia@yopmail.com,1981-03-17
745,Allis,Ralfston,Allis.Ralfston@yopmail.com,1978-07-23
746,Dianemarie,Crudden,Dianemarie.Crudden@yopmail.com,1913-01-05
747,Elie,Jacinda,Elie.Jacinda@yopmail.com,1984-01-05
748,Mallory,Tengdin,Mallory.Tengdin@yopmail.com,1985-02-13
749,Ekaterina,Brandice,Ekaterina.Brandice@yopmail.com,1938-12-31
750,Nerta,Fiann,Nerta.Fiann@yopmail.com,1908-01-25
751,Arabel,Lytton,Arabel.Lytton@yopmail.com,1952-11-18
752,Annaliese,Brandice,Annaliese.Brandice@yopmail.com,1966-08-15
753,Ada,Luhe,Ada.Luhe@yopmail.com,1978-06-23
754,Trixi,Persse,Trixi.Persse@yopmail.com,1913-12-29
755,Amii,Wu,Amii.Wu@yopmail.com,1934-10-03
756,Shaylyn,Seagraves,Shaylyn.Seagraves@yopmail.com,1927-10-20
757,Aurore,Raychel,Aurore.Raychel@yopmail.com,2013-02-28
758,Wendi,Arathorn,Wendi.Arathorn@yopmail.com,2001-09-13
759,Silvana,Yate,Silvana.Yate@yopmail.com,1989-01-18
760,Rebeca,Lilas,Rebeca.Lilas@yopmail.com,1957-09-29
761,Karly,Esmaria,Karly.Esmaria@yopmail.com,2016-01-28
762,Linzy,Connelly,Linzy.Connelly@yopmail.com,1962-04-22
763,Fawne,Jess,Fawne.Jess@yopmail.com,1956-04-22
764,Gloria,Bari,Gloria.Bari@yopmail.com,1938-08-12
765,Valeda,Zitvaa,Valeda.Zitvaa@yopmail.com,1908-07-06
766,Malina,Schwejda,Malina.Schwejda@yopmail.com,1947-04-04
767,Ottilie,Carmena,Ottilie.Carmena@yopmail.com,1968-05-06
768,Livvyy,Whittaker,Livvyy.Whittaker@yopmail.com,1915-01-23
769,Ayn,Chem,Ayn.Chem@yopmail.com,1907-03-13
770,Fred,Tufts,Fred.Tufts@yopmail.com,1913-10-29
771,Shell,Agle,Shell.Agle@yopmail.com,1956-06-12
772,Jolyn,Edee,Jolyn.Edee@yopmail.com,1939-04-01
773,Abbie,Buckler,Abbie.Buckler@yopmail.com,2019-06-16
774,Tani,Craggie,Tani.Craggie@yopmail.com,1982-04-17
775,Dania,Hebner,Dania.Hebner@yopmail.com,1911-11-03
776,Morganica,Brenn,Morganica.Brenn@yopmail.com,1941-03-01
777,Kial,Randene,Kial.Randene@yopmail.com,2013-05-06
778,Konstance,Estella,Konstance.Estella@yopmail.com,1909-08-30
779,Jere,Harriman,Jere.Harriman@yopmail.com,1996-12-02
780,Sophia,Uird,Sophia.Uird@yopmail.com,1906-05-05
781,Sindee,Nedrud,Sindee.Nedrud@yopmail.com,1943-07-09
782,Stephanie,Markman,Stephanie.Markman@yopmail.com,1940-06-12
783,Marleah,Selway,Marleah.Selway@yopmail.com,1905-04-05
784,Heida,Calhoun,Heida.Calhoun@yopmail.com,2019-08-23
785,Bobinette,Forrer,Bobinette.Forrer@yopmail.com,2018-03-22
786,Kaja,Karl,Kaja.Karl@yopmail.com,1923-05-05
787,Brena,Baudin,Brena.Baudin@yopmail.com,1909-08-27
788,Marsiella,Marsden,Marsiella.Marsden@yopmail.com,1988-10-02
789,Vevay,Whittaker,Vevay.Whittaker@yopmail.com,1972-04-21
790,Carly,Madelene,Carly.Madelene@yopmail.com,1956-02-28
791,Arlina,Lubin,Arlina.Lubin@yopmail.com,1922-08-15
792,Mathilda,Elephus,Mathilda.Elephus@yopmail.com,1928-12-13
793,Steffane,Khorma,Steffane.Khorma@yopmail.com,1936-09-07
794,Rubie,Skell,Rubie.Skell@yopmail.com,2010-05-18
795,Tina,Fennessy,Tina.Fennessy@yopmail.com,1903-10-13
796,Merle,Naor,Merle.Naor@yopmail.com,1980-12-10
797,Ursulina,Schwejda,Ursulina.Schwejda@yopmail.com,1937-09-23
798,Wilma,Lorain,Wilma.Lorain@yopmail.com,1982-01-21
799,Belinda,Stacy,Belinda.Stacy@yopmail.com,1927-07-07
800,Marguerite,Fadiman,Marguerite.Fadiman@yopmail.com,2004-02-11
801,Sharlene,Dominy,Sharlene.Dominy@yopmail.com,2007-12-08
802,Gretal,Manolo,Gretal.Manolo@yopmail.com,1929-01-24
803,Jessamyn,Richers,Jessamyn.Richers@yopmail.com,1961-02-18
804,Adele,Lory,Adele.Lory@yopmail.com,1908-01-08
805,Edyth,Drisko,Edyth.Drisko@yopmail.com,1922-04-26
806,Katleen,Deny,Katleen.Deny@yopmail.com,1902-05-08
807,Deirdre,Dudley,Deirdre.Dudley@yopmail.com,1909-03-01
808,Sadie,Mendez,Sadie.Mendez@yopmail.com,1900-10-31
809,Judy,Ciapas,Judy.Ciapas@yopmail.com,1933-03-29
810,Brena,Kirstin,Brena.Kirstin@yopmail.com,1977-11-28
811,Odessa,Lanita,Odessa.Lanita@yopmail.com,1941-08-01
812,Lelah,Dituri,Lelah.Dituri@yopmail.com,1911-02-11
813,Ricky,Tufts,Ricky.Tufts@yopmail.com,2014-07-11
814,Cyb,Jammal,Cyb.Jammal@yopmail.com,1983-01-29
815,Veda,Stacy,Veda.Stacy@yopmail.com,1957-04-05
816,Lisette,Kesley,Lisette.Kesley@yopmail.com,1961-09-13
817,Ida,Martsen,Ida.Martsen@yopmail.com,1912-06-22
818,Jacenta,Sasnett,Jacenta.Sasnett@yopmail.com,1984-06-04
819,Angela,Melleta,Angela.Melleta@yopmail.com,1914-09-19
820,Daune,Lilybelle,Daune.Lilybelle@yopmail.com,2000-12-26
821,Evaleen,Gower,Evaleen.Gower@yopmail.com,1916-03-01
822,Ilse,Roscoe,Ilse.Roscoe@yopmail.com,1921-03-24
823,Karly,Felizio,Karly.Felizio@yopmail.com,1943-08-14
824,Lynde,Fennessy,Lynde.Fennessy@yopmail.com,2016-03-16
825,Lexine,Zrike,Lexine.Zrike@yopmail.com,1950-12-26
826,Carol-Jean,Christal,Carol-Jean.Christal@yopmail.com,1905-08-01
827,Lauryn,Woodberry,Lauryn.Woodberry@yopmail.com,1916-03-24
828,Nananne,Lilybelle,Nananne.Lilybelle@yopmail.com,1964-03-20
829,Nannie,Ax,Nannie.Ax@yopmail.com,1957-08-22
830,Willetta,Dorcy,Willetta.Dorcy@yopmail.com,2014-12-01
831,Evita,Brunell,Evita.Brunell@yopmail.com,1967-08-07
832,Sidoney,Jaylene,Sidoney.Jaylene@yopmail.com,1933-10-07
833,Fanny,Teryn,Fanny.Teryn@yopmail.com,2003-02-05
834,Sean,Daveta,Sean.Daveta@yopmail.com,1910-09-27
835,Oona,Mintz,Oona.Mintz@yopmail.com,1948-05-03
836,Harmonia,Berriman,Harmonia.Berriman@yopmail.com,1916-08-30
837,Minda,Brodench,Minda.Brodench@yopmail.com,2010-06-23
838,Corina,Adalbert,Corina.Adalbert@yopmail.com,1908-02-09
839,Marline,Cynar,Marline.Cynar@yopmail.com,1977-08-02
840,Dagmar,Clara,Dagmar.Clara@yopmail.com,1966-01-22
841,Tarra,Donell,Tarra.Donell@yopmail.com,1994-10-13
842,Nerta,Friede,Nerta.Friede@yopmail.com,1986-10-05
843,Leanna,Carvey,Leanna.Carvey@yopmail.com,1929-10-22
844,Nariko,Goldina,Nariko.Goldina@yopmail.com,1953-12-17
845,Lorenza,Gilbertson,Lorenza.Gilbertson@yopmail.com,1953-07-14
846,Arabel,Carbo,Arabel.Carbo@yopmail.com,1936-12-11
847,Nicoli,Dex,Nicoli.Dex@yopmail.com,1940-10-18
848,Nananne,Marijo,Nananne.Marijo@yopmail.com,1974-01-27
849,Brena,Yerkovich,Brena.Yerkovich@yopmail.com,1922-03-21
850,Anica,Joachim,Anica.Joachim@yopmail.com,1969-01-13
851,Minne,Hebner,Minne.Hebner@yopmail.com,1950-12-26
852,Renie,Carri,Renie.Carri@yopmail.com,1900-04-01
853,Phedra,Margret,Phedra.Margret@yopmail.com,1919-06-01
854,Joceline,Hessler,Joceline.Hessler@yopmail.com,1902-08-23
855,Goldie,Seumas,Goldie.Seumas@yopmail.com,1998-09-30
856,Ericka,Travax,Ericka.Travax@yopmail.com,1970-08-04
857,Roslyn,Japeth,Roslyn.Japeth@yopmail.com,2011-04-11
858,Mariele,Hanshaw,Mariele.Hanshaw@yopmail.com,1928-02-14
859,Carmencita,Lumbard,Carmencita.Lumbard@yopmail.com,1972-01-16
860,Letizia,Ardra,Letizia.Ardra@yopmail.com,2007-02-10
861,Brana,Korey,Brana.Korey@yopmail.com,1906-08-16
862,Eve,Ivens,Eve.Ivens@yopmail.com,1919-02-25
863,Dyann,Sabella,Dyann.Sabella@yopmail.com,1921-11-10
864,Katharina,Bettine,Katharina.Bettine@yopmail.com,1947-04-13
865,Jessy,Romelda,Jessy.Romelda@yopmail.com,2017-10-08
866,Violet,Herrera,Violet.Herrera@yopmail.com,2018-11-14
867,Camile,Wiener,Camile.Wiener@yopmail.com,1945-07-15
868,Ileana,Publia,Ileana.Publia@yopmail.com,1940-11-30
869,Andree,Flita,Andree.Flita@yopmail.com,1938-10-27
870,Gretal,Revkah,Gretal.Revkah@yopmail.com,1920-11-01
871,Suzette,Bahr,Suzette.Bahr@yopmail.com,2014-05-08
872,Renie,Thomasina,Renie.Thomasina@yopmail.com,1959-06-17
873,Nita,Engdahl,Nita.Engdahl@yopmail.com,1985-06-26
874,Melodie,Delila,Melodie.Delila@yopmail.com,1978-02-11
875,Steffane,Sawtelle,Steffane.Sawtelle@yopmail.com,1964-04-04
876,Brandise,Sothena,Brandise.Sothena@yopmail.com,2019-07-29
877,Rhea,Kravits,Rhea.Kravits@yopmail.com,1941-08-13
878,Zia,Turne,Zia.Turne@yopmail.com,1945-06-15
879,Dominga,Krystle,Dominga.Krystle@yopmail.com,1993-04-28
880,Deedee,Cimbura,Deedee.Cimbura@yopmail.com,1946-09-10
881,Ketti,Kamaria,Ketti.Kamaria@yopmail.com,1977-07-15
882,Cecile,Amasa,Cecile.Amasa@yopmail.com,1951-08-24
883,Bertine,Ellerey,Bertine.Ellerey@yopmail.com,1900-08-01
884,Molli,Caitlin,Molli.Caitlin@yopmail.com,1915-08-17
885,Allyce,Tannie,Allyce.Tannie@yopmail.com,1916-07-26
886,Lexine,Miru,Lexine.Miru@yopmail.com,1943-03-17
887,Marita,Gibbeon,Marita.Gibbeon@yopmail.com,2011-11-07
888,Karena,Rubie,Karena.Rubie@yopmail.com,2000-02-27
889,Kayla,Jaylene,Kayla.Jaylene@yopmail.com,1981-12-14
890,Arlina,Bari,Arlina.Bari@yopmail.com,1900-03-08
891,Wilma,Elsinore,Wilma.Elsinore@yopmail.com,1986-04-18
892,Cam,Janith,Cam.Janith@yopmail.com,1991-04-17
893,Modestia,Oster,Modestia.Oster@yopmail.com,1923-06-15
894,Jackie,Bobbee,Jackie.Bobbee@yopmail.com,1998-01-30
895,Quintina,Audly,Quintina.Audly@yopmail.com,1932-05-14
896,Wendi,Craggie,Wendi.Craggie@yopmail.com,1973-07-25
897,Candy,Terrence,Candy.Terrence@yopmail.com,1957-01-22
898,Lily,Hebner,Lily.Hebner@yopmail.com,1936-01-24
899,Viki,Hilbert,Viki.Hilbert@yopmail.com,1967-12-26
900,Brana,Helve,Brana.Helve@yopmail.com,1924-09-09
901,Kayla,Lowry,Kayla.Lowry@yopmail.com,1908-10-11
902,Arlena,Kathie,Arlena.Kathie@yopmail.com,2003-03-03
903,Micheline,Land,Micheline.Land@yopmail.com,1972-09-09
904,Sharlene,Pozzy,Sharlene.Pozzy@yopmail.com,2002-04-19
905,Gilligan,Byrne,Gilligan.Byrne@yopmail.com,1929-07-28
906,Elmira,Shama,Elmira.Shama@yopmail.com,1919-02-07
907,Raf,Greyson,Raf.Greyson@yopmail.com,1964-11-27
908,Donetta,Dielu,Donetta.Dielu@yopmail.com,1967-03-06
909,Vita,Tomasina,Vita.Tomasina@yopmail.com,1952-08-28
910,Loree,Pond,Loree.Pond@yopmail.com,1920-08-17
911,Ada,Alice,Ada.Alice@yopmail.com,1903-06-15
912,Eugine,Maples,Eugine.Maples@yopmail.com,1912-10-10
913,Gusella,Shirberg,Gusella.Shirberg@yopmail.com,1907-12-18
914,Jerry,Peonir,Jerry.Peonir@yopmail.com,1994-06-14
915,Ottilie,Odell,Ottilie.Odell@yopmail.com,1996-12-16
916,Goldie,Berne,Goldie.Berne@yopmail.com,1945-08-21
917,Brooks,Chesna,Brooks.Chesna@yopmail.com,1974-08-06
918,Rhea,Raul,Rhea.Raul@yopmail.com,1939-12-22
919,Gerrie,Bigner,Gerrie.Bigner@yopmail.com,1988-02-05
920,Letizia,Odell,Letizia.Odell@yopmail.com,1979-10-23
921,Gavrielle,Regan,Gavrielle.Regan@yopmail.com,1990-10-02
922,Sallie,McAdams,Sallie.McAdams@yopmail.com,1989-11-25
923,Aeriela,Pip,Aeriela.Pip@yopmail.com,1921-07-26
924,Ilse,Dunkin,Ilse.Dunkin@yopmail.com,1923-10-13
925,Mureil,Cookie,Mureil.Cookie@yopmail.com,2005-01-04
926,Blake,Swigart,Blake.Swigart@yopmail.com,1930-02-27
927,Sissy,Kevon,Sissy.Kevon@yopmail.com,2005-08-16
928,Lelah,Burnside,Lelah.Burnside@yopmail.com,1996-07-24
929,Shel,Leonard,Shel.Leonard@yopmail.com,1930-12-13
930,Daphne,Berriman,Daphne.Berriman@yopmail.com,1922-06-19
931,Ira,Imelida,Ira.Imelida@yopmail.com,1915-06-13
932,Dode,Schenck,Dode.Schenck@yopmail.com,2000-12-14
933,Christian,Eldrid,Christian.Eldrid@yopmail.com,1910-07-17
934,Doro,Dannye,Doro.Dannye@yopmail.com,1913-06-08
935,Hayley,Fancie,Hayley.Fancie@yopmail.com,2001-07-24
936,Doro,Catie,Doro.Catie@yopmail.com,2010-08-14
937,Phylis,Pierette,Phylis.Pierette@yopmail.com,1915-11-23
938,Jordan,Moina,Jordan.Moina@yopmail.com,1918-05-09
939,Demetris,Adlare,Demetris.Adlare@yopmail.com,1942-11-17
940,Kirbee,Bonilla,Kirbee.Bonilla@yopmail.com,2016-01-05
941,Alejandra,Laurianne,Alejandra.Laurianne@yopmail.com,1988-12-23
942,Roberta,Wooster,Roberta.Wooster@yopmail.com,1966-04-12
943,Dode,Johnsson,Dode.Johnsson@yopmail.com,1947-03-24
944,Shirlee,Sibyls,Shirlee.Sibyls@yopmail.com,1939-10-14
945,Carmela,Ranjiv,Carmela.Ranjiv@yopmail.com,1991-07-06
946,Shauna,Matthew,Shauna.Matthew@yopmail.com,1989-02-15
947,Allyce,Annabella,Allyce.Annabella@yopmail.com,1933-01-05
948,Anica,Edee,Anica.Edee@yopmail.com,1919-05-02
949,Katleen,Sothena,Katleen.Sothena@yopmail.com,1909-06-14
950,Drucie,Stefa,Drucie.Stefa@yopmail.com,1993-06-21
951,Sam,Codding,Sam.Codding@yopmail.com,2012-08-11
952,Melina,Schroth,Melina.Schroth@yopmail.com,1910-11-15
953,Tina,Center,Tina.Center@yopmail.com,1906-10-23
954,Nyssa,Nunci,Nyssa.Nunci@yopmail.com,1973-04-26
955,Orsola,Longfellow,Orsola.Longfellow@yopmail.com,1917-12-17
956,Marguerite,Colyer,Marguerite.Colyer@yopmail.com,1993-08-10
957,Dede,Read,Dede.Read@yopmail.com,1947-10-17
958,Amalie,Swigart,Amalie.Swigart@yopmail.com,2000-02-19
959,Roz,Colp,Roz.Colp@yopmail.com,1945-08-27
960,Joane,Hortensia,Joane.Hortensia@yopmail.com,1954-04-06
961,Viviene,Lemuela,Viviene.Lemuela@yopmail.com,1987-08-19
962,Flo,Cristi,Flo.Cristi@yopmail.com,1901-12-17
963,Meriel,Allina,Meriel.Allina@yopmail.com,2005-11-04
964,Carlie,Olympium,Carlie.Olympium@yopmail.com,1976-08-21
965,Constance,Trey,Constance.Trey@yopmail.com,1970-04-04
966,Jerry,Saunderson,Jerry.Saunderson@yopmail.com,1972-02-07
967,Dotty,Allina,Dotty.Allina@yopmail.com,1973-02-17
968,Theodora,Wenoa,Theodora.Wenoa@yopmail.com,2000-11-16
969,Betta,Prouty,Betta.Prouty@yopmail.com,1988-02-01
970,Sabina,Neils,Sabina.Neils@yopmail.com,1912-10-25
971,Moyna,Seligman,Moyna.Seligman@yopmail.com,2009-11-05
972,Gwyneth,Hieronymus,Gwyneth.Hieronymus@yopmail.com,1964-01-26
973,Brooks,Belanger,Brooks.Belanger@yopmail.com,1964-05-22
974,Kial,Flita,Kial.Flita@yopmail.com,1957-08-17
975,Georgetta,Othilia,Georgetta.Othilia@yopmail.com,1932-01-22
976,Chickie,Weinreb,Chickie.Weinreb@yopmail.com,2004-07-05
977,Belva,Bennie,Belva.Bennie@yopmail.com,1985-02-08
978,Tracey,Mullane,Tracey.Mullane@yopmail.com,1952-01-02
979,Elena,Lasley,Elena.Lasley@yopmail.com,1926-08-10
980,Agnese,Old,Agnese.Old@yopmail.com,1950-06-11
981,Danika,Arquit,Danika.Arquit@yopmail.com,1924-12-02
982,Zia,Ashely,Zia.Ashely@yopmail.com,1985-01-23
983,Maryellen,Dex,Maryellen.Dex@yopmail.com,2007-03-04
984,Winny,Rooney,Winny.Rooney@yopmail.com,1932-09-25
985,Shaylyn,Valerio,Shaylyn.Valerio@yopmail.com,2009-06-30
986,Ingrid,Carri,Ingrid.Carri@yopmail.com,1977-06-03
987,Cathyleen,Duwalt,Cathyleen.Duwalt@yopmail.com,1938-08-07
988,Arlena,Bohlin,Arlena.Bohlin@yopmail.com,1908-10-31
989,Dorothy,Sinegold,Dorothy.Sinegold@yopmail.com,2019-11-30
990,Carmencita,Morehouse,Carmencita.Morehouse@yopmail.com,1932-08-15
991,Mureil,Dorothy,Mureil.Dorothy@yopmail.com,1903-06-25
992,Peri,Corabella,Peri.Corabella@yopmail.com,1920-06-03
993,Winny,Franza,Winny.Franza@yopmail.com,1915-05-13
994,Grier,Emmy,Grier.Emmy@yopmail.com,2002-03-01
995,Evita,Anastatius,Evita.Anastatius@yopmail.com,1901-01-28
996,Jany,Bobbee,Jany.Bobbee@yopmail.com,1979-12-26
997,Adore,Sparhawk,Adore.Sparhawk@yopmail.com,2012-02-07
998,Mariann,Lynn,Mariann.Lynn@yopmail.com,1979-09-16
999,Nita,Maribeth,Nita.Maribeth@yopmail.com,1947-10-14
1000,Chandra,Jarib,Chandra.Jarib@yopmail.com,1978-01-30
1001,Betta,Tarrant,Betta.Tarrant@yopmail.com,1973-12-02
1002,Patricia,Gillan,Patricia.Gillan@yopmail.com,1995-10-23
1003,Trudie,Liva,Trudie.Liva@yopmail.com,1906-06-27
1004,Priscilla,Corrine,Priscilla.Corrine@yopmail.com,1971-03-31
1005,Corina,Dorcy,Corina.Dorcy@yopmail.com,1944-10-31
1006,Ruthe,Erskine,Ruthe.Erskine@yopmail.com,1979-03-09
1007,Trixi,Wilona,Trixi.Wilona@yopmail.com,1923-01-30
1008,Jan,Cookie,Jan.Cookie@yopmail.com,1902-03-03
1009,Mara,Shelba,Mara.Shelba@yopmail.com,1983-04-12
1010,Brandise,Bury,Brandise.Bury@yopmail.com,2012-05-04
1011,Oona,Alcott,Oona.Alcott@yopmail.com,1994-02-05
1012,Isa,Cavan,Isa.Cavan@yopmail.com,2001-03-05
1013,Katuscha,Pauly,Katuscha.Pauly@yopmail.com,1930-06-10
1014,Sybille,Nadia,Sybille.Nadia@yopmail.com,2008-12-26
1015,Aryn,Suanne,Aryn.Suanne@yopmail.com,1965-08-08
1016,Cindelyn,Mozelle,Cindelyn.Mozelle@yopmail.com,1931-05-03
1017,Wileen,Gerge,Wileen.Gerge@yopmail.com,1935-04-09
1018,Ketti,Barbey,Ketti.Barbey@yopmail.com,1954-05-05
1019,Ericka,Levey,Ericka.Levey@yopmail.com,1925-10-13
1020,Meriel,Cavan,Meriel.Cavan@yopmail.com,1993-11-26
1021,Alie,Wyn,Alie.Wyn@yopmail.com,1913-12-09
1022,Dawn,Ferrell,Dawn.Ferrell@yopmail.com,1922-10-22
1023,Dede,Damarra,Dede.Damarra@yopmail.com,1927-07-23
1024,Jillayne,Junie,Jillayne.Junie@yopmail.com,1910-03-31
1025,Siana,Shirberg,Siana.Shirberg@yopmail.com,1956-03-21
1026,Kial,Lilas,Kial.Lilas@yopmail.com,1945-06-27
1027,Malina,Screens,Malina.Screens@yopmail.com,1901-06-17
1028,Marita,Ashely,Marita.Ashely@yopmail.com,2009-08-05
1029,Meg,Hamil,Meg.Hamil@yopmail.com,2019-09-25
1030,Elise,Maxi,Elise.Maxi@yopmail.com,2003-01-07
1031,Fina,Goldina,Fina.Goldina@yopmail.com,1920-02-15
1032,Violet,Terrence,Violet.Terrence@yopmail.com,2006-01-11
1033,Sonni,Raychel,Sonni.Raychel@yopmail.com,1949-05-31
1034,Selia,Parsaye,Selia.Parsaye@yopmail.com,1947-11-07
1035,Tonia,Dorcy,Tonia.Dorcy@yopmail.com,1962-03-18
1036,Celestyna,Valerio,Celestyna.Valerio@yopmail.com,1942-01-26
1037,Gwyneth,Zachary,Gwyneth.Zachary@yopmail.com,1902-09-14
1038,Nita,Henebry,Nita.Henebry@yopmail.com,1952-08-06
1039,Olwen,Astra,Olwen.Astra@yopmail.com,1976-08-17
1040,Gertrud,Devlen,Gertrud.Devlen@yopmail.com,1921-10-12
1041,Corina,Middleton,Corina.Middleton@yopmail.com,1924-01-31
1042,Briney,Gemini,Briney.Gemini@yopmail.com,1946-01-31
1043,Shannah,Hazlett,Shannah.Hazlett@yopmail.com,1900-07-23
1044,Joeann,Lay,Joeann.Lay@yopmail.com,1991-08-29
1045,Bobinette,Barbey,Bobinette.Barbey@yopmail.com,1918-07-28
1046,Gwenneth,Marsden,Gwenneth.Marsden@yopmail.com,2014-05-14
1047,Kore,Naashom,Kore.Naashom@yopmail.com,1947-05-13
1048,Alleen,Chem,Alleen.Chem@yopmail.com,1980-11-03
1049,Kalina,Richers,Kalina.Richers@yopmail.com,1945-01-21
1050,Basia,Suzetta,Basia.Suzetta@yopmail.com,2012-05-18
1051,Neila,Blisse,Neila.Blisse@yopmail.com,2009-10-05
1052,Gianina,Fosque,Gianina.Fosque@yopmail.com,2009-05-12
1053,Ricky,Vittoria,Ricky.Vittoria@yopmail.com,1948-12-24
1054,Caryl,Rosette,Caryl.Rosette@yopmail.com,1947-09-26
1055,Addia,Pyle,Addia.Pyle@yopmail.com,1992-02-26
1056,Phedra,Tice,Phedra.Tice@yopmail.com,1948-03-27
1057,Ardeen,Kylander,Ardeen.Kylander@yopmail.com,1968-07-17
1058,Jemie,Tillford,Jemie.Tillford@yopmail.com,1997-12-02
1059,Paule,Japeth,Paule.Japeth@yopmail.com,1946-09-03
1060,Meriel,Cutlerr,Meriel.Cutlerr@yopmail.com,1960-07-01
1061,Lusa,Imelida,Lusa.Imelida@yopmail.com,1932-02-12
1062,Mallory,Schenck,Mallory.Schenck@yopmail.com,1952-03-10
1063,Tera,Levey,Tera.Levey@yopmail.com,1972-03-30
1064,Winny,Jammal,Winny.Jammal@yopmail.com,2010-02-17
1065,Jinny,Anis,Jinny.Anis@yopmail.com,1912-08-14
1066,Aryn,Leifeste,Aryn.Leifeste@yopmail.com,1944-11-12
1067,Dulcinea,Prober,Dulcinea.Prober@yopmail.com,1978-06-04
1068,Wanda,Gusella,Wanda.Gusella@yopmail.com,2016-12-17
1069,Blondelle,Beniamino,Blondelle.Beniamino@yopmail.com,1997-07-10
1070,Zaria,Teryn,Zaria.Teryn@yopmail.com,1917-04-17
1071,Ingrid,Aida,Ingrid.Aida@yopmail.com,1978-09-23
1072,Lolita,Paton,Lolita.Paton@yopmail.com,1935-12-14
1073,Beverley,Rudolph,Beverley.Rudolph@yopmail.com,2013-07-21
1074,Ursulina,Jacobah,Ursulina.Jacobah@yopmail.com,1996-04-14
1075,Quintina,Sadowski,Quintina.Sadowski@yopmail.com,1959-08-16
1076,Annabela,Zamora,Annabela.Zamora@yopmail.com,1973-01-20
1077,Jean,Denis,Jean.Denis@yopmail.com,1924-05-04
1078,Corry,Iaverne,Corry.Iaverne@yopmail.com,1955-06-26
1079,Britni,Meter,Britni.Meter@yopmail.com,1994-11-26
1080,Gratia,Tannie,Gratia.Tannie@yopmail.com,1961-06-20
1081,Jeanna,Hoban,Jeanna.Hoban@yopmail.com,1911-05-01
1082,Elora,Dichy,Elora.Dichy@yopmail.com,1956-09-07
1083,Arabel,Lilas,Arabel.Lilas@yopmail.com,1946-05-22
1084,Blinni,Letsou,Blinni.Letsou@yopmail.com,1955-03-05
1085,Modestia,Halsey,Modestia.Halsey@yopmail.com,1951-11-14
1086,Gaylene,Bandeen,Gaylene.Bandeen@yopmail.com,1992-10-28
1087,Letizia,Florina,Letizia.Florina@yopmail.com,1990-01-10
1088,Mathilda,Merell,Mathilda.Merell@yopmail.com,1916-01-04
1089,Annabela,Cyrie,Annabela.Cyrie@yopmail.com,2000-08-08
1090,Latisha,Bury,Latisha.Bury@yopmail.com,1924-04-30
1091,Alyda,Gale,Alyda.Gale@yopmail.com,1936-05-26
1092,Katleen,Serilda,Katleen.Serilda@yopmail.com,1916-09-22
1093,Christal,Sibyls,Christal.Sibyls@yopmail.com,1976-10-10
1094,Kathi,Lail,Kathi.Lail@yopmail.com,2001-08-23
1095,Ana,Gherardo,Ana.Gherardo@yopmail.com,1936-05-19
1096,Linet,Hedve,Linet.Hedve@yopmail.com,1934-01-08
1097,Melanie,Bergman,Melanie.Bergman@yopmail.com,2017-11-15
1098,Lynde,McCutcheon,Lynde.McCutcheon@yopmail.com,1902-05-22
1099,Vinita,Erminia,Vinita.Erminia@yopmail.com,1986-01-25